title,file,words,url
Online:Alchemy,Alchemy.md,1720,https://en.uesp.net/wiki/Online:Alchemy
Online:Alliance War,Alliance_War.md,2818,https://en.uesp.net/wiki/Online:Alliance_War
Online:Ancestor Silk,Ancestor_Silk.md,193,https://en.uesp.net/wiki/Online:Ancestor_Silk
Online:Arcanist,Arcanist.md,358,https://en.uesp.net/wiki/Online:Arcanist
Online:Arena Sets,Arena_Sets.md,78,https://en.uesp.net/wiki/Online:Arena_Sets
Online:Armor,Armor.md,417,https://en.uesp.net/wiki/Online:Armor
Online:Assault,Assault.md,102,https://en.uesp.net/wiki/Online:Assault
Online:Attributes,Attributes.md,440,https://en.uesp.net/wiki/Online:Attributes
Online:Battlegrounds,Battlegrounds.md,1692,https://en.uesp.net/wiki/Online:Battlegrounds
Online:Blacksmithing,Blacksmithing.md,540,https://en.uesp.net/wiki/Online:Blacksmithing
Online:Bleed Damage,Bleed_Damage.md,733,https://en.uesp.net/wiki/Online:Bleed_Damage
Online:Bow,Bow.md,516,https://en.uesp.net/wiki/Online:Bow
Online:Buffs,Buffs.md,3119,https://en.uesp.net/wiki/Online:Buffs
Online:Campaigns,Campaigns.md,4103,https://en.uesp.net/wiki/Online:Campaigns
Online:Champion,Champion.md,967,https://en.uesp.net/wiki/Online:Champion
Online:Champion/deprecated,Champion_deprecated.md,997,https://en.uesp.net/wiki/Online:Champion/deprecated
Online:Class Sets,Class_Sets.md,39,https://en.uesp.net/wiki/Online:Class_Sets
Online:Classes,Classes.md,963,https://en.uesp.net/wiki/Online:Classes
Online:Clothing,Clothing.md,1226,https://en.uesp.net/wiki/Online:Clothing
Online:Combat,Combat.md,3593,https://en.uesp.net/wiki/Online:Combat
Online:Craftable Sets,Craftable_Sets.md,5016,https://en.uesp.net/wiki/Online:Craftable_Sets
Online:Crafting,Crafting.md,1647,https://en.uesp.net/wiki/Online:Crafting
Online:Critical Damage,Critical_Damage.md,130,https://en.uesp.net/wiki/Online:Critical_Damage
Online:Cyrodiil,Cyrodiil.md,1804,https://en.uesp.net/wiki/Online:Cyrodiil
Online:Destruction Staff,Destruction_Staff.md,615,https://en.uesp.net/wiki/Online:Destruction_Staff
Online:Disease Damage,Disease_Damage.md,989,https://en.uesp.net/wiki/Online:Disease_Damage
Online:Dragonknight,Dragonknight.md,461,https://en.uesp.net/wiki/Online:Dragonknight
Online:Drinks,Drinks.md,2547,https://en.uesp.net/wiki/Online:Drinks
Online:Dual Wield,Dual_Wield.md,466,https://en.uesp.net/wiki/Online:Dual_Wield
Online:Dungeon Sets,Dungeon_Sets.md,93,https://en.uesp.net/wiki/Online:Dungeon_Sets
Online:Emperor,Emperor.md,627,https://en.uesp.net/wiki/Online:Emperor
Online:Enchanting,Enchanting.md,1676,https://en.uesp.net/wiki/Online:Enchanting
Online:Fighters Guild,Fighters_Guild.md,746,https://en.uesp.net/wiki/Online:Fighters_Guild
Online:Flame Damage,Flame_Damage.md,1722,https://en.uesp.net/wiki/Online:Flame_Damage
Online:Food,Food.md,3403,https://en.uesp.net/wiki/Online:Food
Online:Frost Damage,Frost_Damage.md,1262,https://en.uesp.net/wiki/Online:Frost_Damage
Online:Health,Health.md,586,https://en.uesp.net/wiki/Online:Health
Online:Heavy Armor,Heavy_Armor.md,285,https://en.uesp.net/wiki/Online:Heavy_Armor
Online:Heavy Armor Bonuses,Heavy_Armor_Bonuses.md,97,https://en.uesp.net/wiki/Online:Heavy_Armor_Bonuses
Online:Heavy Armor Penalties,Heavy_Armor_Penalties.md,95,https://en.uesp.net/wiki/Online:Heavy_Armor_Penalties
Online:Immobilize,Immobilize.md,274,https://en.uesp.net/wiki/Online:Immobilize
Online:Imperial City,Imperial_City.md,1111,https://en.uesp.net/wiki/Online:Imperial_City
Online:Jewelry Crafting,Jewelry_Crafting.md,1414,https://en.uesp.net/wiki/Online:Jewelry_Crafting
Online:Jewelry Sets,Jewelry_Sets.md,232,https://en.uesp.net/wiki/Online:Jewelry_Sets
Online:Leveling,Leveling.md,2537,https://en.uesp.net/wiki/Online:Leveling
Online:Light Armor,Light_Armor.md,318,https://en.uesp.net/wiki/Online:Light_Armor
Online:Light Armor Bonuses,Light_Armor_Bonuses.md,60,https://en.uesp.net/wiki/Online:Light_Armor_Bonuses
Online:Mages Guild,Mages_Guild.md,798,https://en.uesp.net/wiki/Online:Mages_Guild
Online:Magic Damage,Magic_Damage.md,1557,https://en.uesp.net/wiki/Online:Magic_Damage
Online:Magicka,Magicka.md,513,https://en.uesp.net/wiki/Online:Magicka
Online:Medium Armor,Medium_Armor.md,279,https://en.uesp.net/wiki/Online:Medium_Armor
Online:Medium Armor Bonuses,Medium_Armor_Bonuses.md,125,https://en.uesp.net/wiki/Online:Medium_Armor_Bonuses
Online:Monster Helm Sets,Monster_Helm_Sets.md,286,https://en.uesp.net/wiki/Online:Monster_Helm_Sets
Online:Movement Speed,Movement_Speed.md,1491,https://en.uesp.net/wiki/Online:Movement_Speed
Online:Mundus Stones,Mundus_Stones.md,337,https://en.uesp.net/wiki/Online:Mundus_Stones
Online:Necromancer,Necromancer.md,527,https://en.uesp.net/wiki/Online:Necromancer
Online:Nightblade,Nightblade.md,513,https://en.uesp.net/wiki/Online:Nightblade
Online:Nirnhoned,Nirnhoned.md,3551,https://en.uesp.net/wiki/Online:Nirnhoned
Online:Oblivion Damage,Oblivion_Damage.md,618,https://en.uesp.net/wiki/Online:Oblivion_Damage
Online:Off Balance,Off_Balance.md,579,https://en.uesp.net/wiki/Online:Off_Balance
Online:One Hand and Shield,One_Hand_and_Shield.md,563,https://en.uesp.net/wiki/Online:One_Hand_and_Shield
Online:Out of Sight (champion),Out_of_Sight_champion.md,56,https://en.uesp.net/wiki/Online:Out_of_Sight_(champion)
Online:Overland Sets,Overland_Sets.md,144,https://en.uesp.net/wiki/Online:Overland_Sets
Online:Penetration,Penetration.md,128,https://en.uesp.net/wiki/Online:Penetration
Online:Physical Damage,Physical_Damage.md,2270,https://en.uesp.net/wiki/Online:Physical_Damage
Online:Platinum,Platinum.md,98,https://en.uesp.net/wiki/Online:Platinum
Online:Poison Damage,Poison_Damage.md,1280,https://en.uesp.net/wiki/Online:Poison_Damage
Online:Poisons,Poisons.md,1067,https://en.uesp.net/wiki/Online:Poisons
Online:Potions,Potions.md,3674,https://en.uesp.net/wiki/Online:Potions
Online:Provisioning,Provisioning.md,783,https://en.uesp.net/wiki/Online:Provisioning
Online:Psijic Order,Psijic_Order.md,574,https://en.uesp.net/wiki/Online:Psijic_Order
Online:PVP Sets,PVP_Sets.md,267,https://en.uesp.net/wiki/Online:PVP_Sets
Online:Races,Races.md,1186,https://en.uesp.net/wiki/Online:Races
Online:Recovery,Recovery.md,281,https://en.uesp.net/wiki/Online:Recovery
Online:Restoration Staff,Restoration_Staff.md,578,https://en.uesp.net/wiki/Online:Restoration_Staff
Online:Rubedite Ore,Rubedite_Ore.md,254,https://en.uesp.net/wiki/Online:Rubedite_Ore
Online:Rubedo Leather,Rubedo_Leather.md,190,https://en.uesp.net/wiki/Online:Rubedo_Leather
Online:Ruby Ash,Ruby_Ash.md,193,https://en.uesp.net/wiki/Online:Ruby_Ash
Online:Sets,Sets.md,770,https://en.uesp.net/wiki/Online:Sets
Online:Shock Damage,Shock_Damage.md,1505,https://en.uesp.net/wiki/Online:Shock_Damage
Online:Siege Weapons,Siege_Weapons.md,2525,https://en.uesp.net/wiki/Online:Siege_Weapons
Online:Skills,Skills.md,2716,https://en.uesp.net/wiki/Online:Skills
Online:Sorcerer,Sorcerer.md,493,https://en.uesp.net/wiki/Online:Sorcerer
Online:Spell Damage,Spell_Damage.md,176,https://en.uesp.net/wiki/Online:Spell_Damage
Online:Stamina,Stamina.md,526,https://en.uesp.net/wiki/Online:Stamina
Online:Stealth,Stealth.md,1618,https://en.uesp.net/wiki/Online:Stealth
Online:Stun,Stun.md,658,https://en.uesp.net/wiki/Online:Stun
Online:Support,Support.md,103,https://en.uesp.net/wiki/Online:Support
Online:Synergy,Synergy.md,2855,https://en.uesp.net/wiki/Online:Synergy
Online:Templar,Templar.md,470,https://en.uesp.net/wiki/Online:Templar
Online:Traits,Traits.md,2440,https://en.uesp.net/wiki/Online:Traits
Online:Treasure Hunter (champion),Treasure_Hunter_champion.md,94,https://en.uesp.net/wiki/Online:Treasure_Hunter_(champion)
Online:Trial Sets,Trial_Sets.md,166,https://en.uesp.net/wiki/Online:Trial_Sets
Online:Two Handed,Two_Handed.md,459,https://en.uesp.net/wiki/Online:Two_Handed
Online:Ultimate,Ultimate.md,618,https://en.uesp.net/wiki/Online:Ultimate
Online:Undaunted,Undaunted.md,1778,https://en.uesp.net/wiki/Online:Undaunted
Online:Vampire,Vampire.md,1693,https://en.uesp.net/wiki/Online:Vampire
Online:Warden,Warden.md,546,https://en.uesp.net/wiki/Online:Warden
Online:Weapon Damage,Weapon_Damage.md,187,https://en.uesp.net/wiki/Online:Weapon_Damage
Online:Weapon Sets,Weapon_Sets.md,219,https://en.uesp.net/wiki/Online:Weapon_Sets
Online:Weapons,Weapons.md,463,https://en.uesp.net/wiki/Online:Weapons
Online:Werewolf,Werewolf.md,1659,https://en.uesp.net/wiki/Online:Werewolf
Online:Woodworking,Woodworking.md,616,https://en.uesp.net/wiki/Online:Woodworking
Online:Alliance War,depth/Alliance_War.md,2818,https://en.uesp.net/wiki/Online:Alliance_War
Online:Keeps,depth/Keeps.md,1999,https://en.uesp.net/wiki/Online:Keeps
Online:Campaigns,depth/Campaigns.md,4103,https://en.uesp.net/wiki/Online:Campaigns
Online:Health,depth/Health.md,586,https://en.uesp.net/wiki/Online:Health
Online:Magicka,depth/Magicka.md,513,https://en.uesp.net/wiki/Online:Magicka
Online:Stamina,depth/Stamina.md,526,https://en.uesp.net/wiki/Online:Stamina
Online:Outposts,depth/Outposts.md,193,https://en.uesp.net/wiki/Online:Outposts
Online:Border Keeps,depth/Border_Keeps.md,190,https://en.uesp.net/wiki/Online:Border_Keeps
Online:Scroll Temples,depth/Scroll_Temples.md,64,https://en.uesp.net/wiki/Online:Scroll_Temples
Online:Artifact Gates,depth/Artifact_Gates.md,85,https://en.uesp.net/wiki/Online:Artifact_Gates
Online:Transitus Network,depth/Transitus_Network.md,864,https://en.uesp.net/wiki/Online:Transitus_Network
Online:Alliance Points,depth/Alliance_Points.md,2155,https://en.uesp.net/wiki/Online:Alliance_Points
Online:Resources,depth/Resources.md,1360,https://en.uesp.net/wiki/Online:Resources
Online:Elder Scrolls,depth/Elder_Scrolls.md,1148,https://en.uesp.net/wiki/Online:Elder_Scrolls
Online:Siege Weapons,depth/Siege_Weapons.md,2525,https://en.uesp.net/wiki/Online:Siege_Weapons
Online:Ebony Ore,depth/Ebony_Ore.md,259,https://en.uesp.net/wiki/Online:Ebony_Ore
Online:Iron Ore,depth/Iron_Ore.md,340,https://en.uesp.net/wiki/Online:Iron_Ore
Online:High Iron Ore,depth/High_Iron_Ore.md,337,https://en.uesp.net/wiki/Online:High_Iron_Ore
Online:Orichalcum Ore,depth/Orichalcum_Ore.md,322,https://en.uesp.net/wiki/Online:Orichalcum_Ore
Online:Dwarven Ore,depth/Dwarven_Ore.md,370,https://en.uesp.net/wiki/Online:Dwarven_Ore
Online:Calcinium Ore,depth/Calcinium_Ore.md,291,https://en.uesp.net/wiki/Online:Calcinium_Ore
Online:Galatite Ore,depth/Galatite_Ore.md,273,https://en.uesp.net/wiki/Online:Galatite_Ore
Online:Quicksilver Ore,depth/Quicksilver_Ore.md,231,https://en.uesp.net/wiki/Online:Quicksilver_Ore
Online:Voidstone Ore,depth/Voidstone_Ore.md,378,https://en.uesp.net/wiki/Online:Voidstone_Ore
Online:Imperial Districts,depth/Imperial_Districts.md,461,https://en.uesp.net/wiki/Online:Imperial_Districts
Online:Rubedite Ore,depth/Rubedite_Ore.md,254,https://en.uesp.net/wiki/Online:Rubedite_Ore
Online:Ultimate,depth/Ultimate.md,618,https://en.uesp.net/wiki/Online:Ultimate
Online:Forward Camps,depth/Forward_Camps.md,182,https://en.uesp.net/wiki/Online:Forward_Camps
Online:AvA Towns,depth/AvA_Towns.md,413,https://en.uesp.net/wiki/Online:AvA_Towns
Online:Battlegrounds,depth/Battlegrounds.md,1692,https://en.uesp.net/wiki/Online:Battlegrounds
Online:Milegates,depth/Milegates.md,340,https://en.uesp.net/wiki/Online:Milegates
Online:Go Forth and Conquer!,depth/Go_Forth_and_Conquer.md,154,https://en.uesp.net/wiki/Online:Go_Forth_and_Conquer!
Online:Chaos Ball,depth/Chaos_Ball.md,772,https://en.uesp.net/wiki/Online:Chaos_Ball
Online:Deathmatch,depth/Deathmatch.md,478,https://en.uesp.net/wiki/Online:Deathmatch
Online:Capture the Relic,depth/Capture_the_Relic.md,516,https://en.uesp.net/wiki/Online:Capture_the_Relic
Online:Crazy King,depth/Crazy_King.md,635,https://en.uesp.net/wiki/Online:Crazy_King
Online:Domination,depth/Domination.md,520,https://en.uesp.net/wiki/Online:Domination
Online:Blessed,depth/Blessed.md,18,https://en.uesp.net/wiki/Online:Blessed
Online:Breakfall,depth/Breakfall.md,105,https://en.uesp.net/wiki/Online:Breakfall
Online:Cutpurse's Art,depth/Cutpurse_s_Art.md,93,https://en.uesp.net/wiki/Online:Cutpurse's_Art
Online:Eldritch Insight,depth/Eldritch_Insight.md,15,https://en.uesp.net/wiki/Online:Eldritch_Insight
Online:Battle Mastery,depth/Battle_Mastery.md,23,https://en.uesp.net/wiki/Online:Battle_Mastery
Online:Elemental Aegis,depth/Elemental_Aegis.md,29,https://en.uesp.net/wiki/Online:Elemental_Aegis
Online:Defiance (champion),depth/Defiance_champion.md,21,https://en.uesp.net/wiki/Online:Defiance_(champion)
Online:Bashing Brutality,depth/Bashing_Brutality.md,17,https://en.uesp.net/wiki/Online:Bashing_Brutality
Online:Crux,depth/Crux.md,486,https://en.uesp.net/wiki/Online:Crux
Online:Vengeance Perks,depth/Vengeance_Perks.md,1176,https://en.uesp.net/wiki/Online:Vengeance_Perks
Online:Veterancy,depth/Veterancy.md,143,https://en.uesp.net/wiki/Online:Veterancy
Online:Inspiration Boost,depth/Inspiration_Boost.md,57,https://en.uesp.net/wiki/Online:Inspiration_Boost
Online:Treasure Hunter (champion),depth/Treasure_Hunter_champion.md,94,https://en.uesp.net/wiki/Online:Treasure_Hunter_(champion)
Online:Plentiful Harvest,depth/Plentiful_Harvest.md,83,https://en.uesp.net/wiki/Online:Plentiful_Harvest
Online:Bulwark,depth/Bulwark.md,27,https://en.uesp.net/wiki/Online:Bulwark
Online:Piercing,depth/Piercing.md,16,https://en.uesp.net/wiki/Online:Piercing
Online:Mighty,depth/Mighty.md,26,https://en.uesp.net/wiki/Online:Mighty
Online:Quick Recovery,depth/Quick_Recovery.md,18,https://en.uesp.net/wiki/Online:Quick_Recovery
Online:Hardy,depth/Hardy.md,29,https://en.uesp.net/wiki/Online:Hardy
Online:Tumbling,depth/Tumbling.md,20,https://en.uesp.net/wiki/Online:Tumbling
Online:Sprinter,depth/Sprinter.md,19,https://en.uesp.net/wiki/Online:Sprinter
Online:Bastion,depth/Bastion.md,98,https://en.uesp.net/wiki/Online:Bastion
Online:Out of Sight (champion),depth/Out_of_Sight_champion.md,56,https://en.uesp.net/wiki/Online:Out_of_Sight_(champion)
Online:Gilded Fingers,depth/Gilded_Fingers.md,73,https://en.uesp.net/wiki/Online:Gilded_Fingers
Online:Professional Upkeep,depth/Professional_Upkeep.md,55,https://en.uesp.net/wiki/Online:Professional_Upkeep
Online:Fortune's Favor,depth/Fortune_s_Favor.md,45,https://en.uesp.net/wiki/Online:Fortune's_Favor
Online:Wanderer,depth/Wanderer.md,83,https://en.uesp.net/wiki/Online:Wanderer
Online:Steadfast Enchantment,depth/Steadfast_Enchantment.md,79,https://en.uesp.net/wiki/Online:Steadfast_Enchantment
Online:Fleet Phantom,depth/Fleet_Phantom.md,103,https://en.uesp.net/wiki/Online:Fleet_Phantom
Online:Infamous,depth/Infamous.md,49,https://en.uesp.net/wiki/Online:Infamous
Online:Meticulous Disassembly,depth/Meticulous_Disassembly.md,75,https://en.uesp.net/wiki/Online:Meticulous_Disassembly
Online:Homemaker,depth/Homemaker.md,99,https://en.uesp.net/wiki/Online:Homemaker
Online:Rationer,depth/Rationer.md,96,https://en.uesp.net/wiki/Online:Rationer
Online:Angler's Instincts,depth/Angler_s_Instincts.md,57,https://en.uesp.net/wiki/Online:Angler's_Instincts
Online:Liquid Efficiency,depth/Liquid_Efficiency.md,94,https://en.uesp.net/wiki/Online:Liquid_Efficiency
Online:Soul Reservoir,depth/Soul_Reservoir.md,61,https://en.uesp.net/wiki/Online:Soul_Reservoir
Online:Precision,depth/Precision.md,15,https://en.uesp.net/wiki/Online:Precision
Online:Tireless Discipline,depth/Tireless_Discipline.md,15,https://en.uesp.net/wiki/Online:Tireless_Discipline
Online:Arcane Supremacy,depth/Arcane_Supremacy.md,16,https://en.uesp.net/wiki/Online:Arcane_Supremacy
Online:Cleansing Revival,depth/Cleansing_Revival.md,29,https://en.uesp.net/wiki/Online:Cleansing_Revival
Online:Backstabber,depth/Backstabber.md,23,https://en.uesp.net/wiki/Online:Backstabber
Online:Deadly Aim,depth/Deadly_Aim.md,21,https://en.uesp.net/wiki/Online:Deadly_Aim
Online:Biting Aura,depth/Biting_Aura.md,22,https://en.uesp.net/wiki/Online:Biting_Aura
Online:Cutting Defense,depth/Cutting_Defense.md,48,https://en.uesp.net/wiki/Online:Cutting_Defense
Online:Flawless Ritual,depth/Flawless_Ritual.md,23,https://en.uesp.net/wiki/Online:Flawless_Ritual
Online:War Mage (champion),depth/War_Mage_champion.md,28,https://en.uesp.net/wiki/Online:War_Mage_(champion)
Online:Preparation,depth/Preparation.md,21,https://en.uesp.net/wiki/Online:Preparation
Online:Tireless Guardian,depth/Tireless_Guardian.md,19,https://en.uesp.net/wiki/Online:Tireless_Guardian
Online:Boundless Vitality,depth/Boundless_Vitality.md,15,https://en.uesp.net/wiki/Online:Boundless_Vitality
Online:Hero's Vigor,depth/Hero_s_Vigor.md,15,https://en.uesp.net/wiki/Online:Hero's_Vigor
Online:Piercing Gaze,depth/Piercing_Gaze.md,18,https://en.uesp.net/wiki/Online:Piercing_Gaze
Online:Tempered Soul,depth/Tempered_Soul.md,20,https://en.uesp.net/wiki/Online:Tempered_Soul
Online:Fortification,depth/Fortification.md,21,https://en.uesp.net/wiki/Online:Fortification
Online:Savage Defense,depth/Savage_Defense.md,19,https://en.uesp.net/wiki/Online:Savage_Defense
Online:Arcane Alacrity,depth/Arcane_Alacrity.md,26,https://en.uesp.net/wiki/Online:Arcane_Alacrity
Online:Bloody Renewal,depth/Bloody_Renewal.md,19,https://en.uesp.net/wiki/Online:Bloody_Renewal
Online:Mystic Tenacity,depth/Mystic_Tenacity.md,24,https://en.uesp.net/wiki/Online:Mystic_Tenacity
Online:Hasty,depth/Hasty.md,20,https://en.uesp.net/wiki/Online:Hasty
Online:Celerity,depth/Celerity.md,18,https://en.uesp.net/wiki/Online:Celerity
Online:Nimble Protector,depth/Nimble_Protector.md,20,https://en.uesp.net/wiki/Online:Nimble_Protector
Online:Bracing Anchor,depth/Bracing_Anchor.md,35,https://en.uesp.net/wiki/Online:Bracing_Anchor
Online:Shadowstrike,depth/Shadowstrike.md,108,https://en.uesp.net/wiki/Online:Shadowstrike
Online:Master Gatherer,depth/Master_Gatherer.md,65,https://en.uesp.net/wiki/Online:Master_Gatherer
Online:Foresight,depth/Foresight.md,31,https://en.uesp.net/wiki/Online:Foresight
Online:Thaumaturge,depth/Thaumaturge.md,22,https://en.uesp.net/wiki/Online:Thaumaturge
Online:Master-at-Arms,depth/Master-at-Arms.md,21,https://en.uesp.net/wiki/Online:Master-at-Arms
Online:Riposte,depth/Riposte.md,41,https://en.uesp.net/wiki/Online:Riposte
Online:Last Stand,depth/Last_Stand.md,37,https://en.uesp.net/wiki/Online:Last_Stand
Online:Reinforced,depth/Reinforced.md,33,https://en.uesp.net/wiki/Online:Reinforced
Online:Ironclad,depth/Ironclad.md,22,https://en.uesp.net/wiki/Online:Ironclad
Online:Steed's Blessing,depth/Steed_s_Blessing.md,33,https://en.uesp.net/wiki/Online:Steed's_Blessing
Online:Sustaining Shadows,depth/Sustaining_Shadows.md,76,https://en.uesp.net/wiki/Online:Sustaining_Shadows
Online:Fade Away,depth/Fade_Away.md,21,https://en.uesp.net/wiki/Online:Fade_Away
Online:Gifted Rider,depth/Gifted_Rider.md,46,https://en.uesp.net/wiki/Online:Gifted_Rider
Online:Reel Technique,depth/Reel_Technique.md,42,https://en.uesp.net/wiki/Online:Reel_Technique
Online:Endless Endurance,depth/Endless_Endurance.md,17,https://en.uesp.net/wiki/Online:Endless_Endurance
Online:Focused Mending,depth/Focused_Mending.md,21,https://en.uesp.net/wiki/Online:Focused_Mending
Online:Swift Renewal,depth/Swift_Renewal.md,22,https://en.uesp.net/wiki/Online:Swift_Renewal
Online:Soothing Tide,depth/Soothing_Tide.md,22,https://en.uesp.net/wiki/Online:Soothing_Tide
Online:Rejuvenator,depth/Rejuvenator.md,21,https://en.uesp.net/wiki/Online:Rejuvenator
Online:Reaving Blows,depth/Reaving_Blows.md,22,https://en.uesp.net/wiki/Online:Reaving_Blows
Online:Occult Overload,depth/Occult_Overload.md,81,https://en.uesp.net/wiki/Online:Occult_Overload
Online:Fighting Finesse,depth/Fighting_Finesse.md,21,https://en.uesp.net/wiki/Online:Fighting_Finesse
Online:Duelist's Rebuff,depth/Duelist_s_Rebuff.md,21,https://en.uesp.net/wiki/Online:Duelist's_Rebuff
Online:Enduring Resolve,depth/Enduring_Resolve.md,22,https://en.uesp.net/wiki/Online:Enduring_Resolve
Online:Resilience,depth/Resilience.md,16,https://en.uesp.net/wiki/Online:Resilience
Online:Enlivening Overflow,depth/Enlivening_Overflow.md,47,https://en.uesp.net/wiki/Online:Enlivening_Overflow
Online:From the Brink,depth/From_the_Brink.md,47,https://en.uesp.net/wiki/Online:From_the_Brink
Online:Salve of Renewal,depth/Salve_of_Renewal.md,48,https://en.uesp.net/wiki/Online:Salve_of_Renewal
Online:Hope Infusion,depth/Hope_Infusion.md,42,https://en.uesp.net/wiki/Online:Hope_Infusion
Online:Rejuvenation,depth/Rejuvenation.md,18,https://en.uesp.net/wiki/Online:Rejuvenation
Online:Hardened,depth/Hardened.md,20,https://en.uesp.net/wiki/Online:Hardened
Online:Peace of Mind,depth/Peace_of_Mind.md,26,https://en.uesp.net/wiki/Online:Peace_of_Mind
Online:Slippery,depth/Slippery.md,43,https://en.uesp.net/wiki/Online:Slippery
Online:Juggernaut (champion),depth/Juggernaut_champion.md,25,https://en.uesp.net/wiki/Online:Juggernaut_(champion)
Online:Expert Evasion,depth/Expert_Evasion.md,29,https://en.uesp.net/wiki/Online:Expert_Evasion
Online:Rousing Speed,depth/Rousing_Speed.md,27,https://en.uesp.net/wiki/Online:Rousing_Speed
Online:Survival Instincts,depth/Survival_Instincts.md,24,https://en.uesp.net/wiki/Online:Survival_Instincts
Online:Spirit Mastery,depth/Spirit_Mastery.md,20,https://en.uesp.net/wiki/Online:Spirit_Mastery
Online:Shield Master,depth/Shield_Master.md,85,https://en.uesp.net/wiki/Online:Shield_Master
Online:Strategic Reserve,depth/Strategic_Reserve.md,19,https://en.uesp.net/wiki/Online:Strategic_Reserve
Online:Siphoning Spells,depth/Siphoning_Spells.md,19,https://en.uesp.net/wiki/Online:Siphoning_Spells
Online:On Guard,depth/On_Guard.md,28,https://en.uesp.net/wiki/Online:On_Guard
Online:Pain's Refuge,depth/Pain_s_Refuge.md,30,https://en.uesp.net/wiki/Online:Pain's_Refuge
Online:Sustained by Suffering,depth/Sustained_by_Suffering.md,29,https://en.uesp.net/wiki/Online:Sustained_by_Suffering
Online:Relentlessness,depth/Relentlessness.md,29,https://en.uesp.net/wiki/Online:Relentlessness
Online:Refreshing Stride,depth/Refreshing_Stride.md,21,https://en.uesp.net/wiki/Online:Refreshing_Stride
Online:Soothing Shield,depth/Soothing_Shield.md,27,https://en.uesp.net/wiki/Online:Soothing_Shield
Online:Exploiter,depth/Exploiter.md,22,https://en.uesp.net/wiki/Online:Exploiter
Online:Force of Nature (champion),depth/Force_of_Nature_champion.md,26,https://en.uesp.net/wiki/Online:Force_of_Nature_(champion)
Online:Dragonknight,depth/Dragonknight.md,461,https://en.uesp.net/wiki/Online:Dragonknight
Online:Classes,depth/Classes.md,963,https://en.uesp.net/wiki/Online:Classes
Online:Nightblade,depth/Nightblade.md,513,https://en.uesp.net/wiki/Online:Nightblade
Online:Character Creation,depth/Character_Creation.md,2147,https://en.uesp.net/wiki/Online:Character_Creation
Online:Attributes,depth/Attributes.md,440,https://en.uesp.net/wiki/Online:Attributes
Online:Healer,depth/Healer.md,232,https://en.uesp.net/wiki/Online:Healer
Online:Foot Soldier,depth/Foot_Soldier.md,311,https://en.uesp.net/wiki/Online:Foot_Soldier
Online:Fire Mage,depth/Fire_Mage.md,263,https://en.uesp.net/wiki/Online:Fire_Mage
Online:Frost Mage,depth/Frost_Mage.md,232,https://en.uesp.net/wiki/Online:Frost_Mage
Online:Archer,depth/Archer.md,297,https://en.uesp.net/wiki/Online:Archer
Online:Knight,depth/Knight.md,161,https://en.uesp.net/wiki/Online:Knight
Online:Pet Ranger,depth/Pet_Ranger.md,397,https://en.uesp.net/wiki/Online:Pet_Ranger
Online:Bonelord,depth/Bonelord.md,352,https://en.uesp.net/wiki/Online:Bonelord
Online:Berserker,depth/Berserker.md,340,https://en.uesp.net/wiki/Online:Berserker
Online:Fear Mage,depth/Fear_Mage.md,174,https://en.uesp.net/wiki/Online:Fear_Mage
Online:Battlemage,depth/Battlemage.md,330,https://en.uesp.net/wiki/Online:Battlemage
Online:Level Up Advisor,depth/Level_Up_Advisor.md,2891,https://en.uesp.net/wiki/Online:Level_Up_Advisor
Online:Eviscerator,depth/Eviscerator.md,324,https://en.uesp.net/wiki/Online:Eviscerator
Online:Necromancer,depth/Necromancer.md,527,https://en.uesp.net/wiki/Online:Necromancer
Online:Poison Archer,depth/Poison_Archer.md,399,https://en.uesp.net/wiki/Online:Poison_Archer
Online:Chemist,depth/Chemist.md,425,https://en.uesp.net/wiki/Online:Chemist
Online:Feral,depth/Feral.md,247,https://en.uesp.net/wiki/Online:Feral
Online:Arbalest,depth/Arbalest.md,267,https://en.uesp.net/wiki/Online:Arbalest
Online:Beastcaller,depth/Beastcaller.md,278,https://en.uesp.net/wiki/Online:Beastcaller
Online:Reach Mage,depth/Reach_Mage.md,237,https://en.uesp.net/wiki/Online:Reach_Mage
Online:Nullifier,depth/Nullifier.md,339,https://en.uesp.net/wiki/Online:Nullifier
Online:Flame Adept,depth/Flame_Adept.md,287,https://en.uesp.net/wiki/Online:Flame_Adept
Online:Chillfiend,depth/Chillfiend.md,334,https://en.uesp.net/wiki/Online:Chillfiend
Online:Cauterizer,depth/Cauterizer.md,458,https://en.uesp.net/wiki/Online:Cauterizer
Online:Icereaver,depth/Icereaver.md,224,https://en.uesp.net/wiki/Online:Icereaver
Online:Dreadweaver,depth/Dreadweaver.md,287,https://en.uesp.net/wiki/Online:Dreadweaver
Online:Honor Guard,depth/Honor_Guard.md,490,https://en.uesp.net/wiki/Online:Honor_Guard
Online:Mage Guard,depth/Mage_Guard.md,458,https://en.uesp.net/wiki/Online:Mage_Guard
Online:Blood Mage,depth/Blood_Mage.md,247,https://en.uesp.net/wiki/Online:Blood_Mage
Online:Armamancer,depth/Armamancer.md,205,https://en.uesp.net/wiki/Online:Armamancer
Online:War Mount,depth/War_Mount.md,35,https://en.uesp.net/wiki/Online:War_Mount
Online:Unchained,depth/Unchained.md,31,https://en.uesp.net/wiki/Online:Unchained
Online:Untamed Aggression,depth/Untamed_Aggression.md,19,https://en.uesp.net/wiki/Online:Untamed_Aggression
Online:Wrathful Strikes,depth/Wrathful_Strikes.md,21,https://en.uesp.net/wiki/Online:Wrathful_Strikes
Online:Unassailable,depth/Unassailable.md,22,https://en.uesp.net/wiki/Online:Unassailable
Online:Weapons Expert,depth/Weapons_Expert.md,23,https://en.uesp.net/wiki/Online:Weapons_Expert
Online:Thrill of the Hunt,depth/Thrill_of_the_Hunt.md,30,https://en.uesp.net/wiki/Online:Thrill_of_the_Hunt
Online:Ward Master,depth/Ward_Master.md,28,https://en.uesp.net/wiki/Online:Ward_Master
Online:Arcanist,depth/Arcanist.md,358,https://en.uesp.net/wiki/Online:Arcanist
Online:Frost Archer,depth/Frost_Archer.md,257,https://en.uesp.net/wiki/Online:Frost_Archer
Online:Dark Champion,depth/Dark_Champion.md,172,https://en.uesp.net/wiki/Online:Dark_Champion
Online:Geomancer,depth/Geomancer.md,232,https://en.uesp.net/wiki/Online:Geomancer
Online:Marsh Warrior,depth/Marsh_Warrior.md,223,https://en.uesp.net/wiki/Online:Marsh_Warrior
Online:Login,depth/Login.md,285,https://en.uesp.net/wiki/Online:Login
Online:Bonecrafter,depth/Bonecrafter.md,482,https://en.uesp.net/wiki/Online:Bonecrafter
Online:Templar,depth/Templar.md,470,https://en.uesp.net/wiki/Online:Templar
Online:Sorcerer,depth/Sorcerer.md,493,https://en.uesp.net/wiki/Online:Sorcerer
Online:Combat,depth/Combat.md,3593,https://en.uesp.net/wiki/Online:Combat
Online:Sentry,depth/Sentry.md,132,https://en.uesp.net/wiki/Online:Sentry
Online:Jute,depth/Jute.md,229,https://en.uesp.net/wiki/Online:Jute
Online:Flax,depth/Flax.md,227,https://en.uesp.net/wiki/Online:Flax
Online:Rawhide,depth/Rawhide.md,225,https://en.uesp.net/wiki/Online:Rawhide
Online:Hide,depth/Hide.md,210,https://en.uesp.net/wiki/Online:Hide
Online:Cotton,depth/Cotton.md,242,https://en.uesp.net/wiki/Online:Cotton
Online:Leather,depth/Leather.md,216,https://en.uesp.net/wiki/Online:Leather
Online:Spidersilk,depth/Spidersilk.md,220,https://en.uesp.net/wiki/Online:Spidersilk
Online:Ebonthread,depth/Ebonthread.md,188,https://en.uesp.net/wiki/Online:Ebonthread
Online:Kreshweed,depth/Kreshweed.md,186,https://en.uesp.net/wiki/Online:Kreshweed
Online:Ironweed,depth/Ironweed.md,186,https://en.uesp.net/wiki/Online:Ironweed
Online:Silverweave,depth/Silverweave.md,170,https://en.uesp.net/wiki/Online:Silverweave
Online:Void Bloom,depth/Void_Bloom.md,233,https://en.uesp.net/wiki/Online:Void_Bloom
Online:Thick Leather,depth/Thick_Leather.md,229,https://en.uesp.net/wiki/Online:Thick_Leather
Online:Fell Hide,depth/Fell_Hide.md,186,https://en.uesp.net/wiki/Online:Fell_Hide
Online:Topgrain Hide,depth/Topgrain_Hide.md,188,https://en.uesp.net/wiki/Online:Topgrain_Hide
Online:Iron Hide,depth/Iron_Hide.md,197,https://en.uesp.net/wiki/Online:Iron_Hide
Online:Superb Hide,depth/Superb_Hide.md,173,https://en.uesp.net/wiki/Online:Superb_Hide
Online:Shadowhide,depth/Shadowhide.md,228,https://en.uesp.net/wiki/Online:Shadowhide
Online:Ancestor Silk,depth/Ancestor_Silk.md,193,https://en.uesp.net/wiki/Online:Ancestor_Silk
Online:Rubedo Leather,depth/Rubedo_Leather.md,190,https://en.uesp.net/wiki/Online:Rubedo_Leather
Online:Tank,depth/Tank.md,245,https://en.uesp.net/wiki/Online:Tank
Online:Storm Mage,depth/Storm_Mage.md,233,https://en.uesp.net/wiki/Online:Storm_Mage
Online:Spirit Master,depth/Spirit_Master.md,198,https://en.uesp.net/wiki/Online:Spirit_Master
Online:Time Bomb Mage,depth/Time_Bomb_Mage.md,335,https://en.uesp.net/wiki/Online:Time_Bomb_Mage
Online:Burning,depth/Burning.md,889,https://en.uesp.net/wiki/Online:Burning
Online:Cleansing,depth/Cleansing.md,74,https://en.uesp.net/wiki/Online:Cleansing
Online:Chilled,depth/Chilled.md,867,https://en.uesp.net/wiki/Online:Chilled
Online:Concussion,depth/Concussion.md,720,https://en.uesp.net/wiki/Online:Concussion
Online:Warden,depth/Warden.md,546,https://en.uesp.net/wiki/Online:Warden
Online:Area of Effect,depth/Area_of_Effect.md,507,https://en.uesp.net/wiki/Online:Area_of_Effect
Online:Spellblade,depth/Spellblade.md,363,https://en.uesp.net/wiki/Online:Spellblade
Online:Vanquisher,depth/Vanquisher.md,253,https://en.uesp.net/wiki/Online:Vanquisher
Online:Shadow Mage,depth/Shadow_Mage.md,228,https://en.uesp.net/wiki/Online:Shadow_Mage
Online:Shade Sentinel,depth/Shade_Sentinel.md,270,https://en.uesp.net/wiki/Online:Shade_Sentinel
Online:Warpriest,depth/Warpriest.md,190,https://en.uesp.net/wiki/Online:Warpriest
Online:Void Striker,depth/Void_Striker.md,227,https://en.uesp.net/wiki/Online:Void_Striker
Online:Swashbuckler,depth/Swashbuckler.md,452,https://en.uesp.net/wiki/Online:Swashbuckler
Online:Sea Mage,depth/Sea_Mage.md,332,https://en.uesp.net/wiki/Online:Sea_Mage
Online:Sun Mage,depth/Sun_Mage.md,274,https://en.uesp.net/wiki/Online:Sun_Mage
Online:Voidstalker,depth/Voidstalker.md,428,https://en.uesp.net/wiki/Online:Voidstalker
Online:Animation Canceling,depth/Animation_Canceling.md,154,https://en.uesp.net/wiki/Online:Animation_Canceling
Online:Critical Damage,depth/Critical_Damage.md,130,https://en.uesp.net/wiki/Online:Critical_Damage
Online:Umbral Aegis,depth/Umbral_Aegis.md,167,https://en.uesp.net/wiki/Online:Umbral_Aegis
Online:Critical Healing,depth/Critical_Healing.md,104,https://en.uesp.net/wiki/Online:Critical_Healing
Online:Crafting,depth/Crafting.md,1647,https://en.uesp.net/wiki/Online:Crafting
Online:Enchanting,depth/Enchanting.md,1676,https://en.uesp.net/wiki/Online:Enchanting
Online:Alchemy,depth/Alchemy.md,1720,https://en.uesp.net/wiki/Online:Alchemy
Online:Clothing,depth/Clothing.md,1226,https://en.uesp.net/wiki/Online:Clothing
Online:Blacksmithing,depth/Blacksmithing.md,540,https://en.uesp.net/wiki/Online:Blacksmithing
Online:Effects,depth/Effects.md,610,https://en.uesp.net/wiki/Online:Effects
Online:Stealth,depth/Stealth.md,1618,https://en.uesp.net/wiki/Online:Stealth
Online:Negate Magic,depth/Negate_Magic.md,1282,https://en.uesp.net/wiki/Online:Negate_Magic
Online:Crafting Writs,depth/Crafting_Writs.md,1678,https://en.uesp.net/wiki/Online:Crafting_Writs
Online:Taunt,depth/Taunt.md,615,https://en.uesp.net/wiki/Online:Taunt
Online:Execute,depth/Execute.md,662,https://en.uesp.net/wiki/Online:Execute
Online:Weapon Critical (effect),depth/Weapon_Critical_effect.md,407,https://en.uesp.net/wiki/Online:Weapon_Critical_(effect)
Online:Spell Critical (effect),depth/Spell_Critical_effect.md,395,https://en.uesp.net/wiki/Online:Spell_Critical_(effect)
Online:Damage Shield,depth/Damage_Shield.md,680,https://en.uesp.net/wiki/Online:Damage_Shield
Online:Healing,depth/Healing.md,891,https://en.uesp.net/wiki/Online:Healing
Online:Healing Received,depth/Healing_Received.md,358,https://en.uesp.net/wiki/Online:Healing_Received
Online:Disorient,depth/Disorient.md,277,https://en.uesp.net/wiki/Online:Disorient
Online:Off Balance,depth/Off_Balance.md,579,https://en.uesp.net/wiki/Online:Off_Balance
Online:Fear,depth/Fear.md,264,https://en.uesp.net/wiki/Online:Fear
Online:Knockback,depth/Knockback.md,248,https://en.uesp.net/wiki/Online:Knockback
Online:Immobilize,depth/Immobilize.md,274,https://en.uesp.net/wiki/Online:Immobilize
Online:Movement Speed,depth/Movement_Speed.md,1491,https://en.uesp.net/wiki/Online:Movement_Speed
Online:Stun,depth/Stun.md,658,https://en.uesp.net/wiki/Online:Stun
Online:Invisibility,depth/Invisibility.md,188,https://en.uesp.net/wiki/Online:Invisibility
Online:Interrupt,depth/Interrupt.md,298,https://en.uesp.net/wiki/Online:Interrupt
Online:Resurrect,depth/Resurrect.md,336,https://en.uesp.net/wiki/Online:Resurrect
Online:Death,depth/Death.md,1048,https://en.uesp.net/wiki/Online:Death
Online:Spell Damage,depth/Spell_Damage.md,176,https://en.uesp.net/wiki/Online:Spell_Damage
Online:Weapon Damage,depth/Weapon_Damage.md,187,https://en.uesp.net/wiki/Online:Weapon_Damage
Online:Leashing,depth/Leashing.md,270,https://en.uesp.net/wiki/Online:Leashing
Online:Heavy Attack,depth/Heavy_Attack.md,612,https://en.uesp.net/wiki/Online:Heavy_Attack
Online:Levitate,depth/Levitate.md,204,https://en.uesp.net/wiki/Online:Levitate
Online:Spell Resistance,depth/Spell_Resistance.md,49,https://en.uesp.net/wiki/Online:Spell_Resistance
Online:Physical Resistance,depth/Physical_Resistance.md,49,https://en.uesp.net/wiki/Online:Physical_Resistance
Online:Deep Winter Charity Writs,depth/Deep_Winter_Charity_Writs.md,568,https://en.uesp.net/wiki/Online:Deep_Winter_Charity_Writs
Online:Critical Resistance,depth/Critical_Resistance.md,195,https://en.uesp.net/wiki/Online:Critical_Resistance
Online:Penetration,depth/Penetration.md,128,https://en.uesp.net/wiki/Online:Penetration
Online:Pull,depth/Pull.md,230,https://en.uesp.net/wiki/Online:Pull
Online:Poisoned,depth/Poisoned.md,415,https://en.uesp.net/wiki/Online:Poisoned
Online:Diseased,depth/Diseased.md,534,https://en.uesp.net/wiki/Online:Diseased
Online:Sundered,depth/Sundered.md,474,https://en.uesp.net/wiki/Online:Sundered
Online:Swimming,depth/Swimming.md,254,https://en.uesp.net/wiki/Online:Swimming
Online:Fall Resistance,depth/Fall_Resistance.md,45,https://en.uesp.net/wiki/Online:Fall_Resistance
Online:Hemorrhaging,depth/Hemorrhaging.md,497,https://en.uesp.net/wiki/Online:Hemorrhaging
Online:Overcharged,depth/Overcharged.md,352,https://en.uesp.net/wiki/Online:Overcharged
Online:Provisioning,depth/Provisioning.md,783,https://en.uesp.net/wiki/Online:Provisioning
Online:Woodworking,depth/Woodworking.md,616,https://en.uesp.net/wiki/Online:Woodworking
Online:Bandit Fire Mage,depth/Bandit_Fire_Mage.md,170,https://en.uesp.net/wiki/Online:Bandit_Fire_Mage
Online:Acolyte Cararilde,depth/Acolyte_Cararilde.md,150,https://en.uesp.net/wiki/Online:Acolyte_Cararilde
Online:Babineaux Redain,depth/Babineaux_Redain.md,45,https://en.uesp.net/wiki/Online:Babineaux_Redain
Online:Abhorrent Illusionist,depth/Abhorrent_Illusionist.md,40,https://en.uesp.net/wiki/Online:Abhorrent_Illusionist
Online:Abhorrent Predator,depth/Abhorrent_Predator.md,38,https://en.uesp.net/wiki/Online:Abhorrent_Predator
Online:Abhorrent Ravager,depth/Abhorrent_Ravager.md,38,https://en.uesp.net/wiki/Online:Abhorrent_Ravager
Online:Alik'r Infantryman,depth/Alik_r_Infantryman.md,33,https://en.uesp.net/wiki/Online:Alik'r_Infantryman
Online:Alik'r Master Sergeant,depth/Alik_r_Master_Sergeant.md,33,https://en.uesp.net/wiki/Online:Alik'r_Master_Sergeant
Online:Alik'ri Infantry,depth/Alik_ri_Infantry.md,33,https://en.uesp.net/wiki/Online:Alik'ri_Infantry
Online:Alik'ri Infantryman,depth/Alik_ri_Infantryman.md,34,https://en.uesp.net/wiki/Online:Alik'ri_Infantryman
Online:Angranel,depth/Angranel.md,50,https://en.uesp.net/wiki/Online:Angranel
Online:Azeez-Eix,depth/Azeez-Eix.md,108,https://en.uesp.net/wiki/Online:Azeez-Eix
Online:Bandit Slayer,depth/Bandit_Slayer.md,144,https://en.uesp.net/wiki/Online:Bandit_Slayer
Online:Banespinner,depth/Banespinner.md,64,https://en.uesp.net/wiki/Online:Banespinner
Online:Barkbite Guard,depth/Barkbite_Guard.md,63,https://en.uesp.net/wiki/Online:Barkbite_Guard
Online:Abnajah,depth/Abnajah.md,250,https://en.uesp.net/wiki/Online:Abnajah
Online:Adventure Zones,depth/Adventure_Zones.md,319,https://en.uesp.net/wiki/Online:Adventure_Zones
Online:Arx Corinium Pledge,depth/Arx_Corinium_Pledge.md,270,https://en.uesp.net/wiki/Online:Arx_Corinium_Pledge
Online:Banished Cells Pledge,depth/Banished_Cells_Pledge.md,290,https://en.uesp.net/wiki/Online:Banished_Cells_Pledge
Online:Survey Reports,depth/Survey_Reports.md,1680,https://en.uesp.net/wiki/Online:Survey_Reports
Online:Alande (Cyrodiil),depth/Alande_Cyrodiil.md,75,https://en.uesp.net/wiki/Online:Alande_(Cyrodiil)
Online:Adelie Metivier,depth/Adelie_Metivier.md,72,https://en.uesp.net/wiki/Online:Adelie_Metivier
Online:Hirelings,depth/Hirelings.md,288,https://en.uesp.net/wiki/Online:Hirelings
Online:Ancient Assassin,depth/Ancient_Assassin.md,195,https://en.uesp.net/wiki/Online:Ancient_Assassin
Online:Alchemy Workshop Instructions,depth/Alchemy_Workshop_Instructions.md,121,https://en.uesp.net/wiki/Online:Alchemy_Workshop_Instructions
Online:Battle Leveling,depth/Battle_Leveling.md,472,https://en.uesp.net/wiki/Online:Battle_Leveling
Online:Alik'ri Lieutenant,depth/Alik_ri_Lieutenant.md,34,https://en.uesp.net/wiki/Online:Alik'ri_Lieutenant
Online:Altmer Reveler,depth/Altmer_Reveler.md,58,https://en.uesp.net/wiki/Online:Altmer_Reveler
Online:Ariana's Guard,depth/Ariana_s_Guard.md,386,https://en.uesp.net/wiki/Online:Ariana's_Guard
Online:Banter Bot,depth/Banter_Bot.md,78,https://en.uesp.net/wiki/Online:Banter_Bot
Online:Bastion/deprecated,depth/Bastion_deprecated.md,20,https://en.uesp.net/wiki/Online:Bastion/deprecated
Online:Bashing Focus,depth/Bashing_Focus.md,18,https://en.uesp.net/wiki/Online:Bashing_Focus
Online:Arcanist (champion),depth/Arcanist_champion.md,17,https://en.uesp.net/wiki/Online:Arcanist_(champion)
Online:Befoul,depth/Befoul.md,20,https://en.uesp.net/wiki/Online:Befoul
Online:The Apprentice (champion),depth/The_Apprentice_champion.md,166,https://en.uesp.net/wiki/Online:The_Apprentice_(champion)
Online:The Atronach (champion),depth/The_Atronach_champion.md,187,https://en.uesp.net/wiki/Online:The_Atronach_(champion)
Online:Arcane Well,depth/Arcane_Well.md,40,https://en.uesp.net/wiki/Online:Arcane_Well
Online:Furniture Crafting,depth/Furniture_Crafting.md,145,https://en.uesp.net/wiki/Online:Furniture_Crafting
Online:Jewelry Crafting,depth/Jewelry_Crafting.md,1414,https://en.uesp.net/wiki/Online:Jewelry_Crafting
Online:New Life Charity Writs,depth/New_Life_Charity_Writs.md,398,https://en.uesp.net/wiki/Online:New_Life_Charity_Writs
Online:Witches Festival Writs,depth/Witches_Festival_Writs.md,505,https://en.uesp.net/wiki/Online:Witches_Festival_Writs
Online:Anchor Guardian,depth/Anchor_Guardian.md,84,https://en.uesp.net/wiki/Online:Anchor_Guardian
Online:Heavy Sack,depth/Heavy_Sack.md,772,https://en.uesp.net/wiki/Online:Heavy_Sack
Online:Deprecated Content,depth/Deprecated_Content.md,271,https://en.uesp.net/wiki/Online:Deprecated_Content
Online:Bella,depth/Bella.md,52,https://en.uesp.net/wiki/Online:Bella
Online:Imperial Charity Writs,depth/Imperial_Charity_Writs.md,461,https://en.uesp.net/wiki/Online:Imperial_Charity_Writs
Online:Animated Armor,depth/Animated_Armor.md,95,https://en.uesp.net/wiki/Online:Animated_Armor
Online:Aurielic Quasigriff (creature),depth/Aurielic_Quasigriff_creature.md,82,https://en.uesp.net/wiki/Online:Aurielic_Quasigriff_(creature)
Online:Con Artist,depth/Con_Artist.md,338,https://en.uesp.net/wiki/Online:Con_Artist
Online:Betnikh Guard,depth/Betnikh_Guard.md,45,https://en.uesp.net/wiki/Online:Betnikh_Guard
Online:Buzog,depth/Buzog.md,52,https://en.uesp.net/wiki/Online:Buzog
Online:Bending to the Flame,depth/Bending_to_the_Flame.md,124,https://en.uesp.net/wiki/Online:Bending_to_the_Flame
Online:Blinding Light,depth/Blinding_Light.md,180,https://en.uesp.net/wiki/Online:Blinding_Light
Online:Bergama Guard,depth/Bergama_Guard.md,39,https://en.uesp.net/wiki/Online:Bergama_Guard
Online:Bjoulsae Cutthroat,depth/Bjoulsae_Cutthroat.md,241,https://en.uesp.net/wiki/Online:Bjoulsae_Cutthroat
Online:Bloodweaver,depth/Bloodweaver.md,68,https://en.uesp.net/wiki/Online:Bloodweaver
Online:Bogzul,depth/Bogzul.md,69,https://en.uesp.net/wiki/Online:Bogzul
Online:Cardia,depth/Cardia.md,66,https://en.uesp.net/wiki/Online:Cardia
Online:Chamberlain,depth/Chamberlain.md,34,https://en.uesp.net/wiki/Online:Chamberlain
Online:Ciireriath,depth/Ciireriath.md,29,https://en.uesp.net/wiki/Online:Ciireriath
Online:City Guard,depth/City_Guard.md,83,https://en.uesp.net/wiki/Online:City_Guard
Online:Coldharbour Daedra,depth/Coldharbour_Daedra.md,51,https://en.uesp.net/wiki/Online:Coldharbour_Daedra
Online:Cergend House,depth/Cergend_House.md,72,https://en.uesp.net/wiki/Online:Cergend_House
Online:Blackheart Haven Pledge,depth/Blackheart_Haven_Pledge.md,250,https://en.uesp.net/wiki/Online:Blackheart_Haven_Pledge
Online:Blessed Crucible Pledge,depth/Blessed_Crucible_Pledge.md,270,https://en.uesp.net/wiki/Online:Blessed_Crucible_Pledge
Online:City of Ash Pledge,depth/City_of_Ash_Pledge.md,276,https://en.uesp.net/wiki/Online:City_of_Ash_Pledge
Online:Champion/deprecated,depth/Champion_deprecated.md,997,https://en.uesp.net/wiki/Online:Champion/deprecated
Online:Blacksmith Writ,depth/Blacksmith_Writ.md,1412,https://en.uesp.net/wiki/Online:Blacksmith_Writ
Online:Collected Works of Wee-Zeeus,depth/Collected_Works_of_Wee-Zeeus.md,72,https://en.uesp.net/wiki/Online:Collected_Works_of_Wee-Zeeus
Online:Clothier Writ,depth/Clothier_Writ.md,1498,https://en.uesp.net/wiki/Online:Clothier_Writ
Online:Bittermaw,depth/Bittermaw.md,52,https://en.uesp.net/wiki/Online:Bittermaw
Online:A Brief History of Vivec,depth/A_Brief_History_of_Vivec.md,34,https://en.uesp.net/wiki/Online:A_Brief_History_of_Vivec
Online:Chef Donolon,depth/Chef_Donolon.md,813,https://en.uesp.net/wiki/Online:Chef_Donolon
Online:Bloodshark Captain,depth/Bloodshark_Captain.md,29,https://en.uesp.net/wiki/Online:Bloodshark_Captain
Online:Borghak,depth/Borghak.md,63,https://en.uesp.net/wiki/Online:Borghak
Online:Covenant Brigand Mercenary,depth/Covenant_Brigand_Mercenary.md,56,https://en.uesp.net/wiki/Online:Covenant_Brigand_Mercenary
Online:Covenant Mage,depth/Covenant_Mage.md,107,https://en.uesp.net/wiki/Online:Covenant_Mage
Online:Covenant Mage Mercenary,depth/Covenant_Mage_Mercenary.md,60,https://en.uesp.net/wiki/Online:Covenant_Mage_Mercenary
Online:Covenant Mercenary,depth/Covenant_Mercenary.md,56,https://en.uesp.net/wiki/Online:Covenant_Mercenary
Online:Bracing,depth/Bracing.md,96,https://en.uesp.net/wiki/Online:Bracing
Online:Blessed/deprecated,depth/Blessed_deprecated.md,17,https://en.uesp.net/wiki/Online:Blessed/deprecated
Online:Butcher (champion),depth/Butcher_champion.md,25,https://en.uesp.net/wiki/Online:Butcher_(champion)
Online:Canthion,depth/Canthion.md,568,https://en.uesp.net/wiki/Online:Canthion
Online:Bulag Idolus,depth/Bulag_Idolus.md,314,https://en.uesp.net/wiki/Online:Bulag_Idolus
Online:Bow Expert,depth/Bow_Expert.md,22,https://en.uesp.net/wiki/Online:Bow_Expert
Online:Bulwark/deprecated,depth/Bulwark_deprecated.md,29,https://en.uesp.net/wiki/Online:Bulwark/deprecated
Online:Berne Ravager,depth/Berne_Ravager.md,187,https://en.uesp.net/wiki/Online:Berne_Ravager
Online:Clenegor's Hut,depth/Clenegor_s_Hut.md,32,https://en.uesp.net/wiki/Online:Clenegor's_Hut
Online:Captain Carvain,depth/Captain_Carvain.md,260,https://en.uesp.net/wiki/Online:Captain_Carvain
Online:Chilled Chaurus Egg,depth/Chilled_Chaurus_Egg.md,24,https://en.uesp.net/wiki/Online:Chilled_Chaurus_Egg
Online:Brelo Thireloth,depth/Brelo_Thireloth.md,37,https://en.uesp.net/wiki/Online:Brelo_Thireloth
Online:Brendou Rirniel,depth/Brendou_Rirniel.md,38,https://en.uesp.net/wiki/Online:Brendou_Rirniel
Online:Coral Haj Mota Brute,depth/Coral_Haj_Mota_Brute.md,37,https://en.uesp.net/wiki/Online:Coral_Haj_Mota_Brute
Online:Caravan Guard (Tamriel),depth/Caravan_Guard_Tamriel.md,253,https://en.uesp.net/wiki/Online:Caravan_Guard_(Tamriel)
Online:Camonnaruhn Thug,depth/Camonnaruhn_Thug.md,209,https://en.uesp.net/wiki/Online:Camonnaruhn_Thug
Online:Daggerfall Watch,depth/Daggerfall_Watch.md,89,https://en.uesp.net/wiki/Online:Daggerfall_Watch
Online:Dread Flesh Atronach,depth/Dread_Flesh_Atronach.md,52,https://en.uesp.net/wiki/Online:Dread_Flesh_Atronach
Online:Dread Clannfear,depth/Dread_Clannfear.md,242,https://en.uesp.net/wiki/Online:Dread_Clannfear
Online:Cowering Bandit,depth/Cowering_Bandit.md,48,https://en.uesp.net/wiki/Online:Cowering_Bandit
Online:Dame Annelette,depth/Dame_Annelette.md,28,https://en.uesp.net/wiki/Online:Dame_Annelette
Online:Dar-m'Athra Butcher,depth/Dar-m_Athra_Butcher.md,49,https://en.uesp.net/wiki/Online:Dar-m'Athra_Butcher
Online:Dead Colovian Soldier,depth/Dead_Colovian_Soldier.md,92,https://en.uesp.net/wiki/Online:Dead_Colovian_Soldier
Online:Dominion Mage,depth/Dominion_Mage.md,72,https://en.uesp.net/wiki/Online:Dominion_Mage
Online:Dominion Prisoner,depth/Dominion_Prisoner.md,81,https://en.uesp.net/wiki/Online:Dominion_Prisoner
Online:Drauginas,depth/Drauginas.md,29,https://en.uesp.net/wiki/Online:Drauginas
Online:Draugr Deathlord,depth/Draugr_Deathlord.md,284,https://en.uesp.net/wiki/Online:Draugr_Deathlord
Online:Dread Ogrim,depth/Dread_Ogrim.md,45,https://en.uesp.net/wiki/Online:Dread_Ogrim
Online:Dread Xivilai,depth/Dread_Xivilai.md,197,https://en.uesp.net/wiki/Online:Dread_Xivilai
Online:Dremora Mafrekyn,depth/Dremora_Mafrekyn.md,65,https://en.uesp.net/wiki/Online:Dremora_Mafrekyn
Online:Elaraama,depth/Elaraama.md,48,https://en.uesp.net/wiki/Online:Elaraama
Online:Direfrost Keep Pledge,depth/Direfrost_Keep_Pledge.md,265,https://en.uesp.net/wiki/Online:Direfrost_Keep_Pledge
Online:Crypt of Hearts Pledge,depth/Crypt_of_Hearts_Pledge.md,281,https://en.uesp.net/wiki/Online:Crypt_of_Hearts_Pledge
Online:Darkshade Caverns Pledge,depth/Darkshade_Caverns_Pledge.md,285,https://en.uesp.net/wiki/Online:Darkshade_Caverns_Pledge
Online:Elden Hollow Pledge,depth/Elden_Hollow_Pledge.md,278,https://en.uesp.net/wiki/Online:Elden_Hollow_Pledge
Online:Dye Stations,depth/Dye_Stations.md,291,https://en.uesp.net/wiki/Online:Dye_Stations
Online:Cradle of Shadows Pledge,depth/Cradle_of_Shadows_Pledge.md,243,https://en.uesp.net/wiki/Online:Cradle_of_Shadows_Pledge
Online:Dock Rascal,depth/Dock_Rascal.md,39,https://en.uesp.net/wiki/Online:Dock_Rascal
Online:Dominion Mercenary,depth/Dominion_Mercenary.md,53,https://en.uesp.net/wiki/Online:Dominion_Mercenary
Online:Dragonstar Sentry,depth/Dragonstar_Sentry.md,16,https://en.uesp.net/wiki/Online:Dragonstar_Sentry
Online:Draugr Knight,depth/Draugr_Knight.md,27,https://en.uesp.net/wiki/Online:Draugr_Knight
Online:Dreams-in-Daylight,depth/Dreams-in-Daylight.md,63,https://en.uesp.net/wiki/Online:Dreams-in-Daylight
Online:Dremora Knight,depth/Dremora_Knight.md,32,https://en.uesp.net/wiki/Online:Dremora_Knight
Online:Drublog Fisherman,depth/Drublog_Fisherman.md,36,https://en.uesp.net/wiki/Online:Drublog_Fisherman
Online:Druls Saren,depth/Druls_Saren.md,28,https://en.uesp.net/wiki/Online:Druls_Saren
Online:Dwarven Emitter,depth/Dwarven_Emitter.md,20,https://en.uesp.net/wiki/Online:Dwarven_Emitter
Online:Dwemer Spider Swarm,depth/Dwemer_Spider_Swarm.md,127,https://en.uesp.net/wiki/Online:Dwemer_Spider_Swarm
Online:Ebonheart Soldier,depth/Ebonheart_Soldier.md,38,https://en.uesp.net/wiki/Online:Ebonheart_Soldier
Online:House Diel Soldier,depth/House_Diel_Soldier.md,191,https://en.uesp.net/wiki/Online:House_Diel_Soldier
Online:Elemental Defender,depth/Elemental_Defender.md,24,https://en.uesp.net/wiki/Online:Elemental_Defender
Online:Elemental Expert,depth/Elemental_Expert.md,22,https://en.uesp.net/wiki/Online:Elemental_Expert
Online:Elfborn,depth/Elfborn.md,23,https://en.uesp.net/wiki/Online:Elfborn
Online:Critical Leech,depth/Critical_Leech.md,31,https://en.uesp.net/wiki/Online:Critical_Leech
Online:Determination,depth/Determination.md,21,https://en.uesp.net/wiki/Online:Determination
Online:Dominion Mage Mercenary,depth/Dominion_Mage_Mercenary.md,61,https://en.uesp.net/wiki/Online:Dominion_Mage_Mercenary
Online:Discourse Amaranthine,depth/Discourse_Amaranthine.md,250,https://en.uesp.net/wiki/Online:Discourse_Amaranthine
Online:Daily Rewards,depth/Daily_Rewards.md,1260,https://en.uesp.net/wiki/Online:Daily_Rewards
Online:Dessicated Archer,depth/Dessicated_Archer.md,196,https://en.uesp.net/wiki/Online:Dessicated_Archer
Online:Dessicated Fire Mage,depth/Dessicated_Fire_Mage.md,64,https://en.uesp.net/wiki/Online:Dessicated_Fire_Mage
Online:Dessicated Warrior,depth/Dessicated_Warrior.md,60,https://en.uesp.net/wiki/Online:Dessicated_Warrior
Online:Dawnwood Indrik (creature),depth/Dawnwood_Indrik_creature.md,84,https://en.uesp.net/wiki/Online:Dawnwood_Indrik_(creature)
Online:Dominion Brigand Mercenary,depth/Dominion_Brigand_Mercenary.md,56,https://en.uesp.net/wiki/Online:Dominion_Brigand_Mercenary
Online:Deepwood Vale,depth/Deepwood_Vale.md,984,https://en.uesp.net/wiki/Online:Deepwood_Vale
Online:Crimson Indrik (creature),depth/Crimson_Indrik_creature.md,82,https://en.uesp.net/wiki/Online:Crimson_Indrik_(creature)
Online:Endeavors,depth/Endeavors.md,10893,https://en.uesp.net/wiki/Online:Endeavors
Online:El-Sa,depth/El-Sa.md,47,https://en.uesp.net/wiki/Online:El-Sa
Online:Gruzdash,depth/Gruzdash.md,160,https://en.uesp.net/wiki/Online:Gruzdash
Online:Guard Sergeant,depth/Guard_Sergeant.md,45,https://en.uesp.net/wiki/Online:Guard_Sergeant
Online:Freebooter,depth/Freebooter.md,364,https://en.uesp.net/wiki/Online:Freebooter
Online:Goralas Sendu,depth/Goralas_Sendu.md,45,https://en.uesp.net/wiki/Online:Goralas_Sendu
Online:Hallucination,depth/Hallucination.md,135,https://en.uesp.net/wiki/Online:Hallucination
Online:The Font Aequiius,depth/The_Font_Aequiius.md,90,https://en.uesp.net/wiki/Online:The_Font_Aequiius
Online:Fell's Brigade Orders,depth/Fell_s_Brigade_Orders.md,97,https://en.uesp.net/wiki/Online:Fell's_Brigade_Orders
Online:Forgotten Assassin,depth/Forgotten_Assassin.md,148,https://en.uesp.net/wiki/Online:Forgotten_Assassin
Online:Forgotten Knight,depth/Forgotten_Knight.md,124,https://en.uesp.net/wiki/Online:Forgotten_Knight
Online:Forgotten Mystic,depth/Forgotten_Mystic.md,147,https://en.uesp.net/wiki/Online:Forgotten_Mystic
Online:Frostbite Spider,depth/Frostbite_Spider.md,363,https://en.uesp.net/wiki/Online:Frostbite_Spider
Online:Greenhill Guard,depth/Greenhill_Guard.md,41,https://en.uesp.net/wiki/Online:Greenhill_Guard
Online:Farayn,depth/Farayn.md,39,https://en.uesp.net/wiki/Online:Farayn
Online:Gulgula,depth/Gulgula.md,189,https://en.uesp.net/wiki/Online:Gulgula
Online:From the Exalted Viper,depth/From_the_Exalted_Viper.md,74,https://en.uesp.net/wiki/Online:From_the_Exalted_Viper
Online:Grashub,depth/Grashub.md,68,https://en.uesp.net/wiki/Online:Grashub
Online:Gathion,depth/Gathion.md,71,https://en.uesp.net/wiki/Online:Gathion
Online:Fungal Grotto Pledge,depth/Fungal_Grotto_Pledge.md,267,https://en.uesp.net/wiki/Online:Fungal_Grotto_Pledge
Online:Guild Member,depth/Guild_Member.md,74,https://en.uesp.net/wiki/Online:Guild_Member
Online:Falsehoods and Fallacies of the Eight,depth/Falsehoods_and_Fallacies_of_the_Eight.md,451,https://en.uesp.net/wiki/Online:Falsehoods_and_Fallacies_of_the_Eight
Online:Ereel-Dum,depth/Ereel-Dum.md,15,https://en.uesp.net/wiki/Online:Ereel-Dum
Online:Fawzi af-Hafza,depth/Fawzi_af-Hafza.md,27,https://en.uesp.net/wiki/Online:Fawzi_af-Hafza
Online:Group Events,depth/Group_Events.md,101,https://en.uesp.net/wiki/Online:Group_Events
Online:Expedition Guard,depth/Expedition_Guard.md,43,https://en.uesp.net/wiki/Online:Expedition_Guard
Online:Gorotho gro-Duluk,depth/Gorotho_gro-Duluk.md,39,https://en.uesp.net/wiki/Online:Gorotho_gro-Duluk
Online:Greycloak Necromancer,depth/Greycloak_Necromancer.md,202,https://en.uesp.net/wiki/Online:Greycloak_Necromancer
Online:Guardsman Archer,depth/Guardsman_Archer.md,58,https://en.uesp.net/wiki/Online:Guardsman_Archer
Online:Guardsman Soldier,depth/Guardsman_Soldier.md,61,https://en.uesp.net/wiki/Online:Guardsman_Soldier
Online:Guardsman Striker,depth/Guardsman_Striker.md,58,https://en.uesp.net/wiki/Online:Guardsman_Striker
Online:Guardsman Tempest,depth/Guardsman_Tempest.md,59,https://en.uesp.net/wiki/Online:Guardsman_Tempest
Online:Expert Defender,depth/Expert_Defender.md,23,https://en.uesp.net/wiki/Online:Expert_Defender
Online:Field Physician,depth/Field_Physician.md,20,https://en.uesp.net/wiki/Online:Field_Physician
Online:Ensnare,depth/Ensnare.md,35,https://en.uesp.net/wiki/Online:Ensnare
Online:Fortune Seeker,depth/Fortune_Seeker.md,25,https://en.uesp.net/wiki/Online:Fortune_Seeker
Online:Foresight/deprecated,depth/Foresight_deprecated.md,26,https://en.uesp.net/wiki/Online:Foresight/deprecated
Online:Exploiter/deprecated,depth/Exploiter_deprecated.md,20,https://en.uesp.net/wiki/Online:Exploiter/deprecated
Online:A Friend In Need,depth/A_Friend_In_Need.md,1173,https://en.uesp.net/wiki/Online:A_Friend_In_Need
Online:Firuth's Writ,depth/Firuth_s_Writ.md,73,https://en.uesp.net/wiki/Online:Firuth's_Writ
Online:Exploration,depth/Exploration.md,145,https://en.uesp.net/wiki/Online:Exploration
Online:Event Tickets,depth/Event_Tickets.md,2251,https://en.uesp.net/wiki/Online:Event_Tickets
Online:Euraxian Berserker,depth/Euraxian_Berserker.md,190,https://en.uesp.net/wiki/Online:Euraxian_Berserker
Online:Euraxian Soldier,depth/Euraxian_Soldier.md,601,https://en.uesp.net/wiki/Online:Euraxian_Soldier
Online:Greater Air Atronach,depth/Greater_Air_Atronach.md,17,https://en.uesp.net/wiki/Online:Greater_Air_Atronach
Online:Gambler (Vulkhel Guard),depth/Gambler_Vulkhel_Guard.md,293,https://en.uesp.net/wiki/Online:Gambler_(Vulkhel_Guard)
Online:Treasures Deprecated,depth/Treasures_Deprecated.md,95,https://en.uesp.net/wiki/Online:Treasures_Deprecated
Online:Mounts/Heavyweights,depth/Mounts_Heavyweights.md,79,https://en.uesp.net/wiki/Online:Mounts/Heavyweights
Online:Golem Invoker,depth/Golem_Invoker.md,44,https://en.uesp.net/wiki/Online:Golem_Invoker
Online:Golem Champion,depth/Golem_Champion.md,42,https://en.uesp.net/wiki/Online:Golem_Champion
Online:Goblin Totem,depth/Goblin_Totem.md,145,https://en.uesp.net/wiki/Online:Goblin_Totem
Online:Jewelry,depth/Jewelry.md,888,https://en.uesp.net/wiki/Online:Jewelry
Online:Logbur,depth/Logbur.md,53,https://en.uesp.net/wiki/Online:Logbur
Online:Eagle's Brook,depth/Eagle_s_Brook.md,343,https://en.uesp.net/wiki/Online:Eagle's_Brook
Online:Haste,depth/Haste.md,105,https://en.uesp.net/wiki/Online:Haste
Online:Leonce's Journal,depth/Leonce_s_Journal.md,255,https://en.uesp.net/wiki/Online:Leonce's_Journal
Online:Khasaad's Treasure Map,depth/Khasaad_s_Treasure_Map.md,19,https://en.uesp.net/wiki/Online:Khasaad's_Treasure_Map
Online:Hissmir Guard,depth/Hissmir_Guard.md,42,https://en.uesp.net/wiki/Online:Hissmir_Guard
Online:Honai,depth/Honai.md,72,https://en.uesp.net/wiki/Online:Honai
Online:Isunie,depth/Isunie.md,170,https://en.uesp.net/wiki/Online:Isunie
Online:Kora gra-Drublog,depth/Kora_gra-Drublog.md,23,https://en.uesp.net/wiki/Online:Kora_gra-Drublog
Online:Journal of Ulrich,depth/Journal_of_Ulrich.md,98,https://en.uesp.net/wiki/Online:Journal_of_Ulrich
Online:Journal's Final Pages,depth/Journal_s_Final_Pages.md,125,https://en.uesp.net/wiki/Online:Journal's_Final_Pages
Online:Lenonion,depth/Lenonion.md,198,https://en.uesp.net/wiki/Online:Lenonion
Online:Loading Screens/deprecated,depth/Loading_Screens_deprecated.md,531,https://en.uesp.net/wiki/Online:Loading_Screens/deprecated
Online:Heem-Dum,depth/Heem-Dum.md,15,https://en.uesp.net/wiki/Online:Heem-Dum
Online:Hireling Chests,depth/Hireling_Chests.md,160,https://en.uesp.net/wiki/Online:Hireling_Chests
Online:Heek-Dimik,depth/Heek-Dimik.md,18,https://en.uesp.net/wiki/Online:Heek-Dimik
Online:Kharg of the Stone,depth/Kharg_of_the_Stone.md,75,https://en.uesp.net/wiki/Online:Kharg_of_the_Stone
Online:Imperial City Prison Pledge,depth/Imperial_City_Prison_Pledge.md,556,https://en.uesp.net/wiki/Online:Imperial_City_Prison_Pledge
Online:Keema-Ja,depth/Keema-Ja.md,36,https://en.uesp.net/wiki/Online:Keema-Ja
Online:Khojifa,depth/Khojifa.md,53,https://en.uesp.net/wiki/Online:Khojifa
Online:Lenith House,depth/Lenith_House.md,174,https://en.uesp.net/wiki/Online:Lenith_House
Online:Lemaitre Manor,depth/Lemaitre_Manor.md,146,https://en.uesp.net/wiki/Online:Lemaitre_Manor
Online:Hlaalu Guard,depth/Hlaalu_Guard.md,397,https://en.uesp.net/wiki/Online:Hlaalu_Guard
Online:Iron Orc Charger,depth/Iron_Orc_Charger.md,47,https://en.uesp.net/wiki/Online:Iron_Orc_Charger
Online:Kennel Trainer,depth/Kennel_Trainer.md,37,https://en.uesp.net/wiki/Online:Kennel_Trainer
Online:Kragenmoor Guard,depth/Kragenmoor_Guard.md,56,https://en.uesp.net/wiki/Online:Kragenmoor_Guard
Online:Ironclad/deprecated,depth/Ironclad_deprecated.md,21,https://en.uesp.net/wiki/Online:Ironclad/deprecated
Online:Hardy/deprecated,depth/Hardy_deprecated.md,23,https://en.uesp.net/wiki/Online:Hardy/deprecated
Online:Light Armor Focus,depth/Light_Armor_Focus.md,26,https://en.uesp.net/wiki/Online:Light_Armor_Focus
Online:Heavy Armor Focus,depth/Heavy_Armor_Focus.md,26,https://en.uesp.net/wiki/Online:Heavy_Armor_Focus
Online:Healthy,depth/Healthy.md,19,https://en.uesp.net/wiki/Online:Healthy
Online:Invigorating Bash,depth/Invigorating_Bash.md,25,https://en.uesp.net/wiki/Online:Invigorating_Bash
Online:The Lady (champion),depth/The_Lady_champion.md,202,https://en.uesp.net/wiki/Online:The_Lady_(champion)
Online:The Lord (champion),depth/The_Lord_champion.md,152,https://en.uesp.net/wiki/Online:The_Lord_(champion)
Online:The Lover (champion),depth/The_Lover_champion.md,140,https://en.uesp.net/wiki/Online:The_Lover_(champion)
Online:Infusion,depth/Infusion.md,28,https://en.uesp.net/wiki/Online:Infusion
Online:Inspiration Boost/deprecated,depth/Inspiration_Boost_deprecated.md,16,https://en.uesp.net/wiki/Online:Inspiration_Boost/deprecated
Online:Last Stand/deprecated,depth/Last_Stand_deprecated.md,34,https://en.uesp.net/wiki/Online:Last_Stand/deprecated
Online:Imperial City Locksmith,depth/Imperial_City_Locksmith.md,195,https://en.uesp.net/wiki/Online:Imperial_City_Locksmith
Online:Imperial City Dungeon Locksmith,depth/Imperial_City_Dungeon_Locksmith.md,165,https://en.uesp.net/wiki/Online:Imperial_City_Dungeon_Locksmith
Online:Key Collector,depth/Key_Collector.md,216,https://en.uesp.net/wiki/Online:Key_Collector
Online:Isle of Balfiera,depth/Isle_of_Balfiera.md,1914,https://en.uesp.net/wiki/Online:Isle_of_Balfiera
Online:Icebreath Indrik (creature),depth/Icebreath_Indrik_creature.md,71,https://en.uesp.net/wiki/Online:Icebreath_Indrik_(creature)
Online:Icereach Beastcaller,depth/Icereach_Beastcaller.md,45,https://en.uesp.net/wiki/Online:Icereach_Beastcaller
Online:Lost Little Mittens,depth/Lost_Little_Mittens.md,309,https://en.uesp.net/wiki/Online:Lost_Little_Mittens
Online:Key Fragments,depth/Key_Fragments.md,841,https://en.uesp.net/wiki/Online:Key_Fragments
Online:Mittens Q. Deathclaw III,depth/Mittens_Q._Deathclaw_III.md,177,https://en.uesp.net/wiki/Online:Mittens_Q._Deathclaw_III
Online:New in Town,depth/New_in_Town.md,318,https://en.uesp.net/wiki/Online:New_in_Town
Online:Outlaw,depth/Outlaw.md,278,https://en.uesp.net/wiki/Online:Outlaw
Online:Malareth,depth/Malareth.md,286,https://en.uesp.net/wiki/Online:Malareth
Online:Marona Girith,depth/Marona_Girith.md,40,https://en.uesp.net/wiki/Online:Marona_Girith
Online:Orcthane's Orders,depth/Orcthane_s_Orders.md,56,https://en.uesp.net/wiki/Online:Orcthane's_Orders
Online:Lukiul Evoker,depth/Lukiul_Evoker.md,54,https://en.uesp.net/wiki/Online:Lukiul_Evoker
Online:Lukiul Quickblade,depth/Lukiul_Quickblade.md,52,https://en.uesp.net/wiki/Online:Lukiul_Quickblade
Online:Madame Lemaitre,depth/Madame_Lemaitre.md,48,https://en.uesp.net/wiki/Online:Madame_Lemaitre
Online:Maelen,depth/Maelen.md,30,https://en.uesp.net/wiki/Online:Maelen
Online:Mirona Glaucia,depth/Mirona_Glaucia.md,44,https://en.uesp.net/wiki/Online:Mirona_Glaucia
Online:Montclair Captain,depth/Montclair_Captain.md,54,https://en.uesp.net/wiki/Online:Montclair_Captain
Online:Nemyn,depth/Nemyn.md,48,https://en.uesp.net/wiki/Online:Nemyn
Online:Nuvondo,depth/Nuvondo.md,465,https://en.uesp.net/wiki/Online:Nuvondo
Online:Olerah,depth/Olerah.md,72,https://en.uesp.net/wiki/Online:Olerah
Online:Odyle Pellegrin,depth/Odyle_Pellegrin.md,40,https://en.uesp.net/wiki/Online:Odyle_Pellegrin
Online:Mercenary Merchants,depth/Mercenary_Merchants.md,136,https://en.uesp.net/wiki/Online:Mercenary_Merchants
Online:Mihiyya at-Housel,depth/Mihiyya_at-Housel.md,92,https://en.uesp.net/wiki/Online:Mihiyya_at-Housel
Online:Mages Guild Handbill,depth/Mages_Guild_Handbill.md,48,https://en.uesp.net/wiki/Online:Mages_Guild_Handbill
Online:Miscellaneous Vendors,depth/Miscellaneous_Vendors.md,218,https://en.uesp.net/wiki/Online:Miscellaneous_Vendors
Online:Malsorr,depth/Malsorr.md,67,https://en.uesp.net/wiki/Online:Malsorr
Online:Maulborn Emissary,depth/Maulborn_Emissary.md,16,https://en.uesp.net/wiki/Online:Maulborn_Emissary
Online:Maulborn Guard,depth/Maulborn_Guard.md,16,https://en.uesp.net/wiki/Online:Maulborn_Guard
Online:Maulborn Woundmender,depth/Maulborn_Woundmender.md,45,https://en.uesp.net/wiki/Online:Maulborn_Woundmender
Online:Mercenary Contracts,depth/Mercenary_Contracts.md,259,https://en.uesp.net/wiki/Online:Mercenary_Contracts
Online:Milva Bandu,depth/Milva_Bandu.md,60,https://en.uesp.net/wiki/Online:Milva_Bandu
Online:Mudcrab Matron,depth/Mudcrab_Matron.md,51,https://en.uesp.net/wiki/Online:Mudcrab_Matron
Online:Mathias Bridgette,depth/Mathias_Bridgette.md,38,https://en.uesp.net/wiki/Online:Mathias_Bridgette
Online:Northpoint Guard,depth/Northpoint_Guard.md,164,https://en.uesp.net/wiki/Online:Northpoint_Guard
Online:Medium Armor Focus,depth/Medium_Armor_Focus.md,26,https://en.uesp.net/wiki/Online:Medium_Armor_Focus
Online:Mooncalf,depth/Mooncalf.md,17,https://en.uesp.net/wiki/Online:Mooncalf
Online:Mighty/deprecated,depth/Mighty_deprecated.md,21,https://en.uesp.net/wiki/Online:Mighty/deprecated
Online:Mara's Gift,depth/Mara_s_Gift.md,26,https://en.uesp.net/wiki/Online:Mara's_Gift
Online:Master Gatherer/deprecated,depth/Master_Gatherer_deprecated.md,16,https://en.uesp.net/wiki/Online:Master_Gatherer/deprecated
Online:Merchant Favored,depth/Merchant_Favored.md,36,https://en.uesp.net/wiki/Online:Merchant_Favored
Online:Opportunist (champion),depth/Opportunist_champion.md,27,https://en.uesp.net/wiki/Online:Opportunist_(champion)
Online:Master-at-Arms/deprecated,depth/Master-at-Arms_deprecated.md,21,https://en.uesp.net/wiki/Online:Master-at-Arms/deprecated
Online:Melee Weapon Expert,depth/Melee_Weapon_Expert.md,28,https://en.uesp.net/wiki/Online:Melee_Weapon_Expert
Online:Magician,depth/Magician.md,409,https://en.uesp.net/wiki/Online:Magician
Online:Orninlur,depth/Orninlur.md,58,https://en.uesp.net/wiki/Online:Orninlur
Online:Luminous Indrik (creature),depth/Luminous_Indrik_creature.md,113,https://en.uesp.net/wiki/Online:Luminous_Indrik_(creature)
Online:Onyx Indrik (creature),depth/Onyx_Indrik_creature.md,81,https://en.uesp.net/wiki/Online:Onyx_Indrik_(creature)
Online:Nascent Indrik (creature),depth/Nascent_Indrik_creature.md,91,https://en.uesp.net/wiki/Online:Nascent_Indrik_(creature)
Online:Nebaxireet's House,depth/Nebaxireet_s_House.md,44,https://en.uesp.net/wiki/Online:Nebaxireet's_House
Online:Matron Urgala,depth/Matron_Urgala.md,220,https://en.uesp.net/wiki/Online:Matron_Urgala
Online:Mossheart Indrik (creature),depth/Mossheart_Indrik_creature.md,98,https://en.uesp.net/wiki/Online:Mossheart_Indrik_(creature)
Online:Oleena,depth/Oleena.md,40,https://en.uesp.net/wiki/Online:Oleena
Online:Monastic Earrel,depth/Monastic_Earrel.md,360,https://en.uesp.net/wiki/Online:Monastic_Earrel
Online:Norianwe,depth/Norianwe.md,3988,https://en.uesp.net/wiki/Online:Norianwe
Online:Recipes/deprecated,depth/Recipes_deprecated.md,9591,https://en.uesp.net/wiki/Online:Recipes/deprecated
Online:Pact Guardian,depth/Pact_Guardian.md,112,https://en.uesp.net/wiki/Online:Pact_Guardian
Online:Pact Mage,depth/Pact_Mage.md,118,https://en.uesp.net/wiki/Online:Pact_Mage
Online:Pact Sergeant,depth/Pact_Sergeant.md,76,https://en.uesp.net/wiki/Online:Pact_Sergeant
Online:Pact Quickblade,depth/Pact_Quickblade.md,81,https://en.uesp.net/wiki/Online:Pact_Quickblade
Online:S'ren-ja Guard,depth/S_ren-ja_Guard.md,40,https://en.uesp.net/wiki/Online:S'ren-ja_Guard
Online:Salache Bonelord,depth/Salache_Bonelord.md,131,https://en.uesp.net/wiki/Online:Salache_Bonelord
Online:Ronolin,depth/Ronolin.md,67,https://en.uesp.net/wiki/Online:Ronolin
Online:Report on Dominion Activities,depth/Report_on_Dominion_Activities.md,55,https://en.uesp.net/wiki/Online:Report_on_Dominion_Activities
Online:Sahalu,depth/Sahalu.md,173,https://en.uesp.net/wiki/Online:Sahalu
Online:Pinumur,depth/Pinumur.md,122,https://en.uesp.net/wiki/Online:Pinumur
Online:Roselle Jascien,depth/Roselle_Jascien.md,41,https://en.uesp.net/wiki/Online:Roselle_Jascien
Online:Provisioning Ingredients/deprecated,depth/Provisioning_Ingredients_deprecated.md,2356,https://en.uesp.net/wiki/Online:Provisioning_Ingredients/deprecated
Online:Sabjur,depth/Sabjur.md,65,https://en.uesp.net/wiki/Online:Sabjur
Online:Outlaw Sharpshooter,depth/Outlaw_Sharpshooter.md,54,https://en.uesp.net/wiki/Online:Outlaw_Sharpshooter
Online:Outlaw Bruiser,depth/Outlaw_Bruiser.md,55,https://en.uesp.net/wiki/Online:Outlaw_Bruiser
Online:Outlaw Berserker,depth/Outlaw_Berserker.md,53,https://en.uesp.net/wiki/Online:Outlaw_Berserker
Online:Outlaw Recruit,depth/Outlaw_Recruit.md,54,https://en.uesp.net/wiki/Online:Outlaw_Recruit
Online:Pojeel's Hut,depth/Pojeel_s_Hut.md,130,https://en.uesp.net/wiki/Online:Pojeel's_Hut
Online:Ruins of Mazzatun Pledge,depth/Ruins_of_Mazzatun_Pledge.md,229,https://en.uesp.net/wiki/Online:Ruins_of_Mazzatun_Pledge
Online:Pack Werewolf,depth/Pack_Werewolf.md,15,https://en.uesp.net/wiki/Online:Pack_Werewolf
Online:Pact Captain,depth/Pact_Captain.md,80,https://en.uesp.net/wiki/Online:Pact_Captain
Online:Pact Mage Mercenary,depth/Pact_Mage_Mercenary.md,61,https://en.uesp.net/wiki/Online:Pact_Mage_Mercenary
Online:Plea to Maximinus,depth/Plea_to_Maximinus.md,133,https://en.uesp.net/wiki/Online:Plea_to_Maximinus
Online:Robust (skill),depth/Robust_skill.md,55,https://en.uesp.net/wiki/Online:Robust_(skill)
Online:Resistant,depth/Resistant.md,17,https://en.uesp.net/wiki/Online:Resistant
Online:Quick Recovery/deprecated,depth/Quick_Recovery_deprecated.md,17,https://en.uesp.net/wiki/Online:Quick_Recovery/deprecated
Online:Piercing/deprecated,depth/Piercing_deprecated.md,17,https://en.uesp.net/wiki/Online:Piercing/deprecated
Online:Precise Strikes,depth/Precise_Strikes.md,23,https://en.uesp.net/wiki/Online:Precise_Strikes
Online:The Ritual (champion),depth/The_Ritual_champion.md,151,https://en.uesp.net/wiki/Online:The_Ritual_(champion)
Online:Phase,depth/Phase.md,27,https://en.uesp.net/wiki/Online:Phase
Online:Resilient,depth/Resilient.md,22,https://en.uesp.net/wiki/Online:Resilient
Online:Reinforced/deprecated,depth/Reinforced_deprecated.md,23,https://en.uesp.net/wiki/Online:Reinforced/deprecated
Online:Revival,depth/Revival.md,21,https://en.uesp.net/wiki/Online:Revival
Online:Plentiful Harvest/deprecated,depth/Plentiful_Harvest_deprecated.md,24,https://en.uesp.net/wiki/Online:Plentiful_Harvest/deprecated
Online:Retaliation,depth/Retaliation.md,26,https://en.uesp.net/wiki/Online:Retaliation
Online:Riposte/deprecated,depth/Riposte_deprecated.md,38,https://en.uesp.net/wiki/Online:Riposte/deprecated
Online:Perfect Strike,depth/Perfect_Strike.md,18,https://en.uesp.net/wiki/Online:Perfect_Strike
Online:Physical Weapon Expert,depth/Physical_Weapon_Expert.md,40,https://en.uesp.net/wiki/Online:Physical_Weapon_Expert
Online:Prosperous,depth/Prosperous.md,149,https://en.uesp.net/wiki/Online:Prosperous
Online:Pact Brigand Mercenary,depth/Pact_Brigand_Mercenary.md,55,https://en.uesp.net/wiki/Online:Pact_Brigand_Mercenary
Online:Pet Razak's Opus,depth/Pet_Razak_s_Opus.md,62,https://en.uesp.net/wiki/Online:Pet_Razak's_Opus
Online:Pure Snow Indrik,depth/Pure_Snow_Indrik.md,100,https://en.uesp.net/wiki/Online:Pure_Snow_Indrik
Online:Removed Locations,depth/Removed_Locations.md,58,https://en.uesp.net/wiki/Online:Removed_Locations
Online:Recollection Battlemage,depth/Recollection_Battlemage.md,32,https://en.uesp.net/wiki/Online:Recollection_Battlemage
Online:Pyroknight Zatthu,depth/Pyroknight_Zatthu.md,40,https://en.uesp.net/wiki/Online:Pyroknight_Zatthu
Online:Royal Guard (Salas En),depth/Royal_Guard_Salas_En.md,53,https://en.uesp.net/wiki/Online:Royal_Guard_(Salas_En)
Online:Pact Archer (Davon's Watch),depth/Pact_Archer_Davon_s_Watch.md,52,https://en.uesp.net/wiki/Online:Pact_Archer_(Davon's_Watch)
Online:Peace and Prosperity,depth/Peace_and_Prosperity.md,106,https://en.uesp.net/wiki/Online:Peace_and_Prosperity
Online:Simple Horse,depth/Simple_Horse.md,54,https://en.uesp.net/wiki/Online:Simple_Horse
Online:Snalikh,depth/Snalikh.md,50,https://en.uesp.net/wiki/Online:Snalikh
Online:Flame Damage,depth/Flame_Damage.md,1722,https://en.uesp.net/wiki/Online:Flame_Damage
Online:Frost Damage,depth/Frost_Damage.md,1262,https://en.uesp.net/wiki/Online:Frost_Damage
Online:Shock Damage,depth/Shock_Damage.md,1505,https://en.uesp.net/wiki/Online:Shock_Damage
Online:Poison Damage,depth/Poison_Damage.md,1280,https://en.uesp.net/wiki/Online:Poison_Damage
Online:Disease Damage,depth/Disease_Damage.md,989,https://en.uesp.net/wiki/Online:Disease_Damage
Online:Magic Damage,depth/Magic_Damage.md,1557,https://en.uesp.net/wiki/Online:Magic_Damage
Online:Physical Damage,depth/Physical_Damage.md,2270,https://en.uesp.net/wiki/Online:Physical_Damage
Online:Skin-Stealers,depth/Skin-Stealers.md,98,https://en.uesp.net/wiki/Online:Skin-Stealers
Online:Sparks,depth/Sparks.md,181,https://en.uesp.net/wiki/Online:Sparks
Online:Salache Cryomage,depth/Salache_Cryomage.md,176,https://en.uesp.net/wiki/Online:Salache_Cryomage
Online:Sandgrubber Butcher,depth/Sandgrubber_Butcher.md,244,https://en.uesp.net/wiki/Online:Sandgrubber_Butcher
Online:Sandgrubber Hunter,depth/Sandgrubber_Hunter.md,179,https://en.uesp.net/wiki/Online:Sandgrubber_Hunter
Online:Sandgrubber Savage,depth/Sandgrubber_Savage.md,139,https://en.uesp.net/wiki/Online:Sandgrubber_Savage
Online:Sentinel Bravo,depth/Sentinel_Bravo.md,35,https://en.uesp.net/wiki/Online:Sentinel_Bravo
Online:Selene's Web Pledge,depth/Selene_s_Web_Pledge.md,246,https://en.uesp.net/wiki/Online:Selene's_Web_Pledge
Online:Sergeant Jawan,depth/Sergeant_Jawan.md,38,https://en.uesp.net/wiki/Online:Sergeant_Jawan
Online:Buffs,depth/Buffs.md,3119,https://en.uesp.net/wiki/Online:Buffs
Online:Scaled Court Healer,depth/Scaled_Court_Healer.md,184,https://en.uesp.net/wiki/Online:Scaled_Court_Healer
Online:Scorpling,depth/Scorpling.md,149,https://en.uesp.net/wiki/Online:Scorpling
Online:Sellsword,depth/Sellsword.md,57,https://en.uesp.net/wiki/Online:Sellsword
Online:Shadowsilk Ranger,depth/Shadowsilk_Ranger.md,217,https://en.uesp.net/wiki/Online:Shadowsilk_Ranger
Online:Silver Dawn Acolyte,depth/Silver_Dawn_Acolyte.md,39,https://en.uesp.net/wiki/Online:Silver_Dawn_Acolyte
Online:Silver Dawn Purifier,depth/Silver_Dawn_Purifier.md,39,https://en.uesp.net/wiki/Online:Silver_Dawn_Purifier
Online:Shade (champion),depth/Shade_champion.md,19,https://en.uesp.net/wiki/Online:Shade_(champion)
Online:Shadow Ward,depth/Shadow_Ward.md,18,https://en.uesp.net/wiki/Online:Shadow_Ward
Online:Spell Erosion,depth/Spell_Erosion.md,17,https://en.uesp.net/wiki/Online:Spell_Erosion
Online:Shattering Blows,depth/Shattering_Blows.md,23,https://en.uesp.net/wiki/Online:Shattering_Blows
Online:The Shadow (champion),depth/The_Shadow_champion.md,149,https://en.uesp.net/wiki/Online:The_Shadow_(champion)
Online:Spell Absorption,depth/Spell_Absorption.md,40,https://en.uesp.net/wiki/Online:Spell_Absorption
Online:Shadowstrike/deprecated,depth/Shadowstrike_deprecated.md,34,https://en.uesp.net/wiki/Online:Shadowstrike/deprecated
Online:Siphoner,depth/Siphoner.md,38,https://en.uesp.net/wiki/Online:Siphoner
Online:Savarak's Personal Guard,depth/Savarak_s_Personal_Guard.md,69,https://en.uesp.net/wiki/Online:Savarak's_Personal_Guard
Online:Oblivion Damage,depth/Oblivion_Damage.md,618,https://en.uesp.net/wiki/Online:Oblivion_Damage
Online:Factions A,depth/Factions_A.md,44,https://en.uesp.net/wiki/Online:Factions_A
Online:Factions B,depth/Factions_B.md,168,https://en.uesp.net/wiki/Online:Factions_B
Online:Factions C,depth/Factions_C.md,106,https://en.uesp.net/wiki/Online:Factions_C
Online:Factions D,depth/Factions_D.md,109,https://en.uesp.net/wiki/Online:Factions_D
Online:Factions E,depth/Factions_E.md,47,https://en.uesp.net/wiki/Online:Factions_E
Online:Factions F,depth/Factions_F.md,68,https://en.uesp.net/wiki/Online:Factions_F
Online:Bleed Damage,depth/Bleed_Damage.md,733,https://en.uesp.net/wiki/Online:Bleed_Damage
Online:Salamander Variant,depth/Salamander_Variant.md,71,https://en.uesp.net/wiki/Online:Salamander_Variant
Online:Shuva,depth/Shuva.md,284,https://en.uesp.net/wiki/Online:Shuva
Online:Shirran,depth/Shirran.md,42,https://en.uesp.net/wiki/Online:Shirran
Online:Spectral Indrik (creature),depth/Spectral_Indrik_creature.md,74,https://en.uesp.net/wiki/Online:Spectral_Indrik_(creature)
Online:Shyazzel the Traveler,depth/Shyazzel_the_Traveler.md,332,https://en.uesp.net/wiki/Online:Shyazzel_the_Traveler
Online:Sharp-as-Night,depth/Sharp-as-Night.md,18504,https://en.uesp.net/wiki/Online:Sharp-as-Night
Online:Aldmeri Dominion,depth/Aldmeri_Dominion.md,1112,https://en.uesp.net/wiki/Online:Aldmeri_Dominion
Online:Ash'abah,depth/Ash_abah.md,230,https://en.uesp.net/wiki/Online:Ash'abah
Online:Black Daggers,depth/Black_Daggers.md,145,https://en.uesp.net/wiki/Online:Black_Daggers
Online:Baandari,depth/Baandari.md,224,https://en.uesp.net/wiki/Online:Baandari
Online:Beldama Wyrd,depth/Beldama_Wyrd.md,196,https://en.uesp.net/wiki/Online:Beldama_Wyrd
Online:Alessian Order (faction),depth/Alessian_Order_faction.md,194,https://en.uesp.net/wiki/Online:Alessian_Order_(faction)
Online:Bitterhand Bandits,depth/Bitterhand_Bandits.md,106,https://en.uesp.net/wiki/Online:Bitterhand_Bandits
Online:Anka-Ra,depth/Anka-Ra.md,131,https://en.uesp.net/wiki/Online:Anka-Ra
Online:Arbordawn Cult,depth/Arbordawn_Cult.md,67,https://en.uesp.net/wiki/Online:Arbordawn_Cult
Online:Bjoulsae Boys,depth/Bjoulsae_Boys.md,86,https://en.uesp.net/wiki/Online:Bjoulsae_Boys
Online:Agluk Clan,depth/Agluk_Clan.md,123,https://en.uesp.net/wiki/Online:Agluk_Clan
Online:Barkbite Clan,depth/Barkbite_Clan.md,110,https://en.uesp.net/wiki/Online:Barkbite_Clan
Online:Al-Danobia Guardians,depth/Al-Danobia_Guardians.md,40,https://en.uesp.net/wiki/Online:Al-Danobia_Guardians
Online:Berne Clan,depth/Berne_Clan.md,46,https://en.uesp.net/wiki/Online:Berne_Clan
Online:Ahemmusa Tribe,depth/Ahemmusa_Tribe.md,158,https://en.uesp.net/wiki/Online:Ahemmusa_Tribe
Online:Ashlanders,depth/Ashlanders.md,729,https://en.uesp.net/wiki/Online:Ashlanders
Online:Ash Exiles,depth/Ash_Exiles.md,100,https://en.uesp.net/wiki/Online:Ash_Exiles
Online:Factions G,depth/Factions_G.md,46,https://en.uesp.net/wiki/Online:Factions_G
Online:Factions H,depth/Factions_H.md,79,https://en.uesp.net/wiki/Online:Factions_H
Online:Factions I,depth/Factions_I.md,33,https://en.uesp.net/wiki/Online:Factions_I
Online:Factions K,depth/Factions_K.md,49,https://en.uesp.net/wiki/Online:Factions_K
Online:Factions L,depth/Factions_L.md,33,https://en.uesp.net/wiki/Online:Factions_L
Online:Factions M,depth/Factions_M.md,48,https://en.uesp.net/wiki/Online:Factions_M
Online:Factions N,depth/Factions_N.md,22,https://en.uesp.net/wiki/Online:Factions_N
Online:Factions O,depth/Factions_O.md,51,https://en.uesp.net/wiki/Online:Factions_O
Online:Factions P,depth/Factions_P.md,53,https://en.uesp.net/wiki/Online:Factions_P
Online:Factions R,depth/Factions_R.md,91,https://en.uesp.net/wiki/Online:Factions_R
Online:Factions S,depth/Factions_S.md,230,https://en.uesp.net/wiki/Online:Factions_S
Online:Factions T,depth/Factions_T.md,68,https://en.uesp.net/wiki/Online:Factions_T
Online:Factions V,depth/Factions_V.md,20,https://en.uesp.net/wiki/Online:Factions_V
Online:Factions W,depth/Factions_W.md,42,https://en.uesp.net/wiki/Online:Factions_W
Online:Apostates,depth/Apostates.md,78,https://en.uesp.net/wiki/Online:Apostates
Online:Agra Crun,depth/Agra_Crun.md,102,https://en.uesp.net/wiki/Online:Agra_Crun
Online:Antiquarian Circle,depth/Antiquarian_Circle.md,92,https://en.uesp.net/wiki/Online:Antiquarian_Circle
Online:Bards College,depth/Bards_College.md,126,https://en.uesp.net/wiki/Online:Bards_College
Online:Abyssal Cabal,depth/Abyssal_Cabal.md,353,https://en.uesp.net/wiki/Online:Abyssal_Cabal
Online:Band of The Three,depth/Band_of_The_Three.md,66,https://en.uesp.net/wiki/Online:Band_of_The_Three
Online:Ascendant Order,depth/Ascendant_Order.md,646,https://en.uesp.net/wiki/Online:Ascendant_Order
Online:Artifact Bearers,depth/Artifact_Bearers.md,110,https://en.uesp.net/wiki/Online:Artifact_Bearers
Online:Bear-Heart Clan,depth/Bear-Heart_Clan.md,33,https://en.uesp.net/wiki/Online:Bear-Heart_Clan
Online:Backstreet Gang,depth/Backstreet_Gang.md,67,https://en.uesp.net/wiki/Online:Backstreet_Gang
Online:Bearfang Clan,depth/Bearfang_Clan.md,47,https://en.uesp.net/wiki/Online:Bearfang_Clan
Online:Baan Dar's Bandits,depth/Baan_Dar_s_Bandits.md,69,https://en.uesp.net/wiki/Online:Baan_Dar's_Bandits
Online:Bitterfish Tribe,depth/Bitterfish_Tribe.md,69,https://en.uesp.net/wiki/Online:Bitterfish_Tribe
Online:Bitterblade Mining Consortium (faction),depth/Bitterblade_Mining_Consortium_faction.md,150,https://en.uesp.net/wiki/Online:Bitterblade_Mining_Consortium_(faction)
Online:Army of Orpheon,depth/Army_of_Orpheon.md,190,https://en.uesp.net/wiki/Online:Army_of_Orpheon
Online:Bloody Fists,depth/Bloody_Fists.md,73,https://en.uesp.net/wiki/Online:Bloody_Fists
Online:Blackcaster Mages Guild,depth/Blackcaster_Mages_Guild.md,163,https://en.uesp.net/wiki/Online:Blackcaster_Mages_Guild
Online:Blackfeather Court,depth/Blackfeather_Court.md,279,https://en.uesp.net/wiki/Online:Blackfeather_Court
Online:Bloodthorn Cult,depth/Bloodthorn_Cult.md,331,https://en.uesp.net/wiki/Online:Bloodthorn_Cult
Online:Boneshaper Clan,depth/Boneshaper_Clan.md,105,https://en.uesp.net/wiki/Online:Boneshaper_Clan
Online:Blacksap Rebellion,depth/Blacksap_Rebellion.md,121,https://en.uesp.net/wiki/Online:Blacksap_Rebellion
Online:Bloodwraith,depth/Bloodwraith.md,49,https://en.uesp.net/wiki/Online:Bloodwraith
Online:Brackenleaf's Briars (faction),depth/Brackenleaf_s_Briars_faction.md,82,https://en.uesp.net/wiki/Online:Brackenleaf's_Briars_(faction)
Online:Bloodborn,depth/Bloodborn.md,57,https://en.uesp.net/wiki/Online:Bloodborn
Online:Camonna Tong,depth/Camonna_Tong.md,138,https://en.uesp.net/wiki/Online:Camonna_Tong
Online:Black Darts,depth/Black_Darts.md,76,https://en.uesp.net/wiki/Online:Black_Darts
Online:Bronzefists,depth/Bronzefists.md,52,https://en.uesp.net/wiki/Online:Bronzefists
Online:Black Snails,depth/Black_Snails.md,94,https://en.uesp.net/wiki/Online:Black_Snails
Online:Bleak Veil,depth/Bleak_Veil.md,210,https://en.uesp.net/wiki/Online:Bleak_Veil
Online:Bloody Hand Tribe,depth/Bloody_Hand_Tribe.md,72,https://en.uesp.net/wiki/Online:Bloody_Hand_Tribe
Online:Bonesnap Tribe,depth/Bonesnap_Tribe.md,45,https://en.uesp.net/wiki/Online:Bonesnap_Tribe
Online:Blackheart Haven Pirates,depth/Blackheart_Haven_Pirates.md,167,https://en.uesp.net/wiki/Online:Blackheart_Haven_Pirates
Online:Bloodsharks,depth/Bloodsharks.md,88,https://en.uesp.net/wiki/Online:Bloodsharks
Online:Blackguards,depth/Blackguards.md,296,https://en.uesp.net/wiki/Online:Blackguards
Online:Black Wake,depth/Black_Wake.md,85,https://en.uesp.net/wiki/Online:Black_Wake
Online:Blackmarrow Cult,depth/Blackmarrow_Cult.md,204,https://en.uesp.net/wiki/Online:Blackmarrow_Cult
Online:Bright-Throat Tribe,depth/Bright-Throat_Tribe.md,237,https://en.uesp.net/wiki/Online:Bright-Throat_Tribe
Online:Bonechime Gang,depth/Bonechime_Gang.md,94,https://en.uesp.net/wiki/Online:Bonechime_Gang
Online:Blighted,depth/Blighted.md,55,https://en.uesp.net/wiki/Online:Blighted
Online:Black-Tongue Tribe,depth/Black-Tongue_Tribe.md,224,https://en.uesp.net/wiki/Online:Black-Tongue_Tribe
Online:Black Gulls,depth/Black_Gulls.md,81,https://en.uesp.net/wiki/Online:Black_Gulls
Online:Buoyant Armigers,depth/Buoyant_Armigers.md,119,https://en.uesp.net/wiki/Online:Buoyant_Armigers
Online:Bloodmist Clan,depth/Bloodmist_Clan.md,72,https://en.uesp.net/wiki/Online:Bloodmist_Clan
Online:Cinder-Heart Clan,depth/Cinder-Heart_Clan.md,98,https://en.uesp.net/wiki/Online:Cinder-Heart_Clan
Online:Black-Moon Clan,depth/Black-Moon_Clan.md,80,https://en.uesp.net/wiki/Online:Black-Moon_Clan
Online:Blackdrake Clan,depth/Blackdrake_Clan.md,139,https://en.uesp.net/wiki/Online:Blackdrake_Clan
Online:Black Fin Legion,depth/Black_Fin_Legion.md,179,https://en.uesp.net/wiki/Online:Black_Fin_Legion
Online:Bladebearer Clan,depth/Bladebearer_Clan.md,99,https://en.uesp.net/wiki/Online:Bladebearer_Clan
Online:Ca-Uxith,depth/Ca-Uxith.md,58,https://en.uesp.net/wiki/Online:Ca-Uxith
Online:Ciphers of the Eye,depth/Ciphers_of_the_Eye.md,139,https://en.uesp.net/wiki/Online:Ciphers_of_the_Eye
Online:Broken Paw,depth/Broken_Paw.md,114,https://en.uesp.net/wiki/Online:Broken_Paw
Online:Blue Venom,depth/Blue_Venom.md,49,https://en.uesp.net/wiki/Online:Blue_Venom
Online:Children of Yokuda (faction),depth/Children_of_Yokuda_faction.md,88,https://en.uesp.net/wiki/Online:Children_of_Yokuda_(faction)
Online:Broadhead Marines,depth/Broadhead_Marines.md,94,https://en.uesp.net/wiki/Online:Broadhead_Marines
Online:Blackroot Clan,depth/Blackroot_Clan.md,138,https://en.uesp.net/wiki/Online:Blackroot_Clan
Online:Broken Coast Bandits,depth/Broken_Coast_Bandits.md,127,https://en.uesp.net/wiki/Online:Broken_Coast_Bandits
Online:Blood-Feathers,depth/Blood-Feathers.md,77,https://en.uesp.net/wiki/Online:Blood-Feathers
Online:Blind Path,depth/Blind_Path.md,96,https://en.uesp.net/wiki/Online:Blind_Path
Online:Ceythalmor,depth/Ceythalmor.md,87,https://en.uesp.net/wiki/Online:Ceythalmor
Online:Blessed Inheritors,depth/Blessed_Inheritors.md,428,https://en.uesp.net/wiki/Online:Blessed_Inheritors
Online:Black Horse Couriers,depth/Black_Horse_Couriers.md,83,https://en.uesp.net/wiki/Online:Black_Horse_Couriers
Online:Caterwaul Crew,depth/Caterwaul_Crew.md,78,https://en.uesp.net/wiki/Online:Caterwaul_Crew
Online:Blue Sash Guild,depth/Blue_Sash_Guild.md,58,https://en.uesp.net/wiki/Online:Blue_Sash_Guild
Online:Carvain Rowdies,depth/Carvain_Rowdies.md,64,https://en.uesp.net/wiki/Online:Carvain_Rowdies
Online:Blushing Brush,depth/Blushing_Brush.md,58,https://en.uesp.net/wiki/Online:Blushing_Brush
Online:Daggerfall Covenant,depth/Daggerfall_Covenant.md,1310,https://en.uesp.net/wiki/Online:Daggerfall_Covenant
Online:Dark Brotherhood,depth/Dark_Brotherhood.md,737,https://en.uesp.net/wiki/Online:Dark_Brotherhood
Online:Companions (faction),depth/Companions_faction.md,157,https://en.uesp.net/wiki/Online:Companions_(faction)
Online:The Daggers,depth/The_Daggers.md,164,https://en.uesp.net/wiki/Online:The_Daggers
Online:Council of Province Generals,depth/Council_of_Province_Generals.md,169,https://en.uesp.net/wiki/Online:Council_of_Province_Generals
Online:Dark Witnesses,depth/Dark_Witnesses.md,181,https://en.uesp.net/wiki/Online:Dark_Witnesses
Online:Dawnmead Bandits,depth/Dawnmead_Bandits.md,89,https://en.uesp.net/wiki/Online:Dawnmead_Bandits
Online:Colovian Raiders,depth/Colovian_Raiders.md,135,https://en.uesp.net/wiki/Online:Colovian_Raiders
Online:Crimson Raiders,depth/Crimson_Raiders.md,144,https://en.uesp.net/wiki/Online:Crimson_Raiders
Online:Corelanya Clan,depth/Corelanya_Clan.md,200,https://en.uesp.net/wiki/Online:Corelanya_Clan
Online:Crosstree Bandits,depth/Crosstree_Bandits.md,56,https://en.uesp.net/wiki/Online:Crosstree_Bandits
Online:Darkfern Clan,depth/Darkfern_Clan.md,68,https://en.uesp.net/wiki/Online:Darkfern_Clan
Online:The Darklings,depth/The_Darklings.md,82,https://en.uesp.net/wiki/Online:The_Darklings
Online:Direnni,depth/Direnni.md,131,https://en.uesp.net/wiki/Online:Direnni
Online:Cragkin Tribe,depth/Cragkin_Tribe.md,95,https://en.uesp.net/wiki/Online:Cragkin_Tribe
Online:Crowns,depth/Crowns.md,91,https://en.uesp.net/wiki/Online:Crowns
Online:Deathbringer Clan,depth/Deathbringer_Clan.md,81,https://en.uesp.net/wiki/Online:Deathbringer_Clan
Online:Coldharbour Elite Guard,depth/Coldharbour_Elite_Guard.md,1934,https://en.uesp.net/wiki/Online:Coldharbour_Elite_Guard
Online:Clockwork Apostles,depth/Clockwork_Apostles.md,506,https://en.uesp.net/wiki/Online:Clockwork_Apostles
Online:Cult of the Ancestor Moth,depth/Cult_of_the_Ancestor_Moth.md,246,https://en.uesp.net/wiki/Online:Cult_of_the_Ancestor_Moth
Online:Cyrodilic Collections,depth/Cyrodilic_Collections.md,210,https://en.uesp.net/wiki/Online:Cyrodilic_Collections
Online:Circle of Champions,depth/Circle_of_Champions.md,191,https://en.uesp.net/wiki/Online:Circle_of_Champions
Online:Clutch of Nisswo,depth/Clutch_of_Nisswo.md,151,https://en.uesp.net/wiki/Online:Clutch_of_Nisswo
Online:Dead-Water Tribe,depth/Dead-Water_Tribe.md,316,https://en.uesp.net/wiki/Online:Dead-Water_Tribe
Online:Claws of Daegon,depth/Claws_of_Daegon.md,84,https://en.uesp.net/wiki/Online:Claws_of_Daegon
Online:Dirty-Drakes,depth/Dirty-Drakes.md,53,https://en.uesp.net/wiki/Online:Dirty-Drakes
Online:Coldsnap Tribe,depth/Coldsnap_Tribe.md,94,https://en.uesp.net/wiki/Online:Coldsnap_Tribe
Online:Crossroads Profiteers,depth/Crossroads_Profiteers.md,425,https://en.uesp.net/wiki/Online:Crossroads_Profiteers
Online:Cygnus Irregulars,depth/Cygnus_Irregulars.md,113,https://en.uesp.net/wiki/Online:Cygnus_Irregulars
Online:Dagonites,depth/Dagonites.md,142,https://en.uesp.net/wiki/Online:Dagonites
Online:Death Hunters,depth/Death_Hunters.md,85,https://en.uesp.net/wiki/Online:Death_Hunters
Online:Cult of Meridia,depth/Cult_of_Meridia.md,361,https://en.uesp.net/wiki/Online:Cult_of_Meridia
Online:Coterie of Organized Scholars,depth/Coterie_of_Organized_Scholars.md,156,https://en.uesp.net/wiki/Online:Coterie_of_Organized_Scholars
Online:Crow-Eye Clan,depth/Crow-Eye_Clan.md,96,https://en.uesp.net/wiki/Online:Crow-Eye_Clan
Online:Cult of the Profane Bond,depth/Cult_of_the_Profane_Bond.md,80,https://en.uesp.net/wiki/Online:Cult_of_the_Profane_Bond
Online:Crimson Oath,depth/Crimson_Oath.md,157,https://en.uesp.net/wiki/Online:Crimson_Oath
Online:Deathwing Clan,depth/Deathwing_Clan.md,37,https://en.uesp.net/wiki/Online:Deathwing_Clan
Online:Disloyal Nobles,depth/Disloyal_Nobles.md,83,https://en.uesp.net/wiki/Online:Disloyal_Nobles
Online:Darkmoon Prowlers,depth/Darkmoon_Prowlers.md,89,https://en.uesp.net/wiki/Online:Darkmoon_Prowlers
Online:Diamond's Daughters,depth/Diamond_s_Daughters.md,78,https://en.uesp.net/wiki/Online:Diamond's_Daughters
Online:Darkreave Curators,depth/Darkreave_Curators.md,105,https://en.uesp.net/wiki/Online:Darkreave_Curators
Online:Coral-Splitter Tribe,depth/Coral-Splitter_Tribe.md,79,https://en.uesp.net/wiki/Online:Coral-Splitter_Tribe
Online:Court of Bedlam (faction),depth/Court_of_Bedlam_faction.md,177,https://en.uesp.net/wiki/Online:Court_of_Bedlam_(faction)
Online:Dark Company,depth/Dark_Company.md,92,https://en.uesp.net/wiki/Online:Dark_Company
Online:Crystaljack Bandits,depth/Crystaljack_Bandits.md,67,https://en.uesp.net/wiki/Online:Crystaljack_Bandits
Online:Collegium Praxis,depth/Collegium_Praxis.md,106,https://en.uesp.net/wiki/Online:Collegium_Praxis
Online:Darkbinders,depth/Darkbinders.md,111,https://en.uesp.net/wiki/Online:Darkbinders
Online:Clan Idha-hara,depth/Clan_Idha-hara.md,37,https://en.uesp.net/wiki/Online:Clan_Idha-hara
Online:Death-Dancers,depth/Death-Dancers.md,113,https://en.uesp.net/wiki/Online:Death-Dancers
Online:Contramagis Militia,depth/Contramagis_Militia.md,85,https://en.uesp.net/wiki/Online:Contramagis_Militia
Online:Ebonheart Pact,depth/Ebonheart_Pact.md,1402,https://en.uesp.net/wiki/Online:Ebonheart_Pact
Online:Fighters Guild,depth/Fighters_Guild.md,746,https://en.uesp.net/wiki/Online:Fighters_Guild
Online:Fists of Thalmor,depth/Fists_of_Thalmor.md,182,https://en.uesp.net/wiki/Online:Fists_of_Thalmor
Online:Falinesti Faithful,depth/Falinesti_Faithful.md,159,https://en.uesp.net/wiki/Online:Falinesti_Faithful
Online:First Auridon Marines,depth/First_Auridon_Marines.md,160,https://en.uesp.net/wiki/Online:First_Auridon_Marines
Online:Eyes of the Queen,depth/Eyes_of_the_Queen.md,249,https://en.uesp.net/wiki/Online:Eyes_of_the_Queen
Online:Drublog,depth/Drublog.md,180,https://en.uesp.net/wiki/Online:Drublog
Online:Dragonguard,depth/Dragonguard.md,647,https://en.uesp.net/wiki/Online:Dragonguard
Online:Duneraider Bandits,depth/Duneraider_Bandits.md,98,https://en.uesp.net/wiki/Online:Duneraider_Bandits
Online:Ember-Eye Slavers,depth/Ember-Eye_Slavers.md,97,https://en.uesp.net/wiki/Online:Ember-Eye_Slavers
Online:Dragonstar Caravan Company,depth/Dragonstar_Caravan_Company.md,199,https://en.uesp.net/wiki/Online:Dragonstar_Caravan_Company
Online:Dragonclaw Clan,depth/Dragonclaw_Clan.md,40,https://en.uesp.net/wiki/Online:Dragonclaw_Clan
Online:Driladan Clan,depth/Driladan_Clan.md,100,https://en.uesp.net/wiki/Online:Driladan_Clan
Online:Elite Guard,depth/Elite_Guard.md,98,https://en.uesp.net/wiki/Online:Elite_Guard
Online:Dusteater Tribe,depth/Dusteater_Tribe.md,62,https://en.uesp.net/wiki/Online:Dusteater_Tribe
Online:Erabenimsun Tribe,depth/Erabenimsun_Tribe.md,138,https://en.uesp.net/wiki/Online:Erabenimsun_Tribe
Online:Ferhara's Warclaws,depth/Ferhara_s_Warclaws.md,145,https://en.uesp.net/wiki/Online:Ferhara's_Warclaws
Online:Dreadhorn Clan,depth/Dreadhorn_Clan.md,198,https://en.uesp.net/wiki/Online:Dreadhorn_Clan
Online:Foolkillers Clan,depth/Foolkillers_Clan.md,122,https://en.uesp.net/wiki/Online:Foolkillers_Clan
Online:Dogeater Tribe,depth/Dogeater_Tribe.md,59,https://en.uesp.net/wiki/Online:Dogeater_Tribe
Online:Flint-Tooth Tribe,depth/Flint-Tooth_Tribe.md,57,https://en.uesp.net/wiki/Online:Flint-Tooth_Tribe
Online:Divine Prosecution,depth/Divine_Prosecution.md,390,https://en.uesp.net/wiki/Online:Divine_Prosecution
Online:Drowned Dogs,depth/Drowned_Dogs.md,70,https://en.uesp.net/wiki/Online:Drowned_Dogs
Online:Evermore City Guard,depth/Evermore_City_Guard.md,120,https://en.uesp.net/wiki/Online:Evermore_City_Guard
Online:Firstmages,depth/Firstmages.md,156,https://en.uesp.net/wiki/Online:Firstmages
Online:Euraxians,depth/Euraxians.md,216,https://en.uesp.net/wiki/Online:Euraxians
Online:Exarchs of Dross,depth/Exarchs_of_Dross.md,79,https://en.uesp.net/wiki/Online:Exarchs_of_Dross
Online:Doubting Monks,depth/Doubting_Monks.md,88,https://en.uesp.net/wiki/Online:Doubting_Monks
Online:Drowned Horde,depth/Drowned_Horde.md,43,https://en.uesp.net/wiki/Online:Drowned_Horde
Online:Draugrkin,depth/Draugrkin.md,90,https://en.uesp.net/wiki/Online:Draugrkin
Online:Eagleseer Clan,depth/Eagleseer_Clan.md,54,https://en.uesp.net/wiki/Online:Eagleseer_Clan
Online:Dragon Cult,depth/Dragon_Cult.md,169,https://en.uesp.net/wiki/Online:Dragon_Cult
Online:Fang-Furls Gang,depth/Fang-Furls_Gang.md,81,https://en.uesp.net/wiki/Online:Fang-Furls_Gang
Online:Elder Council,depth/Elder_Council.md,179,https://en.uesp.net/wiki/Online:Elder_Council
Online:Dreadsails,depth/Dreadsails.md,177,https://en.uesp.net/wiki/Online:Dreadsails
Online:Eldertide Circle,depth/Eldertide_Circle.md,229,https://en.uesp.net/wiki/Online:Eldertide_Circle
Online:Firesong Circle,depth/Firesong_Circle.md,255,https://en.uesp.net/wiki/Online:Firesong_Circle
Online:Emerald Eye,depth/Emerald_Eye.md,94,https://en.uesp.net/wiki/Online:Emerald_Eye
Online:Druids of Galen,depth/Druids_of_Galen.md,216,https://en.uesp.net/wiki/Online:Druids_of_Galen
Online:Fate-Bearers,depth/Fate-Bearers.md,188,https://en.uesp.net/wiki/Online:Fate-Bearers
Online:Elsweyr Dragon Defense Force,depth/Elsweyr_Dragon_Defense_Force.md,112,https://en.uesp.net/wiki/Online:Elsweyr_Dragon_Defense_Force
Online:Dusksabers,depth/Dusksabers.md,115,https://en.uesp.net/wiki/Online:Dusksabers
Online:Dusk Scholars,depth/Dusk_Scholars.md,75,https://en.uesp.net/wiki/Online:Dusk_Scholars
Online:Dorzogg's Dozen,depth/Dorzogg_s_Dozen.md,73,https://en.uesp.net/wiki/Online:Dorzogg's_Dozen
Online:Five Claws (faction),depth/Five_Claws_faction.md,91,https://en.uesp.net/wiki/Online:Five_Claws_(faction)
Online:Fharun Clan,depth/Fharun_Clan.md,224,https://en.uesp.net/wiki/Online:Fharun_Clan
Online:Dreamcarver Clan,depth/Dreamcarver_Clan.md,153,https://en.uesp.net/wiki/Online:Dreamcarver_Clan
Online:The Errants,depth/The_Errants.md,117,https://en.uesp.net/wiki/Online:The_Errants
Online:Dynamagis,depth/Dynamagis.md,83,https://en.uesp.net/wiki/Online:Dynamagis
Online:House Tamrith,depth/House_Tamrith.md,77,https://en.uesp.net/wiki/Online:House_Tamrith
Online:House Dorell,depth/House_Dorell.md,219,https://en.uesp.net/wiki/Online:House_Dorell
Online:House Ravenwatch,depth/House_Ravenwatch.md,339,https://en.uesp.net/wiki/Online:House_Ravenwatch
Online:House Montclair,depth/House_Montclair.md,252,https://en.uesp.net/wiki/Online:House_Montclair
Online:Hollow,depth/Hollow.md,183,https://en.uesp.net/wiki/Online:Hollow
Online:House Dres,depth/House_Dres.md,263,https://en.uesp.net/wiki/Online:House_Dres
Online:House Hlaalu,depth/House_Hlaalu.md,510,https://en.uesp.net/wiki/Online:House_Hlaalu
Online:Glenmoril Wyrd,depth/Glenmoril_Wyrd.md,276,https://en.uesp.net/wiki/Online:Glenmoril_Wyrd
Online:Gold Coast Mercenaries,depth/Gold_Coast_Mercenaries.md,128,https://en.uesp.net/wiki/Online:Gold_Coast_Mercenaries
Online:Gold Coast Trading Company,depth/Gold_Coast_Trading_Company.md,226,https://en.uesp.net/wiki/Online:Gold_Coast_Trading_Company
Online:Hidden Armigers,depth/Hidden_Armigers.md,51,https://en.uesp.net/wiki/Online:Hidden_Armigers
Online:House Indoril,depth/House_Indoril.md,230,https://en.uesp.net/wiki/Online:House_Indoril
Online:House Redoran,depth/House_Redoran.md,479,https://en.uesp.net/wiki/Online:House_Redoran
Online:Houndsmen,depth/Houndsmen.md,114,https://en.uesp.net/wiki/Online:Houndsmen
Online:Hounds of Hircine,depth/Hounds_of_Hircine.md,108,https://en.uesp.net/wiki/Online:Hounds_of_Hircine
Online:Frostedge Bandits,depth/Frostedge_Bandits.md,93,https://en.uesp.net/wiki/Online:Frostedge_Bandits
Online:Gray Vipers,depth/Gray_Vipers.md,102,https://en.uesp.net/wiki/Online:Gray_Vipers
Online:Greycloak Mercenaries,depth/Greycloak_Mercenaries.md,115,https://en.uesp.net/wiki/Online:Greycloak_Mercenaries
Online:Gnaw-Root Tribe,depth/Gnaw-Root_Tribe.md,88,https://en.uesp.net/wiki/Online:Gnaw-Root_Tribe
Online:Hillborne Tribe,depth/Hillborne_Tribe.md,77,https://en.uesp.net/wiki/Online:Hillborne_Tribe
Online:Forebears,depth/Forebears.md,121,https://en.uesp.net/wiki/Online:Forebears
Online:Gray Host,depth/Gray_Host.md,398,https://en.uesp.net/wiki/Online:Gray_Host
Online:Hearteaters,depth/Hearteaters.md,65,https://en.uesp.net/wiki/Online:Hearteaters
Online:House of Reveries,depth/House_of_Reveries.md,193,https://en.uesp.net/wiki/Online:House_of_Reveries
Online:Gaspard's Stalkers,depth/Gaspard_s_Stalkers.md,83,https://en.uesp.net/wiki/Online:Gaspard's_Stalkers
Online:Ghost People Tribe,depth/Ghost_People_Tribe.md,196,https://en.uesp.net/wiki/Online:Ghost_People_Tribe
Online:Hollow Moon,depth/Hollow_Moon.md,193,https://en.uesp.net/wiki/Online:Hollow_Moon
Online:Hollowfang Clan,depth/Hollowfang_Clan.md,98,https://en.uesp.net/wiki/Online:Hollowfang_Clan
Online:Frostbite Raiders,depth/Frostbite_Raiders.md,70,https://en.uesp.net/wiki/Online:Frostbite_Raiders
Online:Hillhunter Clan,depth/Hillhunter_Clan.md,130,https://en.uesp.net/wiki/Online:Hillhunter_Clan
Online:Ghostsong Clan,depth/Ghostsong_Clan.md,489,https://en.uesp.net/wiki/Online:Ghostsong_Clan
Online:House Silvelle,depth/House_Silvelle.md,90,https://en.uesp.net/wiki/Online:House_Silvelle
Online:Grasp of the Stricture,depth/Grasp_of_the_Stricture.md,127,https://en.uesp.net/wiki/Online:Grasp_of_the_Stricture
Online:House Hexos,depth/House_Hexos.md,115,https://en.uesp.net/wiki/Online:House_Hexos
Online:Gleaners of Aurbis,depth/Gleaners_of_Aurbis.md,141,https://en.uesp.net/wiki/Online:Gleaners_of_Aurbis
Online:House Marcott,depth/House_Marcott.md,98,https://en.uesp.net/wiki/Online:House_Marcott
Online:House Mornard,depth/House_Mornard.md,209,https://en.uesp.net/wiki/Online:House_Mornard
Online:Hidden Kindred,depth/Hidden_Kindred.md,328,https://en.uesp.net/wiki/Online:Hidden_Kindred
Online:Gilded Blades,depth/Gilded_Blades.md,111,https://en.uesp.net/wiki/Online:Gilded_Blades
Online:House Dufort,depth/House_Dufort.md,207,https://en.uesp.net/wiki/Online:House_Dufort
Online:The Golden Eye,depth/The_Golden_Eye.md,125,https://en.uesp.net/wiki/Online:The_Golden_Eye
Online:Garland Ring,depth/Garland_Ring.md,149,https://en.uesp.net/wiki/Online:Garland_Ring
Online:Green Serpents,depth/Green_Serpents.md,82,https://en.uesp.net/wiki/Online:Green_Serpents
Online:Hordrek's Stalkers,depth/Hordrek_s_Stalkers.md,86,https://en.uesp.net/wiki/Online:Hordrek's_Stalkers
Online:Four Winds,depth/Four_Winds.md,96,https://en.uesp.net/wiki/Online:Four_Winds
Online:Hel Netu,depth/Hel_Netu.md,82,https://en.uesp.net/wiki/Online:Hel_Netu
Online:House Albus,depth/House_Albus.md,147,https://en.uesp.net/wiki/Online:House_Albus
Online:Glittering Goad,depth/Glittering_Goad.md,186,https://en.uesp.net/wiki/Online:Glittering_Goad
Online:House Menant,depth/House_Menant.md,127,https://en.uesp.net/wiki/Online:House_Menant
Online:Goblin Hunters,depth/Goblin_Hunters.md,51,https://en.uesp.net/wiki/Online:Goblin_Hunters
Online:Mages Guild,depth/Mages_Guild.md,798,https://en.uesp.net/wiki/Online:Mages_Guild
Online:Imperial Legion,depth/Imperial_Legion.md,577,https://en.uesp.net/wiki/Online:Imperial_Legion
Online:Maulborn,depth/Maulborn.md,265,https://en.uesp.net/wiki/Online:Maulborn
Online:Knights of the Flame,depth/Knights_of_the_Flame.md,143,https://en.uesp.net/wiki/Online:Knights_of_the_Flame
Online:Jackdaw Pirates,depth/Jackdaw_Pirates.md,99,https://en.uesp.net/wiki/Online:Jackdaw_Pirates
Online:Knights of Saint Pelin,depth/Knights_of_Saint_Pelin.md,198,https://en.uesp.net/wiki/Online:Knights_of_Saint_Pelin
Online:Lion Guard,depth/Lion_Guard.md,257,https://en.uesp.net/wiki/Online:Lion_Guard
Online:House Telvanni,depth/House_Telvanni.md,920,https://en.uesp.net/wiki/Online:House_Telvanni
Online:Iron Orcs,depth/Iron_Orcs.md,246,https://en.uesp.net/wiki/Online:Iron_Orcs
Online:Knights of the Dragon,depth/Knights_of_the_Dragon.md,119,https://en.uesp.net/wiki/Online:Knights_of_the_Dragon
Online:Lhurgash Clan,depth/Lhurgash_Clan.md,80,https://en.uesp.net/wiki/Online:Lhurgash_Clan
Online:Midnight Union,depth/Midnight_Union.md,162,https://en.uesp.net/wiki/Online:Midnight_Union
Online:Legion Zero,depth/Legion_Zero.md,160,https://en.uesp.net/wiki/Online:Legion_Zero
Online:Lord-Warden's Council,depth/Lord-Warden_s_Council.md,62,https://en.uesp.net/wiki/Online:Lord-Warden's_Council
Online:Kagesh,depth/Kagesh.md,107,https://en.uesp.net/wiki/Online:Kagesh
Online:Ice-Biter Tribe,depth/Ice-Biter_Tribe.md,60,https://en.uesp.net/wiki/Online:Ice-Biter_Tribe
Online:Mabrigash,depth/Mabrigash.md,102,https://en.uesp.net/wiki/Online:Mabrigash
Online:Legion of the West Weald,depth/Legion_of_the_West_Weald.md,220,https://en.uesp.net/wiki/Online:Legion_of_the_West_Weald
Online:Magnar Pack,depth/Magnar_Pack.md,97,https://en.uesp.net/wiki/Online:Magnar_Pack
Online:Malacath Fanatics,depth/Malacath_Fanatics.md,134,https://en.uesp.net/wiki/Online:Malacath_Fanatics
Online:Iron Wheel,depth/Iron_Wheel.md,140,https://en.uesp.net/wiki/Online:Iron_Wheel
Online:League of Kwama Miners,depth/League_of_Kwama_Miners.md,48,https://en.uesp.net/wiki/Online:League_of_Kwama_Miners
Online:Kindly Contrivers of Clavicus Vile,depth/Kindly_Contrivers_of_Clavicus_Vile.md,50,https://en.uesp.net/wiki/Online:Kindly_Contrivers_of_Clavicus_Vile
Online:Jade Dragoons,depth/Jade_Dragoons.md,106,https://en.uesp.net/wiki/Online:Jade_Dragoons
Online:Keel Cutters,depth/Keel_Cutters.md,75,https://en.uesp.net/wiki/Online:Keel_Cutters
Online:Long Tooth Tribe,depth/Long_Tooth_Tribe.md,166,https://en.uesp.net/wiki/Online:Long_Tooth_Tribe
Online:Iron Hounds,depth/Iron_Hounds.md,149,https://en.uesp.net/wiki/Online:Iron_Hounds
Online:Keerilth Clan,depth/Keerilth_Clan.md,56,https://en.uesp.net/wiki/Online:Keerilth_Clan
Online:Merethic Society,depth/Merethic_Society.md,48,https://en.uesp.net/wiki/Online:Merethic_Society
Online:Knights of the Gleaming Blade,depth/Knights_of_the_Gleaming_Blade.md,93,https://en.uesp.net/wiki/Online:Knights_of_the_Gleaming_Blade
Online:Jovial Lambasters,depth/Jovial_Lambasters.md,54,https://en.uesp.net/wiki/Online:Jovial_Lambasters
Online:Jode's Chariot (faction),depth/Jode_s_Chariot_faction.md,112,https://en.uesp.net/wiki/Online:Jode's_Chariot_(faction)
Online:Keepers of the Shell (faction),depth/Keepers_of_the_Shell_faction.md,106,https://en.uesp.net/wiki/Online:Keepers_of_the_Shell_(faction)
Online:Huntmasters,depth/Huntmasters.md,79,https://en.uesp.net/wiki/Online:Huntmasters
Online:Icereach Coven,depth/Icereach_Coven.md,344,https://en.uesp.net/wiki/Online:Icereach_Coven
Online:Lothid Clan,depth/Lothid_Clan.md,131,https://en.uesp.net/wiki/Online:Lothid_Clan
Online:Ironeye Tribe,depth/Ironeye_Tribe.md,49,https://en.uesp.net/wiki/Online:Ironeye_Tribe
Online:Ivory Brigade,depth/Ivory_Brigade.md,205,https://en.uesp.net/wiki/Online:Ivory_Brigade
Online:Knights of the Silver Rose,depth/Knights_of_the_Silver_Rose.md,169,https://en.uesp.net/wiki/Online:Knights_of_the_Silver_Rose
Online:Invisible Web,depth/Invisible_Web.md,128,https://en.uesp.net/wiki/Online:Invisible_Web
Online:Immortal Eight,depth/Immortal_Eight.md,76,https://en.uesp.net/wiki/Online:Immortal_Eight
Online:Knights of Death's Valor,depth/Knights_of_Death_s_Valor.md,139,https://en.uesp.net/wiki/Online:Knights_of_Death's_Valor
Online:Lost Swords,depth/Lost_Swords.md,122,https://en.uesp.net/wiki/Online:Lost_Swords
Online:Imperial University,depth/Imperial_University.md,74,https://en.uesp.net/wiki/Online:Imperial_University
Online:Keepers of the Dead,depth/Keepers_of_the_Dead.md,146,https://en.uesp.net/wiki/Online:Keepers_of_the_Dead
Online:Kalmur Clan,depth/Kalmur_Clan.md,132,https://en.uesp.net/wiki/Online:Kalmur_Clan
Online:Imperial Battlemages,depth/Imperial_Battlemages.md,84,https://en.uesp.net/wiki/Online:Imperial_Battlemages
Online:Koldane Cartel,depth/Koldane_Cartel.md,170,https://en.uesp.net/wiki/Online:Koldane_Cartel
Online:Madfeasters Clan,depth/Madfeasters_Clan.md,83,https://en.uesp.net/wiki/Online:Madfeasters_Clan
Online:Louse-Whisperers,depth/Louse-Whisperers.md,148,https://en.uesp.net/wiki/Online:Louse-Whisperers
Online:Morag Tong,depth/Morag_Tong.md,255,https://en.uesp.net/wiki/Online:Morag_Tong
Online:Ordinators,depth/Ordinators.md,221,https://en.uesp.net/wiki/Online:Ordinators
Online:Ra Gada,depth/Ra_Gada.md,177,https://en.uesp.net/wiki/Online:Ra_Gada
Online:Ra Gada (Malabal Tor),depth/Ra_Gada_Malabal_Tor.md,148,https://en.uesp.net/wiki/Online:Ra_Gada_(Malabal_Tor)
Online:Rageclaw Clan,depth/Rageclaw_Clan.md,121,https://en.uesp.net/wiki/Online:Rageclaw_Clan
Online:Murtag Clan,depth/Murtag_Clan.md,133,https://en.uesp.net/wiki/Online:Murtag_Clan
Online:Morkul Clan,depth/Morkul_Clan.md,240,https://en.uesp.net/wiki/Online:Morkul_Clan
Online:Oathbound Clan,depth/Oathbound_Clan.md,121,https://en.uesp.net/wiki/Online:Oathbound_Clan
Online:The Pacthunters,depth/The_Pacthunters.md,54,https://en.uesp.net/wiki/Online:The_Pacthunters
Online:Rain Disciples,depth/Rain_Disciples.md,158,https://en.uesp.net/wiki/Online:Rain_Disciples
Online:Primeval Seekers,depth/Primeval_Seekers.md,87,https://en.uesp.net/wiki/Online:Primeval_Seekers
Online:Outlaws,depth/Outlaws.md,108,https://en.uesp.net/wiki/Online:Outlaws
Online:Order of the Hour,depth/Order_of_the_Hour.md,263,https://en.uesp.net/wiki/Online:Order_of_the_Hour
Online:Pale Watch,depth/Pale_Watch.md,169,https://en.uesp.net/wiki/Online:Pale_Watch
Online:Nycotic Cult,depth/Nycotic_Cult.md,71,https://en.uesp.net/wiki/Online:Nycotic_Cult
Online:Murkwater Tribe,depth/Murkwater_Tribe.md,71,https://en.uesp.net/wiki/Online:Murkwater_Tribe
Online:Netch Gouger Tribe,depth/Netch_Gouger_Tribe.md,96,https://en.uesp.net/wiki/Online:Netch_Gouger_Tribe
Online:Pellingare Mercenaries,depth/Pellingare_Mercenaries.md,125,https://en.uesp.net/wiki/Online:Pellingare_Mercenaries
Online:Order of the Eye,depth/Order_of_the_Eye.md,49,https://en.uesp.net/wiki/Online:Order_of_the_Eye
Online:Psijic Order,depth/Psijic_Order.md,574,https://en.uesp.net/wiki/Online:Psijic_Order
Online:Pit Rats,depth/Pit_Rats.md,72,https://en.uesp.net/wiki/Online:Pit_Rats
Online:Northern Elsweyr Defense Force,depth/Northern_Elsweyr_Defense_Force.md,147,https://en.uesp.net/wiki/Online:Northern_Elsweyr_Defense_Force
Online:Moon-Sentinels,depth/Moon-Sentinels.md,86,https://en.uesp.net/wiki/Online:Moon-Sentinels
Online:Priests of Trinimac,depth/Priests_of_Trinimac.md,193,https://en.uesp.net/wiki/Online:Priests_of_Trinimac
Online:Moss-Skin Tribe,depth/Moss-Skin_Tribe.md,154,https://en.uesp.net/wiki/Online:Moss-Skin_Tribe
Online:Moon Hunter Pack,depth/Moon_Hunter_Pack.md,211,https://en.uesp.net/wiki/Online:Moon_Hunter_Pack
Online:Order of the Hidden Moon,depth/Order_of_the_Hidden_Moon.md,423,https://en.uesp.net/wiki/Online:Order_of_the_Hidden_Moon
Online:Order of the New Moon (faction),depth/Order_of_the_New_Moon_faction.md,439,https://en.uesp.net/wiki/Online:Order_of_the_New_Moon_(faction)
Online:Pride of Alkosh,depth/Pride_of_Alkosh.md,183,https://en.uesp.net/wiki/Online:Pride_of_Alkosh
Online:Pyre Watch,depth/Pyre_Watch.md,172,https://en.uesp.net/wiki/Online:Pyre_Watch
Online:Nighthollow Clan,depth/Nighthollow_Clan.md,321,https://en.uesp.net/wiki/Online:Nighthollow_Clan
Online:Order of the Waking Flame,depth/Order_of_the_Waking_Flame.md,617,https://en.uesp.net/wiki/Online:Order_of_the_Waking_Flame
Online:Order of the Sacred Skeever,depth/Order_of_the_Sacred_Skeever.md,109,https://en.uesp.net/wiki/Online:Order_of_the_Sacred_Skeever
Online:Painted Eye,depth/Painted_Eye.md,187,https://en.uesp.net/wiki/Online:Painted_Eye
Online:Night Runners,depth/Night_Runners.md,135,https://en.uesp.net/wiki/Online:Night_Runners
Online:Moon-Singers,depth/Moon-Singers.md,119,https://en.uesp.net/wiki/Online:Moon-Singers
Online:Mistrunner Clan,depth/Mistrunner_Clan.md,38,https://en.uesp.net/wiki/Online:Mistrunner_Clan
Online:Oaken Order,depth/Oaken_Order.md,122,https://en.uesp.net/wiki/Online:Oaken_Order
Online:Order of the Albatross,depth/Order_of_the_Albatross.md,93,https://en.uesp.net/wiki/Online:Order_of_the_Albatross
Online:Order of the Iron Knot,depth/Order_of_the_Iron_Knot.md,71,https://en.uesp.net/wiki/Online:Order_of_the_Iron_Knot
Online:Order of the Claw,depth/Order_of_the_Claw.md,104,https://en.uesp.net/wiki/Online:Order_of_the_Claw
Online:Pariah's Hand,depth/Pariah_s_Hand.md,96,https://en.uesp.net/wiki/Online:Pariah's_Hand
Online:Order of Diagna (faction),depth/Order_of_Diagna_faction.md,103,https://en.uesp.net/wiki/Online:Order_of_Diagna_(faction)
Online:Naughty Nereid Players (group),depth/Naughty_Nereid_Players_group.md,56,https://en.uesp.net/wiki/Online:Naughty_Nereid_Players_(group)
Online:Muzzled Owls,depth/Muzzled_Owls.md,106,https://en.uesp.net/wiki/Online:Muzzled_Owls
Online:Oathsworn,depth/Oathsworn.md,91,https://en.uesp.net/wiki/Online:Oathsworn
Online:Order of the Lamp,depth/Order_of_the_Lamp.md,108,https://en.uesp.net/wiki/Online:Order_of_the_Lamp
Online:Nord Cultural Exchange,depth/Nord_Cultural_Exchange.md,250,https://en.uesp.net/wiki/Online:Nord_Cultural_Exchange
Online:Plunderers,depth/Plunderers.md,67,https://en.uesp.net/wiki/Online:Plunderers
Online:Sea Drakes,depth/Sea_Drakes.md,168,https://en.uesp.net/wiki/Online:Sea_Drakes
Online:First Time Players,depth/First_Time_Players.md,6042,https://en.uesp.net/wiki/Online:First_Time_Players
Online:Making Money,depth/Making_Money.md,3221,https://en.uesp.net/wiki/Online:Making_Money
Online:Leveling,depth/Leveling.md,2537,https://en.uesp.net/wiki/Online:Leveling
Online:Red Rooks,depth/Red_Rooks.md,245,https://en.uesp.net/wiki/Online:Red_Rooks
Online:Scaled Court,depth/Scaled_Court.md,200,https://en.uesp.net/wiki/Online:Scaled_Court
Online:Abbreviations and Terms,depth/Abbreviations_and_Terms.md,2529,https://en.uesp.net/wiki/Online:Abbreviations_and_Terms
Online:Ring of Daggers,depth/Ring_of_Daggers.md,105,https://en.uesp.net/wiki/Online:Ring_of_Daggers
Online:Renrijra Maor,depth/Renrijra_Maor.md,109,https://en.uesp.net/wiki/Online:Renrijra_Maor
Online:Red Sun Bandits,depth/Red_Sun_Bandits.md,125,https://en.uesp.net/wiki/Online:Red_Sun_Bandits
Online:Roadside Bandits,depth/Roadside_Bandits.md,76,https://en.uesp.net/wiki/Online:Roadside_Bandits
Online:Rock Bone Tribe,depth/Rock_Bone_Tribe.md,83,https://en.uesp.net/wiki/Online:Rock_Bone_Tribe
Online:Red Sails,depth/Red_Sails.md,160,https://en.uesp.net/wiki/Online:Red_Sails
Online:Resolutes of Stendarr,depth/Resolutes_of_Stendarr.md,231,https://en.uesp.net/wiki/Online:Resolutes_of_Stendarr
Online:Rumblegarde,depth/Rumblegarde.md,64,https://en.uesp.net/wiki/Online:Rumblegarde
Online:Red Exiles,depth/Red_Exiles.md,73,https://en.uesp.net/wiki/Online:Red_Exiles
Online:Rotblood Tribe,depth/Rotblood_Tribe.md,40,https://en.uesp.net/wiki/Online:Rotblood_Tribe
Online:Sandgrubber Tribe,depth/Sandgrubber_Tribe.md,89,https://en.uesp.net/wiki/Online:Sandgrubber_Tribe
Online:Ropefish,depth/Ropefish.md,110,https://en.uesp.net/wiki/Online:Ropefish
Online:PvP,depth/PvP.md,235,https://en.uesp.net/wiki/Online:PvP
Online:Buying Guide,depth/Buying_Guide.md,2468,https://en.uesp.net/wiki/Online:Buying_Guide
Online:Salt Catchers,depth/Salt_Catchers.md,81,https://en.uesp.net/wiki/Online:Salt_Catchers
Online:Saltwalker Militia,depth/Saltwalker_Militia.md,105,https://en.uesp.net/wiki/Online:Saltwalker_Militia
Online:Sagacians,depth/Sagacians.md,72,https://en.uesp.net/wiki/Online:Sagacians
Online:Sapiarchs,depth/Sapiarchs.md,376,https://en.uesp.net/wiki/Online:Sapiarchs
Online:Root Stewards,depth/Root_Stewards.md,108,https://en.uesp.net/wiki/Online:Root_Stewards
Online:Root-Whisper Tribe,depth/Root-Whisper_Tribe.md,205,https://en.uesp.net/wiki/Online:Root-Whisper_Tribe
Online:Root-House Tribe,depth/Root-House_Tribe.md,133,https://en.uesp.net/wiki/Online:Root-House_Tribe
Online:Sanguine's Revelers,depth/Sanguine_s_Revelers.md,206,https://en.uesp.net/wiki/Online:Sanguine's_Revelers
Online:Ruddy Fangs,depth/Ruddy_Fangs.md,418,https://en.uesp.net/wiki/Online:Ruddy_Fangs
Online:River-Elk Clan,depth/River-Elk_Clan.md,77,https://en.uesp.net/wiki/Online:River-Elk_Clan
Online:Scalecaller Cult,depth/Scalecaller_Cult.md,77,https://en.uesp.net/wiki/Online:Scalecaller_Cult
Online:Saraathu Tong,depth/Saraathu_Tong.md,114,https://en.uesp.net/wiki/Online:Saraathu_Tong
Online:Roister's Club,depth/Roister_s_Club.md,894,https://en.uesp.net/wiki/Online:Roister's_Club
Online:Scribes of Mora,depth/Scribes_of_Mora.md,216,https://en.uesp.net/wiki/Online:Scribes_of_Mora
Online:Razorsworn Clan,depth/Razorsworn_Clan.md,56,https://en.uesp.net/wiki/Online:Razorsworn_Clan
Online:Ruinblood Clan,depth/Ruinblood_Clan.md,239,https://en.uesp.net/wiki/Online:Ruinblood_Clan
Online:Recollection,depth/Recollection.md,301,https://en.uesp.net/wiki/Online:Recollection
Online:Scavengers,depth/Scavengers.md,60,https://en.uesp.net/wiki/Online:Scavengers
Online:Savage Sons,depth/Savage_Sons.md,105,https://en.uesp.net/wiki/Online:Savage_Sons
Online:Remnants Clan,depth/Remnants_Clan.md,140,https://en.uesp.net/wiki/Online:Remnants_Clan
Online:Rajaska,depth/Rajaska.md,228,https://en.uesp.net/wiki/Online:Rajaska
Online:Rotbreath Tribe,depth/Rotbreath_Tribe.md,57,https://en.uesp.net/wiki/Online:Rotbreath_Tribe
Online:Redhands,depth/Redhands.md,124,https://en.uesp.net/wiki/Online:Redhands
Online:Sapphire Society,depth/Sapphire_Society.md,60,https://en.uesp.net/wiki/Online:Sapphire_Society
Online:Resolution of Zenithar,depth/Resolution_of_Zenithar.md,75,https://en.uesp.net/wiki/Online:Resolution_of_Zenithar
Online:Revelers of the Rose,depth/Revelers_of_the_Rose.md,154,https://en.uesp.net/wiki/Online:Revelers_of_the_Rose
Online:The Ruckus,depth/The_Ruckus.md,183,https://en.uesp.net/wiki/Online:The_Ruckus
Online:Roadsworn,depth/Roadsworn.md,91,https://en.uesp.net/wiki/Online:Roadsworn
Online:Redblades,depth/Redblades.md,80,https://en.uesp.net/wiki/Online:Redblades
Online:Armor,depth/Armor.md,417,https://en.uesp.net/wiki/Online:Armor
Online:Items,depth/Items.md,857,https://en.uesp.net/wiki/Online:Items
Online:Weapons,depth/Weapons.md,463,https://en.uesp.net/wiki/Online:Weapons
Online:Runestones,depth/Runestones.md,1914,https://en.uesp.net/wiki/Online:Runestones
Online:Fishing,depth/Fishing.md,3942,https://en.uesp.net/wiki/Online:Fishing
Online:Provisioning Ingredients,depth/Provisioning_Ingredients.md,252,https://en.uesp.net/wiki/Online:Provisioning_Ingredients
Online:Alchemy Ingredients,depth/Alchemy_Ingredients.md,1039,https://en.uesp.net/wiki/Online:Alchemy_Ingredients
Online:Blacksmithing Materials,depth/Blacksmithing_Materials.md,656,https://en.uesp.net/wiki/Online:Blacksmithing_Materials
Online:Woodworking Materials,depth/Woodworking_Materials.md,667,https://en.uesp.net/wiki/Online:Woodworking_Materials
Online:Clothing Materials,depth/Clothing_Materials.md,642,https://en.uesp.net/wiki/Online:Clothing_Materials
Online:Soul Gems,depth/Soul_Gems.md,747,https://en.uesp.net/wiki/Online:Soul_Gems
Online:Sets,depth/Sets.md,770,https://en.uesp.net/wiki/Online:Sets
Online:Ritual of Mara,depth/Ritual_of_Mara.md,313,https://en.uesp.net/wiki/Online:Ritual_of_Mara
Online:Trophies,depth/Trophies.md,592,https://en.uesp.net/wiki/Online:Trophies
Online:Traits,depth/Traits.md,2440,https://en.uesp.net/wiki/Online:Traits
Online:Sealed Urn,depth/Sealed_Urn.md,294,https://en.uesp.net/wiki/Online:Sealed_Urn
Online:Glyphs,depth/Glyphs.md,923,https://en.uesp.net/wiki/Online:Glyphs
Online:Disguises,depth/Disguises.md,2303,https://en.uesp.net/wiki/Online:Disguises
Online:Food,depth/Food.md,3403,https://en.uesp.net/wiki/Online:Food
Online:Drinks,depth/Drinks.md,2547,https://en.uesp.net/wiki/Online:Drinks
Online:Nirncrux,depth/Nirncrux.md,230,https://en.uesp.net/wiki/Online:Nirncrux
Online:Recipes,depth/Recipes.md,648,https://en.uesp.net/wiki/Online:Recipes
Online:Dyes,depth/Dyes.md,1744,https://en.uesp.net/wiki/Online:Dyes
Online:Treasures,depth/Treasures.md,642,https://en.uesp.net/wiki/Online:Treasures
Online:Trash,depth/Trash.md,275,https://en.uesp.net/wiki/Online:Trash
Online:Riding Skill,depth/Riding_Skill.md,657,https://en.uesp.net/wiki/Online:Riding_Skill
Online:Currency,depth/Currency.md,633,https://en.uesp.net/wiki/Online:Currency
Online:Copper,depth/Copper.md,175,https://en.uesp.net/wiki/Online:Copper
Online:Unique Items,depth/Unique_Items.md,37746,https://en.uesp.net/wiki/Online:Unique_Items
Online:Potions,depth/Potions.md,3674,https://en.uesp.net/wiki/Online:Potions
Online:Poisons,depth/Poisons.md,1067,https://en.uesp.net/wiki/Online:Poisons
Online:Repair Kits,depth/Repair_Kits.md,577,https://en.uesp.net/wiki/Online:Repair_Kits
Online:Pewter,depth/Pewter.md,138,https://en.uesp.net/wiki/Online:Pewter
Online:Electrum,depth/Electrum.md,118,https://en.uesp.net/wiki/Online:Electrum
Online:Jewelry Crafting Materials,depth/Jewelry_Crafting_Materials.md,655,https://en.uesp.net/wiki/Online:Jewelry_Crafting_Materials
Online:Contraband Clothing,depth/Contraband_Clothing.md,2481,https://en.uesp.net/wiki/Online:Contraband_Clothing
Online:Zone Guide,depth/Zone_Guide.md,120,https://en.uesp.net/wiki/Online:Zone_Guide
Online:Tools,depth/Tools.md,1472,https://en.uesp.net/wiki/Online:Tools
Online:Artifacts,depth/Artifacts.md,2371,https://en.uesp.net/wiki/Online:Artifacts
Online:Furnisher Documents,depth/Furnisher_Documents.md,715,https://en.uesp.net/wiki/Online:Furnisher_Documents
Online:Antiquity Leads,depth/Antiquity_Leads.md,3743,https://en.uesp.net/wiki/Online:Antiquity_Leads
Online:Aspect of Alkosh,depth/Aspect_of_Alkosh.md,131,https://en.uesp.net/wiki/Online:Aspect_of_Alkosh
Online:Treasure Chests,depth/Treasure_Chests.md,979,https://en.uesp.net/wiki/Online:Treasure_Chests
Online:Rewards,depth/Rewards.md,269,https://en.uesp.net/wiki/Online:Rewards
Online:Arcane Knot,depth/Arcane_Knot.md,418,https://en.uesp.net/wiki/Online:Arcane_Knot
Online:Skill Scrolls,depth/Skill_Scrolls.md,277,https://en.uesp.net/wiki/Online:Skill_Scrolls
Online:Abnur Tharn,depth/Abnur_Tharn.md,33106,https://en.uesp.net/wiki/Online:Abnur_Tharn
Online:Advances in Lockpicking,depth/Advances_in_Lockpicking.md,33,https://en.uesp.net/wiki/Online:Advances_in_Lockpicking
Online:Abomination of Hate,depth/Abomination_of_Hate.md,55,https://en.uesp.net/wiki/Online:Abomination_of_Hate
Online:Adusa-daro,depth/Adusa-daro.md,9750,https://en.uesp.net/wiki/Online:Adusa-daro
Online:Treasures SA-SI,depth/Treasures_SA-SI.md,435,https://en.uesp.net/wiki/Online:Treasures_SA-SI
Online:Adara'hai,depth/Adara_hai.md,6339,https://en.uesp.net/wiki/Online:Adara'hai
Online:Adhazabi Aba-daro,depth/Adhazabi_Aba-daro.md,1503,https://en.uesp.net/wiki/Online:Adhazabi_Aba-daro
Online:Abandoned House (Stormhaven),depth/Abandoned_House_Stormhaven.md,184,https://en.uesp.net/wiki/Online:Abandoned_House_(Stormhaven)
"Online:Adventurer's Almanac, 1st Edition",depth/Adventurer_s_Almanac_1st_Edition.md,55,"https://en.uesp.net/wiki/Online:Adventurer's_Almanac,_1st_Edition"
Online:Adventurer's Almanac (collection),depth/Adventurer_s_Almanac_collection.md,35,https://en.uesp.net/wiki/Online:Adventurer's_Almanac_(collection)
"Online:Adventurer's Almanac, 2nd Edition",depth/Adventurer_s_Almanac_2nd_Edition.md,59,"https://en.uesp.net/wiki/Online:Adventurer's_Almanac,_2nd_Edition"
Online:Silver,depth/Silver.md,152,https://en.uesp.net/wiki/Online:Silver
Online:Platinum,depth/Platinum.md,98,https://en.uesp.net/wiki/Online:Platinum
Online:Adonatus Varian,depth/Adonatus_Varian.md,2052,https://en.uesp.net/wiki/Online:Adonatus_Varian
Online:Pets A,depth/Pets_A.md,3342,https://en.uesp.net/wiki/Online:Pets_A
Online:Costumes A,depth/Costumes_A.md,1625,https://en.uesp.net/wiki/Online:Costumes_A
Online:Abazkier,depth/Abazkier.md,44,https://en.uesp.net/wiki/Online:Abazkier
Online:The Adoring Admirer,depth/The_Adoring_Admirer.md,1487,https://en.uesp.net/wiki/Online:The_Adoring_Admirer
Online:12-Point Antler Skullcap,depth/12-Point_Antler_Skullcap.md,108,https://en.uesp.net/wiki/Online:12-Point_Antler_Skullcap
Online:14-Point Antler Skullcap,depth/14-Point_Antler_Skullcap.md,91,https://en.uesp.net/wiki/Online:14-Point_Antler_Skullcap
Online:Abah's Watch Full Armor,depth/Abah_s_Watch_Full_Armor.md,87,https://en.uesp.net/wiki/Online:Abah's_Watch_Full_Armor
Online:Abah's Watch Night Patrol,depth/Abah_s_Watch_Night_Patrol.md,76,https://en.uesp.net/wiki/Online:Abah's_Watch_Night_Patrol
Online:Abah's Watch Pursuit Suit,depth/Abah_s_Watch_Pursuit_Suit.md,79,https://en.uesp.net/wiki/Online:Abah's_Watch_Pursuit_Suit
Online:Adonatus Enodius,depth/Adonatus_Enodius.md,346,https://en.uesp.net/wiki/Online:Adonatus_Enodius
Online:Update 36,depth/Update_36.md,58,https://en.uesp.net/wiki/Online:Update_36
Online:Update 37,depth/Update_37.md,119,https://en.uesp.net/wiki/Online:Update_37
Online:Update 38,depth/Update_38.md,103,https://en.uesp.net/wiki/Online:Update_38
Online:Update 40,depth/Update_40.md,293,https://en.uesp.net/wiki/Online:Update_40
Online:Adversarial Adventures,depth/Adversarial_Adventures.md,582,https://en.uesp.net/wiki/Online:Adversarial_Adventures
Online:10 Years of ESO,depth/10_Years_of_ESO.md,992,https://en.uesp.net/wiki/Online:10_Years_of_ESO
Online:Update 42,depth/Update_42.md,2044,https://en.uesp.net/wiki/Online:Update_42
Online:Update 43,depth/Update_43.md,12953,https://en.uesp.net/wiki/Online:Update_43
Online:Update 44,depth/Update_44.md,7048,https://en.uesp.net/wiki/Online:Update_44
Online:Patch/10.1.5,depth/Patch_10.1.5.md,140,https://en.uesp.net/wiki/Online:Patch/10.1.5
Online:Patch/10.2.5,depth/Patch_10.2.5.md,177,https://en.uesp.net/wiki/Online:Patch/10.2.5
Online:Patch/10.2.10,depth/Patch_10.2.10.md,54,https://en.uesp.net/wiki/Online:Patch/10.2.10
Online:Update 45,depth/Update_45.md,54,https://en.uesp.net/wiki/Online:Update_45
Online:Update 46,depth/Update_46.md,73,https://en.uesp.net/wiki/Online:Update_46
Online:Update 48,depth/Update_48.md,3928,https://en.uesp.net/wiki/Online:Update_48
Online:Abomination of Flesh,depth/Abomination_of_Flesh.md,57,https://en.uesp.net/wiki/Online:Abomination_of_Flesh
Online:Patch/11.0.0,depth/Patch_11.0.0.md,451,https://en.uesp.net/wiki/Online:Patch/11.0.0
Online:Patch/11.0.1,depth/Patch_11.0.1.md,475,https://en.uesp.net/wiki/Online:Patch/11.0.1
Online:Patch/11.0.2,depth/Patch_11.0.2.md,706,https://en.uesp.net/wiki/Online:Patch/11.0.2
Online:Patch/11.0.3,depth/Patch_11.0.3.md,572,https://en.uesp.net/wiki/Online:Patch/11.0.3
Online:Patch/11.0.4,depth/Patch_11.0.4.md,691,https://en.uesp.net/wiki/Online:Patch/11.0.4
Online:Admire Me,depth/Admire_Me.md,132,https://en.uesp.net/wiki/Online:Admire_Me
Online:Abrasia,depth/Abrasia.md,10810,https://en.uesp.net/wiki/Online:Abrasia
Online:Alchemy: Discovering Traits,depth/Alchemy_Discovering_Traits.md,22,https://en.uesp.net/wiki/Online:Alchemy:_Discovering_Traits
Online:Alit,depth/Alit.md,437,https://en.uesp.net/wiki/Online:Alit
Online:Alchemy Practicum,depth/Alchemy_Practicum.md,16,https://en.uesp.net/wiki/Online:Alchemy_Practicum
Online:Air Atronach,depth/Air_Atronach.md,1029,https://en.uesp.net/wiki/Online:Air_Atronach
Online:Alasan,depth/Alasan.md,697,https://en.uesp.net/wiki/Online:Alasan
Online:Alanwe,depth/Alanwe.md,4406,https://en.uesp.net/wiki/Online:Alanwe
Online:An-Jeen-Sakka,depth/An-Jeen-Sakka.md,1660,https://en.uesp.net/wiki/Online:An-Jeen-Sakka
Online:Aera's Letter to Denskar,depth/Aera_s_Letter_to_Denskar.md,111,https://en.uesp.net/wiki/Online:Aera's_Letter_to_Denskar
Online:Aera's Letter to Tryn,depth/Aera_s_Letter_to_Tryn.md,79,https://en.uesp.net/wiki/Online:Aera's_Letter_to_Tryn
Online:Aetherian Archive,depth/Aetherian_Archive.md,813,https://en.uesp.net/wiki/Online:Aetherian_Archive
Online:Al-Danobia Tomb,depth/Al-Danobia_Tomb.md,553,https://en.uesp.net/wiki/Online:Al-Danobia_Tomb
Online:Ambush Beetle,depth/Ambush_Beetle.md,229,https://en.uesp.net/wiki/Online:Ambush_Beetle
Online:Alchemy (person),depth/Alchemy_person.md,11877,https://en.uesp.net/wiki/Online:Alchemy_(person)
Online:Alchemical Globule,depth/Alchemical_Globule.md,378,https://en.uesp.net/wiki/Online:Alchemical_Globule
Online:Alareth Spring-Fellow,depth/Alareth_Spring-Fellow.md,718,https://en.uesp.net/wiki/Online:Alareth_Spring-Fellow
Online:Ahirkin,depth/Ahirkin.md,37,https://en.uesp.net/wiki/Online:Ahirkin
Online:Alchemized Chaurus,depth/Alchemized_Chaurus.md,42,https://en.uesp.net/wiki/Online:Alchemized_Chaurus
Online:Alchemized Durzog,depth/Alchemized_Durzog.md,50,https://en.uesp.net/wiki/Online:Alchemized_Durzog
Online:Alinor Ringtail (pet),depth/Alinor_Ringtail_pet.md,185,https://en.uesp.net/wiki/Online:Alinor_Ringtail_(pet)
Online:Agonymium Stone (object),depth/Agonymium_Stone_object.md,379,https://en.uesp.net/wiki/Online:Agonymium_Stone_(object)
Online:Alchemical Tendril,depth/Alchemical_Tendril.md,46,https://en.uesp.net/wiki/Online:Alchemical_Tendril
Online:Almar Vassinus,depth/Almar_Vassinus.md,346,https://en.uesp.net/wiki/Online:Almar_Vassinus
Online:Allwither Fenwitch,depth/Allwither_Fenwitch.md,43,https://en.uesp.net/wiki/Online:Allwither_Fenwitch
Online:Allwither Flamebow,depth/Allwither_Flamebow.md,46,https://en.uesp.net/wiki/Online:Allwither_Flamebow
Online:Allwither Whipvine,depth/Allwither_Whipvine.md,45,https://en.uesp.net/wiki/Online:Allwither_Whipvine
Online:Afflicted Bear,depth/Afflicted_Bear.md,131,https://en.uesp.net/wiki/Online:Afflicted_Bear
Online:Anchorwright Raiment,depth/Anchorwright_Raiment.md,155,https://en.uesp.net/wiki/Online:Anchorwright_Raiment
Online:Ahmat,depth/Ahmat.md,3774,https://en.uesp.net/wiki/Online:Ahmat
Online:Akaviri Armistice Banquet Tray,depth/Akaviri_Armistice_Banquet_Tray.md,101,https://en.uesp.net/wiki/Online:Akaviri_Armistice_Banquet_Tray
Online:Alchemist Survey: Summerset,depth/Alchemist_Survey_Summerset.md,18,https://en.uesp.net/wiki/Online:Alchemist_Survey:_Summerset
Online:Ambodhel,depth/Ambodhel.md,656,https://en.uesp.net/wiki/Online:Ambodhel
Online:Aishah (Imperial City),depth/Aishah_Imperial_City.md,887,https://en.uesp.net/wiki/Online:Aishah_(Imperial_City)
Online:Ancient Lurcher (West Weald),depth/Ancient_Lurcher_West_Weald.md,78,https://en.uesp.net/wiki/Online:Ancient_Lurcher_(West_Weald)
Online:Albus Apprentice,depth/Albus_Apprentice.md,70,https://en.uesp.net/wiki/Online:Albus_Apprentice
Online:Albus Archer,depth/Albus_Archer.md,68,https://en.uesp.net/wiki/Online:Albus_Archer
Online:Albus Jailer,depth/Albus_Jailer.md,120,https://en.uesp.net/wiki/Online:Albus_Jailer
Online:Albus Knight,depth/Albus_Knight.md,74,https://en.uesp.net/wiki/Online:Albus_Knight
Online:Albus Torturer,depth/Albus_Torturer.md,126,https://en.uesp.net/wiki/Online:Albus_Torturer
Online:Albus Vanquisher,depth/Albus_Vanquisher.md,71,https://en.uesp.net/wiki/Online:Albus_Vanquisher
Online:Amenos Extraction Point,depth/Amenos_Extraction_Point.md,84,https://en.uesp.net/wiki/Online:Amenos_Extraction_Point
Online:Altenrel,depth/Altenrel.md,151,https://en.uesp.net/wiki/Online:Altenrel
Online:Algut,depth/Algut.md,175,https://en.uesp.net/wiki/Online:Algut
Online:Alliance Guard,depth/Alliance_Guard.md,99,https://en.uesp.net/wiki/Online:Alliance_Guard
Online:Affinity for Everything,depth/Affinity_for_Everything.md,79,https://en.uesp.net/wiki/Online:Affinity_for_Everything
Online:Alcedo Natius,depth/Alcedo_Natius.md,127,https://en.uesp.net/wiki/Online:Alcedo_Natius
Online:Ancient Direnni Quasigriff,depth/Ancient_Direnni_Quasigriff.md,155,https://en.uesp.net/wiki/Online:Ancient_Direnni_Quasigriff
Online:Ancient Dwarven Mechanism,depth/Ancient_Dwarven_Mechanism.md,284,https://en.uesp.net/wiki/Online:Ancient_Dwarven_Mechanism
"Online:Alinor Tree, Cherry Blossom",depth/Alinor_Tree_Cherry_Blossom.md,30,"https://en.uesp.net/wiki/Online:Alinor_Tree,_Cherry_Blossom"
"Online:Alinor Tree, Cherry Blossom Canopy",depth/Alinor_Tree_Cherry_Blossom_Canopy.md,30,"https://en.uesp.net/wiki/Online:Alinor_Tree,_Cherry_Blossom_Canopy"
"Online:Alinor Tree, Large Cherry Blossom",depth/Alinor_Tree_Large_Cherry_Blossom.md,30,"https://en.uesp.net/wiki/Online:Alinor_Tree,_Large_Cherry_Blossom"
Online:Anka-Ra Sentinel,depth/Anka-Ra_Sentinel.md,371,https://en.uesp.net/wiki/Online:Anka-Ra_Sentinel
Online:Anka-Ra Soldier,depth/Anka-Ra_Soldier.md,375,https://en.uesp.net/wiki/Online:Anka-Ra_Soldier
Online:And Then They Were Gone,depth/And_Then_They_Were_Gone.md,69,https://en.uesp.net/wiki/Online:And_Then_They_Were_Gone
Online:Anequina Archives,depth/Anequina_Archives.md,493,https://en.uesp.net/wiki/Online:Anequina_Archives
Online:Anequina and Pellitine: An Introduction,depth/Anequina_and_Pellitine_An_Introduction.md,28,https://en.uesp.net/wiki/Online:Anequina_and_Pellitine:_An_Introduction
Online:The Angry Alfiq: A Collection,depth/The_Angry_Alfiq_A_Collection.md,21,https://en.uesp.net/wiki/Online:The_Angry_Alfiq:_A_Collection
Online:Aneshi's Note,depth/Aneshi_s_Note.md,109,https://en.uesp.net/wiki/Online:Aneshi's_Note
Online:Archaic Dragon Priest Mask,depth/Archaic_Dragon_Priest_Mask.md,150,https://en.uesp.net/wiki/Online:Archaic_Dragon_Priest_Mask
Online:Anniversary Jubilee,depth/Anniversary_Jubilee.md,5335,https://en.uesp.net/wiki/Online:Anniversary_Jubilee
Online:Andoche Syx,depth/Andoche_Syx.md,36,https://en.uesp.net/wiki/Online:Andoche_Syx
Online:Antique Maps,depth/Antique_Maps.md,5482,https://en.uesp.net/wiki/Online:Antique_Maps
Online:Anthorbred Avalanche Dog,depth/Anthorbred_Avalanche_Dog.md,215,https://en.uesp.net/wiki/Online:Anthorbred_Avalanche_Dog
Online:Annyce Favraud's Dream,depth/Annyce_Favraud_s_Dream.md,123,https://en.uesp.net/wiki/Online:Annyce_Favraud's_Dream
Online:Antonius Calvo,depth/Antonius_Calvo.md,346,https://en.uesp.net/wiki/Online:Antonius_Calvo
Online:Arboreon Elk,depth/Arboreon_Elk.md,23,https://en.uesp.net/wiki/Online:Arboreon_Elk
Online:Archaeologist Hat,depth/Archaeologist_Hat.md,23,https://en.uesp.net/wiki/Online:Archaeologist_Hat
Online:Archdruid Devyric,depth/Archdruid_Devyric.md,737,https://en.uesp.net/wiki/Online:Archdruid_Devyric
Online:Antecedent Scholar's Guar,depth/Antecedent_Scholar_s_Guar.md,216,https://en.uesp.net/wiki/Online:Antecedent_Scholar's_Guar
Online:Apocryphal Pages,depth/Apocryphal_Pages.md,322,https://en.uesp.net/wiki/Online:Apocryphal_Pages
Online:Ansuul the Tormentor,depth/Ansuul_the_Tormentor.md,1422,https://en.uesp.net/wiki/Online:Ansuul_the_Tormentor
Online:Ansuul's Archer,depth/Ansuul_s_Archer.md,53,https://en.uesp.net/wiki/Online:Ansuul's_Archer
Online:Ansuul's Butcher,depth/Ansuul_s_Butcher.md,59,https://en.uesp.net/wiki/Online:Ansuul's_Butcher
Online:Ansuul's Enforcer,depth/Ansuul_s_Enforcer.md,59,https://en.uesp.net/wiki/Online:Ansuul's_Enforcer
Online:Ansuul's Icecaster,depth/Ansuul_s_Icecaster.md,53,https://en.uesp.net/wiki/Online:Ansuul's_Icecaster
Online:Ansuul's Inferno,depth/Ansuul_s_Inferno.md,93,https://en.uesp.net/wiki/Online:Ansuul's_Inferno
Online:Ansuul's Scout,depth/Ansuul_s_Scout.md,54,https://en.uesp.net/wiki/Online:Ansuul's_Scout
Online:Ansuul's Voidmaster,depth/Ansuul_s_Voidmaster.md,59,https://en.uesp.net/wiki/Online:Ansuul's_Voidmaster
Online:Archwizard Twelvane,depth/Archwizard_Twelvane.md,560,https://en.uesp.net/wiki/Online:Archwizard_Twelvane
Online:Angler Lozarg,depth/Angler_Lozarg.md,96,https://en.uesp.net/wiki/Online:Angler_Lozarg
Online:Angler Idraeneth,depth/Angler_Idraeneth.md,104,https://en.uesp.net/wiki/Online:Angler_Idraeneth
Online:Archival Fortunes,depth/Archival_Fortunes.md,159,https://en.uesp.net/wiki/Online:Archival_Fortunes
Online:Aramril,depth/Aramril.md,2150,https://en.uesp.net/wiki/Online:Aramril
Online:Aradros the Awakened,depth/Aradros_the_Awakened.md,617,https://en.uesp.net/wiki/Online:Aradros_the_Awakened
Online:Animated Incendiary,depth/Animated_Incendiary.md,231,https://en.uesp.net/wiki/Online:Animated_Incendiary
Online:Animated Tempest,depth/Animated_Tempest.md,169,https://en.uesp.net/wiki/Online:Animated_Tempest
Online:Animated Chillrender,depth/Animated_Chillrender.md,231,https://en.uesp.net/wiki/Online:Animated_Chillrender
Online:Animated Archmagus,depth/Animated_Archmagus.md,545,https://en.uesp.net/wiki/Online:Animated_Archmagus
Online:Apprentice Veriasa,depth/Apprentice_Veriasa.md,404,https://en.uesp.net/wiki/Online:Apprentice_Veriasa
Online:Aquilia,depth/Aquilia.md,170,https://en.uesp.net/wiki/Online:Aquilia
Online:Arch of the Wild Hunt,depth/Arch_of_the_Wild_Hunt.md,55,https://en.uesp.net/wiki/Online:Arch_of_the_Wild_Hunt
Online:Aralfin,depth/Aralfin.md,139,https://en.uesp.net/wiki/Online:Aralfin
Online:Anguished Refracted Soul,depth/Anguished_Refracted_Soul.md,36,https://en.uesp.net/wiki/Online:Anguished_Refracted_Soul
Online:Anooz-Lurz,depth/Anooz-Lurz.md,28,https://en.uesp.net/wiki/Online:Anooz-Lurz
Online:Arcanum Wing Secrets I,depth/Arcanum_Wing_Secrets_I.md,82,https://en.uesp.net/wiki/Online:Arcanum_Wing_Secrets_I
Online:Arcanum Wing Secrets II,depth/Arcanum_Wing_Secrets_II.md,64,https://en.uesp.net/wiki/Online:Arcanum_Wing_Secrets_II
Online:Arcanum Wing Secrets III,depth/Arcanum_Wing_Secrets_III.md,70,https://en.uesp.net/wiki/Online:Arcanum_Wing_Secrets_III
Online:Arcanum Wing Secrets IV,depth/Arcanum_Wing_Secrets_IV.md,81,https://en.uesp.net/wiki/Online:Arcanum_Wing_Secrets_IV
Online:Arcanum Wing Secrets V,depth/Arcanum_Wing_Secrets_V.md,83,https://en.uesp.net/wiki/Online:Arcanum_Wing_Secrets_V
Online:Arcanum Wing Secrets VI,depth/Arcanum_Wing_Secrets_VI.md,79,https://en.uesp.net/wiki/Online:Arcanum_Wing_Secrets_VI
Online:Arcanum Wing Secrets VII,depth/Arcanum_Wing_Secrets_VII.md,103,https://en.uesp.net/wiki/Online:Arcanum_Wing_Secrets_VII
Online:Ashlander Wise Women,depth/Ashlander_Wise_Women.md,18,https://en.uesp.net/wiki/Online:Ashlander_Wise_Women
Online:Arstul,depth/Arstul.md,158,https://en.uesp.net/wiki/Online:Arstul
Online:Ash Titan (City of Ash II),depth/Ash_Titan_City_of_Ash_II.md,648,https://en.uesp.net/wiki/Online:Ash_Titan_(City_of_Ash_II)
Online:Ariana At-Fara,depth/Ariana_At-Fara.md,211,https://en.uesp.net/wiki/Online:Ariana_At-Fara
Online:Atypical Artistry,depth/Atypical_Artistry.md,616,https://en.uesp.net/wiki/Online:Atypical_Artistry
Online:Astara Caerellius,depth/Astara_Caerellius.md,5551,https://en.uesp.net/wiki/Online:Astara_Caerellius
Online:Argonian Venomcaller,depth/Argonian_Venomcaller.md,142,https://en.uesp.net/wiki/Online:Argonian_Venomcaller
Online:Aspera Arena-Friend,depth/Aspera_Arena-Friend.md,653,https://en.uesp.net/wiki/Online:Aspera_Arena-Friend
Online:Ashlander Mabrigash Hunt Clothes,depth/Ashlander_Mabrigash_Hunt_Clothes.md,176,https://en.uesp.net/wiki/Online:Ashlander_Mabrigash_Hunt_Clothes
Online:The Astronomer's Apprentice,depth/The_Astronomer_s_Apprentice.md,1886,https://en.uesp.net/wiki/Online:The_Astronomer's_Apprentice
Online:Atronach Essence,depth/Atronach_Essence.md,17,https://en.uesp.net/wiki/Online:Atronach_Essence
Online:Artaeum Takeaway Broth,depth/Artaeum_Takeaway_Broth.md,209,https://en.uesp.net/wiki/Online:Artaeum_Takeaway_Broth
Online:Argonian Behemoth (Maelstrom Arena),depth/Argonian_Behemoth_Maelstrom_Arena.md,416,https://en.uesp.net/wiki/Online:Argonian_Behemoth_(Maelstrom_Arena)
Online:Ard Caddach,depth/Ard_Caddach.md,3901,https://en.uesp.net/wiki/Online:Ard_Caddach
Online:Arkthzand Insight Vertex Shroud,depth/Arkthzand_Insight_Vertex_Shroud.md,207,https://en.uesp.net/wiki/Online:Arkthzand_Insight_Vertex_Shroud
Online:Armored Daedroth,depth/Armored_Daedroth.md,55,https://en.uesp.net/wiki/Online:Armored_Daedroth
Online:Ass-Ears Jester Cap,depth/Ass-Ears_Jester_Cap.md,186,https://en.uesp.net/wiki/Online:Ass-Ears_Jester_Cap
Online:Arkthzand Flanged Auspice Shroud,depth/Arkthzand_Flanged_Auspice_Shroud.md,81,https://en.uesp.net/wiki/Online:Arkthzand_Flanged_Auspice_Shroud
Online:Arvel's Ashland Attire,depth/Arvel_s_Ashland_Attire.md,234,https://en.uesp.net/wiki/Online:Arvel's_Ashland_Attire
Online:Armored Dremnaken,depth/Armored_Dremnaken.md,263,https://en.uesp.net/wiki/Online:Armored_Dremnaken
Online:Ascending Tide,depth/Ascending_Tide.md,262,https://en.uesp.net/wiki/Online:Ascending_Tide
Online:Ascendant Archer,depth/Ascendant_Archer.md,224,https://en.uesp.net/wiki/Online:Ascendant_Archer
Online:Ascendant Cryomancer,depth/Ascendant_Cryomancer.md,214,https://en.uesp.net/wiki/Online:Ascendant_Cryomancer
Online:Ascendant Pursuer,depth/Ascendant_Pursuer.md,202,https://en.uesp.net/wiki/Online:Ascendant_Pursuer
Online:Ascendant Stormshaper,depth/Ascendant_Stormshaper.md,44,https://en.uesp.net/wiki/Online:Ascendant_Stormshaper
Online:Ascendant Thundermaul,depth/Ascendant_Thundermaul.md,141,https://en.uesp.net/wiki/Online:Ascendant_Thundermaul
Online:Ascendant Corsair,depth/Ascendant_Corsair.md,154,https://en.uesp.net/wiki/Online:Ascendant_Corsair
Online:Ascendant Militia,depth/Ascendant_Militia.md,230,https://en.uesp.net/wiki/Online:Ascendant_Militia
Online:Ascendant Vigilant,depth/Ascendant_Vigilant.md,186,https://en.uesp.net/wiki/Online:Ascendant_Vigilant
Online:Ascendant Darkblade,depth/Ascendant_Darkblade.md,149,https://en.uesp.net/wiki/Online:Ascendant_Darkblade
Online:Ascendant Order Soldier,depth/Ascendant_Order_Soldier.md,89,https://en.uesp.net/wiki/Online:Ascendant_Order_Soldier
Online:Ash Hopper (pet),depth/Ash_Hopper_pet.md,23,https://en.uesp.net/wiki/Online:Ash_Hopper_(pet)
Online:Ascendant Wamasu,depth/Ascendant_Wamasu.md,46,https://en.uesp.net/wiki/Online:Ascendant_Wamasu
Online:Ashmourning Vvardvark,depth/Ashmourning_Vvardvark.md,72,https://en.uesp.net/wiki/Online:Ashmourning_Vvardvark
Online:Armiger Axing,depth/Armiger_Axing.md,79,https://en.uesp.net/wiki/Online:Armiger_Axing
Online:Ashbone Sabre Cat,depth/Ashbone_Sabre_Cat.md,267,https://en.uesp.net/wiki/Online:Ashbone_Sabre_Cat
"Online:As Above, So Below",depth/As_Above_So_Below.md,223,"https://en.uesp.net/wiki/Online:As_Above,_So_Below"
Online:Ash Titan (Infinite Archive),depth/Ash_Titan_Infinite_Archive.md,255,https://en.uesp.net/wiki/Online:Ash_Titan_(Infinite_Archive)
Online:Arlowe Vettiena,depth/Arlowe_Vettiena.md,319,https://en.uesp.net/wiki/Online:Arlowe_Vettiena
Online:Armaltol the Ageless,depth/Armaltol_the_Ageless.md,1022,https://en.uesp.net/wiki/Online:Armaltol_the_Ageless
Online:Argonian Nisswo,depth/Argonian_Nisswo.md,28,https://en.uesp.net/wiki/Online:Argonian_Nisswo
Online:Armorer Reistaff,depth/Armorer_Reistaff.md,3973,https://en.uesp.net/wiki/Online:Armorer_Reistaff
Online:Atlorn the Lost,depth/Atlorn_the_Lost.md,71,https://en.uesp.net/wiki/Online:Atlorn_the_Lost
Online:Army of Orpheon Dialogue,depth/Army_of_Orpheon_Dialogue.md,242,https://en.uesp.net/wiki/Online:Army_of_Orpheon_Dialogue
Online:Arms of Rescue,depth/Arms_of_Rescue.md,57,https://en.uesp.net/wiki/Online:Arms_of_Rescue
Online:Argent Ozezan the Inferno,depth/Argent_Ozezan_the_Inferno.md,217,https://en.uesp.net/wiki/Online:Argent_Ozezan_the_Inferno
Online:Argent Ash Titan,depth/Argent_Ash_Titan.md,204,https://en.uesp.net/wiki/Online:Argent_Ash_Titan
Online:Argent Kovan Giryon,depth/Argent_Kovan_Giryon.md,242,https://en.uesp.net/wiki/Online:Argent_Kovan_Giryon
Online:Argent Lady Nassulekh,depth/Argent_Lady_Nassulekh.md,289,https://en.uesp.net/wiki/Online:Argent_Lady_Nassulekh
Online:Azarrid's Race,depth/Azarrid_s_Race.md,16,https://en.uesp.net/wiki/Online:Azarrid's_Race
Online:Banekin,depth/Banekin.md,1423,https://en.uesp.net/wiki/Online:Banekin
Online:Avanchnzel,depth/Avanchnzel.md,521,https://en.uesp.net/wiki/Online:Avanchnzel
Online:Balreth,depth/Balreth.md,1151,https://en.uesp.net/wiki/Online:Balreth
Online:Barbas,depth/Barbas.md,3933,https://en.uesp.net/wiki/Online:Barbas
Online:Bakkhara,depth/Bakkhara.md,2364,https://en.uesp.net/wiki/Online:Bakkhara
Online:Aurig Mireh,depth/Aurig_Mireh.md,206,https://en.uesp.net/wiki/Online:Aurig_Mireh
Online:August Afronia,depth/August_Afronia.md,36,https://en.uesp.net/wiki/Online:August_Afronia
Online:Banekin Minion,depth/Banekin_Minion.md,69,https://en.uesp.net/wiki/Online:Banekin_Minion
Online:B'Korgen,depth/B_Korgen.md,462,https://en.uesp.net/wiki/Online:B'Korgen
Online:Balorgh,depth/Balorgh.md,1702,https://en.uesp.net/wiki/Online:Balorgh
Online:Autumn Lurcher,depth/Autumn_Lurcher.md,101,https://en.uesp.net/wiki/Online:Autumn_Lurcher
Online:Augur of the Obscure,depth/Augur_of_the_Obscure.md,6027,https://en.uesp.net/wiki/Online:Augur_of_the_Obscure
Online:Awakened Lurker,depth/Awakened_Lurker.md,220,https://en.uesp.net/wiki/Online:Awakened_Lurker
Online:Awakened Charger,depth/Awakened_Charger.md,199,https://en.uesp.net/wiki/Online:Awakened_Charger
Online:Awakened Blademaster,depth/Awakened_Blademaster.md,163,https://en.uesp.net/wiki/Online:Awakened_Blademaster
Online:Awakened Sharpshooter,depth/Awakened_Sharpshooter.md,190,https://en.uesp.net/wiki/Online:Awakened_Sharpshooter
Online:Awakened Raider,depth/Awakened_Raider.md,235,https://en.uesp.net/wiki/Online:Awakened_Raider
Online:Awakened Militia,depth/Awakened_Militia.md,171,https://en.uesp.net/wiki/Online:Awakened_Militia
Online:Azureblight Hoarvor,depth/Azureblight_Hoarvor.md,46,https://en.uesp.net/wiki/Online:Azureblight_Hoarvor
Online:Azureblight Lurcher,depth/Azureblight_Lurcher.md,100,https://en.uesp.net/wiki/Online:Azureblight_Lurcher
Online:Azureblight Seed,depth/Azureblight_Seed.md,77,https://en.uesp.net/wiki/Online:Azureblight_Seed
Online:Bahalzim,depth/Bahalzim.md,151,https://en.uesp.net/wiki/Online:Bahalzim
Online:Costumes B,depth/Costumes_B.md,1771,https://en.uesp.net/wiki/Online:Costumes_B
Online:Avatar of Fortitude,depth/Avatar_of_Fortitude.md,306,https://en.uesp.net/wiki/Online:Avatar_of_Fortitude
Online:Avatar of Vigor,depth/Avatar_of_Vigor.md,313,https://en.uesp.net/wiki/Online:Avatar_of_Vigor
Online:Avatar of Zeal,depth/Avatar_of_Zeal.md,201,https://en.uesp.net/wiki/Online:Avatar_of_Zeal
Online:Azureblight Cancress,depth/Azureblight_Cancress.md,35,https://en.uesp.net/wiki/Online:Azureblight_Cancress
Online:Banter,depth/Banter.md,17,https://en.uesp.net/wiki/Online:Banter
Online:Azure Blight Wild Hunt Steed,depth/Azure_Blight_Wild_Hunt_Steed.md,174,https://en.uesp.net/wiki/Online:Azure_Blight_Wild_Hunt_Steed
Online:Azure Blight Spriggan,depth/Azure_Blight_Spriggan.md,158,https://en.uesp.net/wiki/Online:Azure_Blight_Spriggan
Online:Barbarian,depth/Barbarian.md,48,https://en.uesp.net/wiki/Online:Barbarian
Online:Baleful Dead Archer,depth/Baleful_Dead_Archer.md,139,https://en.uesp.net/wiki/Online:Baleful_Dead_Archer
Online:Bakh,depth/Bakh.md,937,https://en.uesp.net/wiki/Online:Bakh
Online:Bandit Conjurer,depth/Bandit_Conjurer.md,249,https://en.uesp.net/wiki/Online:Bandit_Conjurer
Online:Bal Sunnar,depth/Bal_Sunnar.md,1609,https://en.uesp.net/wiki/Online:Bal_Sunnar
Online:Azandar's Companion,depth/Azandar_s_Companion.md,105,https://en.uesp.net/wiki/Online:Azandar's_Companion
Online:Azandar al-Cybiades,depth/Azandar_al-Cybiades.md,20627,https://en.uesp.net/wiki/Online:Azandar_al-Cybiades
Online:Azandar al-Cybiades/Rapport,depth/Azandar_al-Cybiades_Rapport.md,335,https://en.uesp.net/wiki/Online:Azandar_al-Cybiades/Rapport
Online:Auroran Commander Helm,depth/Auroran_Commander_Helm.md,109,https://en.uesp.net/wiki/Online:Auroran_Commander_Helm
Online:Bandit Raider,depth/Bandit_Raider.md,21,https://en.uesp.net/wiki/Online:Bandit_Raider
Online:Awakened Fire,depth/Awakened_Fire.md,41,https://en.uesp.net/wiki/Online:Awakened_Fire
Online:Ayleid Warrior,depth/Ayleid_Warrior.md,26,https://en.uesp.net/wiki/Online:Ayleid_Warrior
Online:Avoiding Agony,depth/Avoiding_Agony.md,49,https://en.uesp.net/wiki/Online:Avoiding_Agony
Online:Aulus Previa,depth/Aulus_Previa.md,240,https://en.uesp.net/wiki/Online:Aulus_Previa
Online:Bar-Sakka,depth/Bar-Sakka.md,51,https://en.uesp.net/wiki/Online:Bar-Sakka
Online:Bank Sentry,depth/Bank_Sentry.md,97,https://en.uesp.net/wiki/Online:Bank_Sentry
"Online:Ayleid Cage, Spiked",depth/Ayleid_Cage_Spiked.md,147,"https://en.uesp.net/wiki/Online:Ayleid_Cage,_Spiked"
Online:Bear,depth/Bear.md,1596,https://en.uesp.net/wiki/Online:Bear
Online:Betty Netch,depth/Betty_Netch.md,300,https://en.uesp.net/wiki/Online:Betty_Netch
Online:Battlereeve Urcelmo,depth/Battlereeve_Urcelmo.md,2164,https://en.uesp.net/wiki/Online:Battlereeve_Urcelmo
Online:Baron Sorick,depth/Baron_Sorick.md,687,https://en.uesp.net/wiki/Online:Baron_Sorick
Online:Baroness Leila Montclair,depth/Baroness_Leila_Montclair.md,1266,https://en.uesp.net/wiki/Online:Baroness_Leila_Montclair
Online:Black Dagger Brigand,depth/Black_Dagger_Brigand.md,113,https://en.uesp.net/wiki/Online:Black_Dagger_Brigand
Online:Blacksmiths,depth/Blacksmiths.md,577,https://en.uesp.net/wiki/Online:Blacksmiths
Online:Barid,depth/Barid.md,19,https://en.uesp.net/wiki/Online:Barid
Online:Bekfrydde the Edge,depth/Bekfrydde_the_Edge.md,102,https://en.uesp.net/wiki/Online:Bekfrydde_the_Edge
"Online:The Black Dragon's Journal, Part 2",depth/The_Black_Dragon_s_Journal_Part_2.md,26,"https://en.uesp.net/wiki/Online:The_Black_Dragon's_Journal,_Part_2"
Online:Bi-Color Coxcomb Cap,depth/Bi-Color_Coxcomb_Cap.md,169,https://en.uesp.net/wiki/Online:Bi-Color_Coxcomb_Cap
Online:Blaze Lurcher,depth/Blaze_Lurcher.md,78,https://en.uesp.net/wiki/Online:Blaze_Lurcher
Online:Battlemage Ennodius,depth/Battlemage_Ennodius.md,501,https://en.uesp.net/wiki/Online:Battlemage_Ennodius
Online:Bitter Knight,depth/Bitter_Knight.md,61,https://en.uesp.net/wiki/Online:Bitter_Knight
Online:Black Drake Villa,depth/Black_Drake_Villa.md,919,https://en.uesp.net/wiki/Online:Black_Drake_Villa
Online:Baron Zaudrus,depth/Baron_Zaudrus.md,808,https://en.uesp.net/wiki/Online:Baron_Zaudrus
Online:Bile Glob,depth/Bile_Glob.md,67,https://en.uesp.net/wiki/Online:Bile_Glob
Online:Black Camel of Ill Omen,depth/Black_Camel_of_Ill_Omen.md,236,https://en.uesp.net/wiki/Online:Black_Camel_of_Ill_Omen
Online:Beragon,depth/Beragon.md,27041,https://en.uesp.net/wiki/Online:Beragon
Online:Bastian Hallix,depth/Bastian_Hallix.md,13546,https://en.uesp.net/wiki/Online:Bastian_Hallix
Online:Bear-Lizard Cub,depth/Bear-Lizard_Cub.md,78,https://en.uesp.net/wiki/Online:Bear-Lizard_Cub
Online:Blackwood Monkey,depth/Blackwood_Monkey.md,80,https://en.uesp.net/wiki/Online:Blackwood_Monkey
Online:Blackmarrow Necro-Turban,depth/Blackmarrow_Necro-Turban.md,93,https://en.uesp.net/wiki/Online:Blackmarrow_Necro-Turban
Online:Bard Adistair Virane,depth/Bard_Adistair_Virane.md,355,https://en.uesp.net/wiki/Online:Bard_Adistair_Virane
Online:Bastian Hallix/Rapport,depth/Bastian_Hallix_Rapport.md,232,https://en.uesp.net/wiki/Online:Bastian_Hallix/Rapport
Online:Battlescribe Shadow Bruiser,depth/Battlescribe_Shadow_Bruiser.md,97,https://en.uesp.net/wiki/Online:Battlescribe_Shadow_Bruiser
Online:Beenumpa,depth/Beenumpa.md,106,https://en.uesp.net/wiki/Online:Beenumpa
Online:Bird,depth/Bird.md,983,https://en.uesp.net/wiki/Online:Bird
Online:Big Game,depth/Big_Game.md,70,https://en.uesp.net/wiki/Online:Big_Game
Online:Blacksmith Survey: Summerset,depth/Blacksmith_Survey_Summerset.md,18,https://en.uesp.net/wiki/Online:Blacksmith_Survey:_Summerset
Online:Baron Rize,depth/Baron_Rize.md,218,https://en.uesp.net/wiki/Online:Baron_Rize
Online:Belienne,depth/Belienne.md,2379,https://en.uesp.net/wiki/Online:Belienne
Online:Big Urm,depth/Big_Urm.md,2318,https://en.uesp.net/wiki/Online:Big_Urm
Online:Battlescribe Archer,depth/Battlescribe_Archer.md,106,https://en.uesp.net/wiki/Online:Battlescribe_Archer
Online:Battlescribe Fire Mage,depth/Battlescribe_Fire_Mage.md,112,https://en.uesp.net/wiki/Online:Battlescribe_Fire_Mage
Online:Beragon's Townhouse,depth/Beragon_s_Townhouse.md,239,https://en.uesp.net/wiki/Online:Beragon's_Townhouse
Online:Bismuth Steam Baths,depth/Bismuth_Steam_Baths.md,678,https://en.uesp.net/wiki/Online:Bismuth_Steam_Baths
Online:Blazing Brimstone Aspect,depth/Blazing_Brimstone_Aspect.md,30,https://en.uesp.net/wiki/Online:Blazing_Brimstone_Aspect
Online:Blazing Daedroth,depth/Blazing_Daedroth.md,32,https://en.uesp.net/wiki/Online:Blazing_Daedroth
Online:Black Gem Foundry,depth/Black_Gem_Foundry.md,1392,https://en.uesp.net/wiki/Online:Black_Gem_Foundry
Online:Bashed to Bedrock,depth/Bashed_to_Bedrock.md,168,https://en.uesp.net/wiki/Online:Bashed_to_Bedrock
Online:Big Talker,depth/Big_Talker.md,69,https://en.uesp.net/wiki/Online:Big_Talker
Online:Black Gem Shard,depth/Black_Gem_Shard.md,50,https://en.uesp.net/wiki/Online:Black_Gem_Shard
Online:Birien Militia,depth/Birien_Militia.md,182,https://en.uesp.net/wiki/Online:Birien_Militia
Online:Bilsa Areth,depth/Bilsa_Areth.md,551,https://en.uesp.net/wiki/Online:Bilsa_Areth
Online:Bertus,depth/Bertus.md,43,https://en.uesp.net/wiki/Online:Bertus
Online:Beauty Goddess Lantern,depth/Beauty_Goddess_Lantern.md,30,https://en.uesp.net/wiki/Online:Beauty_Goddess_Lantern
Online:Beauty Goddess Picnic Basket,depth/Beauty_Goddess_Picnic_Basket.md,30,https://en.uesp.net/wiki/Online:Beauty_Goddess_Picnic_Basket
Online:Beauty Goddess Seat Cushion,depth/Beauty_Goddess_Seat_Cushion.md,29,https://en.uesp.net/wiki/Online:Beauty_Goddess_Seat_Cushion
Online:Bent Cat (Nowhere Vault),depth/Bent_Cat_Nowhere_Vault.md,135,https://en.uesp.net/wiki/Online:Bent_Cat_(Nowhere_Vault)
"Online:The Book of Circles, Tirdas Maxims",depth/The_Book_of_Circles_Tirdas_Maxims.md,45,"https://en.uesp.net/wiki/Online:The_Book_of_Circles,_Tirdas_Maxims"
Online:Axes,depth/Axes.md,409,https://en.uesp.net/wiki/Online:Axes
Online:Maces,depth/Maces.md,408,https://en.uesp.net/wiki/Online:Maces
Online:Daggers,depth/Daggers.md,403,https://en.uesp.net/wiki/Online:Daggers
Online:Iron Armor,depth/Iron_Armor.md,1001,https://en.uesp.net/wiki/Online:Iron_Armor
Online:Iron Weapons,depth/Iron_Weapons.md,1013,https://en.uesp.net/wiki/Online:Iron_Weapons
Online:Maple Weapons,depth/Maple_Weapons.md,393,https://en.uesp.net/wiki/Online:Maple_Weapons
Online:Homespun Armor,depth/Homespun_Armor.md,1082,https://en.uesp.net/wiki/Online:Homespun_Armor
Online:Bliss,depth/Bliss.md,18,https://en.uesp.net/wiki/Online:Bliss
Online:Bone Colossus,depth/Bone_Colossus.md,1971,https://en.uesp.net/wiki/Online:Bone_Colossus
Online:Bone Flayer,depth/Bone_Flayer.md,1412,https://en.uesp.net/wiki/Online:Bone_Flayer
Online:The Book of Reason,depth/The_Book_of_Reason.md,37,https://en.uesp.net/wiki/Online:The_Book_of_Reason
Online:Bloodfiend,depth/Bloodfiend.md,650,https://en.uesp.net/wiki/Online:Bloodfiend
Online:Bloodfiend Slasher,depth/Bloodfiend_Slasher.md,34,https://en.uesp.net/wiki/Online:Bloodfiend_Slasher
Online:Blue-Bird,depth/Blue-Bird.md,199,https://en.uesp.net/wiki/Online:Blue-Bird
Online:Body Markings,depth/Body_Markings.md,9334,https://en.uesp.net/wiki/Online:Body_Markings
Online:Crown Store/DLC,depth/Crown_Store_DLC.md,291,https://en.uesp.net/wiki/Online:Crown_Store/DLC
Online:Bone Reaver,depth/Bone_Reaver.md,305,https://en.uesp.net/wiki/Online:Bone_Reaver
Online:Echo of Pelinal's Fury,depth/Echo_of_Pelinal_s_Fury.md,107,https://en.uesp.net/wiki/Online:Echo_of_Pelinal's_Fury
Online:Defending,depth/Defending.md,1390,https://en.uesp.net/wiki/Online:Defending
Online:Bog Blight,depth/Bog_Blight.md,528,https://en.uesp.net/wiki/Online:Bog_Blight
Online:Bloodscent Archer,depth/Bloodscent_Archer.md,254,https://en.uesp.net/wiki/Online:Bloodscent_Archer
Online:Bloodscent Assassin,depth/Bloodscent_Assassin.md,311,https://en.uesp.net/wiki/Online:Bloodscent_Assassin
Online:Ambient Dialogue,depth/Ambient_Dialogue.md,10593,https://en.uesp.net/wiki/Online:Ambient_Dialogue
Online:Blood and Tears,depth/Blood_and_Tears.md,1062,https://en.uesp.net/wiki/Online:Blood_and_Tears
Online:Bone Wyrm,depth/Bone_Wyrm.md,249,https://en.uesp.net/wiki/Online:Bone_Wyrm
Online:The Blood of Old Karth,depth/The_Blood_of_Old_Karth.md,843,https://en.uesp.net/wiki/Online:The_Blood_of_Old_Karth
Online:Blood Knight,depth/Blood_Knight.md,48,https://en.uesp.net/wiki/Online:Blood_Knight
Online:Bloodknight,depth/Bloodknight.md,580,https://en.uesp.net/wiki/Online:Bloodknight
Online:Blood Crawler,depth/Blood_Crawler.md,203,https://en.uesp.net/wiki/Online:Blood_Crawler
Online:Blessed Spriggan,depth/Blessed_Spriggan.md,149,https://en.uesp.net/wiki/Online:Blessed_Spriggan
Online:Bloodroot Wild Hunt Senche,depth/Bloodroot_Wild_Hunt_Senche.md,154,https://en.uesp.net/wiki/Online:Bloodroot_Wild_Hunt_Senche
Online:Blue Torchbug,depth/Blue_Torchbug.md,76,https://en.uesp.net/wiki/Online:Blue_Torchbug
Online:Bog Dog,depth/Bog_Dog.md,393,https://en.uesp.net/wiki/Online:Bog_Dog
Online:Bog Dog Bonecrusher,depth/Bog_Dog_Bonecrusher.md,220,https://en.uesp.net/wiki/Online:Bog_Dog_Bonecrusher
Online:Bloodroot Spriggan,depth/Bloodroot_Spriggan.md,166,https://en.uesp.net/wiki/Online:Bloodroot_Spriggan
Online:Boltwyrm,depth/Boltwyrm.md,60,https://en.uesp.net/wiki/Online:Boltwyrm
Online:Boomerang Blunder,depth/Boomerang_Blunder.md,47,https://en.uesp.net/wiki/Online:Boomerang_Blunder
Online:Gorne,depth/Gorne.md,451,https://en.uesp.net/wiki/Online:Gorne
Online:Blind Path Glazier,depth/Blind_Path_Glazier.md,58,https://en.uesp.net/wiki/Online:Blind_Path_Glazier
Online:Blind Path Hydrophage,depth/Blind_Path_Hydrophage.md,120,https://en.uesp.net/wiki/Online:Blind_Path_Hydrophage
Online:Blood,depth/Blood.md,63,https://en.uesp.net/wiki/Online:Blood
Online:Bolg of Wicked Barbs,depth/Bolg_of_Wicked_Barbs.md,339,https://en.uesp.net/wiki/Online:Bolg_of_Wicked_Barbs
Online:Bloodmaw (West Weald),depth/Bloodmaw_West_Weald.md,177,https://en.uesp.net/wiki/Online:Bloodmaw_(West_Weald)
Online:Blazing Flame Atronach,depth/Blazing_Flame_Atronach.md,35,https://en.uesp.net/wiki/Online:Blazing_Flame_Atronach
Online:Blazing Scamp,depth/Blazing_Scamp.md,21,https://en.uesp.net/wiki/Online:Blazing_Scamp
Online:Blood Drinker Thisa,depth/Blood_Drinker_Thisa.md,143,https://en.uesp.net/wiki/Online:Blood_Drinker_Thisa
Online:Blood Slinger,depth/Blood_Slinger.md,33,https://en.uesp.net/wiki/Online:Blood_Slinger
Online:Bone Effigy,depth/Bone_Effigy.md,122,https://en.uesp.net/wiki/Online:Bone_Effigy
Online:Werewolf,depth/Werewolf.md,1659,https://en.uesp.net/wiki/Online:Werewolf
Online:Bardic Performances,depth/Bardic_Performances.md,14596,https://en.uesp.net/wiki/Online:Bardic_Performances
Online:Soul Shriven in Coldharbour,depth/Soul_Shriven_in_Coldharbour.md,4016,https://en.uesp.net/wiki/Online:Soul_Shriven_in_Coldharbour
Online:Swords,depth/Swords.md,407,https://en.uesp.net/wiki/Online:Swords
Online:Shields,depth/Shields.md,408,https://en.uesp.net/wiki/Online:Shields
Online:Rawhide Armor,depth/Rawhide_Armor.md,947,https://en.uesp.net/wiki/Online:Rawhide_Armor
Online:Ajorda,depth/Ajorda.md,191,https://en.uesp.net/wiki/Online:Ajorda
Online:Ancient Spriggan,depth/Ancient_Spriggan.md,216,https://en.uesp.net/wiki/Online:Ancient_Spriggan
Online:The Ties that Bind,depth/The_Ties_that_Bind.md,1413,https://en.uesp.net/wiki/Online:The_Ties_that_Bind
Online:Armory Merchants (Eastern Elsweyr Gate),depth/Armory_Merchants_Eastern_Elsweyr_Gate.md,64,https://en.uesp.net/wiki/Online:Armory_Merchants_(Eastern_Elsweyr_Gate)
Online:Armory Merchants (Western Elsweyr Gate),depth/Armory_Merchants_Western_Elsweyr_Gate.md,62,https://en.uesp.net/wiki/Online:Armory_Merchants_(Western_Elsweyr_Gate)
Online:The Adjudicator,depth/The_Adjudicator.md,510,https://en.uesp.net/wiki/Online:The_Adjudicator
Online:Crown Store/all,depth/Crown_Store_all.md,201,https://en.uesp.net/wiki/Online:Crown_Store/all
Online:Ache for Cake,depth/Ache_for_Cake.md,1233,https://en.uesp.net/wiki/Online:Ache_for_Cake
Online:Crown Store/Crafting/Mimic Stones,depth/Crown_Store_Crafting_Mimic_Stones.md,147,https://en.uesp.net/wiki/Online:Crown_Store/Crafting/Mimic_Stones
Online:Auridon Adventurer,depth/Auridon_Adventurer.md,108,https://en.uesp.net/wiki/Online:Auridon_Adventurer
Online:Alik'r Desert Adventurer,depth/Alik_r_Desert_Adventurer.md,97,https://en.uesp.net/wiki/Online:Alik'r_Desert_Adventurer
Online:Bangkorai Adventurer,depth/Bangkorai_Adventurer.md,123,https://en.uesp.net/wiki/Online:Bangkorai_Adventurer
Online:Tree-Minder's Mania,depth/Tree-Minder_s_Mania.md,366,https://en.uesp.net/wiki/Online:Tree-Minder's_Mania
Online:Athrahgor,depth/Athrahgor.md,786,https://en.uesp.net/wiki/Online:Athrahgor
Online:Assembly General,depth/Assembly_General.md,1527,https://en.uesp.net/wiki/Online:Assembly_General
Online:Ashur,depth/Ashur.md,7677,https://en.uesp.net/wiki/Online:Ashur
Online:Sharpened,depth/Sharpened.md,1391,https://en.uesp.net/wiki/Online:Sharpened
Online:Zalknir,depth/Zalknir.md,77,https://en.uesp.net/wiki/Online:Zalknir
Online:Baldan,depth/Baldan.md,830,https://en.uesp.net/wiki/Online:Baldan
Online:Bahlokdaan,depth/Bahlokdaan.md,481,https://en.uesp.net/wiki/Online:Bahlokdaan
Online:Azureblight Swarm,depth/Azureblight_Swarm.md,76,https://en.uesp.net/wiki/Online:Azureblight_Swarm
Online:Year One Celebration,depth/Year_One_Celebration.md,610,https://en.uesp.net/wiki/Online:Year_One_Celebration
Online:Arkasis the Mad Alchemist,depth/Arkasis_the_Mad_Alchemist.md,2865,https://en.uesp.net/wiki/Online:Arkasis_the_Mad_Alchemist
Online:Ashen Infernace Gate,depth/Ashen_Infernace_Gate.md,237,https://en.uesp.net/wiki/Online:Ashen_Infernace_Gate
Online:Aspirant Langley,depth/Aspirant_Langley.md,1110,https://en.uesp.net/wiki/Online:Aspirant_Langley
Online:Aspect of the Lion,depth/Aspect_of_the_Lion.md,140,https://en.uesp.net/wiki/Online:Aspect_of_the_Lion
Online:Aspect of the Wamasu,depth/Aspect_of_the_Wamasu.md,169,https://en.uesp.net/wiki/Online:Aspect_of_the_Wamasu
Online:Ascendant Gryphon,depth/Ascendant_Gryphon.md,54,https://en.uesp.net/wiki/Online:Ascendant_Gryphon
Online:2025 Content Pass,depth/2025_Content_Pass.md,691,https://en.uesp.net/wiki/Online:2025_Content_Pass
Online:Bahtra at-Hunding,depth/Bahtra_at-Hunding.md,1577,https://en.uesp.net/wiki/Online:Bahtra_at-Hunding
Online:Zone Guide/Solstice,depth/Zone_Guide_Solstice.md,547,https://en.uesp.net/wiki/Online:Zone_Guide/Solstice
Online:Antiquarian Telderrin,depth/Antiquarian_Telderrin.md,144,https://en.uesp.net/wiki/Online:Antiquarian_Telderrin
Online:Argenta,depth/Argenta.md,1306,https://en.uesp.net/wiki/Online:Argenta
Online:Ashayuna,depth/Ashayuna.md,880,https://en.uesp.net/wiki/Online:Ashayuna
Online:Bak-Deelith Dosu-Jasuda,depth/Bak-Deelith_Dosu-Jasuda.md,1562,https://en.uesp.net/wiki/Online:Bak-Deelith_Dosu-Jasuda
Online:Bak-Deelith Xankapa,depth/Bak-Deelith_Xankapa.md,1246,https://en.uesp.net/wiki/Online:Bak-Deelith_Xankapa
Online:Armelle Madach,depth/Armelle_Madach.md,1810,https://en.uesp.net/wiki/Online:Armelle_Madach
Online:Ashbound Vampires Dialogue,depth/Ashbound_Vampires_Dialogue.md,48,https://en.uesp.net/wiki/Online:Ashbound_Vampires_Dialogue
Online:Azisa the Keeper,depth/Azisa_the_Keeper.md,1490,https://en.uesp.net/wiki/Online:Azisa_the_Keeper
Online:Audacious Athlete,depth/Audacious_Athlete.md,93,https://en.uesp.net/wiki/Online:Audacious_Athlete
Online:Adding to the Collection,depth/Adding_to_the_Collection.md,423,https://en.uesp.net/wiki/Online:Adding_to_the_Collection
Online:Aspect of Rage,depth/Aspect_of_Rage.md,214,https://en.uesp.net/wiki/Online:Aspect_of_Rage
Online:Aspect of Sorrow,depth/Aspect_of_Sorrow.md,216,https://en.uesp.net/wiki/Online:Aspect_of_Sorrow
Online:Aud Soft-Hands,depth/Aud_Soft-Hands.md,505,https://en.uesp.net/wiki/Online:Aud_Soft-Hands
Online:Chat,depth/Chat.md,1721,https://en.uesp.net/wiki/Online:Chat
Online:Brother Gerard,depth/Brother_Gerard.md,940,https://en.uesp.net/wiki/Online:Brother_Gerard
Online:Caravan Crest,depth/Caravan_Crest.md,201,https://en.uesp.net/wiki/Online:Caravan_Crest
Online:Captain One-Eye,depth/Captain_One-Eye.md,7953,https://en.uesp.net/wiki/Online:Captain_One-Eye
Online:Begnar,depth/Begnar.md,357,https://en.uesp.net/wiki/Online:Begnar
Online:Captain Minwe,depth/Captain_Minwe.md,162,https://en.uesp.net/wiki/Online:Captain_Minwe
Online:Cariel,depth/Cariel.md,10292,https://en.uesp.net/wiki/Online:Cariel
Online:Chimer Deadeye,depth/Chimer_Deadeye.md,63,https://en.uesp.net/wiki/Online:Chimer_Deadeye
Online:Chimer Soldier,depth/Chimer_Soldier.md,64,https://en.uesp.net/wiki/Online:Chimer_Soldier
Online:The Charge of Evermore,depth/The_Charge_of_Evermore.md,3991,https://en.uesp.net/wiki/Online:The_Charge_of_Evermore
Online:Caecilus Bursio,depth/Caecilus_Bursio.md,464,https://en.uesp.net/wiki/Online:Caecilus_Bursio
Online:Broken Promises,depth/Broken_Promises.md,471,https://en.uesp.net/wiki/Online:Broken_Promises
Online:Chief Inspector Rhanbiq,depth/Chief_Inspector_Rhanbiq.md,1792,https://en.uesp.net/wiki/Online:Chief_Inspector_Rhanbiq
Online:Capture Resource,depth/Capture_Resource.md,2561,https://en.uesp.net/wiki/Online:Capture_Resource
Online:Chief Three-Fang,depth/Chief_Three-Fang.md,140,https://en.uesp.net/wiki/Online:Chief_Three-Fang
Online:Carved Mage,depth/Carved_Mage.md,387,https://en.uesp.net/wiki/Online:Carved_Mage
Online:Burr,depth/Burr.md,385,https://en.uesp.net/wiki/Online:Burr
Online:Chevalier Renald,depth/Chevalier_Renald.md,2906,https://en.uesp.net/wiki/Online:Chevalier_Renald
Online:Captain Vrol,depth/Captain_Vrol.md,589,https://en.uesp.net/wiki/Online:Captain_Vrol
Online:Behemoth Beleaguerer,depth/Behemoth_Beleaguerer.md,169,https://en.uesp.net/wiki/Online:Behemoth_Beleaguerer
Online:Brazier of Frozen Flame,depth/Brazier_of_Frozen_Flame.md,225,https://en.uesp.net/wiki/Online:Brazier_of_Frozen_Flame
Online:The Burn,depth/The_Burn.md,145,https://en.uesp.net/wiki/Online:The_Burn
Online:Chal-Jat,depth/Chal-Jat.md,408,https://en.uesp.net/wiki/Online:Chal-Jat
Online:A Bone to Pick,depth/A_Bone_to_Pick.md,86,https://en.uesp.net/wiki/Online:A_Bone_to_Pick
Online:Beexilko,depth/Beexilko.md,238,https://en.uesp.net/wiki/Online:Beexilko
Online:Bedlam Veil,depth/Bedlam_Veil.md,1544,https://en.uesp.net/wiki/Online:Bedlam_Veil
Online:Carvain Hunter,depth/Carvain_Hunter.md,212,https://en.uesp.net/wiki/Online:Carvain_Hunter
Online:Carvain Mauler,depth/Carvain_Mauler.md,178,https://en.uesp.net/wiki/Online:Carvain_Mauler
Online:Carvain Vigilant,depth/Carvain_Vigilant.md,177,https://en.uesp.net/wiki/Online:Carvain_Vigilant
Online:Battle for the Writhing Wall,depth/Battle_for_the_Writhing_Wall.md,2744,https://en.uesp.net/wiki/Online:Battle_for_the_Writhing_Wall
Online:Captain Genevé Delitian,depth/Captain_Genev_Delitian.md,2768,https://en.uesp.net/wiki/Online:Captain_Genevé_Delitian
Online:Britt the Bold,depth/Britt_the_Bold.md,4990,https://en.uesp.net/wiki/Online:Britt_the_Bold
Online:Barogar,depth/Barogar.md,619,https://en.uesp.net/wiki/Online:Barogar
Online:Brunnduhl,depth/Brunnduhl.md,901,https://en.uesp.net/wiki/Online:Brunnduhl
Online:Cadaver Crunch,depth/Cadaver_Crunch.md,68,https://en.uesp.net/wiki/Online:Cadaver_Crunch
Online:Captain Velehk Sain,depth/Captain_Velehk_Sain.md,1227,https://en.uesp.net/wiki/Online:Captain_Velehk_Sain
Online:Carmana Celatus,depth/Carmana_Celatus.md,906,https://en.uesp.net/wiki/Online:Carmana_Celatus
Online:Caterwaul Crew Dialogue,depth/Caterwaul_Crew_Dialogue.md,180,https://en.uesp.net/wiki/Online:Caterwaul_Crew_Dialogue
Online:Buccaneer Bay,depth/Buccaneer_Bay.md,1189,https://en.uesp.net/wiki/Online:Buccaneer_Bay
Online:Captain Sansonne,depth/Captain_Sansonne.md,4670,https://en.uesp.net/wiki/Online:Captain_Sansonne
Online:Cartel Ruffian,depth/Cartel_Ruffian.md,323,https://en.uesp.net/wiki/Online:Cartel_Ruffian
Online:Basil Menant,depth/Basil_Menant.md,3843,https://en.uesp.net/wiki/Online:Basil_Menant
Online:Bryggid Silver-Eye,depth/Bryggid_Silver-Eye.md,1681,https://en.uesp.net/wiki/Online:Bryggid_Silver-Eye
Online:Brazen Eradication,depth/Brazen_Eradication.md,985,https://en.uesp.net/wiki/Online:Brazen_Eradication
Online:Bone Wyrm (Timeless Wallow),depth/Bone_Wyrm_Timeless_Wallow.md,302,https://en.uesp.net/wiki/Online:Bone_Wyrm_(Timeless_Wallow)
"Online:Cambio Zammes, Rooster in Exile",depth/Cambio_Zammes_Rooster_in_Exile.md,363,"https://en.uesp.net/wiki/Online:Cambio_Zammes,_Rooster_in_Exile"
Online:Camonna Tong Dialogue,depth/Camonna_Tong_Dialogue.md,404,https://en.uesp.net/wiki/Online:Camonna_Tong_Dialogue
Online:Birien Estate,depth/Birien_Estate.md,691,https://en.uesp.net/wiki/Online:Birien_Estate
Online:Baron-Captain Olsien Guy Mard,depth/Baron-Captain_Olsien_Guy_Mard.md,3354,https://en.uesp.net/wiki/Online:Baron-Captain_Olsien_Guy_Mard
"Online:Book, Ship's Log",depth/Book_Ship_s_Log.md,55,"https://en.uesp.net/wiki/Online:Book,_Ship's_Log"
Online:Dark Anchors,depth/Dark_Anchors.md,2104,https://en.uesp.net/wiki/Online:Dark_Anchors
Online:Delves,depth/Delves.md,1123,https://en.uesp.net/wiki/Online:Delves
Online:Dragonstar Arena,depth/Dragonstar_Arena.md,2729,https://en.uesp.net/wiki/Online:Dragonstar_Arena
Online:Darien Gautier,depth/Darien_Gautier.md,42669,https://en.uesp.net/wiki/Online:Darien_Gautier
Online:Down the Skeever Hole,depth/Down_the_Skeever_Hole.md,942,https://en.uesp.net/wiki/Online:Down_the_Skeever_Hole
Online:Conjurer Squan,depth/Conjurer_Squan.md,465,https://en.uesp.net/wiki/Online:Conjurer_Squan
Online:The Cutpurse's Craft,depth/The_Cutpurse_s_Craft.md,462,https://en.uesp.net/wiki/Online:The_Cutpurse's_Craft
Online:Daedric Arch,depth/Daedric_Arch.md,648,https://en.uesp.net/wiki/Online:Daedric_Arch
Online:Dark Revelations,depth/Dark_Revelations.md,3705,https://en.uesp.net/wiki/Online:Dark_Revelations
Online:Countess Viatrix Celata,depth/Countess_Viatrix_Celata.md,370,https://en.uesp.net/wiki/Online:Countess_Viatrix_Celata
Online:Cunning Scamp,depth/Cunning_Scamp.md,527,https://en.uesp.net/wiki/Online:Cunning_Scamp
Online:Coldharbour Angler,depth/Coldharbour_Angler.md,103,https://en.uesp.net/wiki/Online:Coldharbour_Angler
Online:Deshaan Adventurer,depth/Deshaan_Adventurer.md,103,https://en.uesp.net/wiki/Online:Deshaan_Adventurer
Online:Coldharbour Adventurer,depth/Coldharbour_Adventurer.md,84,https://en.uesp.net/wiki/Online:Coldharbour_Adventurer
Online:Cold-Blood Cavern,depth/Cold-Blood_Cavern.md,338,https://en.uesp.net/wiki/Online:Cold-Blood_Cavern
Online:Divine Inquiries,depth/Divine_Inquiries.md,4492,https://en.uesp.net/wiki/Online:Divine_Inquiries
Online:Domihaus the Bloody-Horned,depth/Domihaus_the_Bloody-Horned.md,883,https://en.uesp.net/wiki/Online:Domihaus_the_Bloody-Horned
Online:Culture Clash,depth/Culture_Clash.md,3907,https://en.uesp.net/wiki/Online:Culture_Clash
Online:Claim-Staker,depth/Claim-Staker.md,48,https://en.uesp.net/wiki/Online:Claim-Staker
Online:Dragon,depth/Dragon.md,2927,https://en.uesp.net/wiki/Online:Dragon
Online:Collectible Emotes,depth/Collectible_Emotes.md,8260,https://en.uesp.net/wiki/Online:Collectible_Emotes
Online:Death Hunter Warpriest,depth/Death_Hunter_Warpriest.md,599,https://en.uesp.net/wiki/Online:Death_Hunter_Warpriest
Online:Dixulti the Moldering,depth/Dixulti_the_Moldering.md,406,https://en.uesp.net/wiki/Online:Dixulti_the_Moldering
Online:Companions,depth/Companions.md,3668,https://en.uesp.net/wiki/Online:Companions
Online:Councilor Vandacia,depth/Councilor_Vandacia.md,3629,https://en.uesp.net/wiki/Online:Councilor_Vandacia
Online:Cyronin Artellian,depth/Cyronin_Artellian.md,969,https://en.uesp.net/wiki/Online:Cyronin_Artellian
"Online:Clockwork Slide Calipers, Handheld",depth/Clockwork_Slide_Calipers_Handheld.md,34,"https://en.uesp.net/wiki/Online:Clockwork_Slide_Calipers,_Handheld"
Online:Dame Hendra Trieve,depth/Dame_Hendra_Trieve.md,402,https://en.uesp.net/wiki/Online:Dame_Hendra_Trieve
Online:Delven Veloise,depth/Delven_Veloise.md,498,https://en.uesp.net/wiki/Online:Delven_Veloise
Online:Court Collector,depth/Court_Collector.md,122,https://en.uesp.net/wiki/Online:Court_Collector
Online:Chiseling out Corruption,depth/Chiseling_out_Corruption.md,119,https://en.uesp.net/wiki/Online:Chiseling_out_Corruption
Online:Dousing Exterminator,depth/Dousing_Exterminator.md,205,https://en.uesp.net/wiki/Online:Dousing_Exterminator
Online:Cipher Guard,depth/Cipher_Guard.md,88,https://en.uesp.net/wiki/Online:Cipher_Guard
Online:Corrupted Lurker,depth/Corrupted_Lurker.md,195,https://en.uesp.net/wiki/Online:Corrupted_Lurker
Online:The Double Edge,depth/The_Double_Edge.md,5287,https://en.uesp.net/wiki/Online:The_Double_Edge
Online:Corrupt Merchant,depth/Corrupt_Merchant.md,94,https://en.uesp.net/wiki/Online:Corrupt_Merchant
Online:Dawnwood Note,depth/Dawnwood_Note.md,89,https://en.uesp.net/wiki/Online:Dawnwood_Note
Online:Dark Company Dialogue,depth/Dark_Company_Dialogue.md,525,https://en.uesp.net/wiki/Online:Dark_Company_Dialogue
Online:Deserter Storm Mage,depth/Deserter_Storm_Mage.md,219,https://en.uesp.net/wiki/Online:Deserter_Storm_Mage
Online:Commoner (Solstice),depth/Commoner_Solstice.md,311,https://en.uesp.net/wiki/Online:Commoner_(Solstice)
Online:Cirwynia,depth/Cirwynia.md,2809,https://en.uesp.net/wiki/Online:Cirwynia
Online:Controlled Demolition,depth/Controlled_Demolition.md,149,https://en.uesp.net/wiki/Online:Controlled_Demolition
Online:Debris Dodger,depth/Debris_Dodger.md,84,https://en.uesp.net/wiki/Online:Debris_Dodger
Online:Dispersive Defeat,depth/Dispersive_Defeat.md,327,https://en.uesp.net/wiki/Online:Dispersive_Defeat
Online:Darkbinder Skull Archer,depth/Darkbinder_Skull_Archer.md,180,https://en.uesp.net/wiki/Online:Darkbinder_Skull_Archer
Online:The Deep Tombs of Xul-Haj,depth/The_Deep_Tombs_of_Xul-Haj.md,3107,https://en.uesp.net/wiki/Online:The_Deep_Tombs_of_Xul-Haj
Online:Dark Adept Kor-Zakul,depth/Dark_Adept_Kor-Zakul.md,529,https://en.uesp.net/wiki/Online:Dark_Adept_Kor-Zakul
Online:Dorfifar,depth/Dorfifar.md,1029,https://en.uesp.net/wiki/Online:Dorfifar
Online:Dark and Empty Spaces,depth/Dark_and_Empty_Spaces.md,438,https://en.uesp.net/wiki/Online:Dark_and_Empty_Spaces
Online:Daggerfall (The Nowhere Keys),depth/Daggerfall_The_Nowhere_Keys.md,181,https://en.uesp.net/wiki/Online:Daggerfall_(The_Nowhere_Keys)
Online:Duke Sebastien,depth/Duke_Sebastien.md,1438,https://en.uesp.net/wiki/Online:Duke_Sebastien
Online:Draugr Wight,depth/Draugr_Wight.md,580,https://en.uesp.net/wiki/Online:Draugr_Wight
Online:Duke of Crows,depth/Duke_of_Crows.md,3885,https://en.uesp.net/wiki/Online:Duke_of_Crows
Online:Feldrasa,depth/Feldrasa.md,187,https://en.uesp.net/wiki/Online:Feldrasa
Online:Encounters,depth/Encounters.md,10562,https://en.uesp.net/wiki/Online:Encounters
Online:Eveli Sharp-Arrow,depth/Eveli_Sharp-Arrow.md,42248,https://en.uesp.net/wiki/Online:Eveli_Sharp-Arrow
Online:Fa-Nuit-Hen,depth/Fa-Nuit-Hen.md,6041,https://en.uesp.net/wiki/Online:Fa-Nuit-Hen
Online:Edthas,depth/Edthas.md,222,https://en.uesp.net/wiki/Online:Edthas
Online:Elam Drals,depth/Elam_Drals.md,6866,https://en.uesp.net/wiki/Online:Elam_Drals
Online:Dranos Velador,depth/Dranos_Velador.md,851,https://en.uesp.net/wiki/Online:Dranos_Velador
Online:Dreet-Wulm,depth/Dreet-Wulm.md,1321,https://en.uesp.net/wiki/Online:Dreet-Wulm
Online:Dro-m'Athra Hulk,depth/Dro-m_Athra_Hulk.md,155,https://en.uesp.net/wiki/Online:Dro-m'Athra_Hulk
Online:Dungeon Annihilator,depth/Dungeon_Annihilator.md,85,https://en.uesp.net/wiki/Online:Dungeon_Annihilator
Online:Dungeon Lord,depth/Dungeon_Lord.md,113,https://en.uesp.net/wiki/Online:Dungeon_Lord
Online:Eastmarch Adventurer,depth/Eastmarch_Adventurer.md,91,https://en.uesp.net/wiki/Online:Eastmarch_Adventurer
Online:Elfbetta the Shy,depth/Elfbetta_the_Shy.md,3048,https://en.uesp.net/wiki/Online:Elfbetta_the_Shy
Online:Falkreath Hold,depth/Falkreath_Hold.md,2393,https://en.uesp.net/wiki/Online:Falkreath_Hold
Online:Erilthel,depth/Erilthel.md,5827,https://en.uesp.net/wiki/Online:Erilthel
Online:Fearless Physician,depth/Fearless_Physician.md,54,https://en.uesp.net/wiki/Online:Fearless_Physician
Online:Elsbytte,depth/Elsbytte.md,1820,https://en.uesp.net/wiki/Online:Elsbytte
Online:Edjar,depth/Edjar.md,1163,https://en.uesp.net/wiki/Online:Edjar
Online:Eslyn,depth/Eslyn.md,3182,https://en.uesp.net/wiki/Online:Eslyn
Online:Eerie Elk of Dread,depth/Eerie_Elk_of_Dread.md,178,https://en.uesp.net/wiki/Online:Eerie_Elk_of_Dread
Online:Dro-m'Athra Senche,depth/Dro-m_Athra_Senche.md,362,https://en.uesp.net/wiki/Online:Dro-m'Athra_Senche
Online:Faric Gemain,depth/Faric_Gemain.md,4012,https://en.uesp.net/wiki/Online:Faric_Gemain
Online:Exploding Banekin,depth/Exploding_Banekin.md,165,https://en.uesp.net/wiki/Online:Exploding_Banekin
Online:Eorda,depth/Eorda.md,723,https://en.uesp.net/wiki/Online:Eorda
Online:Dreythan Ras,depth/Dreythan_Ras.md,436,https://en.uesp.net/wiki/Online:Dreythan_Ras
Online:Druid Audrine,depth/Druid_Audrine.md,3803,https://en.uesp.net/wiki/Online:Druid_Audrine
Online:Ember,depth/Ember.md,18046,https://en.uesp.net/wiki/Online:Ember
Online:Dreadsail Slayer,depth/Dreadsail_Slayer.md,116,https://en.uesp.net/wiki/Online:Dreadsail_Slayer
Online:Drowned Assassin,depth/Drowned_Assassin.md,141,https://en.uesp.net/wiki/Online:Drowned_Assassin
Online:Druid Branagh,depth/Druid_Branagh.md,187,https://en.uesp.net/wiki/Online:Druid_Branagh
Online:Dralys Athren,depth/Dralys_Athren.md,1835,https://en.uesp.net/wiki/Online:Dralys_Athren
Online:Exarchanic Yaseyla,depth/Exarchanic_Yaseyla.md,287,https://en.uesp.net/wiki/Online:Exarchanic_Yaseyla
Online:Endris,depth/Endris.md,304,https://en.uesp.net/wiki/Online:Endris
Online:Ezhkel,depth/Ezhkel.md,3968,https://en.uesp.net/wiki/Online:Ezhkel
Online:Fallen-Knives,depth/Fallen-Knives.md,2355,https://en.uesp.net/wiki/Online:Fallen-Knives
Online:The Endling (Infinite Archive),depth/The_Endling_Infinite_Archive.md,241,https://en.uesp.net/wiki/Online:The_Endling_(Infinite_Archive)
Online:Fallen Leaves of West Weald,depth/Fallen_Leaves_of_West_Weald.md,685,https://en.uesp.net/wiki/Online:Fallen_Leaves_of_West_Weald
Online:Exiled Redoubt,depth/Exiled_Redoubt.md,782,https://en.uesp.net/wiki/Online:Exiled_Redoubt
Online:Executioner Jerensi,depth/Executioner_Jerensi.md,631,https://en.uesp.net/wiki/Online:Executioner_Jerensi
Online:Eric Wrobel,depth/Eric_Wrobel.md,234,https://en.uesp.net/wiki/Online:Eric_Wrobel
Online:Ethrolo,depth/Ethrolo.md,736,https://en.uesp.net/wiki/Online:Ethrolo
Online:Dreadful Abductor,depth/Dreadful_Abductor.md,346,https://en.uesp.net/wiki/Online:Dreadful_Abductor
Online:Endarcar,depth/Endarcar.md,104,https://en.uesp.net/wiki/Online:Endarcar
Online:Essynia,depth/Essynia.md,1006,https://en.uesp.net/wiki/Online:Essynia
Online:Edwane the Hawk,depth/Edwane_the_Hawk.md,14394,https://en.uesp.net/wiki/Online:Edwane_the_Hawk
Online:Faceted Lich,depth/Faceted_Lich.md,62,https://en.uesp.net/wiki/Online:Faceted_Lich
Online:Ending the Louse-Whisperers,depth/Ending_the_Louse-Whisperers.md,147,https://en.uesp.net/wiki/Online:Ending_the_Louse-Whisperers
Online:Flame Atronach,depth/Flame_Atronach.md,2265,https://en.uesp.net/wiki/Online:Flame_Atronach
Online:The Great Tree,depth/The_Great_Tree.md,1296,https://en.uesp.net/wiki/Online:The_Great_Tree
Online:Graccus,depth/Graccus.md,406,https://en.uesp.net/wiki/Online:Graccus
Online:Gathwen,depth/Gathwen.md,4089,https://en.uesp.net/wiki/Online:Gathwen
Online:Gabrielle Benele,depth/Gabrielle_Benele.md,19226,https://en.uesp.net/wiki/Online:Gabrielle_Benele
Online:Gagni,depth/Gagni.md,96,https://en.uesp.net/wiki/Online:Gagni
Online:Fingaenion,depth/Fingaenion.md,2262,https://en.uesp.net/wiki/Online:Fingaenion
Online:Gold Edition,depth/Gold_Edition.md,180,https://en.uesp.net/wiki/Online:Gold_Edition
Online:Fengrin,depth/Fengrin.md,111,https://en.uesp.net/wiki/Online:Fengrin
Online:Grand Dragonknight Slayer,depth/Grand_Dragonknight_Slayer.md,90,https://en.uesp.net/wiki/Online:Grand_Dragonknight_Slayer
Online:Grand Nightblade Slayer,depth/Grand_Nightblade_Slayer.md,90,https://en.uesp.net/wiki/Online:Grand_Nightblade_Slayer
Online:Grand Sorcerer Slayer,depth/Grand_Sorcerer_Slayer.md,90,https://en.uesp.net/wiki/Online:Grand_Sorcerer_Slayer
Online:Grand Templar Slayer,depth/Grand_Templar_Slayer.md,91,https://en.uesp.net/wiki/Online:Grand_Templar_Slayer
Online:Grahtwood Adventurer,depth/Grahtwood_Adventurer.md,107,https://en.uesp.net/wiki/Online:Grahtwood_Adventurer
Online:Greenshade Adventurer,depth/Greenshade_Adventurer.md,94,https://en.uesp.net/wiki/Online:Greenshade_Adventurer
Online:Glenumbra Adventurer,depth/Glenumbra_Adventurer.md,105,https://en.uesp.net/wiki/Online:Glenumbra_Adventurer
Online:Grand Topal Hideaway,depth/Grand_Topal_Hideaway.md,962,https://en.uesp.net/wiki/Online:Grand_Topal_Hideaway
Online:Grand Warden Slayer,depth/Grand_Warden_Slayer.md,91,https://en.uesp.net/wiki/Online:Grand_Warden_Slayer
Online:Followers,depth/Followers.md,2933,https://en.uesp.net/wiki/Online:Followers
Online:Grand Standard-Bearer,depth/Grand_Standard-Bearer.md,58,https://en.uesp.net/wiki/Online:Grand_Standard-Bearer
Online:Fiendish Flora,depth/Fiendish_Flora.md,207,https://en.uesp.net/wiki/Online:Fiendish_Flora
Online:Grand Necromancer Slayer,depth/Grand_Necromancer_Slayer.md,90,https://en.uesp.net/wiki/Online:Grand_Necromancer_Slayer
Online:Gadnalon,depth/Gadnalon.md,1771,https://en.uesp.net/wiki/Online:Gadnalon
Online:Flame-Herald Bahsei,depth/Flame-Herald_Bahsei.md,1283,https://en.uesp.net/wiki/Online:Flame-Herald_Bahsei
Online:Font of Auri-El,depth/Font_of_Auri-El.md,204,https://en.uesp.net/wiki/Online:Font_of_Auri-El
Online:The Firepot,depth/The_Firepot.md,188,https://en.uesp.net/wiki/Online:The_Firepot
Online:Founder's Foe,depth/Founder_s_Foe.md,174,https://en.uesp.net/wiki/Online:Founder's_Foe
Online:Full Tour,depth/Full_Tour.md,163,https://en.uesp.net/wiki/Online:Full_Tour
Online:Glurdekh,depth/Glurdekh.md,73,https://en.uesp.net/wiki/Online:Glurdekh
Online:Green Serpent Bandit,depth/Green_Serpent_Bandit.md,245,https://en.uesp.net/wiki/Online:Green_Serpent_Bandit
Online:Golems,depth/Golems.md,74,https://en.uesp.net/wiki/Online:Golems
Online:Grand Arcanist Slayer,depth/Grand_Arcanist_Slayer.md,124,https://en.uesp.net/wiki/Online:Grand_Arcanist_Slayer
Online:Filer Jun,depth/Filer_Jun.md,849,https://en.uesp.net/wiki/Online:Filer_Jun
Online:Flothlozel,depth/Flothlozel.md,470,https://en.uesp.net/wiki/Online:Flothlozel
Online:Gray Host Dialogue,depth/Gray_Host_Dialogue.md,2050,https://en.uesp.net/wiki/Online:Gray_Host_Dialogue
Online:Flavius Mocilla,depth/Flavius_Mocilla.md,81,https://en.uesp.net/wiki/Online:Flavius_Mocilla
Online:Ghemvas the Harbinger (Infinite Archive),depth/Ghemvas_the_Harbinger_Infinite_Archive.md,203,https://en.uesp.net/wiki/Online:Ghemvas_the_Harbinger_(Infinite_Archive)
Online:Golden Pursuits,depth/Golden_Pursuits.md,15489,https://en.uesp.net/wiki/Online:Golden_Pursuits
Online:Garvin the Tracker,depth/Garvin_the_Tracker.md,850,https://en.uesp.net/wiki/Online:Garvin_the_Tracker
Online:Goat (The Everlasting Fair),depth/Goat_The_Everlasting_Fair.md,5005,https://en.uesp.net/wiki/Online:Goat_(The_Everlasting_Fair)
Online:Gahz,depth/Gahz.md,5089,https://en.uesp.net/wiki/Online:Gahz
Online:General Zasimba,depth/General_Zasimba.md,1411,https://en.uesp.net/wiki/Online:General_Zasimba
Online:Gemcarver Hynax,depth/Gemcarver_Hynax.md,149,https://en.uesp.net/wiki/Online:Gemcarver_Hynax
Online:Gaelle Notte,depth/Gaelle_Notte.md,1065,https://en.uesp.net/wiki/Online:Gaelle_Notte
Online:The Golden Knight,depth/The_Golden_Knight.md,4304,https://en.uesp.net/wiki/Online:The_Golden_Knight
Online:Gilded B'Kyfxi,depth/Gilded_B_Kyfxi.md,811,https://en.uesp.net/wiki/Online:Gilded_B'Kyfxi
Online:Gavin Koldane,depth/Gavin_Koldane.md,1506,https://en.uesp.net/wiki/Online:Gavin_Koldane
Online:Granny's Eel Pie,depth/Granny_s_Eel_Pie.md,109,https://en.uesp.net/wiki/Online:Granny's_Eel_Pie
Online:Grand Steadfast Shieldwarden,depth/Grand_Steadfast_Shieldwarden.md,148,https://en.uesp.net/wiki/Online:Grand_Steadfast_Shieldwarden
Online:Golden Indrik Tracker,depth/Golden_Indrik_Tracker.md,80,https://en.uesp.net/wiki/Online:Golden_Indrik_Tracker
Online:The Grip of Madness,depth/The_Grip_of_Madness.md,4635,https://en.uesp.net/wiki/Online:The_Grip_of_Madness
Online:Homes,depth/Homes.md,1622,https://en.uesp.net/wiki/Online:Homes
Online:Jakarn,depth/Jakarn.md,21256,https://en.uesp.net/wiki/Online:Jakarn
Online:Husk Stalker,depth/Husk_Stalker.md,174,https://en.uesp.net/wiki/Online:Husk_Stalker
Online:Gwendis,depth/Gwendis.md,29279,https://en.uesp.net/wiki/Online:Gwendis
Online:Hircine,depth/Hircine.md,1958,https://en.uesp.net/wiki/Online:Hircine
Online:Heart of Evil,depth/Heart_of_Evil.md,2827,https://en.uesp.net/wiki/Online:Heart_of_Evil
Online:Hiath the Battlemaster,depth/Hiath_the_Battlemaster.md,2459,https://en.uesp.net/wiki/Online:Hiath_the_Battlemaster
Online:Grouping,depth/Grouping.md,692,https://en.uesp.net/wiki/Online:Grouping
Online:Humanoid Slayer,depth/Humanoid_Slayer.md,79,https://en.uesp.net/wiki/Online:Humanoid_Slayer
Online:Gurag gro-Malak,depth/Gurag_gro-Malak.md,97,https://en.uesp.net/wiki/Online:Gurag_gro-Malak
Online:Housing Editor,depth/Housing_Editor.md,1370,https://en.uesp.net/wiki/Online:Housing_Editor
Online:Heralda Garscroft,depth/Heralda_Garscroft.md,675,https://en.uesp.net/wiki/Online:Heralda_Garscroft
Online:Hunter-Killer Positrox,depth/Hunter-Killer_Positrox.md,474,https://en.uesp.net/wiki/Online:Hunter-Killer_Positrox
Online:Hunter-Killer Negatrix,depth/Hunter-Killer_Negatrix.md,474,https://en.uesp.net/wiki/Online:Hunter-Killer_Negatrix
Online:Iron Hound Ravager,depth/Iron_Hound_Ravager.md,145,https://en.uesp.net/wiki/Online:Iron_Hound_Ravager
Online:The Imperfect,depth/The_Imperfect.md,363,https://en.uesp.net/wiki/Online:The_Imperfect
Online:Gryphon,depth/Gryphon.md,1408,https://en.uesp.net/wiki/Online:Gryphon
Online:Guhcin,depth/Guhcin.md,926,https://en.uesp.net/wiki/Online:Guhcin
Online:Heart of a Naga,depth/Heart_of_a_Naga.md,161,https://en.uesp.net/wiki/Online:Heart_of_a_Naga
Online:Hauling Heirlooms,depth/Hauling_Heirlooms.md,148,https://en.uesp.net/wiki/Online:Hauling_Heirlooms
Online:Jansen Nashrith,depth/Jansen_Nashrith.md,877,https://en.uesp.net/wiki/Online:Jansen_Nashrith
Online:Harrowstorm Gargoyle,depth/Harrowstorm_Gargoyle.md,76,https://en.uesp.net/wiki/Online:Harrowstorm_Gargoyle
Online:Greetings,depth/Greetings.md,3639,https://en.uesp.net/wiki/Online:Greetings
Online:Guild Listings,depth/Guild_Listings.md,564,https://en.uesp.net/wiki/Online:Guild_Listings
Online:Guild Finder,depth/Guild_Finder.md,283,https://en.uesp.net/wiki/Online:Guild_Finder
Online:Heroes Reforged,depth/Heroes_Reforged.md,456,https://en.uesp.net/wiki/Online:Heroes_Reforged
Online:Irenni Elendis,depth/Irenni_Elendis.md,1413,https://en.uesp.net/wiki/Online:Irenni_Elendis
Online:Isobel Veloise,depth/Isobel_Veloise.md,19352,https://en.uesp.net/wiki/Online:Isobel_Veloise
Online:Home Game,depth/Home_Game.md,84,https://en.uesp.net/wiki/Online:Home_Game
Online:Isobel Veloise/Rapport,depth/Isobel_Veloise_Rapport.md,257,https://en.uesp.net/wiki/Online:Isobel_Veloise/Rapport
Online:Hollow Armor Duelist,depth/Hollow_Armor_Duelist.md,281,https://en.uesp.net/wiki/Online:Hollow_Armor_Duelist
Online:Guard Dialogue/Dremora,depth/Guard_Dialogue_Dremora.md,529,https://en.uesp.net/wiki/Online:Guard_Dialogue/Dremora
Online:Infinite Archive,depth/Infinite_Archive.md,2939,https://en.uesp.net/wiki/Online:Infinite_Archive
Online:Infinite Archive/Boss List,depth/Infinite_Archive_Boss_List.md,118,https://en.uesp.net/wiki/Online:Infinite_Archive/Boss_List
Online:Ithelia,depth/Ithelia.md,9985,https://en.uesp.net/wiki/Online:Ithelia
Online:Gundelion,depth/Gundelion.md,1181,https://en.uesp.net/wiki/Online:Gundelion
Online:Hooke,depth/Hooke.md,3922,https://en.uesp.net/wiki/Online:Hooke
Online:The Imperfect (Infinite Archive),depth/The_Imperfect_Infinite_Archive.md,347,https://en.uesp.net/wiki/Online:The_Imperfect_(Infinite_Archive)
Online:Iogreth,depth/Iogreth.md,229,https://en.uesp.net/wiki/Online:Iogreth
Online:High Priest Eraamine,depth/High_Priest_Eraamine.md,6133,https://en.uesp.net/wiki/Online:High_Priest_Eraamine
Online:High Soulbinder Vykand,depth/High_Soulbinder_Vykand.md,939,https://en.uesp.net/wiki/Online:High_Soulbinder_Vykand
Online:Healer Namreras,depth/Healer_Namreras.md,1413,https://en.uesp.net/wiki/Online:Healer_Namreras
Online:The Hermit in the Hills,depth/The_Hermit_in_the_Hills.md,832,https://en.uesp.net/wiki/Online:The_Hermit_in_the_Hills
Online:Hecicla,depth/Hecicla.md,1279,https://en.uesp.net/wiki/Online:Hecicla
Online:Imperial Fragments,depth/Imperial_Fragments.md,119,https://en.uesp.net/wiki/Online:Imperial_Fragments
Online:Ink-Parched,depth/Ink-Parched.md,435,https://en.uesp.net/wiki/Online:Ink-Parched
Online:Iron Wheel Soldier,depth/Iron_Wheel_Soldier.md,527,https://en.uesp.net/wiki/Online:Iron_Wheel_Soldier
Online:Hirylaure,depth/Hirylaure.md,425,https://en.uesp.net/wiki/Online:Hirylaure
Online:High Seas of Tamriel,depth/High_Seas_of_Tamriel.md,486,https://en.uesp.net/wiki/Online:High_Seas_of_Tamriel
Online:Argonian,depth/Argonian.md,163,https://en.uesp.net/wiki/Online:Argonian
Online:Aedric Spear,depth/Aedric_Spear.md,173,https://en.uesp.net/wiki/Online:Aedric_Spear
Online:Assassination,depth/Assassination.md,167,https://en.uesp.net/wiki/Online:Assassination
Online:Ardent Flame,depth/Ardent_Flame.md,174,https://en.uesp.net/wiki/Online:Ardent_Flame
Online:Lyris Titanborn,depth/Lyris_Titanborn.md,45022,https://en.uesp.net/wiki/Online:Lyris_Titanborn
Online:Assault,depth/Assault.md,102,https://en.uesp.net/wiki/Online:Assault
Online:Kragar,depth/Kragar.md,198,https://en.uesp.net/wiki/Online:Kragar
Online:Loglorag gra-Burbulg,depth/Loglorag_gra-Burbulg.md,67,https://en.uesp.net/wiki/Online:Loglorag_gra-Burbulg
Online:Mage,depth/Mage.md,266,https://en.uesp.net/wiki/Online:Mage
Online:Majdi,depth/Majdi.md,307,https://en.uesp.net/wiki/Online:Majdi
Online:Little Leaf,depth/Little_Leaf.md,2429,https://en.uesp.net/wiki/Online:Little_Leaf
Online:Khephidaen,depth/Khephidaen.md,686,https://en.uesp.net/wiki/Online:Khephidaen
Online:Ketkarkux the Dominator,depth/Ketkarkux_the_Dominator.md,360,https://en.uesp.net/wiki/Online:Ketkarkux_the_Dominator
Online:Madisone Hall,depth/Madisone_Hall.md,76,https://en.uesp.net/wiki/Online:Madisone_Hall
Online:Kill a Grand Overlord,depth/Kill_a_Grand_Overlord.md,103,https://en.uesp.net/wiki/Online:Kill_a_Grand_Overlord
Online:Make Amends,depth/Make_Amends.md,77,https://en.uesp.net/wiki/Online:Make_Amends
Online:Kvatch Murder Spree,depth/Kvatch_Murder_Spree.md,85,https://en.uesp.net/wiki/Online:Kvatch_Murder_Spree
Online:Lozotusk,depth/Lozotusk.md,998,https://en.uesp.net/wiki/Online:Lozotusk
Online:Listens-to-Sea,depth/Listens-to-Sea.md,851,https://en.uesp.net/wiki/Online:Listens-to-Sea
Online:Lighting Decorator,depth/Lighting_Decorator.md,310,https://en.uesp.net/wiki/Online:Lighting_Decorator
Online:Animal Companions,depth/Animal_Companions.md,205,https://en.uesp.net/wiki/Online:Animal_Companions
Online:Kingdom Come,depth/Kingdom_Come.md,57,https://en.uesp.net/wiki/Online:Kingdom_Come
Online:Khamira,depth/Khamira.md,18950,https://en.uesp.net/wiki/Online:Khamira
Online:Auriel's Bow,depth/Auriel_s_Bow.md,442,https://en.uesp.net/wiki/Online:Auriel's_Bow
Online:Maarselok,depth/Maarselok.md,1324,https://en.uesp.net/wiki/Online:Maarselok
Online:Liberator of the Lost,depth/Liberator_of_the_Lost.md,97,https://en.uesp.net/wiki/Online:Liberator_of_the_Lost
Online:The Lady of Blood,depth/The_Lady_of_Blood.md,1775,https://en.uesp.net/wiki/Online:The_Lady_of_Blood
Online:Journey's Respite,depth/Journey_s_Respite.md,50,https://en.uesp.net/wiki/Online:Journey's_Respite
Online:Lady Thorn,depth/Lady_Thorn.md,1142,https://en.uesp.net/wiki/Online:Lady_Thorn
Online:Jubilee Cake 2019,depth/Jubilee_Cake_2019.md,248,https://en.uesp.net/wiki/Online:Jubilee_Cake_2019
Online:Keshu the Black Fin,depth/Keshu_the_Black_Fin.md,11543,https://en.uesp.net/wiki/Online:Keshu_the_Black_Fin
Online:Lucilla Caprenia,depth/Lucilla_Caprenia.md,7778,https://en.uesp.net/wiki/Online:Lucilla_Caprenia
Online:Magma Incarnate,depth/Magma_Incarnate.md,654,https://en.uesp.net/wiki/Online:Magma_Incarnate
Online:Lanazha,depth/Lanazha.md,2102,https://en.uesp.net/wiki/Online:Lanazha
Online:Leramil the Wise,depth/Leramil_the_Wise.md,46745,https://en.uesp.net/wiki/Online:Leramil_the_Wise
Online:Ardent Warrior,depth/Ardent_Warrior.md,207,https://en.uesp.net/wiki/Online:Ardent_Warrior
Online:Jee-Jee,depth/Jee-Jee.md,456,https://en.uesp.net/wiki/Online:Jee-Jee
Online:Jubilee Steed,depth/Jubilee_Steed.md,483,https://en.uesp.net/wiki/Online:Jubilee_Steed
Online:Legionary Luther,depth/Legionary_Luther.md,1063,https://en.uesp.net/wiki/Online:Legionary_Luther
Online:Kjer,depth/Kjer.md,820,https://en.uesp.net/wiki/Online:Kjer
Online:Jynorah,depth/Jynorah.md,593,https://en.uesp.net/wiki/Online:Jynorah
Online:Jeetra,depth/Jeetra.md,10177,https://en.uesp.net/wiki/Online:Jeetra
Online:Khag,depth/Khag.md,1875,https://en.uesp.net/wiki/Online:Khag
Online:Kharakhal Moon-Eye,depth/Kharakhal_Moon-Eye.md,3700,https://en.uesp.net/wiki/Online:Kharakhal_Moon-Eye
Online:Koldane Cartel Dialogue,depth/Koldane_Cartel_Dialogue.md,348,https://en.uesp.net/wiki/Online:Koldane_Cartel_Dialogue
Online:Lieutenant Renoit,depth/Lieutenant_Renoit.md,544,https://en.uesp.net/wiki/Online:Lieutenant_Renoit
Online:Levinda,depth/Levinda.md,187,https://en.uesp.net/wiki/Online:Levinda
Online:Kennel Master Gaspard,depth/Kennel_Master_Gaspard.md,197,https://en.uesp.net/wiki/Online:Kennel_Master_Gaspard
Online:Madfeasters Clan Dialogue,depth/Madfeasters_Clan_Dialogue.md,145,https://en.uesp.net/wiki/Online:Madfeasters_Clan_Dialogue
Online:Kishkio,depth/Kishkio.md,633,https://en.uesp.net/wiki/Online:Kishkio
Online:High Elf,depth/High_Elf.md,185,https://en.uesp.net/wiki/Online:High_Elf
Online:Breton,depth/Breton.md,235,https://en.uesp.net/wiki/Online:Breton
Online:Dark Elf,depth/Dark_Elf.md,166,https://en.uesp.net/wiki/Online:Dark_Elf
Online:Khajiit,depth/Khajiit.md,278,https://en.uesp.net/wiki/Online:Khajiit
Online:Nord,depth/Nord.md,174,https://en.uesp.net/wiki/Online:Nord
Online:Orc,depth/Orc.md,187,https://en.uesp.net/wiki/Online:Orc
Online:Imperial,depth/Imperial.md,241,https://en.uesp.net/wiki/Online:Imperial
Online:Dual Wield,depth/Dual_Wield.md,466,https://en.uesp.net/wiki/Online:Dual_Wield
Online:Dawn's Wrath,depth/Dawn_s_Wrath.md,167,https://en.uesp.net/wiki/Online:Dawn's_Wrath
Online:One Hand and Shield,depth/One_Hand_and_Shield.md,563,https://en.uesp.net/wiki/Online:One_Hand_and_Shield
Online:Bow,depth/Bow.md,516,https://en.uesp.net/wiki/Online:Bow
Online:Destruction Staff,depth/Destruction_Staff.md,615,https://en.uesp.net/wiki/Online:Destruction_Staff
Online:Draconic Power,depth/Draconic_Power.md,174,https://en.uesp.net/wiki/Online:Draconic_Power
Online:Earthen Heart,depth/Earthen_Heart.md,177,https://en.uesp.net/wiki/Online:Earthen_Heart
Online:Daedric Summoning,depth/Daedric_Summoning.md,162,https://en.uesp.net/wiki/Online:Daedric_Summoning
Online:Dark Magic,depth/Dark_Magic.md,155,https://en.uesp.net/wiki/Online:Dark_Magic
Online:Light Armor,depth/Light_Armor.md,318,https://en.uesp.net/wiki/Online:Light_Armor
Online:Medium Armor,depth/Medium_Armor.md,279,https://en.uesp.net/wiki/Online:Medium_Armor
Online:Heavy Armor,depth/Heavy_Armor.md,285,https://en.uesp.net/wiki/Online:Heavy_Armor
Online:Legerdemain,depth/Legerdemain.md,291,https://en.uesp.net/wiki/Online:Legerdemain
Online:Green Balance,depth/Green_Balance.md,169,https://en.uesp.net/wiki/Online:Green_Balance
Online:Living Death,depth/Living_Death.md,179,https://en.uesp.net/wiki/Online:Living_Death
Online:Grave Lord,depth/Grave_Lord.md,178,https://en.uesp.net/wiki/Online:Grave_Lord
Online:Bone Tyrant,depth/Bone_Tyrant.md,181,https://en.uesp.net/wiki/Online:Bone_Tyrant
Online:Excavation,depth/Excavation.md,1873,https://en.uesp.net/wiki/Online:Excavation
Online:Deadly Assassin,depth/Deadly_Assassin.md,206,https://en.uesp.net/wiki/Online:Deadly_Assassin
Online:Living Shade,depth/Living_Shade.md,160,https://en.uesp.net/wiki/Online:Living_Shade
Online:Light Armor (Companion),depth/Light_Armor_Companion.md,221,https://en.uesp.net/wiki/Online:Light_Armor_(Companion)
Online:Medium Armor (Companion),depth/Medium_Armor_Companion.md,221,https://en.uesp.net/wiki/Online:Medium_Armor_(Companion)
Online:Heavy Armor (Companion),depth/Heavy_Armor_Companion.md,220,https://en.uesp.net/wiki/Online:Heavy_Armor_(Companion)
Online:Draconic Armor,depth/Draconic_Armor.md,193,https://en.uesp.net/wiki/Online:Draconic_Armor
Online:Radiating Heart,depth/Radiating_Heart.md,193,https://en.uesp.net/wiki/Online:Radiating_Heart
Online:Lightning Caller,depth/Lightning_Caller.md,207,https://en.uesp.net/wiki/Online:Lightning_Caller
Online:Mischievous Caster,depth/Mischievous_Caster.md,159,https://en.uesp.net/wiki/Online:Mischievous_Caster
Online:Playful Schemer,depth/Playful_Schemer.md,156,https://en.uesp.net/wiki/Online:Playful_Schemer
Online:Blazing Might,depth/Blazing_Might.md,206,https://en.uesp.net/wiki/Online:Blazing_Might
Online:Brilliant Shield,depth/Brilliant_Shield.md,163,https://en.uesp.net/wiki/Online:Brilliant_Shield
Online:Healing Grace,depth/Healing_Grace.md,159,https://en.uesp.net/wiki/Online:Healing_Grace
Online:Quill Knight,depth/Quill_Knight.md,166,https://en.uesp.net/wiki/Online:Quill_Knight
Online:Beasts of the Hunt,depth/Beasts_of_the_Hunt.md,206,https://en.uesp.net/wiki/Online:Beasts_of_the_Hunt
Online:One Hand and Shield (Companion),depth/One_Hand_and_Shield_Companion.md,183,https://en.uesp.net/wiki/Online:One_Hand_and_Shield_(Companion)
Online:Dual Wield (Companion),depth/Dual_Wield_Companion.md,174,https://en.uesp.net/wiki/Online:Dual_Wield_(Companion)
Online:Bow (Companion),depth/Bow_Companion.md,167,https://en.uesp.net/wiki/Online:Bow_(Companion)
Online:Destruction Staff (Companion),depth/Destruction_Staff_Companion.md,173,https://en.uesp.net/wiki/Online:Destruction_Staff_(Companion)
Online:Fighters Guild (Companion),depth/Fighters_Guild_Companion.md,144,https://en.uesp.net/wiki/Online:Fighters_Guild_(Companion)
Online:Mages Guild (Companion),depth/Mages_Guild_Companion.md,141,https://en.uesp.net/wiki/Online:Mages_Guild_(Companion)
Online:Herald of the Tome,depth/Herald_of_the_Tome.md,188,https://en.uesp.net/wiki/Online:Herald_of_the_Tome
Online:Curative Runeforms,depth/Curative_Runeforms.md,179,https://en.uesp.net/wiki/Online:Curative_Runeforms
Online:Empathic Fighter,depth/Empathic_Fighter.md,203,https://en.uesp.net/wiki/Online:Empathic_Fighter
Online:Guardian's Commitment,depth/Guardian_s_Commitment.md,158,https://en.uesp.net/wiki/Online:Guardian's_Commitment
Online:Thieves Guild,depth/Thieves_Guild.md,1302,https://en.uesp.net/wiki/Online:Thieves_Guild
Online:Wood Elf,depth/Wood_Elf.md,183,https://en.uesp.net/wiki/Online:Wood_Elf
Online:Redguard,depth/Redguard.md,212,https://en.uesp.net/wiki/Online:Redguard
Online:Restoring Light,depth/Restoring_Light.md,159,https://en.uesp.net/wiki/Online:Restoring_Light
Online:Two Handed,depth/Two_Handed.md,459,https://en.uesp.net/wiki/Online:Two_Handed
Online:Restoration Staff,depth/Restoration_Staff.md,578,https://en.uesp.net/wiki/Online:Restoration_Staff
Online:Shadow,depth/Shadow.md,176,https://en.uesp.net/wiki/Online:Shadow
Online:Siphoning,depth/Siphoning.md,165,https://en.uesp.net/wiki/Online:Siphoning
Online:Storm Calling,depth/Storm_Calling.md,152,https://en.uesp.net/wiki/Online:Storm_Calling
Online:Undaunted,depth/Undaunted.md,1778,https://en.uesp.net/wiki/Online:Undaunted
Online:Soul Magic,depth/Soul_Magic.md,380,https://en.uesp.net/wiki/Online:Soul_Magic
Online:Vampire,depth/Vampire.md,1693,https://en.uesp.net/wiki/Online:Vampire
Online:Support,depth/Support.md,103,https://en.uesp.net/wiki/Online:Support
Online:Wrath,depth/Wrath.md,327,https://en.uesp.net/wiki/Online:Wrath
Online:Winter's Embrace,depth/Winter_s_Embrace.md,180,https://en.uesp.net/wiki/Online:Winter's_Embrace
Online:Arcane,depth/Arcane.md,1157,https://en.uesp.net/wiki/Online:Arcane
Online:Healthy (trait),depth/Healthy_trait.md,1127,https://en.uesp.net/wiki/Online:Healthy_(trait)
Online:Nirnhoned,depth/Nirnhoned.md,3551,https://en.uesp.net/wiki/Online:Nirnhoned
Online:Powered,depth/Powered.md,100,https://en.uesp.net/wiki/Online:Powered
Online:Charged,depth/Charged.md,109,https://en.uesp.net/wiki/Online:Charged
Online:Precise,depth/Precise.md,103,https://en.uesp.net/wiki/Online:Precise
Online:Infused,depth/Infused.md,141,https://en.uesp.net/wiki/Online:Infused
Online:Decisive,depth/Decisive.md,120,https://en.uesp.net/wiki/Online:Decisive
Online:Impenetrable,depth/Impenetrable.md,812,https://en.uesp.net/wiki/Online:Impenetrable
Online:Divines,depth/Divines.md,189,https://en.uesp.net/wiki/Online:Divines
Online:Intricate,depth/Intricate.md,101,https://en.uesp.net/wiki/Online:Intricate
Online:Ornate,depth/Ornate.md,76,https://en.uesp.net/wiki/Online:Ornate
Online:Invigorating,depth/Invigorating.md,142,https://en.uesp.net/wiki/Online:Invigorating
Online:Bloodthirsty,depth/Bloodthirsty.md,140,https://en.uesp.net/wiki/Online:Bloodthirsty
Online:Harmony,depth/Harmony.md,1215,https://en.uesp.net/wiki/Online:Harmony
Online:Protective,depth/Protective.md,770,https://en.uesp.net/wiki/Online:Protective
Online:Volendrung,depth/Volendrung.md,1510,https://en.uesp.net/wiki/Online:Volendrung
Online:Scrying,depth/Scrying.md,2155,https://en.uesp.net/wiki/Online:Scrying
Online:Quickened,depth/Quickened.md,71,https://en.uesp.net/wiki/Online:Quickened
Online:Prolific,depth/Prolific.md,71,https://en.uesp.net/wiki/Online:Prolific
Online:Focused,depth/Focused.md,72,https://en.uesp.net/wiki/Online:Focused
Online:Aggressive,depth/Aggressive.md,69,https://en.uesp.net/wiki/Online:Aggressive
Online:Augmented,depth/Augmented.md,76,https://en.uesp.net/wiki/Online:Augmented
Online:Bolstered,depth/Bolstered.md,69,https://en.uesp.net/wiki/Online:Bolstered
Online:Soul Thief,depth/Soul_Thief.md,155,https://en.uesp.net/wiki/Online:Soul_Thief
Online:Revitalizing Researcher,depth/Revitalizing_Researcher.md,160,https://en.uesp.net/wiki/Online:Revitalizing_Researcher
Online:Scholar of Apocrypha,depth/Scholar_of_Apocrypha.md,217,https://en.uesp.net/wiki/Online:Scholar_of_Apocrypha
Online:Verdant Growth,depth/Verdant_Growth.md,159,https://en.uesp.net/wiki/Online:Verdant_Growth
Online:Winter's Bite,depth/Winter_s_Bite.md,158,https://en.uesp.net/wiki/Online:Winter's_Bite
Online:Two Handed (Companion),depth/Two_Handed_Companion.md,170,https://en.uesp.net/wiki/Online:Two_Handed_(Companion)
Online:Restoration Staff (Companion),depth/Restoration_Staff_Companion.md,171,https://en.uesp.net/wiki/Online:Restoration_Staff_(Companion)
Online:Undaunted (Companion),depth/Undaunted_Companion.md,140,https://en.uesp.net/wiki/Online:Undaunted_(Companion)
Online:Soldier of Apocrypha,depth/Soldier_of_Apocrypha.md,191,https://en.uesp.net/wiki/Online:Soldier_of_Apocrypha
Online:Remedy of Atonement,depth/Remedy_of_Atonement.md,160,https://en.uesp.net/wiki/Online:Remedy_of_Atonement
Online:Warrior's Banishment,depth/Warrior_s_Banishment.md,210,https://en.uesp.net/wiki/Online:Warrior's_Banishment
Online:Ancient Clannfear,depth/Ancient_Clannfear.md,161,https://en.uesp.net/wiki/Online:Ancient_Clannfear
Online:Amuur,depth/Amuur.md,480,https://en.uesp.net/wiki/Online:Amuur
Online:Advisor Norion,depth/Advisor_Norion.md,968,https://en.uesp.net/wiki/Online:Advisor_Norion
Online:Abamath,depth/Abamath.md,255,https://en.uesp.net/wiki/Online:Abamath
Online:Abbey of the Eight,depth/Abbey_of_the_Eight.md,122,https://en.uesp.net/wiki/Online:Abbey_of_the_Eight
Online:Adavos Dren,depth/Adavos_Dren.md,291,https://en.uesp.net/wiki/Online:Adavos_Dren
Online:Abal-jo,depth/Abal-jo.md,191,https://en.uesp.net/wiki/Online:Abal-jo
Online:Acamas,depth/Acamas.md,145,https://en.uesp.net/wiki/Online:Acamas
Online:Adeena,depth/Adeena.md,1402,https://en.uesp.net/wiki/Online:Adeena
Online:Alameric Daillon,depth/Alameric_Daillon.md,110,https://en.uesp.net/wiki/Online:Alameric_Daillon
Online:Aldolin,depth/Aldolin.md,304,https://en.uesp.net/wiki/Online:Aldolin
Online:Angof the Undying,depth/Angof_the_Undying.md,2192,https://en.uesp.net/wiki/Online:Angof_the_Undying
Online:Advisor Borodin,depth/Advisor_Borodin.md,560,https://en.uesp.net/wiki/Online:Advisor_Borodin
Online:Adras Velae,depth/Adras_Velae.md,301,https://en.uesp.net/wiki/Online:Adras_Velae
Online:Anchorite Garmar,depth/Anchorite_Garmar.md,225,https://en.uesp.net/wiki/Online:Anchorite_Garmar
"Online:Acanthia, Chosen of Nirn",depth/Acanthia_Chosen_of_Nirn.md,298,"https://en.uesp.net/wiki/Online:Acanthia,_Chosen_of_Nirn"
Online:Adruzan,depth/Adruzan.md,159,https://en.uesp.net/wiki/Online:Adruzan
Online:Agganor,depth/Agganor.md,420,https://en.uesp.net/wiki/Online:Agganor
Online:Aamela Rethandus,depth/Aamela_Rethandus.md,285,https://en.uesp.net/wiki/Online:Aamela_Rethandus
Online:Ahmat the Forgotten,depth/Ahmat_the_Forgotten.md,292,https://en.uesp.net/wiki/Online:Ahmat_the_Forgotten
Online:Akata,depth/Akata.md,152,https://en.uesp.net/wiki/Online:Akata
Online:The Anger of a King,depth/The_Anger_of_a_King.md,2797,https://en.uesp.net/wiki/Online:The_Anger_of_a_King
Online:Addadshashanammu,depth/Addadshashanammu.md,141,https://en.uesp.net/wiki/Online:Addadshashanammu
Online:Annalise,depth/Annalise.md,241,https://en.uesp.net/wiki/Online:Annalise
Online:Anvil Castle,depth/Anvil_Castle.md,849,https://en.uesp.net/wiki/Online:Anvil_Castle
Online:Ancestral Adversity,depth/Ancestral_Adversity.md,7699,https://en.uesp.net/wiki/Online:Ancestral_Adversity
Online:Robust,depth/Robust.md,1129,https://en.uesp.net/wiki/Online:Robust
Online:Training,depth/Training.md,184,https://en.uesp.net/wiki/Online:Training
Online:Sturdy,depth/Sturdy.md,126,https://en.uesp.net/wiki/Online:Sturdy
Online:Reinforced (trait),depth/Reinforced_trait.md,720,https://en.uesp.net/wiki/Online:Reinforced_(trait)
Online:Well-fitted,depth/Well-fitted.md,115,https://en.uesp.net/wiki/Online:Well-fitted
Online:Weighted,depth/Weighted.md,115,https://en.uesp.net/wiki/Online:Weighted
Online:The Abyssal Cabal,depth/The_Abyssal_Cabal.md,2374,https://en.uesp.net/wiki/Online:The_Abyssal_Cabal
Online:Swift,depth/Swift.md,105,https://en.uesp.net/wiki/Online:Swift
Online:Triune,depth/Triune.md,1387,https://en.uesp.net/wiki/Online:Triune
Online:Aberration,depth/Aberration.md,128,https://en.uesp.net/wiki/Online:Aberration
Online:Andrinlor,depth/Andrinlor.md,41,https://en.uesp.net/wiki/Online:Andrinlor
Online:Acolyte Croble,depth/Acolyte_Croble.md,249,https://en.uesp.net/wiki/Online:Acolyte_Croble
Online:After the Storm,depth/After_the_Storm.md,2921,https://en.uesp.net/wiki/Online:After_the_Storm
Online:An Abundance of Stibbons,depth/An_Abundance_of_Stibbons.md,1118,https://en.uesp.net/wiki/Online:An_Abundance_of_Stibbons
Online:The Anchorite,depth/The_Anchorite.md,17602,https://en.uesp.net/wiki/Online:The_Anchorite
Online:Against All Hope,depth/Against_All_Hope.md,1613,https://en.uesp.net/wiki/Online:Against_All_Hope
Online:Ambition's End,depth/Ambition_s_End.md,984,https://en.uesp.net/wiki/Online:Ambition's_End
Online:Shattering,depth/Shattering.md,68,https://en.uesp.net/wiki/Online:Shattering
Online:Soothing,depth/Soothing.md,69,https://en.uesp.net/wiki/Online:Soothing
Online:Vigorous,depth/Vigorous.md,69,https://en.uesp.net/wiki/Online:Vigorous
Online:Allwither Magmatist,depth/Allwither_Magmatist.md,124,https://en.uesp.net/wiki/Online:Allwither_Magmatist
Online:Apocrypha,depth/Apocrypha.md,731,https://en.uesp.net/wiki/Online:Apocrypha
Online:Aeonstone Conduit,depth/Aeonstone_Conduit.md,127,https://en.uesp.net/wiki/Online:Aeonstone_Conduit
Online:Anogon,depth/Anogon.md,108,https://en.uesp.net/wiki/Online:Anogon
Online:Azura's Relics,depth/Azura_s_Relics.md,555,https://en.uesp.net/wiki/Online:Azura's_Relics
Online:Asard the Putrid,depth/Asard_the_Putrid.md,142,https://en.uesp.net/wiki/Online:Asard_the_Putrid
Online:Archmage Camaano,depth/Archmage_Camaano.md,338,https://en.uesp.net/wiki/Online:Archmage_Camaano
Online:Azura's Aid,depth/Azura_s_Aid.md,374,https://en.uesp.net/wiki/Online:Azura's_Aid
Online:Apprentice Scale-Mender,depth/Apprentice_Scale-Mender.md,327,https://en.uesp.net/wiki/Online:Apprentice_Scale-Mender
Online:Ardeshir,depth/Ardeshir.md,117,https://en.uesp.net/wiki/Online:Ardeshir
Online:Ariane,depth/Ariane.md,205,https://en.uesp.net/wiki/Online:Ariane
Online:Asvard Whale-Heart,depth/Asvard_Whale-Heart.md,156,https://en.uesp.net/wiki/Online:Asvard_Whale-Heart
Online:Athemel,depth/Athemel.md,137,https://en.uesp.net/wiki/Online:Athemel
Online:Autra Snake-Tongue,depth/Autra_Snake-Tongue.md,214,https://en.uesp.net/wiki/Online:Autra_Snake-Tongue
Online:Azahrr,depth/Azahrr.md,597,https://en.uesp.net/wiki/Online:Azahrr
Online:Azilkh,depth/Azilkh.md,191,https://en.uesp.net/wiki/Online:Azilkh
Online:Bagul,depth/Bagul.md,240,https://en.uesp.net/wiki/Online:Bagul
Online:Audience with the Wilderking,depth/Audience_with_the_Wilderking.md,1369,https://en.uesp.net/wiki/Online:Audience_with_the_Wilderking
Online:Awakening,depth/Awakening.md,2348,https://en.uesp.net/wiki/Online:Awakening
Online:Baan Dar's Bash,depth/Baan_Dar_s_Bash.md,370,https://en.uesp.net/wiki/Online:Baan_Dar's_Bash
Online:Baan Dar's Boast,depth/Baan_Dar_s_Boast.md,1050,https://en.uesp.net/wiki/Online:Baan_Dar's_Boast
Online:Back to Rest,depth/Back_to_Rest.md,305,https://en.uesp.net/wiki/Online:Back_to_Rest
Online:The Army of Meridia,depth/The_Army_of_Meridia.md,3639,https://en.uesp.net/wiki/Online:The_Army_of_Meridia
Online:The Bandit,depth/The_Bandit.md,444,https://en.uesp.net/wiki/Online:The_Bandit
Online:Assistant Telixith,depth/Assistant_Telixith.md,758,https://en.uesp.net/wiki/Online:Assistant_Telixith
Online:Asmalah the Caller,depth/Asmalah_the_Caller.md,1004,https://en.uesp.net/wiki/Online:Asmalah_the_Caller
Online:Apricacea,depth/Apricacea.md,340,https://en.uesp.net/wiki/Online:Apricacea
Online:Attendant Brunna,depth/Attendant_Brunna.md,173,https://en.uesp.net/wiki/Online:Attendant_Brunna
Online:Attendant Konia,depth/Attendant_Konia.md,180,https://en.uesp.net/wiki/Online:Attendant_Konia
Online:The Ashes of Our Fathers,depth/The_Ashes_of_Our_Fathers.md,2328,https://en.uesp.net/wiki/Online:The_Ashes_of_Our_Fathers
Online:Awaken the Past,depth/Awaken_the_Past.md,579,https://en.uesp.net/wiki/Online:Awaken_the_Past
Online:Ashgel,depth/Ashgel.md,366,https://en.uesp.net/wiki/Online:Ashgel
Online:At-Himah Family Estate,depth/At-Himah_Family_Estate.md,447,https://en.uesp.net/wiki/Online:At-Himah_Family_Estate
Online:Baagug,depth/Baagug.md,63,https://en.uesp.net/wiki/Online:Baagug
Online:Ashurnibibi,depth/Ashurnibibi.md,207,https://en.uesp.net/wiki/Online:Ashurnibibi
Online:Archivist Murboga,depth/Archivist_Murboga.md,244,https://en.uesp.net/wiki/Online:Archivist_Murboga
Online:Atirion,depth/Atirion.md,258,https://en.uesp.net/wiki/Online:Atirion
Online:Axe and Bridle,depth/Axe_and_Bridle.md,65,https://en.uesp.net/wiki/Online:Axe_and_Bridle
Online:Balmora,depth/Balmora.md,273,https://en.uesp.net/wiki/Online:Balmora
Online:An Armiger's Duty,depth/An_Armiger_s_Duty.md,4292,https://en.uesp.net/wiki/Online:An_Armiger's_Duty
Online:Avrusa Duleri,depth/Avrusa_Duleri.md,274,https://en.uesp.net/wiki/Online:Avrusa_Duleri
Online:Baby Cliff-Strider,depth/Baby_Cliff-Strider.md,113,https://en.uesp.net/wiki/Online:Baby_Cliff-Strider
Online:Art of the Nisswo,depth/Art_of_the_Nisswo.md,393,https://en.uesp.net/wiki/Online:Art_of_the_Nisswo
Online:The Assassin's Arbitration,depth/The_Assassin_s_Arbitration.md,555,https://en.uesp.net/wiki/Online:The_Assassin's_Arbitration
Online:Axdred,depth/Axdred.md,929,https://en.uesp.net/wiki/Online:Axdred
Online:Baandari Nomad,depth/Baandari_Nomad.md,182,https://en.uesp.net/wiki/Online:Baandari_Nomad
Online:Arisho,depth/Arisho.md,85,https://en.uesp.net/wiki/Online:Arisho
Online:Arox the Mutilator,depth/Arox_the_Mutilator.md,8608,https://en.uesp.net/wiki/Online:Arox_the_Mutilator
Online:Ascending Doubt,depth/Ascending_Doubt.md,1096,https://en.uesp.net/wiki/Online:Ascending_Doubt
Online:Arnaude Berri,depth/Arnaude_Berri.md,103,https://en.uesp.net/wiki/Online:Arnaude_Berri
Online:The Ascendant Storm,depth/The_Ascendant_Storm.md,1099,https://en.uesp.net/wiki/Online:The_Ascendant_Storm
Online:Aspect of Vaermina,depth/Aspect_of_Vaermina.md,442,https://en.uesp.net/wiki/Online:Aspect_of_Vaermina
Online:Ayleid Shade Sentinel,depth/Ayleid_Shade_Sentinel.md,261,https://en.uesp.net/wiki/Online:Ayleid_Shade_Sentinel
Online:Auroran Vanquisher,depth/Auroran_Vanquisher.md,190,https://en.uesp.net/wiki/Online:Auroran_Vanquisher
Online:Bloodthorn Assassins,depth/Bloodthorn_Assassins.md,682,https://en.uesp.net/wiki/Online:Bloodthorn_Assassins
Online:Bavura the Blizzard,depth/Bavura_the_Blizzard.md,241,https://en.uesp.net/wiki/Online:Bavura_the_Blizzard
Online:Bonesnap Ruins,depth/Bonesnap_Ruins.md,417,https://en.uesp.net/wiki/Online:Bonesnap_Ruins
Online:Banishing the Banished,depth/Banishing_the_Banished.md,1639,https://en.uesp.net/wiki/Online:Banishing_the_Banished
Online:A Bargain With Shadows,depth/A_Bargain_With_Shadows.md,761,https://en.uesp.net/wiki/Online:A_Bargain_With_Shadows
Online:Birakh-do,depth/Birakh-do.md,116,https://en.uesp.net/wiki/Online:Birakh-do
Online:Blackroot Deadeye,depth/Blackroot_Deadeye.md,142,https://en.uesp.net/wiki/Online:Blackroot_Deadeye
Online:Bolion,depth/Bolion.md,163,https://en.uesp.net/wiki/Online:Bolion
Online:Bone Grappler,depth/Bone_Grappler.md,250,https://en.uesp.net/wiki/Online:Bone_Grappler
Online:Bramblebreach Militia,depth/Bramblebreach_Militia.md,216,https://en.uesp.net/wiki/Online:Bramblebreach_Militia
Online:Beyond the Call,depth/Beyond_the_Call.md,682,https://en.uesp.net/wiki/Online:Beyond_the_Call
Online:Blessings of the Eight,depth/Blessings_of_the_Eight.md,1019,https://en.uesp.net/wiki/Online:Blessings_of_the_Eight
Online:Blood Hunt,depth/Blood_Hunt.md,1820,https://en.uesp.net/wiki/Online:Blood_Hunt
Online:Breaking the Shackle,depth/Breaking_the_Shackle.md,2065,https://en.uesp.net/wiki/Online:Breaking_the_Shackle
Online:The Blacksap's Hold,depth/The_Blacksap_s_Hold.md,910,https://en.uesp.net/wiki/Online:The_Blacksap's_Hold
Online:The Blight of the Bosmer,depth/The_Blight_of_the_Bosmer.md,1088,https://en.uesp.net/wiki/Online:The_Blight_of_the_Bosmer
Online:Bloodroot Guardian,depth/Bloodroot_Guardian.md,248,https://en.uesp.net/wiki/Online:Bloodroot_Guardian
Online:Breaking the Coven,depth/Breaking_the_Coven.md,722,https://en.uesp.net/wiki/Online:Breaking_the_Coven
Online:Bravil,depth/Bravil.md,355,https://en.uesp.net/wiki/Online:Bravil
Online:Blighttooth,depth/Blighttooth.md,148,https://en.uesp.net/wiki/Online:Blighttooth
Online:The Blood King,depth/The_Blood_King.md,292,https://en.uesp.net/wiki/Online:The_Blood_King
Online:Blood on a King's Hands,depth/Blood_on_a_King_s_Hands.md,1972,https://en.uesp.net/wiki/Online:Blood_on_a_King's_Hands
Online:Blood and the Sacred Words,depth/Blood_and_the_Sacred_Words.md,891,https://en.uesp.net/wiki/Online:Blood_and_the_Sacred_Words
Online:Big Rabbu Nightmare,depth/Big_Rabbu_Nightmare.md,169,https://en.uesp.net/wiki/Online:Big_Rabbu_Nightmare
Online:Boneshaper Chanter,depth/Boneshaper_Chanter.md,115,https://en.uesp.net/wiki/Online:Boneshaper_Chanter
Online:Bolgrul,depth/Bolgrul.md,3990,https://en.uesp.net/wiki/Online:Bolgrul
Online:Black Dart Drudge,depth/Black_Dart_Drudge.md,149,https://en.uesp.net/wiki/Online:Black_Dart_Drudge
Online:Breaking Through the Fog,depth/Breaking_Through_the_Fog.md,4744,https://en.uesp.net/wiki/Online:Breaking_Through_the_Fog
Online:Bound by Love,depth/Bound_by_Love.md,982,https://en.uesp.net/wiki/Online:Bound_by_Love
Online:Brass Fortress,depth/Brass_Fortress.md,500,https://en.uesp.net/wiki/Online:Brass_Fortress
Online:Bolin,depth/Bolin.md,624,https://en.uesp.net/wiki/Online:Bolin
Online:Bantering with Bandits,depth/Bantering_with_Bandits.md,615,https://en.uesp.net/wiki/Online:Bantering_with_Bandits
Online:Bonechime Hunter,depth/Bonechime_Hunter.md,221,https://en.uesp.net/wiki/Online:Bonechime_Hunter
Online:Barros,depth/Barros.md,138,https://en.uesp.net/wiki/Online:Barros
Online:Blackguard Soldier,depth/Blackguard_Soldier.md,72,https://en.uesp.net/wiki/Online:Blackguard_Soldier
Online:Blackmaw,depth/Blackmaw.md,216,https://en.uesp.net/wiki/Online:Blackmaw
Online:Blackwood,depth/Blackwood.md,767,https://en.uesp.net/wiki/Online:Blackwood
Online:The Blood Pit,depth/The_Blood_Pit.md,127,https://en.uesp.net/wiki/Online:The_Blood_Pit
Online:Born of Grief,depth/Born_of_Grief.md,1519,https://en.uesp.net/wiki/Online:Born_of_Grief
Online:Bloodlord Zavak,depth/Bloodlord_Zavak.md,419,https://en.uesp.net/wiki/Online:Bloodlord_Zavak
Online:Boss Kezo,depth/Boss_Kezo.md,267,https://en.uesp.net/wiki/Online:Boss_Kezo
Online:Bosun Cindeval,depth/Bosun_Cindeval.md,278,https://en.uesp.net/wiki/Online:Bosun_Cindeval
Online:Bane of Dragons,depth/Bane_of_Dragons.md,825,https://en.uesp.net/wiki/Online:Bane_of_Dragons
Online:Blessed Sentinel,depth/Blessed_Sentinel.md,274,https://en.uesp.net/wiki/Online:Blessed_Sentinel
Online:Between a Rock and a Whetstone,depth/Between_a_Rock_and_a_Whetstone.md,1708,https://en.uesp.net/wiki/Online:Between_a_Rock_and_a_Whetstone
Online:Baroness Eliana Cossa,depth/Baroness_Eliana_Cossa.md,1526,https://en.uesp.net/wiki/Online:Baroness_Eliana_Cossa
Online:Bent Inquisitor,depth/Bent_Inquisitor.md,298,https://en.uesp.net/wiki/Online:Bent_Inquisitor
Online:Brazen Haj Mota,depth/Brazen_Haj_Mota.md,49,https://en.uesp.net/wiki/Online:Brazen_Haj_Mota
Online:Brazen Pestilent Colossus,depth/Brazen_Pestilent_Colossus.md,72,https://en.uesp.net/wiki/Online:Brazen_Pestilent_Colossus
Online:Brazen Wamasu,depth/Brazen_Wamasu.md,46,https://en.uesp.net/wiki/Online:Brazen_Wamasu
Online:Clannfear,depth/Clannfear.md,1587,https://en.uesp.net/wiki/Online:Clannfear
Online:Canonreeve Malanie,depth/Canonreeve_Malanie.md,523,https://en.uesp.net/wiki/Online:Canonreeve_Malanie
Online:Celia,depth/Celia.md,44,https://en.uesp.net/wiki/Online:Celia
Online:Captain Tremouille,depth/Captain_Tremouille.md,189,https://en.uesp.net/wiki/Online:Captain_Tremouille
Online:Cast Adrift,depth/Cast_Adrift.md,4381,https://en.uesp.net/wiki/Online:Cast_Adrift
Online:Challenge the Tide,depth/Challenge_the_Tide.md,319,https://en.uesp.net/wiki/Online:Challenge_the_Tide
Online:Camandar,depth/Camandar.md,190,https://en.uesp.net/wiki/Online:Camandar
Online:Bulzog,depth/Bulzog.md,160,https://en.uesp.net/wiki/Online:Bulzog
Online:Broadhead Marine,depth/Broadhead_Marine.md,1068,https://en.uesp.net/wiki/Online:Broadhead_Marine
Online:Broodmother,depth/Broodmother.md,181,https://en.uesp.net/wiki/Online:Broodmother
Online:Burdening Eye,depth/Burdening_Eye.md,164,https://en.uesp.net/wiki/Online:Burdening_Eye
Online:Captain al-Hallen,depth/Captain_al-Hallen.md,282,https://en.uesp.net/wiki/Online:Captain_al-Hallen
Online:Captain Aurelia Blasio,depth/Captain_Aurelia_Blasio.md,516,https://en.uesp.net/wiki/Online:Captain_Aurelia_Blasio
Online:Captain Candidus,depth/Captain_Candidus.md,176,https://en.uesp.net/wiki/Online:Captain_Candidus
Online:Captain Helenus,depth/Captain_Helenus.md,300,https://en.uesp.net/wiki/Online:Captain_Helenus
Online:Captain Shammin,depth/Captain_Shammin.md,240,https://en.uesp.net/wiki/Online:Captain_Shammin
Online:Cectyda,depth/Cectyda.md,145,https://en.uesp.net/wiki/Online:Cectyda
Online:Centurion Uragor,depth/Centurion_Uragor.md,128,https://en.uesp.net/wiki/Online:Centurion_Uragor
Online:Chief Makhug,depth/Chief_Makhug.md,414,https://en.uesp.net/wiki/Online:Chief_Makhug
Online:Cirterisse,depth/Cirterisse.md,386,https://en.uesp.net/wiki/Online:Cirterisse
Online:Buyer Beware,depth/Buyer_Beware.md,1228,https://en.uesp.net/wiki/Online:Buyer_Beware
Online:The Citadel Must Fall,depth/The_Citadel_Must_Fall.md,914,https://en.uesp.net/wiki/Online:The_Citadel_Must_Fall
Online:The Charnel Cage,depth/The_Charnel_Cage.md,130,https://en.uesp.net/wiki/Online:The_Charnel_Cage
Online:Celarion Skullcarver,depth/Celarion_Skullcarver.md,114,https://en.uesp.net/wiki/Online:Celarion_Skullcarver
Online:Captain Regilus,depth/Captain_Regilus.md,1233,https://en.uesp.net/wiki/Online:Captain_Regilus
Online:Cleaning House,depth/Cleaning_House.md,3140,https://en.uesp.net/wiki/Online:Cleaning_House
Online:Captain Nahrevii,depth/Captain_Nahrevii.md,287,https://en.uesp.net/wiki/Online:Captain_Nahrevii
Online:Captain Velya,depth/Captain_Velya.md,140,https://en.uesp.net/wiki/Online:Captain_Velya
Online:Chief Ogzor,depth/Chief_Ogzor.md,126,https://en.uesp.net/wiki/Online:Chief_Ogzor
Online:Castle Charm Challenge,depth/Castle_Charm_Challenge.md,844,https://en.uesp.net/wiki/Online:Castle_Charm_Challenge
Online:Captain Brivan,depth/Captain_Brivan.md,1691,https://en.uesp.net/wiki/Online:Captain_Brivan
Online:Captain Cedus,depth/Captain_Cedus.md,260,https://en.uesp.net/wiki/Online:Captain_Cedus
Online:Carved Ravager,depth/Carved_Ravager.md,110,https://en.uesp.net/wiki/Online:Carved_Ravager
Online:Chodala,depth/Chodala.md,1330,https://en.uesp.net/wiki/Online:Chodala
Online:Clockwork City Vaults,depth/Clockwork_City_Vaults.md,350,https://en.uesp.net/wiki/Online:Clockwork_City_Vaults
Online:Cathedral of Akatosh,depth/Cathedral_of_Akatosh.md,222,https://en.uesp.net/wiki/Online:Cathedral_of_Akatosh
Online:Cemaria,depth/Cemaria.md,175,https://en.uesp.net/wiki/Online:Cemaria
Online:Buried Memories,depth/Buried_Memories.md,1166,https://en.uesp.net/wiki/Online:Buried_Memories
Online:By River and Root,depth/By_River_and_Root.md,697,https://en.uesp.net/wiki/Online:By_River_and_Root
Online:The Burnt Branch,depth/The_Burnt_Branch.md,1336,https://en.uesp.net/wiki/Online:The_Burnt_Branch
Online:Brokk the Smuggler,depth/Brokk_the_Smuggler.md,438,https://en.uesp.net/wiki/Online:Brokk_the_Smuggler
Online:By Love Betrayed,depth/By_Love_Betrayed.md,3601,https://en.uesp.net/wiki/Online:By_Love_Betrayed
Online:Brigadine Cartiar,depth/Brigadine_Cartiar.md,139,https://en.uesp.net/wiki/Online:Brigadine_Cartiar
Online:The Celestial Palanquin,depth/The_Celestial_Palanquin.md,980,https://en.uesp.net/wiki/Online:The_Celestial_Palanquin
Online:Brineclaw,depth/Brineclaw.md,313,https://en.uesp.net/wiki/Online:Brineclaw
Online:Captain Altair,depth/Captain_Altair.md,466,https://en.uesp.net/wiki/Online:Captain_Altair
Online:Castle Navire,depth/Castle_Navire.md,559,https://en.uesp.net/wiki/Online:Castle_Navire
Online:Burial Mannequin of Calarthor Camoran,depth/Burial_Mannequin_of_Calarthor_Camoran.md,101,https://en.uesp.net/wiki/Online:Burial_Mannequin_of_Calarthor_Camoran
Online:Ceythalmor Operative,depth/Ceythalmor_Operative.md,76,https://en.uesp.net/wiki/Online:Ceythalmor_Operative
Online:Charging the Lens,depth/Charging_the_Lens.md,755,https://en.uesp.net/wiki/Online:Charging_the_Lens
Online:Crocodile,depth/Crocodile.md,807,https://en.uesp.net/wiki/Online:Crocodile
Online:Covenant Honor Guard,depth/Covenant_Honor_Guard.md,556,https://en.uesp.net/wiki/Online:Covenant_Honor_Guard
Online:Condalin,depth/Condalin.md,331,https://en.uesp.net/wiki/Online:Condalin
Online:Crimson Cove,depth/Crimson_Cove.md,383,https://en.uesp.net/wiki/Online:Crimson_Cove
Online:Colanwe,depth/Colanwe.md,182,https://en.uesp.net/wiki/Online:Colanwe
Online:Codaermet the Wicked,depth/Codaermet_the_Wicked.md,168,https://en.uesp.net/wiki/Online:Codaermet_the_Wicked
Online:Commander Norevalion,depth/Commander_Norevalion.md,194,https://en.uesp.net/wiki/Online:Commander_Norevalion
Online:Coristir,depth/Coristir.md,224,https://en.uesp.net/wiki/Online:Coristir
Online:Corporal Malin,depth/Corporal_Malin.md,490,https://en.uesp.net/wiki/Online:Corporal_Malin
Online:Courier Rufinus,depth/Courier_Rufinus.md,388,https://en.uesp.net/wiki/Online:Courier_Rufinus
Online:Covenant Mender,depth/Covenant_Mender.md,576,https://en.uesp.net/wiki/Online:Covenant_Mender
Online:Covenant Skirmisher,depth/Covenant_Skirmisher.md,182,https://en.uesp.net/wiki/Online:Covenant_Skirmisher
Online:Cragkin Butcher,depth/Cragkin_Butcher.md,413,https://en.uesp.net/wiki/Online:Cragkin_Butcher
Online:Conflicted Emotions,depth/Conflicted_Emotions.md,374,https://en.uesp.net/wiki/Online:Conflicted_Emotions
Online:Corruption Stones,depth/Corruption_Stones.md,760,https://en.uesp.net/wiki/Online:Corruption_Stones
Online:Crossing the Chasm,depth/Crossing_the_Chasm.md,1146,https://en.uesp.net/wiki/Online:Crossing_the_Chasm
Online:The Colovian Occupation,depth/The_Colovian_Occupation.md,1764,https://en.uesp.net/wiki/Online:The_Colovian_Occupation
Online:Commander Ilyria,depth/Commander_Ilyria.md,188,https://en.uesp.net/wiki/Online:Commander_Ilyria
Online:Commander Linundil,depth/Commander_Linundil.md,267,https://en.uesp.net/wiki/Online:Commander_Linundil
Online:Coldperch Cavern,depth/Coldperch_Cavern.md,318,https://en.uesp.net/wiki/Online:Coldperch_Cavern
Online:The Covetous Damned,depth/The_Covetous_Damned.md,202,https://en.uesp.net/wiki/Online:The_Covetous_Damned
Online:Corrupt Sentinel,depth/Corrupt_Sentinel.md,169,https://en.uesp.net/wiki/Online:Corrupt_Sentinel
Online:Cursed War-Priest,depth/Cursed_War-Priest.md,197,https://en.uesp.net/wiki/Online:Cursed_War-Priest
Online:Coaxer Veran,depth/Coaxer_Veran.md,346,https://en.uesp.net/wiki/Online:Coaxer_Veran
Online:Conflagrator Llaals,depth/Conflagrator_Llaals.md,261,https://en.uesp.net/wiki/Online:Conflagrator_Llaals
Online:Corlas Rarnis,depth/Corlas_Rarnis.md,126,https://en.uesp.net/wiki/Online:Corlas_Rarnis
Online:Councilor Reynis,depth/Councilor_Reynis.md,443,https://en.uesp.net/wiki/Online:Councilor_Reynis
Online:Councilor Dolvara,depth/Councilor_Dolvara.md,620,https://en.uesp.net/wiki/Online:Councilor_Dolvara
Online:Cogs of Fate,depth/Cogs_of_Fate.md,893,https://en.uesp.net/wiki/Online:Cogs_of_Fate
Online:The Crystal Tower,depth/The_Crystal_Tower.md,4591,https://en.uesp.net/wiki/Online:The_Crystal_Tower
Online:Cororrond,depth/Cororrond.md,50,https://en.uesp.net/wiki/Online:Cororrond
Online:Coral Mudcrab,depth/Coral_Mudcrab.md,390,https://en.uesp.net/wiki/Online:Coral_Mudcrab
Online:Cuandala,depth/Cuandala.md,200,https://en.uesp.net/wiki/Online:Cuandala
Online:Cultural Conciliation,depth/Cultural_Conciliation.md,1005,https://en.uesp.net/wiki/Online:Cultural_Conciliation
Online:Commoner (Kagnthamz),depth/Commoner_Kagnthamz.md,42,https://en.uesp.net/wiki/Online:Commoner_(Kagnthamz)
Online:Commander Axius,depth/Commander_Axius.md,1412,https://en.uesp.net/wiki/Online:Commander_Axius
Online:Crowborne Horror,depth/Crowborne_Horror.md,549,https://en.uesp.net/wiki/Online:Crowborne_Horror
Online:The Collector's Villa,depth/The_Collector_s_Villa.md,304,https://en.uesp.net/wiki/Online:The_Collector's_Villa
Online:Contramagis Militia Scout,depth/Contramagis_Militia_Scout.md,292,https://en.uesp.net/wiki/Online:Contramagis_Militia_Scout
Online:Corrupted Hushed Dark Champion,depth/Corrupted_Hushed_Dark_Champion.md,181,https://en.uesp.net/wiki/Online:Corrupted_Hushed_Dark_Champion
Online:Corrupted Hushed Vanguard,depth/Corrupted_Hushed_Vanguard.md,171,https://en.uesp.net/wiki/Online:Corrupted_Hushed_Vanguard
Online:Coronation Decanter of Prince Naemon,depth/Coronation_Decanter_of_Prince_Naemon.md,99,https://en.uesp.net/wiki/Online:Coronation_Decanter_of_Prince_Naemon
Online:Crystaljack,depth/Crystaljack.md,333,https://en.uesp.net/wiki/Online:Crystaljack
Online:Corelanya Poison Archer,depth/Corelanya_Poison_Archer.md,234,https://en.uesp.net/wiki/Online:Corelanya_Poison_Archer
Online:Cord-Spinner Nakish,depth/Cord-Spinner_Nakish.md,389,https://en.uesp.net/wiki/Online:Cord-Spinner_Nakish
Online:Crossing the Wall,depth/Crossing_the_Wall.md,3585,https://en.uesp.net/wiki/Online:Crossing_the_Wall
Online:Corrosive Bile,depth/Corrosive_Bile.md,66,https://en.uesp.net/wiki/Online:Corrosive_Bile
Online:Codex and Cartel,depth/Codex_and_Cartel.md,1450,https://en.uesp.net/wiki/Online:Codex_and_Cartel
Online:Creeping Shadows,depth/Creeping_Shadows.md,88,https://en.uesp.net/wiki/Online:Creeping_Shadows
Online:Crystaljack Cocoon,depth/Crystaljack_Cocoon.md,64,https://en.uesp.net/wiki/Online:Crystaljack_Cocoon
Online:Daedroth,depth/Daedroth.md,2325,https://en.uesp.net/wiki/Online:Daedroth
Online:Deadly Whispers,depth/Deadly_Whispers.md,316,https://en.uesp.net/wiki/Online:Deadly_Whispers
Online:A Dangerous Dream,depth/A_Dangerous_Dream.md,493,https://en.uesp.net/wiki/Online:A_Dangerous_Dream
Online:Deathclaw,depth/Deathclaw.md,185,https://en.uesp.net/wiki/Online:Deathclaw
Online:Diabolist Vethisa,depth/Diabolist_Vethisa.md,254,https://en.uesp.net/wiki/Online:Diabolist_Vethisa
Online:Dimitri,depth/Dimitri.md,290,https://en.uesp.net/wiki/Online:Dimitri
Online:Cynaceae the Verdant,depth/Cynaceae_the_Verdant.md,279,https://en.uesp.net/wiki/Online:Cynaceae_the_Verdant
Online:Dahari,depth/Dahari.md,202,https://en.uesp.net/wiki/Online:Dahari
Online:Dalaneth,depth/Dalaneth.md,693,https://en.uesp.net/wiki/Online:Dalaneth
Online:Dh'andsa,depth/Dh_andsa.md,209,https://en.uesp.net/wiki/Online:Dh'andsa
Online:Depths of Madness,depth/Depths_of_Madness.md,3263,https://en.uesp.net/wiki/Online:Depths_of_Madness
Online:The Dark Night of the Soul,depth/The_Dark_Night_of_the_Soul.md,1443,https://en.uesp.net/wiki/Online:The_Dark_Night_of_the_Soul
Online:The Den of Lorkhaj,depth/The_Den_of_Lorkhaj.md,956,https://en.uesp.net/wiki/Online:The_Den_of_Lorkhaj
Online:Deathknight Stormcrag,depth/Deathknight_Stormcrag.md,179,https://en.uesp.net/wiki/Online:Deathknight_Stormcrag
Online:Dawn of the Exalted Viper,depth/Dawn_of_the_Exalted_Viper.md,2018,https://en.uesp.net/wiki/Online:Dawn_of_the_Exalted_Viper
Online:Dirge of Thorns,depth/Dirge_of_Thorns.md,231,https://en.uesp.net/wiki/Online:Dirge_of_Thorns
Online:Debruz,depth/Debruz.md,287,https://en.uesp.net/wiki/Online:Debruz
Online:Dark Guardian,depth/Dark_Guardian.md,182,https://en.uesp.net/wiki/Online:Dark_Guardian
Online:Dathus Ildram,depth/Dathus_Ildram.md,226,https://en.uesp.net/wiki/Online:Dathus_Ildram
Online:Desecrated Ghost,depth/Desecrated_Ghost.md,175,https://en.uesp.net/wiki/Online:Desecrated_Ghost
Online:Delte Nethri,depth/Delte_Nethri.md,388,https://en.uesp.net/wiki/Online:Delte_Nethri
Online:Darsho,depth/Darsho.md,144,https://en.uesp.net/wiki/Online:Darsho
Online:Deepening Shadows,depth/Deepening_Shadows.md,3298,https://en.uesp.net/wiki/Online:Deepening_Shadows
Online:Dancing Spider,depth/Dancing_Spider.md,191,https://en.uesp.net/wiki/Online:Dancing_Spider
Online:Death and Dreaming,depth/Death_and_Dreaming.md,3887,https://en.uesp.net/wiki/Online:Death_and_Dreaming
Online:Death Among the Dead-Water,depth/Death_Among_the_Dead-Water.md,2459,https://en.uesp.net/wiki/Online:Death_Among_the_Dead-Water
Online:The Dark Aeon,depth/The_Dark_Aeon.md,2266,https://en.uesp.net/wiki/Online:The_Dark_Aeon
Online:Deckhand Bazler,depth/Deckhand_Bazler.md,522,https://en.uesp.net/wiki/Online:Deckhand_Bazler
Online:Dark Clouds Over Solitude,depth/Dark_Clouds_Over_Solitude.md,5554,https://en.uesp.net/wiki/Online:Dark_Clouds_Over_Solitude
Online:Danger in the Holds,depth/Danger_in_the_Holds.md,4059,https://en.uesp.net/wiki/Online:Danger_in_the_Holds
Online:Digging Up Trouble,depth/Digging_Up_Trouble.md,4130,https://en.uesp.net/wiki/Online:Digging_Up_Trouble
Online:Death Hunter Trapper,depth/Death_Hunter_Trapper.md,215,https://en.uesp.net/wiki/Online:Death_Hunter_Trapper
Online:Death Hound Broodling,depth/Death_Hound_Broodling.md,42,https://en.uesp.net/wiki/Online:Death_Hound_Broodling
Online:The Dark Heart,depth/The_Dark_Heart.md,4914,https://en.uesp.net/wiki/Online:The_Dark_Heart
Online:Devastator Findonel,depth/Devastator_Findonel.md,287,https://en.uesp.net/wiki/Online:Devastator_Findonel
Online:Disastrix Anderine,depth/Disastrix_Anderine.md,296,https://en.uesp.net/wiki/Online:Disastrix_Anderine
Online:Devastator Varro,depth/Devastator_Varro.md,271,https://en.uesp.net/wiki/Online:Devastator_Varro
Online:Death Hopper,depth/Death_Hopper.md,576,https://en.uesp.net/wiki/Online:Death_Hopper
Online:A Deadly Secret,depth/A_Deadly_Secret.md,4529,https://en.uesp.net/wiki/Online:A_Deadly_Secret
Online:Destroying What Remains,depth/Destroying_What_Remains.md,473,https://en.uesp.net/wiki/Online:Destroying_What_Remains
Online:Dead Weight,depth/Dead_Weight.md,2210,https://en.uesp.net/wiki/Online:Dead_Weight
Online:The Deadlands,depth/The_Deadlands.md,694,https://en.uesp.net/wiki/Online:The_Deadlands
Online:Destruction Incarnate,depth/Destruction_Incarnate.md,1475,https://en.uesp.net/wiki/Online:Destruction_Incarnate
Online:Death Stalks the Weak,depth/Death_Stalks_the_Weak.md,1795,https://en.uesp.net/wiki/Online:Death_Stalks_the_Weak
Online:Deadly Investigations,depth/Deadly_Investigations.md,963,https://en.uesp.net/wiki/Online:Deadly_Investigations
Online:Dead Champion,depth/Dead_Champion.md,172,https://en.uesp.net/wiki/Online:Dead_Champion
Online:Dead Priest,depth/Dead_Priest.md,131,https://en.uesp.net/wiki/Online:Dead_Priest
Online:Dead Stalker,depth/Dead_Stalker.md,135,https://en.uesp.net/wiki/Online:Dead_Stalker
Online:Darkreave Runemaster,depth/Darkreave_Runemaster.md,551,https://en.uesp.net/wiki/Online:Darkreave_Runemaster
Online:The Dark Behind the World,depth/The_Dark_Behind_the_World.md,2440,https://en.uesp.net/wiki/Online:The_Dark_Behind_the_World
Online:Dremora Kyngald,depth/Dremora_Kyngald.md,962,https://en.uesp.net/wiki/Online:Dremora_Kyngald
Online:Dremora Kynval,depth/Dremora_Kynval.md,1572,https://en.uesp.net/wiki/Online:Dremora_Kynval
Online:Disguised Prisoner,depth/Disguised_Prisoner.md,143,https://en.uesp.net/wiki/Online:Disguised_Prisoner
Online:Domina Ssaranth,depth/Domina_Ssaranth.md,179,https://en.uesp.net/wiki/Online:Domina_Ssaranth
Online:Dominion Honor Guard,depth/Dominion_Honor_Guard.md,543,https://en.uesp.net/wiki/Online:Dominion_Honor_Guard
Online:Dominion Quartermaster,depth/Dominion_Quartermaster.md,413,https://en.uesp.net/wiki/Online:Dominion_Quartermaster
Online:Dominion Skirmisher,depth/Dominion_Skirmisher.md,184,https://en.uesp.net/wiki/Online:Dominion_Skirmisher
Online:Draugr Bane,depth/Draugr_Bane.md,901,https://en.uesp.net/wiki/Online:Draugr_Bane
Online:Dremora Harstryl,depth/Dremora_Harstryl.md,849,https://en.uesp.net/wiki/Online:Dremora_Harstryl
Online:Dremora Kynlurker,depth/Dremora_Kynlurker.md,932,https://en.uesp.net/wiki/Online:Dremora_Kynlurker
Online:Dremora Morikyn,depth/Dremora_Morikyn.md,467,https://en.uesp.net/wiki/Online:Dremora_Morikyn
Online:Dresuu Var,depth/Dresuu_Var.md,201,https://en.uesp.net/wiki/Online:Dresuu_Var
Online:Drake of Blades,depth/Drake_of_Blades.md,8291,https://en.uesp.net/wiki/Online:Drake_of_Blades
Online:Dread Daedrat,depth/Dread_Daedrat.md,136,https://en.uesp.net/wiki/Online:Dread_Daedrat
Online:Draugr Dilemma,depth/Draugr_Dilemma.md,1688,https://en.uesp.net/wiki/Online:Draugr_Dilemma
Online:A Double Life,depth/A_Double_Life.md,1106,https://en.uesp.net/wiki/Online:A_Double_Life
Online:Dreloth Ancestral Tomb,depth/Dreloth_Ancestral_Tomb.md,159,https://en.uesp.net/wiki/Online:Dreloth_Ancestral_Tomb
Online:Dobias Sophus,depth/Dobias_Sophus.md,856,https://en.uesp.net/wiki/Online:Dobias_Sophus
Online:Dorand,depth/Dorand.md,114,https://en.uesp.net/wiki/Online:Dorand
Online:Dremora Soldakyn,depth/Dremora_Soldakyn.md,456,https://en.uesp.net/wiki/Online:Dremora_Soldakyn
Online:Dro-m'Athra Burster,depth/Dro-m_Athra_Burster.md,155,https://en.uesp.net/wiki/Online:Dro-m'Athra_Burster
Online:Divine Conundrum,depth/Divine_Conundrum.md,3959,https://en.uesp.net/wiki/Online:Divine_Conundrum
Online:Divine Restoration,depth/Divine_Restoration.md,3239,https://en.uesp.net/wiki/Online:Divine_Restoration
Online:Divine Blessings,depth/Divine_Blessings.md,1176,https://en.uesp.net/wiki/Online:Divine_Blessings
Online:Divine Disaster,depth/Divine_Disaster.md,1755,https://en.uesp.net/wiki/Online:Divine_Disaster
Online:Divine Intervention,depth/Divine_Intervention.md,5109,https://en.uesp.net/wiki/Online:Divine_Intervention
Online:Divine Delusions,depth/Divine_Delusions.md,3846,https://en.uesp.net/wiki/Online:Divine_Delusions
Online:Dredase-Hlarar,depth/Dredase-Hlarar.md,434,https://en.uesp.net/wiki/Online:Dredase-Hlarar
Online:The Dreaming Cave,depth/The_Dreaming_Cave.md,3806,https://en.uesp.net/wiki/Online:The_Dreaming_Cave
Online:Divine Deputation,depth/Divine_Deputation.md,160,https://en.uesp.net/wiki/Online:Divine_Deputation
Online:Dousing the Daedric Flame,depth/Dousing_the_Daedric_Flame.md,411,https://en.uesp.net/wiki/Online:Dousing_the_Daedric_Flame
Online:Dremora Ravager,depth/Dremora_Ravager.md,326,https://en.uesp.net/wiki/Online:Dremora_Ravager
Online:Dro-m'Athra Runecaster,depth/Dro-m_Athra_Runecaster.md,271,https://en.uesp.net/wiki/Online:Dro-m'Athra_Runecaster
Online:Dro-m'Athra Shadow Walker,depth/Dro-m_Athra_Shadow_Walker.md,165,https://en.uesp.net/wiki/Online:Dro-m'Athra_Shadow_Walker
Online:The Dragonguard's Legacy,depth/The_Dragonguard_s_Legacy.md,2860,https://en.uesp.net/wiki/Online:The_Dragonguard's_Legacy
Online:The Dragon's Lair,depth/The_Dragon_s_Lair.md,4236,https://en.uesp.net/wiki/Online:The_Dragon's_Lair
Online:Dockworker (Abah's Landing),depth/Dockworker_Abah_s_Landing.md,94,https://en.uesp.net/wiki/Online:Dockworker_(Abah's_Landing)
Online:Disastrix Maglagor,depth/Disastrix_Maglagor.md,230,https://en.uesp.net/wiki/Online:Disastrix_Maglagor
Online:The Dread Cellar,depth/The_Dread_Cellar.md,826,https://en.uesp.net/wiki/Online:The_Dread_Cellar
Online:Dossith,depth/Dossith.md,151,https://en.uesp.net/wiki/Online:Dossith
Online:Disastrix Vibius,depth/Disastrix_Vibius.md,256,https://en.uesp.net/wiki/Online:Disastrix_Vibius
Online:Dremora Lurker,depth/Dremora_Lurker.md,306,https://en.uesp.net/wiki/Online:Dremora_Lurker
Online:A Discreet Pickup,depth/A_Discreet_Pickup.md,252,https://en.uesp.net/wiki/Online:A_Discreet_Pickup
Online:Dreadsail Deadeye,depth/Dreadsail_Deadeye.md,109,https://en.uesp.net/wiki/Online:Dreadsail_Deadeye
Online:Dreadsail Swindler,depth/Dreadsail_Swindler.md,227,https://en.uesp.net/wiki/Online:Dreadsail_Swindler
Online:Dragon Frog Dilemma,depth/Dragon_Frog_Dilemma.md,144,https://en.uesp.net/wiki/Online:Dragon_Frog_Dilemma
Online:Dreamcarver Dreadknight,depth/Dreamcarver_Dreadknight.md,257,https://en.uesp.net/wiki/Online:Dreamcarver_Dreadknight
Online:Dreamcarver Ranger,depth/Dreamcarver_Ranger.md,321,https://en.uesp.net/wiki/Online:Dreamcarver_Ranger
Online:Divad Hunding's Dribble Bowl,depth/Divad_Hunding_s_Dribble_Bowl.md,81,https://en.uesp.net/wiki/Online:Divad_Hunding's_Dribble_Bowl
Online:Dominion Mender (Cyrodiil),depth/Dominion_Mender_Cyrodiil.md,514,https://en.uesp.net/wiki/Online:Dominion_Mender_(Cyrodiil)
Online:Eagle's Strand,depth/Eagle_s_Strand.md,505,https://en.uesp.net/wiki/Online:Eagle's_Strand
Online:Bows,depth/Bows.md,265,https://en.uesp.net/wiki/Online:Bows
Online:Greatswords,depth/Greatswords.md,277,https://en.uesp.net/wiki/Online:Greatswords
Online:Mauls,depth/Mauls.md,276,https://en.uesp.net/wiki/Online:Mauls
Online:Battle Axes,depth/Battle_Axes.md,278,https://en.uesp.net/wiki/Online:Battle_Axes
Online:Staves,depth/Staves.md,330,https://en.uesp.net/wiki/Online:Staves
Online:Steel Weapons,depth/Steel_Weapons.md,348,https://en.uesp.net/wiki/Online:Steel_Weapons
Online:Orichalc Weapons,depth/Orichalc_Weapons.md,457,https://en.uesp.net/wiki/Online:Orichalc_Weapons
Online:Dwarven Weapons,depth/Dwarven_Weapons.md,447,https://en.uesp.net/wiki/Online:Dwarven_Weapons
Online:Ebon Weapons,depth/Ebon_Weapons.md,167,https://en.uesp.net/wiki/Online:Ebon_Weapons
Online:Calcinium Weapons,depth/Calcinium_Weapons.md,167,https://en.uesp.net/wiki/Online:Calcinium_Weapons
Online:Galatite Weapons,depth/Galatite_Weapons.md,167,https://en.uesp.net/wiki/Online:Galatite_Weapons
Online:Quicksilver Weapons,depth/Quicksilver_Weapons.md,146,https://en.uesp.net/wiki/Online:Quicksilver_Weapons
Online:Voidsteel Weapons,depth/Voidsteel_Weapons.md,230,https://en.uesp.net/wiki/Online:Voidsteel_Weapons
Online:Oak Weapons,depth/Oak_Weapons.md,207,https://en.uesp.net/wiki/Online:Oak_Weapons
Online:Beech Weapons,depth/Beech_Weapons.md,236,https://en.uesp.net/wiki/Online:Beech_Weapons
Online:Hickory Weapons,depth/Hickory_Weapons.md,236,https://en.uesp.net/wiki/Online:Hickory_Weapons
Online:Yew Weapons,depth/Yew_Weapons.md,156,https://en.uesp.net/wiki/Online:Yew_Weapons
Online:Birch Weapons,depth/Birch_Weapons.md,156,https://en.uesp.net/wiki/Online:Birch_Weapons
Online:Ash Weapons,depth/Ash_Weapons.md,156,https://en.uesp.net/wiki/Online:Ash_Weapons
Online:Mahogany Weapons,depth/Mahogany_Weapons.md,150,https://en.uesp.net/wiki/Online:Mahogany_Weapons
Online:Nightwood Weapons,depth/Nightwood_Weapons.md,175,https://en.uesp.net/wiki/Online:Nightwood_Weapons
Online:Dungeons,depth/Dungeons.md,183,https://en.uesp.net/wiki/Online:Dungeons
Online:Eldecil,depth/Eldecil.md,179,https://en.uesp.net/wiki/Online:Eldecil
Online:Dugan the Red,depth/Dugan_the_Red.md,369,https://en.uesp.net/wiki/Online:Dugan_the_Red
Online:Duzuni,depth/Duzuni.md,52,https://en.uesp.net/wiki/Online:Duzuni
Online:Earelcar,depth/Earelcar.md,160,https://en.uesp.net/wiki/Online:Earelcar
Online:Elder Elsaril,depth/Elder_Elsaril.md,410,https://en.uesp.net/wiki/Online:Elder_Elsaril
Online:Durdira,depth/Durdira.md,177,https://en.uesp.net/wiki/Online:Durdira
Online:Beech,depth/Beech.md,159,https://en.uesp.net/wiki/Online:Beech
Online:Hickory,depth/Hickory.md,165,https://en.uesp.net/wiki/Online:Hickory
Online:Birch,depth/Birch.md,151,https://en.uesp.net/wiki/Online:Birch
Online:Ash,depth/Ash.md,152,https://en.uesp.net/wiki/Online:Ash
Online:Ruby Ash Weapons,depth/Ruby_Ash_Weapons.md,158,https://en.uesp.net/wiki/Online:Ruby_Ash_Weapons
Online:Rubedite Weapons,depth/Rubedite_Weapons.md,146,https://en.uesp.net/wiki/Online:Rubedite_Weapons
Online:Dusk Scholar,depth/Dusk_Scholar.md,190,https://en.uesp.net/wiki/Online:Dusk_Scholar
Online:Echoes of a Fallen House,depth/Echoes_of_a_Fallen_House.md,922,https://en.uesp.net/wiki/Online:Echoes_of_a_Fallen_House
Online:The Ebon Sanctum,depth/The_Ebon_Sanctum.md,1507,https://en.uesp.net/wiki/Online:The_Ebon_Sanctum
Online:A Duelist's Dilemma,depth/A_Duelist_s_Dilemma.md,564,https://en.uesp.net/wiki/Online:A_Duelist's_Dilemma
Online:Dro-m'Athra Thundermaul,depth/Dro-m_Athra_Thundermaul.md,211,https://en.uesp.net/wiki/Online:Dro-m'Athra_Thundermaul
Online:Dwarven Spider (boss),depth/Dwarven_Spider_boss.md,233,https://en.uesp.net/wiki/Online:Dwarven_Spider_(boss)
Online:Dusktown,depth/Dusktown.md,194,https://en.uesp.net/wiki/Online:Dusktown
Online:Dwarven Scarab (creature),depth/Dwarven_Scarab_creature.md,163,https://en.uesp.net/wiki/Online:Dwarven_Scarab_(creature)
Online:Dwarven Architon Arbalest,depth/Dwarven_Architon_Arbalest.md,234,https://en.uesp.net/wiki/Online:Dwarven_Architon_Arbalest
Online:Duke Calvus Vanin,depth/Duke_Calvus_Vanin.md,114,https://en.uesp.net/wiki/Online:Duke_Calvus_Vanin
Online:The Durance Vile,depth/The_Durance_Vile.md,1809,https://en.uesp.net/wiki/Online:The_Durance_Vile
Online:Edwinna Maston,depth/Edwinna_Maston.md,158,https://en.uesp.net/wiki/Online:Edwinna_Maston
Online:Dusksaber Tormentor,depth/Dusksaber_Tormentor.md,433,https://en.uesp.net/wiki/Online:Dusksaber_Tormentor
Online:Dynamagis Inferno,depth/Dynamagis_Inferno.md,92,https://en.uesp.net/wiki/Online:Dynamagis_Inferno
Online:Eastern Solstice,depth/Eastern_Solstice.md,497,https://en.uesp.net/wiki/Online:Eastern_Solstice
Online:Maple,depth/Maple.md,159,https://en.uesp.net/wiki/Online:Maple
Online:Oak,depth/Oak.md,167,https://en.uesp.net/wiki/Online:Oak
Online:Yew,depth/Yew.md,159,https://en.uesp.net/wiki/Online:Yew
Online:Mahogany,depth/Mahogany.md,140,https://en.uesp.net/wiki/Online:Mahogany
Online:Nightwood,depth/Nightwood.md,166,https://en.uesp.net/wiki/Online:Nightwood
Online:Ruby Ash,depth/Ruby_Ash.md,193,https://en.uesp.net/wiki/Online:Ruby_Ash
Online:Glyph of Health,glyphs/Glyph_of_Health.md,338,https://en.uesp.net/wiki/Online:Glyph_of_Health
Online:Glyph of Magicka,glyphs/Glyph_of_Magicka.md,338,https://en.uesp.net/wiki/Online:Glyph_of_Magicka
Online:Glyph of Stamina,glyphs/Glyph_of_Stamina.md,338,https://en.uesp.net/wiki/Online:Glyph_of_Stamina
Online:Glyph of Prismatic Defense,glyphs/Glyph_of_Prismatic_Defense.md,549,https://en.uesp.net/wiki/Online:Glyph_of_Prismatic_Defense
Online:Glyph of Frost,glyphs/Glyph_of_Frost.md,310,https://en.uesp.net/wiki/Online:Glyph_of_Frost
Online:Glyph of Flame,glyphs/Glyph_of_Flame.md,310,https://en.uesp.net/wiki/Online:Glyph_of_Flame
Online:Glyph of Shock,glyphs/Glyph_of_Shock.md,310,https://en.uesp.net/wiki/Online:Glyph_of_Shock
Online:Glyph of Poison,glyphs/Glyph_of_Poison.md,310,https://en.uesp.net/wiki/Online:Glyph_of_Poison
Online:Glyph of Foulness,glyphs/Glyph_of_Foulness.md,310,https://en.uesp.net/wiki/Online:Glyph_of_Foulness
Online:Glyph of Weapon Damage,glyphs/Glyph_of_Weapon_Damage.md,354,https://en.uesp.net/wiki/Online:Glyph_of_Weapon_Damage
Online:Glyph of Hardening,glyphs/Glyph_of_Hardening.md,314,https://en.uesp.net/wiki/Online:Glyph_of_Hardening
Online:Glyph of Stamina Recovery,glyphs/Glyph_of_Stamina_Recovery.md,325,https://en.uesp.net/wiki/Online:Glyph_of_Stamina_Recovery
Online:Glyph of Magicka Recovery,glyphs/Glyph_of_Magicka_Recovery.md,325,https://en.uesp.net/wiki/Online:Glyph_of_Magicka_Recovery
Online:Glyph of Health Recovery,glyphs/Glyph_of_Health_Recovery.md,325,https://en.uesp.net/wiki/Online:Glyph_of_Health_Recovery
Online:Glyph of Bashing,glyphs/Glyph_of_Bashing.md,322,https://en.uesp.net/wiki/Online:Glyph_of_Bashing
Online:Glyph of Increase Magical Harm,glyphs/Glyph_of_Increase_Magical_Harm.md,355,https://en.uesp.net/wiki/Online:Glyph_of_Increase_Magical_Harm
Online:Glyph of Increase Physical Harm,glyphs/Glyph_of_Increase_Physical_Harm.md,355,https://en.uesp.net/wiki/Online:Glyph_of_Increase_Physical_Harm
Online:Glyph of Potion Boost,glyphs/Glyph_of_Potion_Boost.md,327,https://en.uesp.net/wiki/Online:Glyph_of_Potion_Boost
Online:Glyph of Absorb Health,glyphs/Glyph_of_Absorb_Health.md,522,https://en.uesp.net/wiki/Online:Glyph_of_Absorb_Health
Online:Glyph of Absorb Magicka,glyphs/Glyph_of_Absorb_Magicka.md,516,https://en.uesp.net/wiki/Online:Glyph_of_Absorb_Magicka
Online:Glyph of Absorb Stamina,glyphs/Glyph_of_Absorb_Stamina.md,516,https://en.uesp.net/wiki/Online:Glyph_of_Absorb_Stamina
Online:Glyph of Crushing,glyphs/Glyph_of_Crushing.md,324,https://en.uesp.net/wiki/Online:Glyph_of_Crushing
Online:Glyph of Decrease Health,glyphs/Glyph_of_Decrease_Health.md,401,https://en.uesp.net/wiki/Online:Glyph_of_Decrease_Health
Online:Glyph of Prismatic Onslaught,glyphs/Glyph_of_Prismatic_Onslaught.md,733,https://en.uesp.net/wiki/Online:Glyph_of_Prismatic_Onslaught
Online:Glyph of Weakening,glyphs/Glyph_of_Weakening.md,316,https://en.uesp.net/wiki/Online:Glyph_of_Weakening
Online:Glyph of Decrease Physical Harm,glyphs/Glyph_of_Decrease_Physical_Harm.md,342,https://en.uesp.net/wiki/Online:Glyph_of_Decrease_Physical_Harm
Online:Glyph of Decrease Spell Harm,glyphs/Glyph_of_Decrease_Spell_Harm.md,342,https://en.uesp.net/wiki/Online:Glyph_of_Decrease_Spell_Harm
Online:Glyph of Disease Resist,glyphs/Glyph_of_Disease_Resist.md,327,https://en.uesp.net/wiki/Online:Glyph_of_Disease_Resist
Online:Glyph of Flame Resist,glyphs/Glyph_of_Flame_Resist.md,327,https://en.uesp.net/wiki/Online:Glyph_of_Flame_Resist
Online:Glyph of Frost Resist,glyphs/Glyph_of_Frost_Resist.md,327,https://en.uesp.net/wiki/Online:Glyph_of_Frost_Resist
Online:Glyph of Poison Resist,glyphs/Glyph_of_Poison_Resist.md,327,https://en.uesp.net/wiki/Online:Glyph_of_Poison_Resist
Online:Glyph of Shock Resist,glyphs/Glyph_of_Shock_Resist.md,327,https://en.uesp.net/wiki/Online:Glyph_of_Shock_Resist
Online:Glyph of Potion Speed,glyphs/Glyph_of_Potion_Speed.md,366,https://en.uesp.net/wiki/Online:Glyph_of_Potion_Speed
Online:Glyph of Reduce Feat Cost,glyphs/Glyph_of_Reduce_Feat_Cost.md,346,https://en.uesp.net/wiki/Online:Glyph_of_Reduce_Feat_Cost
Online:Glyph of Reduce Spell Cost,glyphs/Glyph_of_Reduce_Spell_Cost.md,346,https://en.uesp.net/wiki/Online:Glyph_of_Reduce_Spell_Cost
Online:Glyph of Bracing,glyphs/Glyph_of_Bracing.md,317,https://en.uesp.net/wiki/Online:Glyph_of_Bracing
Online:Glyph of Prismatic Recovery,glyphs/Glyph_of_Prismatic_Recovery.md,332,https://en.uesp.net/wiki/Online:Glyph_of_Prismatic_Recovery
Online:Glyph of Reduce Skill Cost,glyphs/Glyph_of_Reduce_Skill_Cost.md,351,https://en.uesp.net/wiki/Online:Glyph_of_Reduce_Skill_Cost
Online:High Hrothgar Festival Mints,recipes/High_Hrothgar_Festival_Mints.md,98,https://en.uesp.net/wiki/Online:High_Hrothgar_Festival_Mints
Online:Spoiled Food,recipes/Spoiled_Food.md,72,https://en.uesp.net/wiki/Online:Spoiled_Food
Online:Elemental Explosion,scribing/Elemental_Explosion.md,520,https://en.uesp.net/wiki/Online:Elemental_Explosion
Online:Mender's Bond,scribing/Mender_s_Bond.md,811,https://en.uesp.net/wiki/Online:Mender's_Bond
Online:Class Flourish,scribing/Class_Flourish.md,502,https://en.uesp.net/wiki/Online:Class_Flourish
Online:Anchorite's Cruelty,scribing/Anchorite_s_Cruelty.md,198,https://en.uesp.net/wiki/Online:Anchorite's_Cruelty
Online:Anchorite's Potency,scribing/Anchorite_s_Potency.md,119,https://en.uesp.net/wiki/Online:Anchorite's_Potency
Online:Assassin's Misery,scribing/Assassin_s_Misery.md,125,https://en.uesp.net/wiki/Online:Assassin's_Misery
Online:Cavalier's Charge,scribing/Cavalier_s_Charge.md,144,https://en.uesp.net/wiki/Online:Cavalier's_Charge
Online:Crusader's Defiance,scribing/Crusader_s_Defiance.md,168,https://en.uesp.net/wiki/Online:Crusader's_Defiance
Online:Druid's Resurgence,scribing/Druid_s_Resurgence.md,156,https://en.uesp.net/wiki/Online:Druid's_Resurgence
Online:Fencer's Parry,scribing/Fencer_s_Parry.md,154,https://en.uesp.net/wiki/Online:Fencer's_Parry
Online:Gladiator's Tenacity,scribing/Gladiator_s_Tenacity.md,106,https://en.uesp.net/wiki/Online:Gladiator's_Tenacity
Online:Growing Impact,scribing/Growing_Impact.md,125,https://en.uesp.net/wiki/Online:Growing_Impact
Online:Hunter's Snare,scribing/Hunter_s_Snare.md,220,https://en.uesp.net/wiki/Online:Hunter's_Snare
Online:Immobilizing Strike,scribing/Immobilizing_Strike.md,114,https://en.uesp.net/wiki/Online:Immobilizing_Strike
Online:Knight's Valor,scribing/Knight_s_Valor.md,119,https://en.uesp.net/wiki/Online:Knight's_Valor
Online:Leeching Thirst,scribing/Leeching_Thirst.md,113,https://en.uesp.net/wiki/Online:Leeching_Thirst
Online:Lingering Torment,scribing/Lingering_Torment.md,245,https://en.uesp.net/wiki/Online:Lingering_Torment
Online:Bleed Damage (script),scribing/Bleed_Damage_script.md,239,https://en.uesp.net/wiki/Online:Bleed_Damage_(script)
Online:Damage Shield (script),scribing/Damage_Shield_script.md,259,https://en.uesp.net/wiki/Online:Damage_Shield_(script)
Online:Disease Damage (script),scribing/Disease_Damage_script.md,115,https://en.uesp.net/wiki/Online:Disease_Damage_(script)
Online:Dispel,scribing/Dispel.md,136,https://en.uesp.net/wiki/Online:Dispel
Online:Frost Damage (script),scribing/Frost_Damage_script.md,118,https://en.uesp.net/wiki/Online:Frost_Damage_(script)
Online:Generate Ultimate,scribing/Generate_Ultimate.md,126,https://en.uesp.net/wiki/Online:Generate_Ultimate
Online:Mitigation,scribing/Mitigation.md,150,https://en.uesp.net/wiki/Online:Mitigation
Online:Multi-Target,scribing/Multi-Target.md,161,https://en.uesp.net/wiki/Online:Multi-Target
Online:Flame Damage (script),scribing/Flame_Damage_script.md,187,https://en.uesp.net/wiki/Online:Flame_Damage_(script)
Online:Immobilize (script),scribing/Immobilize_script.md,247,https://en.uesp.net/wiki/Online:Immobilize_(script)
Online:Knockback (script),scribing/Knockback_script.md,198,https://en.uesp.net/wiki/Online:Knockback_(script)
Online:Healing (script),scribing/Healing_script.md,218,https://en.uesp.net/wiki/Online:Healing_(script)
Online:Magic Damage (script),scribing/Magic_Damage_script.md,233,https://en.uesp.net/wiki/Online:Magic_Damage_(script)
Online:Berserk,scribing/Berserk.md,130,https://en.uesp.net/wiki/Online:Berserk
Online:Courage,scribing/Courage.md,151,https://en.uesp.net/wiki/Online:Courage
Online:Empower (script),scribing/Empower_script.md,129,https://en.uesp.net/wiki/Online:Empower_(script)
Online:Evasion (script),scribing/Evasion_script.md,137,https://en.uesp.net/wiki/Online:Evasion_(script)
Online:Expedition,scribing/Expedition.md,156,https://en.uesp.net/wiki/Online:Expedition
Online:Force,scribing/Force.md,124,https://en.uesp.net/wiki/Online:Force
Online:Heroism (script),scribing/Heroism_script.md,153,https://en.uesp.net/wiki/Online:Heroism_(script)
Online:Intellect and Endurance,scribing/Intellect_and_Endurance.md,211,https://en.uesp.net/wiki/Online:Intellect_and_Endurance
Online:Breach (script),scribing/Breach_script.md,229,https://en.uesp.net/wiki/Online:Breach_(script)
Online:Brittle,scribing/Brittle.md,123,https://en.uesp.net/wiki/Online:Brittle
Online:Brutality and Sorcery,scribing/Brutality_and_Sorcery.md,183,https://en.uesp.net/wiki/Online:Brutality_and_Sorcery
Online:Cowardice (script),scribing/Cowardice_script.md,195,https://en.uesp.net/wiki/Online:Cowardice_(script)
Online:Defile (script),scribing/Defile_script.md,161,https://en.uesp.net/wiki/Online:Defile_(script)
Online:Enervation (script),scribing/Enervation_script.md,157,https://en.uesp.net/wiki/Online:Enervation_(script)
Online:Interrupt (script),scribing/Interrupt_script.md,122,https://en.uesp.net/wiki/Online:Interrupt_(script)
Online:Lifesteal,scribing/Lifesteal.md,146,https://en.uesp.net/wiki/Online:Lifesteal
Online:Magickasteal,scribing/Magickasteal.md,175,https://en.uesp.net/wiki/Online:Magickasteal
Online:Maim (script),scribing/Maim_script.md,190,https://en.uesp.net/wiki/Online:Maim_(script)
Online:Mangle,scribing/Mangle.md,145,https://en.uesp.net/wiki/Online:Mangle
Online:Banner Bearer,scribing/Banner_Bearer.md,751,https://en.uesp.net/wiki/Online:Banner_Bearer
Online:Vault,scribing/Vault.md,824,https://en.uesp.net/wiki/Online:Vault
Online:Traveling Knife,scribing/Traveling_Knife.md,842,https://en.uesp.net/wiki/Online:Traveling_Knife
Online:Shield Throw,scribing/Shield_Throw.md,694,https://en.uesp.net/wiki/Online:Shield_Throw
Online:Smash,scribing/Smash.md,734,https://en.uesp.net/wiki/Online:Smash
Online:Ulfsild's Contingency,scribing/Ulfsild_s_Contingency.md,960,https://en.uesp.net/wiki/Online:Ulfsild's_Contingency
Online:Torchbearer,scribing/Torchbearer.md,722,https://en.uesp.net/wiki/Online:Torchbearer
Online:Soul Burst,scribing/Soul_Burst.md,805,https://en.uesp.net/wiki/Online:Soul_Burst
Online:Trample,scribing/Trample.md,818,https://en.uesp.net/wiki/Online:Trample
Online:Wield Soul,scribing/Wield_Soul.md,837,https://en.uesp.net/wiki/Online:Wield_Soul
Online:Sage's Remedy,scribing/Sage_s_Remedy.md,144,https://en.uesp.net/wiki/Online:Sage's_Remedy
Online:Thief's Swiftness,scribing/Thief_s_Swiftness.md,158,https://en.uesp.net/wiki/Online:Thief's_Swiftness
Online:Warmage's Defense,scribing/Warmage_s_Defense.md,161,https://en.uesp.net/wiki/Online:Warmage's_Defense
Online:Warrior's Opportunity,scribing/Warrior_s_Opportunity.md,113,https://en.uesp.net/wiki/Online:Warrior's_Opportunity
Online:Wayfarer's Mastery,scribing/Wayfarer_s_Mastery.md,210,https://en.uesp.net/wiki/Online:Wayfarer's_Mastery
Online:Trauma,scribing/Trauma.md,113,https://en.uesp.net/wiki/Online:Trauma
Online:Restore Resources,scribing/Restore_Resources.md,149,https://en.uesp.net/wiki/Online:Restore_Resources
Online:Poison Damage (script),scribing/Poison_Damage_script.md,129,https://en.uesp.net/wiki/Online:Poison_Damage_(script)
Online:Taunt (script),scribing/Taunt_script.md,133,https://en.uesp.net/wiki/Online:Taunt_(script)
Online:Shock Damage (script),scribing/Shock_Damage_script.md,187,https://en.uesp.net/wiki/Online:Shock_Damage_(script)
Online:Pull (script),scribing/Pull_script.md,214,https://en.uesp.net/wiki/Online:Pull_(script)
Online:Stun (script),scribing/Stun_script.md,196,https://en.uesp.net/wiki/Online:Stun_(script)
Online:Physical Damage (script),scribing/Physical_Damage_script.md,242,https://en.uesp.net/wiki/Online:Physical_Damage_(script)
Online:Protection (script),scribing/Protection_script.md,133,https://en.uesp.net/wiki/Online:Protection_(script)
Online:Resolve (script),scribing/Resolve_script.md,168,https://en.uesp.net/wiki/Online:Resolve_(script)
Online:Savagery and Prophecy,scribing/Savagery_and_Prophecy.md,167,https://en.uesp.net/wiki/Online:Savagery_and_Prophecy
Online:Vitality (script),scribing/Vitality_script.md,156,https://en.uesp.net/wiki/Online:Vitality_(script)
Online:Off Balance (script),scribing/Off_Balance_script.md,98,https://en.uesp.net/wiki/Online:Off_Balance_(script)
Online:Uncertainty (script),scribing/Uncertainty_script.md,129,https://en.uesp.net/wiki/Online:Uncertainty_(script)
Online:Vulnerability (script),scribing/Vulnerability_script.md,148,https://en.uesp.net/wiki/Online:Vulnerability_(script)
Online:Script Vendors Rotating Stock/2024,scribing/Script_Vendors_Rotating_Stock_2024.md,2057,https://en.uesp.net/wiki/Online:Script_Vendors_Rotating_Stock/2024
Online:Ashen Grip,sets/Ashen_Grip.md,325,https://en.uesp.net/wiki/Online:Ashen_Grip
Online:Alessia's Bulwark,sets/Alessia_s_Bulwark.md,127,https://en.uesp.net/wiki/Online:Alessia's_Bulwark
Online:Affliction,sets/Affliction.md,182,https://en.uesp.net/wiki/Online:Affliction
Online:Akaviri Dragonguard,sets/Akaviri_Dragonguard.md,271,https://en.uesp.net/wiki/Online:Akaviri_Dragonguard
Online:Alessian Order (set),sets/Alessian_Order_set.md,143,https://en.uesp.net/wiki/Online:Alessian_Order_(set)
Online:Almalexia's Mercy,sets/Almalexia_s_Mercy.md,145,https://en.uesp.net/wiki/Online:Almalexia's_Mercy
Online:Archer's Mind,sets/Archer_s_Mind.md,91,https://en.uesp.net/wiki/Online:Archer's_Mind
Online:The Arch-Mage,sets/The_Arch-Mage.md,126,https://en.uesp.net/wiki/Online:The_Arch-Mage
Online:Craftable Sets,sets/Craftable_Sets.md,5016,https://en.uesp.net/wiki/Online:Craftable_Sets
Online:Arena Sets,sets/Arena_Sets.md,78,https://en.uesp.net/wiki/Online:Arena_Sets
Online:Armor of Truth,sets/Armor_of_Truth.md,154,https://en.uesp.net/wiki/Online:Armor_of_Truth
Online:Arms of Infernace,sets/Arms_of_Infernace.md,92,https://en.uesp.net/wiki/Online:Arms_of_Infernace
Online:Arms of the Ancestors,sets/Arms_of_the_Ancestors.md,72,https://en.uesp.net/wiki/Online:Arms_of_the_Ancestors
Online:Armor Master,sets/Armor_Master.md,135,https://en.uesp.net/wiki/Online:Armor_Master
Online:Monster Helm Sets,sets/Monster_Helm_Sets.md,286,https://en.uesp.net/wiki/Online:Monster_Helm_Sets
Online:Trial Sets,sets/Trial_Sets.md,166,https://en.uesp.net/wiki/Online:Trial_Sets
Online:Agility (set),sets/Agility_set.md,138,https://en.uesp.net/wiki/Online:Agility_(set)
Online:Armor of the Code,sets/Armor_of_the_Code.md,138,https://en.uesp.net/wiki/Online:Armor_of_the_Code
Online:Armor of the Seducer,sets/Armor_of_the_Seducer.md,117,https://en.uesp.net/wiki/Online:Armor_of_the_Seducer
Online:Aspect of Mazzatun,sets/Aspect_of_Mazzatun.md,99,https://en.uesp.net/wiki/Online:Aspect_of_Mazzatun
Online:Overland Sets,sets/Overland_Sets.md,144,https://en.uesp.net/wiki/Online:Overland_Sets
Online:Armor of the Veiled Heritance,sets/Armor_of_the_Veiled_Heritance.md,258,https://en.uesp.net/wiki/Online:Armor_of_the_Veiled_Heritance
Online:Dungeon Sets,sets/Dungeon_Sets.md,93,https://en.uesp.net/wiki/Online:Dungeon_Sets
Online:Armor of the Trainee,sets/Armor_of_the_Trainee.md,373,https://en.uesp.net/wiki/Online:Armor_of_the_Trainee
Online:Amber Plasm,sets/Amber_Plasm.md,100,https://en.uesp.net/wiki/Online:Amber_Plasm
Online:Weapon Sets,sets/Weapon_Sets.md,219,https://en.uesp.net/wiki/Online:Weapon_Sets
Online:Automated Defense,sets/Automated_Defense.md,128,https://en.uesp.net/wiki/Online:Automated_Defense
Online:Assassin's Guile,sets/Assassin_s_Guile.md,111,https://en.uesp.net/wiki/Online:Assassin's_Guile
Online:Asylum Weapons,sets/Asylum_Weapons.md,256,https://en.uesp.net/wiki/Online:Asylum_Weapons
Online:Jewelry Sets,sets/Jewelry_Sets.md,232,https://en.uesp.net/wiki/Online:Jewelry_Sets
Online:Adept Rider,sets/Adept_Rider.md,116,https://en.uesp.net/wiki/Online:Adept_Rider
Online:Aegis of Galenwe,sets/Aegis_of_Galenwe.md,134,https://en.uesp.net/wiki/Online:Aegis_of_Galenwe
Online:Arms of Relequen,sets/Arms_of_Relequen.md,196,https://en.uesp.net/wiki/Online:Arms_of_Relequen
Online:Auroran's Thunder,sets/Auroran_s_Thunder.md,126,https://en.uesp.net/wiki/Online:Auroran's_Thunder
Online:Azureblight Reaper,sets/Azureblight_Reaper.md,164,https://en.uesp.net/wiki/Online:Azureblight_Reaper
Online:Ancient Dragonguard,sets/Ancient_Dragonguard.md,181,https://en.uesp.net/wiki/Online:Ancient_Dragonguard
Online:Aegis Caller,sets/Aegis_Caller.md,135,https://en.uesp.net/wiki/Online:Aegis_Caller
Online:Arkasis's Genius,sets/Arkasis_s_Genius.md,93,https://en.uesp.net/wiki/Online:Arkasis's_Genius
Online:Aetherial Ascension,sets/Aetherial_Ascension.md,112,https://en.uesp.net/wiki/Online:Aetherial_Ascension
Online:Archdruid Devyric (set),sets/Archdruid_Devyric_set.md,148,https://en.uesp.net/wiki/Online:Archdruid_Devyric_(set)
Online:Abyssal Brace,sets/Abyssal_Brace.md,100,https://en.uesp.net/wiki/Online:Abyssal_Brace
Online:Apocryphal Inspiration,sets/Apocryphal_Inspiration.md,102,https://en.uesp.net/wiki/Online:Apocryphal_Inspiration
Online:Adamant Lurker,sets/Adamant_Lurker.md,82,https://en.uesp.net/wiki/Online:Adamant_Lurker
Online:Ansuul's Torment,sets/Ansuul_s_Torment.md,124,https://en.uesp.net/wiki/Online:Ansuul's_Torment
Online:Anthelmir's Construct (set),sets/Anthelmir_s_Construct_set.md,175,https://en.uesp.net/wiki/Online:Anthelmir's_Construct_(set)
Online:Baan Dar's Blessing,sets/Baan_Dar_s_Blessing.md,164,https://en.uesp.net/wiki/Online:Baan_Dar's_Blessing
Online:Ayleid Refuge,sets/Ayleid_Refuge.md,103,https://en.uesp.net/wiki/Online:Ayleid_Refuge
Online:Aetheric Lancer,sets/Aetheric_Lancer.md,184,https://en.uesp.net/wiki/Online:Aetheric_Lancer
Online:Aerie's Cry,sets/Aerie_s_Cry.md,189,https://en.uesp.net/wiki/Online:Aerie's_Cry
Online:Arkay's Charity,sets/Arkay_s_Charity.md,122,https://en.uesp.net/wiki/Online:Arkay's_Charity
Online:Bloodthorn's Touch,sets/Bloodthorn_s_Touch.md,149,https://en.uesp.net/wiki/Online:Bloodthorn's_Touch
Online:Barkskin,sets/Barkskin.md,140,https://en.uesp.net/wiki/Online:Barkskin
Online:Beckoning Steel,sets/Beckoning_Steel.md,156,https://en.uesp.net/wiki/Online:Beckoning_Steel
Online:Bastion of the Heartland,sets/Bastion_of_the_Heartland.md,137,https://en.uesp.net/wiki/Online:Bastion_of_the_Heartland
Online:Blessing of the Potentates,sets/Blessing_of_the_Potentates.md,116,https://en.uesp.net/wiki/Online:Blessing_of_the_Potentates
Online:Buffer of the Swift,sets/Buffer_of_the_Swift.md,123,https://en.uesp.net/wiki/Online:Buffer_of_the_Swift
Online:Bloodspawn (set),sets/Bloodspawn_set.md,134,https://en.uesp.net/wiki/Online:Bloodspawn_(set)
Online:Briarheart,sets/Briarheart.md,182,https://en.uesp.net/wiki/Online:Briarheart
Online:Black Rose,sets/Black_Rose.md,142,https://en.uesp.net/wiki/Online:Black_Rose
Online:Berserking Warrior,sets/Berserking_Warrior.md,135,https://en.uesp.net/wiki/Online:Berserking_Warrior
Online:Brands of Imperium,sets/Brands_of_Imperium.md,159,https://en.uesp.net/wiki/Online:Brands_of_Imperium
Online:Bahraha's Curse,sets/Bahraha_s_Curse.md,146,https://en.uesp.net/wiki/Online:Bahraha's_Curse
Online:Burning Spellweave,sets/Burning_Spellweave.md,161,https://en.uesp.net/wiki/Online:Burning_Spellweave
Online:Beekeeper's Gear,sets/Beekeeper_s_Gear.md,125,https://en.uesp.net/wiki/Online:Beekeeper's_Gear
Online:Bone Pirate's Tatters,sets/Bone_Pirate_s_Tatters.md,134,https://en.uesp.net/wiki/Online:Bone_Pirate's_Tatters
Online:Blooddrinker,sets/Blooddrinker.md,79,https://en.uesp.net/wiki/Online:Blooddrinker
Online:Caustic Arrow,sets/Caustic_Arrow.md,101,https://en.uesp.net/wiki/Online:Caustic_Arrow
Online:Broken Soul,sets/Broken_Soul.md,72,https://en.uesp.net/wiki/Online:Broken_Soul
Online:Caluurion's Legacy,sets/Caluurion_s_Legacy.md,143,https://en.uesp.net/wiki/Online:Caluurion's_Legacy
Online:Blood Moon,sets/Blood_Moon.md,123,https://en.uesp.net/wiki/Online:Blood_Moon
Online:Balorgh (set),sets/Balorgh_set.md,127,https://en.uesp.net/wiki/Online:Balorgh_(set)
Online:Battalion Defender,sets/Battalion_Defender.md,170,https://en.uesp.net/wiki/Online:Battalion_Defender
Online:Battlefield Acrobat,sets/Battlefield_Acrobat.md,147,https://en.uesp.net/wiki/Online:Battlefield_Acrobat
Online:Bright-Throat's Boast,sets/Bright-Throat_s_Boast.md,114,https://en.uesp.net/wiki/Online:Bright-Throat's_Boast
Online:Champion of the Hist,sets/Champion_of_the_Hist.md,111,https://en.uesp.net/wiki/Online:Champion_of_the_Hist
Online:Blackrose Weapons,sets/Blackrose_Weapons.md,239,https://en.uesp.net/wiki/Online:Blackrose_Weapons
Online:Call of the Undertaker,sets/Call_of_the_Undertaker.md,234,https://en.uesp.net/wiki/Online:Call_of_the_Undertaker
Online:Bani's Torment,sets/Bani_s_Torment.md,130,https://en.uesp.net/wiki/Online:Bani's_Torment
Online:Bloodlord's Embrace,sets/Bloodlord_s_Embrace.md,968,https://en.uesp.net/wiki/Online:Bloodlord's_Embrace
Online:Baron Zaudrus (set),sets/Baron_Zaudrus_set.md,173,https://en.uesp.net/wiki/Online:Baron_Zaudrus_(set)
Online:Bahsei's Mania,sets/Bahsei_s_Mania.md,122,https://en.uesp.net/wiki/Online:Bahsei's_Mania
Online:Bog Raider,sets/Bog_Raider.md,98,https://en.uesp.net/wiki/Online:Bog_Raider
Online:Belharza's Band,sets/Belharza_s_Band.md,967,https://en.uesp.net/wiki/Online:Belharza's_Band
Online:Baron Thirsk (set),sets/Baron_Thirsk_set.md,189,https://en.uesp.net/wiki/Online:Baron_Thirsk_(set)
Online:Blessing of High Isle,sets/Blessing_of_High_Isle.md,120,https://en.uesp.net/wiki/Online:Blessing_of_High_Isle
Online:Back-Alley Gourmand,sets/Back-Alley_Gourmand.md,88,https://en.uesp.net/wiki/Online:Back-Alley_Gourmand
Online:Bastion of the Draoife,sets/Bastion_of_the_Draoife.md,110,https://en.uesp.net/wiki/Online:Bastion_of_the_Draoife
Online:Camonna Tong (set),sets/Camonna_Tong_set.md,144,https://en.uesp.net/wiki/Online:Camonna_Tong_(set)
Online:Basalt-Blooded Warrior,sets/Basalt-Blooded_Warrior.md,150,https://en.uesp.net/wiki/Online:Basalt-Blooded_Warrior
Online:Black-Glove Grounding,sets/Black-Glove_Grounding.md,120,https://en.uesp.net/wiki/Online:Black-Glove_Grounding
Online:Blind Path Induction,sets/Blind_Path_Induction.md,104,https://en.uesp.net/wiki/Online:Blind_Path_Induction
Online:Blunted Blades,sets/Blunted_Blades.md,179,https://en.uesp.net/wiki/Online:Blunted_Blades
Online:The Blind (set),sets/The_Blind_set.md,140,https://en.uesp.net/wiki/Online:The_Blind_(set)
Online:Beacon of Oblivion,sets/Beacon_of_Oblivion.md,152,https://en.uesp.net/wiki/Online:Beacon_of_Oblivion
Online:Bulwark Ruination,sets/Bulwark_Ruination.md,110,https://en.uesp.net/wiki/Online:Bulwark_Ruination
Online:Blackfeather Flight,sets/Blackfeather_Flight.md,113,https://en.uesp.net/wiki/Online:Blackfeather_Flight
Online:Black Foundry Steel,sets/Black_Foundry_Steel.md,97,https://en.uesp.net/wiki/Online:Black_Foundry_Steel
Online:Black Gem Monstrosity (set),sets/Black_Gem_Monstrosity_set.md,137,https://en.uesp.net/wiki/Online:Black_Gem_Monstrosity_(set)
Online:Bar-Sakka (set),sets/Bar-Sakka_set.md,145,https://en.uesp.net/wiki/Online:Bar-Sakka_(set)
Online:Death's Wind,sets/Death_s_Wind.md,138,https://en.uesp.net/wiki/Online:Death's_Wind
Online:Darkstride,sets/Darkstride.md,77,https://en.uesp.net/wiki/Online:Darkstride
Online:Curse Eater,sets/Curse_Eater.md,158,https://en.uesp.net/wiki/Online:Curse_Eater
Online:Crest of Cyrodiil,sets/Crest_of_Cyrodiil.md,320,https://en.uesp.net/wiki/Online:Crest_of_Cyrodiil
Online:Deadly Strike,sets/Deadly_Strike.md,188,https://en.uesp.net/wiki/Online:Deadly_Strike
Online:Clever Alchemist,sets/Clever_Alchemist.md,130,https://en.uesp.net/wiki/Online:Clever_Alchemist
Online:Crusader,sets/Crusader.md,338,https://en.uesp.net/wiki/Online:Crusader
Online:Defending Warrior,sets/Defending_Warrior.md,128,https://en.uesp.net/wiki/Online:Defending_Warrior
Online:Desert Rose,sets/Desert_Rose.md,139,https://en.uesp.net/wiki/Online:Desert_Rose
Online:Combat Physician,sets/Combat_Physician.md,101,https://en.uesp.net/wiki/Online:Combat_Physician
Online:The Destruction Suite,sets/The_Destruction_Suite.md,95,https://en.uesp.net/wiki/Online:The_Destruction_Suite
Online:Chokethorn (set),sets/Chokethorn_set.md,170,https://en.uesp.net/wiki/Online:Chokethorn_(set)
Online:Cropsford/Sets,sets/Cropsford_Sets.md,15,https://en.uesp.net/wiki/Online:Cropsford/Sets
Online:Cheydinhal/Sets,sets/Cheydinhal_Sets.md,146,https://en.uesp.net/wiki/Online:Cheydinhal/Sets
Online:Daedric Trickery,sets/Daedric_Trickery.md,204,https://en.uesp.net/wiki/Online:Daedric_Trickery
Online:Defiler,sets/Defiler.md,207,https://en.uesp.net/wiki/Online:Defiler
Online:Coward's Gear,sets/Coward_s_Gear.md,119,https://en.uesp.net/wiki/Online:Coward's_Gear
Online:Chaotic Whirlwind,sets/Chaotic_Whirlwind.md,180,https://en.uesp.net/wiki/Online:Chaotic_Whirlwind
Online:Concentrated Force,sets/Concentrated_Force.md,141,https://en.uesp.net/wiki/Online:Concentrated_Force
Online:Cruel Flurry,sets/Cruel_Flurry.md,129,https://en.uesp.net/wiki/Online:Cruel_Flurry
Online:Crushing Wall,sets/Crushing_Wall.md,92,https://en.uesp.net/wiki/Online:Crushing_Wall
Online:Defensive Position,sets/Defensive_Position.md,170,https://en.uesp.net/wiki/Online:Defensive_Position
Online:Destructive Impact,sets/Destructive_Impact.md,153,https://en.uesp.net/wiki/Online:Destructive_Impact
Online:Curse of Doylemish,sets/Curse_of_Doylemish.md,119,https://en.uesp.net/wiki/Online:Curse_of_Doylemish
Online:Dead-Water's Guile,sets/Dead-Water_s_Guile.md,107,https://en.uesp.net/wiki/Online:Dead-Water's_Guile
Online:Coldharbour's Favorite,sets/Coldharbour_s_Favorite.md,183,https://en.uesp.net/wiki/Online:Coldharbour's_Favorite
Online:Claw of Yolnahkriin,sets/Claw_of_Yolnahkriin.md,180,https://en.uesp.net/wiki/Online:Claw_of_Yolnahkriin
Online:Crafty Alfiq,sets/Crafty_Alfiq.md,147,https://en.uesp.net/wiki/Online:Crafty_Alfiq
Online:Daring Corsair,sets/Daring_Corsair.md,139,https://en.uesp.net/wiki/Online:Daring_Corsair
Online:Critical Riposte,sets/Critical_Riposte.md,153,https://en.uesp.net/wiki/Online:Critical_Riposte
Online:Dauntless Combatant,sets/Dauntless_Combatant.md,144,https://en.uesp.net/wiki/Online:Dauntless_Combatant
Online:Crimson Twilight,sets/Crimson_Twilight.md,124,https://en.uesp.net/wiki/Online:Crimson_Twilight
Online:Dagon's Dominion,sets/Dagon_s_Dominion.md,88,https://en.uesp.net/wiki/Online:Dagon's_Dominion
Online:Death Dealer's Fete,sets/Death_Dealer_s_Fete.md,943,https://en.uesp.net/wiki/Online:Death_Dealer's_Fete
Online:Deadlands Assassin,sets/Deadlands_Assassin.md,152,https://en.uesp.net/wiki/Online:Deadlands_Assassin
Online:Crimson Oath's Rive,sets/Crimson_Oath_s_Rive.md,136,https://en.uesp.net/wiki/Online:Crimson_Oath's_Rive
Online:Dark Convergence,sets/Dark_Convergence.md,235,https://en.uesp.net/wiki/Online:Dark_Convergence
Online:Deadlands Demolisher,sets/Deadlands_Demolisher.md,159,https://en.uesp.net/wiki/Online:Deadlands_Demolisher
Online:Coral Riptide,sets/Coral_Riptide.md,130,https://en.uesp.net/wiki/Online:Coral_Riptide
Online:Deeproot Zeal,sets/Deeproot_Zeal.md,93,https://en.uesp.net/wiki/Online:Deeproot_Zeal
Online:Chimera's Rebuke,sets/Chimera_s_Rebuke.md,136,https://en.uesp.net/wiki/Online:Chimera's_Rebuke
Online:Claw of the Forest Wraith,sets/Claw_of_the_Forest_Wraith.md,117,https://en.uesp.net/wiki/Online:Claw_of_the_Forest_Wraith
Online:Cryptcanon Vestments,sets/Cryptcanon_Vestments.md,927,https://en.uesp.net/wiki/Online:Cryptcanon_Vestments
Online:Colovian Highlands General,sets/Colovian_Highlands_General.md,124,https://en.uesp.net/wiki/Online:Colovian_Highlands_General
Online:Class Sets,sets/Class_Sets.md,39,https://en.uesp.net/wiki/Online:Class_Sets
Online:Deprecated Item Sets,sets/Deprecated_Item_Sets.md,237,https://en.uesp.net/wiki/Online:Deprecated_Item_Sets
Online:Cinders of Anthelmir,sets/Cinders_of_Anthelmir.md,150,https://en.uesp.net/wiki/Online:Cinders_of_Anthelmir
Online:Corpseburster,sets/Corpseburster.md,178,https://en.uesp.net/wiki/Online:Corpseburster
Online:Death-Dancer,sets/Death-Dancer.md,99,https://en.uesp.net/wiki/Online:Death-Dancer
Online:Coup De Grâce,sets/Coup_De_Gr_ce.md,81,https://en.uesp.net/wiki/Online:Coup_De_Grâce
Online:Eyes of Mara,sets/Eyes_of_Mara.md,119,https://en.uesp.net/wiki/Online:Eyes_of_Mara
Online:Duneripper's Scales,sets/Duneripper_s_Scales.md,115,https://en.uesp.net/wiki/Online:Duneripper's_Scales
Online:Dreugh King Slayer,sets/Dreugh_King_Slayer.md,170,https://en.uesp.net/wiki/Online:Dreugh_King_Slayer
Online:Engine Guardian,sets/Engine_Guardian.md,170,https://en.uesp.net/wiki/Online:Engine_Guardian
Online:Eagle Eye,sets/Eagle_Eye.md,103,https://en.uesp.net/wiki/Online:Eagle_Eye
Online:Eternal Hunt,sets/Eternal_Hunt.md,148,https://en.uesp.net/wiki/Online:Eternal_Hunt
Online:Destructive Mage,sets/Destructive_Mage.md,136,https://en.uesp.net/wiki/Online:Destructive_Mage
Online:Draugr's Heritage,sets/Draugr_s_Heritage.md,127,https://en.uesp.net/wiki/Online:Draugr's_Heritage
Online:Durok's Bane,sets/Durok_s_Bane.md,140,https://en.uesp.net/wiki/Online:Durok's_Bane
Online:Ebon Armory,sets/Ebon_Armory.md,255,https://en.uesp.net/wiki/Online:Ebon_Armory
Online:Elemental Succession,sets/Elemental_Succession.md,124,https://en.uesp.net/wiki/Online:Elemental_Succession
Online:Elf Bane,sets/Elf_Bane.md,152,https://en.uesp.net/wiki/Online:Elf_Bane
Online:Endurance,sets/Endurance.md,182,https://en.uesp.net/wiki/Online:Endurance
Online:Essence Thief,sets/Essence_Thief.md,146,https://en.uesp.net/wiki/Online:Essence_Thief
Online:Eternal Warrior,sets/Eternal_Warrior.md,148,https://en.uesp.net/wiki/Online:Eternal_Warrior
Online:Embershield,sets/Embershield.md,164,https://en.uesp.net/wiki/Online:Embershield
Online:Fasalla's Guile,sets/Fasalla_s_Guile.md,188,https://en.uesp.net/wiki/Online:Fasalla's_Guile
Online:Dreamer's Mantle,sets/Dreamer_s_Mantle.md,113,https://en.uesp.net/wiki/Online:Dreamer's_Mantle
Online:Draugr Hulk,sets/Draugr_Hulk.md,109,https://en.uesp.net/wiki/Online:Draugr_Hulk
Online:Dungeon Sets/Drops,sets/Dungeon_Sets_Drops.md,106,https://en.uesp.net/wiki/Online:Dungeon_Sets/Drops
Online:Earthgore,sets/Earthgore.md,158,https://en.uesp.net/wiki/Online:Earthgore
Online:Draugr's Rest,sets/Draugr_s_Rest.md,124,https://en.uesp.net/wiki/Online:Draugr's_Rest
Online:Domihaus,sets/Domihaus.md,180,https://en.uesp.net/wiki/Online:Domihaus
Online:Disciplined Slash,sets/Disciplined_Slash.md,109,https://en.uesp.net/wiki/Online:Disciplined_Slash
Online:Eye of Nahviintaas,sets/Eye_of_Nahviintaas.md,135,https://en.uesp.net/wiki/Online:Eye_of_Nahviintaas
Online:False God's Devotion,sets/False_God_s_Devotion.md,138,https://en.uesp.net/wiki/Online:False_God's_Devotion
Online:Dragon's Defilement,sets/Dragon_s_Defilement.md,121,https://en.uesp.net/wiki/Online:Dragon's_Defilement
Online:Dro'zakar's Claws,sets/Dro_zakar_s_Claws.md,99,https://en.uesp.net/wiki/Online:Dro'zakar's_Claws
Online:Dragonguard Elite,sets/Dragonguard_Elite.md,194,https://en.uesp.net/wiki/Online:Dragonguard_Elite
Online:Draugrkin's Grip,sets/Draugrkin_s_Grip.md,84,https://en.uesp.net/wiki/Online:Draugrkin's_Grip
Online:Eternal Vigor,sets/Eternal_Vigor.md,252,https://en.uesp.net/wiki/Online:Eternal_Vigor
Online:Dragon's Appetite,sets/Dragon_s_Appetite.md,157,https://en.uesp.net/wiki/Online:Dragon's_Appetite
Online:Elemental Catalyst,sets/Elemental_Catalyst.md,134,https://en.uesp.net/wiki/Online:Elemental_Catalyst
Online:Executioner's Blade,sets/Executioner_s_Blade.md,139,https://en.uesp.net/wiki/Online:Executioner's_Blade
Online:Explosive Rebuke,sets/Explosive_Rebuke.md,133,https://en.uesp.net/wiki/Online:Explosive_Rebuke
Online:Drake's Rush,sets/Drake_s_Rush.md,108,https://en.uesp.net/wiki/Online:Drake's_Rush
Online:Encratis's Behemoth,sets/Encratis_s_Behemoth.md,148,https://en.uesp.net/wiki/Online:Encratis's_Behemoth
Online:Diamond's Victory,sets/Diamond_s_Victory.md,175,https://en.uesp.net/wiki/Online:Diamond's_Victory
Online:Trial Sets/Drops,sets/Trial_Sets_Drops.md,110,https://en.uesp.net/wiki/Online:Trial_Sets/Drops
Online:Eye of the Grasp,sets/Eye_of_the_Grasp.md,93,https://en.uesp.net/wiki/Online:Eye_of_the_Grasp
Online:Enervating Aura,sets/Enervating_Aura.md,202,https://en.uesp.net/wiki/Online:Enervating_Aura
Online:Dov-rha Sabatons,sets/Dov-rha_Sabatons.md,990,https://en.uesp.net/wiki/Online:Dov-rha_Sabatons
Online:Druid's Braid,sets/Druid_s_Braid.md,155,https://en.uesp.net/wiki/Online:Druid's_Braid
Online:Euphotic Gatekeeper (set),sets/Euphotic_Gatekeeper_set.md,150,https://en.uesp.net/wiki/Online:Euphotic_Gatekeeper_(set)
Online:Faun's Lark Cladding,sets/Faun_s_Lark_Cladding.md,954,https://en.uesp.net/wiki/Online:Faun's_Lark_Cladding
Online:Esoteric Environment Greaves,sets/Esoteric_Environment_Greaves.md,837,https://en.uesp.net/wiki/Online:Esoteric_Environment_Greaves
Online:Farstrider,sets/Farstrider.md,112,https://en.uesp.net/wiki/Online:Farstrider
Online:Dolorous Arena,sets/Dolorous_Arena.md,141,https://en.uesp.net/wiki/Online:Dolorous_Arena
Online:Fellowship's Fortitude,sets/Fellowship_s_Fortitude.md,106,https://en.uesp.net/wiki/Online:Fellowship's_Fortitude
Online:Footman's Fortune,sets/Footman_s_Fortune.md,73,https://en.uesp.net/wiki/Online:Footman's_Fortune
Online:Hatchling's Shell,sets/Hatchling_s_Shell.md,207,https://en.uesp.net/wiki/Online:Hatchling's_Shell
Online:Healer's Habit,sets/Healer_s_Habit.md,88,https://en.uesp.net/wiki/Online:Healer's_Habit
Online:Fiord's Legacy,sets/Fiord_s_Legacy.md,312,https://en.uesp.net/wiki/Online:Fiord's_Legacy
Online:Grace of the Ancients,sets/Grace_of_the_Ancients.md,107,https://en.uesp.net/wiki/Online:Grace_of_the_Ancients
Online:Glorious Defender,sets/Glorious_Defender.md,112,https://en.uesp.net/wiki/Online:Glorious_Defender
Online:Hawk's Eye,sets/Hawk_s_Eye.md,202,https://en.uesp.net/wiki/Online:Hawk's_Eye
Online:Healing Mage,sets/Healing_Mage.md,128,https://en.uesp.net/wiki/Online:Healing_Mage
Online:Flanking Strategist,sets/Flanking_Strategist.md,97,https://en.uesp.net/wiki/Online:Flanking_Strategist
Online:Heem-Jas' Retribution,sets/Heem-Jas_Retribution.md,111,https://en.uesp.net/wiki/Online:Heem-Jas'_Retribution
Online:Hand of Mephala,sets/Hand_of_Mephala.md,147,https://en.uesp.net/wiki/Online:Hand_of_Mephala
Online:Gossamer,sets/Gossamer.md,93,https://en.uesp.net/wiki/Online:Gossamer
Online:Galerion's Revenge,sets/Galerion_s_Revenge.md,181,https://en.uesp.net/wiki/Online:Galerion's_Revenge
Online:Grothdarr (set),sets/Grothdarr_set.md,152,https://en.uesp.net/wiki/Online:Grothdarr_(set)
Online:Green Pact,sets/Green_Pact.md,156,https://en.uesp.net/wiki/Online:Green_Pact
Online:Flame Blossom,sets/Flame_Blossom.md,125,https://en.uesp.net/wiki/Online:Flame_Blossom
Online:Hagraven's Garden,sets/Hagraven_s_Garden.md,124,https://en.uesp.net/wiki/Online:Hagraven's_Garden
Online:Fortified Brass,sets/Fortified_Brass.md,102,https://en.uesp.net/wiki/Online:Fortified_Brass
Online:Grand Rejuvenation,sets/Grand_Rejuvenation.md,108,https://en.uesp.net/wiki/Online:Grand_Rejuvenation
Online:Giant Spider (set),sets/Giant_Spider_set.md,128,https://en.uesp.net/wiki/Online:Giant_Spider_(set)
Online:Grace of Gloom,sets/Grace_of_Gloom.md,144,https://en.uesp.net/wiki/Online:Grace_of_Gloom
Online:Gryphon's Ferocity,sets/Gryphon_s_Ferocity.md,127,https://en.uesp.net/wiki/Online:Gryphon's_Ferocity
Online:Hanu's Compassion,sets/Hanu_s_Compassion.md,101,https://en.uesp.net/wiki/Online:Hanu's_Compassion
Online:Haven of Ursus,sets/Haven_of_Ursus.md,133,https://en.uesp.net/wiki/Online:Haven_of_Ursus
Online:Grave-Stake Collector,sets/Grave-Stake_Collector.md,132,https://en.uesp.net/wiki/Online:Grave-Stake_Collector
Online:Gallant Charge,sets/Gallant_Charge.md,158,https://en.uesp.net/wiki/Online:Gallant_Charge
Online:Frozen Watcher,sets/Frozen_Watcher.md,117,https://en.uesp.net/wiki/Online:Frozen_Watcher
Online:Grundwulf (set),sets/Grundwulf_set.md,117,https://en.uesp.net/wiki/Online:Grundwulf_(set)
Online:Grave Guardian (set),sets/Grave_Guardian_set.md,95,https://en.uesp.net/wiki/Online:Grave_Guardian_(set)
Online:Force Overflow,sets/Force_Overflow.md,147,https://en.uesp.net/wiki/Online:Force_Overflow
Online:Frenzied Momentum,sets/Frenzied_Momentum.md,159,https://en.uesp.net/wiki/Online:Frenzied_Momentum
Online:Foolkiller's Ward,sets/Foolkiller_s_Ward.md,137,https://en.uesp.net/wiki/Online:Foolkiller's_Ward
Online:Harpooner's Wading Kilt,sets/Harpooner_s_Wading_Kilt.md,953,https://en.uesp.net/wiki/Online:Harpooner's_Wading_Kilt
Online:Gaze of Sithis,sets/Gaze_of_Sithis.md,1029,https://en.uesp.net/wiki/Online:Gaze_of_Sithis
Online:Glorgoloch the Destroyer (set),sets/Glorgoloch_the_Destroyer_set.md,201,https://en.uesp.net/wiki/Online:Glorgoloch_the_Destroyer_(set)
Online:Frostbite,sets/Frostbite.md,206,https://en.uesp.net/wiki/Online:Frostbite
Online:Harvester's Hope-Ring,sets/Harvester_s_Hope-Ring.md,87,https://en.uesp.net/wiki/Online:Harvester's_Hope-Ring
Online:Heartland Conqueror,sets/Heartland_Conqueror.md,118,https://en.uesp.net/wiki/Online:Heartland_Conqueror
Online:Grisly Gourmet,sets/Grisly_Gourmet.md,154,https://en.uesp.net/wiki/Online:Grisly_Gourmet
Online:Glacial Guardian,sets/Glacial_Guardian.md,156,https://en.uesp.net/wiki/Online:Glacial_Guardian
Online:Gryphon's Reprisal,sets/Gryphon_s_Reprisal.md,149,https://en.uesp.net/wiki/Online:Gryphon's_Reprisal
Online:Hew and Sunder,sets/Hew_and_Sunder.md,175,https://en.uesp.net/wiki/Online:Hew_and_Sunder
Online:Grave Inevitability,sets/Grave_Inevitability.md,138,https://en.uesp.net/wiki/Online:Grave_Inevitability
Online:Gardener of Seasons,sets/Gardener_of_Seasons.md,188,https://en.uesp.net/wiki/Online:Gardener_of_Seasons
Online:Fledgling's Nest,sets/Fledgling_s_Nest.md,140,https://en.uesp.net/wiki/Online:Fledgling's_Nest
Online:Heroic Unity,sets/Heroic_Unity.md,103,https://en.uesp.net/wiki/Online:Heroic_Unity
Online:Full Belly Barricade,sets/Full_Belly_Barricade.md,91,https://en.uesp.net/wiki/Online:Full_Belly_Barricade
Online:Harmony in Chaos,sets/Harmony_in_Chaos.md,137,https://en.uesp.net/wiki/Online:Harmony_in_Chaos
Online:Glittering Goad (set),sets/Glittering_Goad_set.md,198,https://en.uesp.net/wiki/Online:Glittering_Goad_(set)
Online:Gorethief,sets/Gorethief.md,168,https://en.uesp.net/wiki/Online:Gorethief
Online:Kagrenac's Hope,sets/Kagrenac_s_Hope.md,311,https://en.uesp.net/wiki/Online:Kagrenac's_Hope
Online:Hist Bark,sets/Hist_Bark.md,120,https://en.uesp.net/wiki/Online:Hist_Bark
Online:Hunding's Rage,sets/Hunding_s_Rage.md,124,https://en.uesp.net/wiki/Online:Hunding's_Rage
Online:Knightmare,sets/Knightmare.md,156,https://en.uesp.net/wiki/Online:Knightmare
Online:The Ice Furnace,sets/The_Ice_Furnace.md,163,https://en.uesp.net/wiki/Online:The_Ice_Furnace
Online:Hircine's Veneer,sets/Hircine_s_Veneer.md,154,https://en.uesp.net/wiki/Online:Hircine's_Veneer
Online:Hide of the Werewolf,sets/Hide_of_the_Werewolf.md,235,https://en.uesp.net/wiki/Online:Hide_of_the_Werewolf
Online:Immortal Warrior,sets/Immortal_Warrior.md,121,https://en.uesp.net/wiki/Online:Immortal_Warrior
Online:The Juggernaut,sets/The_Juggernaut.md,152,https://en.uesp.net/wiki/Online:The_Juggernaut
Online:Hunt Leader,sets/Hunt_Leader.md,101,https://en.uesp.net/wiki/Online:Hunt_Leader
Online:Infallible Mage,sets/Infallible_Mage.md,163,https://en.uesp.net/wiki/Online:Infallible_Mage
Online:Jolting Arms,sets/Jolting_Arms.md,133,https://en.uesp.net/wiki/Online:Jolting_Arms
Online:Kyne's Kiss,sets/Kyne_s_Kiss.md,164,https://en.uesp.net/wiki/Online:Kyne's_Kiss
Online:Hide of Morihaus,sets/Hide_of_Morihaus.md,108,https://en.uesp.net/wiki/Online:Hide_of_Morihaus
Online:Kvatch Gladiator,sets/Kvatch_Gladiator.md,131,https://en.uesp.net/wiki/Online:Kvatch_Gladiator
Online:Imperial Physique,sets/Imperial_Physique.md,167,https://en.uesp.net/wiki/Online:Imperial_Physique
Online:Iceheart (set),sets/Iceheart_set.md,166,https://en.uesp.net/wiki/Online:Iceheart_(set)
Online:Jailbreaker,sets/Jailbreaker.md,145,https://en.uesp.net/wiki/Online:Jailbreaker
Online:Knight-Errant's Mail,sets/Knight-Errant_s_Mail.md,178,https://en.uesp.net/wiki/Online:Knight-Errant's_Mail
Online:Ilambris,sets/Ilambris.md,163,https://en.uesp.net/wiki/Online:Ilambris
Online:Infernal Guardian (set),sets/Infernal_Guardian_set.md,162,https://en.uesp.net/wiki/Online:Infernal_Guardian_(set)
Online:Kra'gh,sets/Kra_gh.md,142,https://en.uesp.net/wiki/Online:Kra'gh
Online:Knight Slayer,sets/Knight_Slayer.md,126,https://en.uesp.net/wiki/Online:Knight_Slayer
Online:Impregnable Armor,sets/Impregnable_Armor.md,135,https://en.uesp.net/wiki/Online:Impregnable_Armor
Online:Inventor's Guard,sets/Inventor_s_Guard.md,128,https://en.uesp.net/wiki/Online:Inventor's_Guard
Online:Ironblood,sets/Ironblood.md,113,https://en.uesp.net/wiki/Online:Ironblood
Online:Innate Axiom,sets/Innate_Axiom.md,170,https://en.uesp.net/wiki/Online:Innate_Axiom
Online:Jorvuld's Guidance,sets/Jorvuld_s_Guidance.md,92,https://en.uesp.net/wiki/Online:Jorvuld's_Guidance
Online:Jailer's Tenacity,sets/Jailer_s_Tenacity.md,99,https://en.uesp.net/wiki/Online:Jailer's_Tenacity
Online:Indomitable Fury,sets/Indomitable_Fury.md,166,https://en.uesp.net/wiki/Online:Indomitable_Fury
Online:Hollowfang Thirst,sets/Hollowfang_Thirst.md,136,https://en.uesp.net/wiki/Online:Hollowfang_Thirst
Online:Hiti's Hearth,sets/Hiti_s_Hearth.md,134,https://en.uesp.net/wiki/Online:Hiti's_Hearth
Online:Kjalnar's Nightmare,sets/Kjalnar_s_Nightmare.md,175,https://en.uesp.net/wiki/Online:Kjalnar's_Nightmare
Online:Kyne's Wind,sets/Kyne_s_Wind.md,138,https://en.uesp.net/wiki/Online:Kyne's_Wind
Online:Kraglen's Howl,sets/Kraglen_s_Howl.md,117,https://en.uesp.net/wiki/Online:Kraglen's_Howl
Online:Hex Siphon,sets/Hex_Siphon.md,135,https://en.uesp.net/wiki/Online:Hex_Siphon
Online:Kinras's Wrath,sets/Kinras_s_Wrath.md,142,https://en.uesp.net/wiki/Online:Kinras's_Wrath
Online:Hist Whisperer,sets/Hist_Whisperer.md,135,https://en.uesp.net/wiki/Online:Hist_Whisperer
Online:Immolator Charr (set),sets/Immolator_Charr_set.md,137,https://en.uesp.net/wiki/Online:Immolator_Charr_(set)
Online:Hrothgar's Chill,sets/Hrothgar_s_Chill.md,230,https://en.uesp.net/wiki/Online:Hrothgar's_Chill
Online:Hexos' Ward,sets/Hexos_Ward.md,119,https://en.uesp.net/wiki/Online:Hexos'_Ward
Online:Iron Flask,sets/Iron_Flask.md,115,https://en.uesp.net/wiki/Online:Iron_Flask
Online:Kargaeda (set),sets/Kargaeda_set.md,167,https://en.uesp.net/wiki/Online:Kargaeda_(set)
Online:Icy Conjurer,sets/Icy_Conjurer.md,121,https://en.uesp.net/wiki/Online:Icy_Conjurer
Online:Judgment of Akatosh,sets/Judgment_of_Akatosh.md,208,https://en.uesp.net/wiki/Online:Judgment_of_Akatosh
Online:Jerall Mountains Warchief,sets/Jerall_Mountains_Warchief.md,179,https://en.uesp.net/wiki/Online:Jerall_Mountains_Warchief
Online:Highland Sentinel,sets/Highland_Sentinel.md,164,https://en.uesp.net/wiki/Online:Highland_Sentinel
Online:Jerensi's Bladestorm,sets/Jerensi_s_Bladestorm.md,139,https://en.uesp.net/wiki/Online:Jerensi's_Bladestorm
Online:Kazpian's Cruel Signet,sets/Kazpian_s_Cruel_Signet.md,173,https://en.uesp.net/wiki/Online:Kazpian's_Cruel_Signet
Online:Huntsman's Warmask,sets/Huntsman_s_Warmask.md,956,https://en.uesp.net/wiki/Online:Huntsman's_Warmask
Online:Magnus' Gift,sets/Magnus_Gift.md,125,https://en.uesp.net/wiki/Online:Magnus'_Gift
Online:Light of Cyrodiil,sets/Light_of_Cyrodiil.md,171,https://en.uesp.net/wiki/Online:Light_of_Cyrodiil
Online:Maw of the Infernal (set),sets/Maw_of_the_Infernal_set.md,196,https://en.uesp.net/wiki/Online:Maw_of_the_Infernal_(set)
Online:Lord Warden,sets/Lord_Warden.md,151,https://en.uesp.net/wiki/Online:Lord_Warden
Online:Law of Julianos,sets/Law_of_Julianos.md,117,https://en.uesp.net/wiki/Online:Law_of_Julianos
Online:Molag Kena (set),sets/Molag_Kena_set.md,136,https://en.uesp.net/wiki/Online:Molag_Kena_(set)
Online:Mark of the Pariah,sets/Mark_of_the_Pariah.md,174,https://en.uesp.net/wiki/Online:Mark_of_the_Pariah
Online:Meritorious Service,sets/Meritorious_Service.md,156,https://en.uesp.net/wiki/Online:Meritorious_Service
Online:Leeching Plate,sets/Leeching_Plate.md,175,https://en.uesp.net/wiki/Online:Leeching_Plate
Online:Magicka Furnace,sets/Magicka_Furnace.md,136,https://en.uesp.net/wiki/Online:Magicka_Furnace
Online:Lunar Bastion,sets/Lunar_Bastion.md,150,https://en.uesp.net/wiki/Online:Lunar_Bastion
Online:Leki's Focus,sets/Leki_s_Focus.md,184,https://en.uesp.net/wiki/Online:Leki's_Focus
Online:Marksman's Crest,sets/Marksman_s_Crest.md,217,https://en.uesp.net/wiki/Online:Marksman's_Crest
Online:Mighty Chudan (set),sets/Mighty_Chudan_set.md,113,https://en.uesp.net/wiki/Online:Mighty_Chudan_(set)
Online:Meridia's Blessed Armor,sets/Meridia_s_Blessed_Armor.md,352,https://en.uesp.net/wiki/Online:Meridia's_Blessed_Armor
Online:Lamia's Song,sets/Lamia_s_Song.md,137,https://en.uesp.net/wiki/Online:Lamia's_Song
Online:Medusa,sets/Medusa.md,111,https://en.uesp.net/wiki/Online:Medusa
Online:Leviathan,sets/Leviathan.md,127,https://en.uesp.net/wiki/Online:Leviathan
Online:Light Speaker,sets/Light_Speaker.md,213,https://en.uesp.net/wiki/Online:Light_Speaker
Online:Master Architect,sets/Master_Architect.md,131,https://en.uesp.net/wiki/Online:Master_Architect
Online:Mechanical Acuity,sets/Mechanical_Acuity.md,164,https://en.uesp.net/wiki/Online:Mechanical_Acuity
Online:Mad Tinkerer,sets/Mad_Tinkerer.md,211,https://en.uesp.net/wiki/Online:Mad_Tinkerer
Online:Livewire,sets/Livewire.md,157,https://en.uesp.net/wiki/Online:Livewire
Online:Merciless Charge,sets/Merciless_Charge.md,124,https://en.uesp.net/wiki/Online:Merciless_Charge
Online:Mantle of Siroria,sets/Mantle_of_Siroria.md,169,https://en.uesp.net/wiki/Online:Mantle_of_Siroria
Online:Might of the Lost Legion,sets/Might_of_the_Lost_Legion.md,130,https://en.uesp.net/wiki/Online:Might_of_the_Lost_Legion
Online:Mender's Ward,sets/Mender_s_Ward.md,102,https://en.uesp.net/wiki/Online:Mender's_Ward
Online:Mighty Glacier,sets/Mighty_Glacier.md,128,https://en.uesp.net/wiki/Online:Mighty_Glacier
Online:Maelstrom Weapons,sets/Maelstrom_Weapons.md,229,https://en.uesp.net/wiki/Online:Maelstrom_Weapons
Online:Master's Weapons,sets/Master_s_Weapons.md,210,https://en.uesp.net/wiki/Online:Master's_Weapons
Online:Maarselok (set),sets/Maarselok_set.md,167,https://en.uesp.net/wiki/Online:Maarselok_(set)
Online:Marauder's Haste,sets/Marauder_s_Haste.md,123,https://en.uesp.net/wiki/Online:Marauder's_Haste
Online:Malacath's Band of Brutality,sets/Malacath_s_Band_of_Brutality.md,916,https://en.uesp.net/wiki/Online:Malacath's_Band_of_Brutality
Online:Lady Thorn (set),sets/Lady_Thorn_set.md,169,https://en.uesp.net/wiki/Online:Lady_Thorn_(set)
Online:Legacy of Karth,sets/Legacy_of_Karth.md,129,https://en.uesp.net/wiki/Online:Legacy_of_Karth
Online:Magma Incarnate (set),sets/Magma_Incarnate_set.md,167,https://en.uesp.net/wiki/Online:Magma_Incarnate_(set)
Online:Kynmarcher's Cruelty,sets/Kynmarcher_s_Cruelty.md,124,https://en.uesp.net/wiki/Online:Kynmarcher's_Cruelty
Online:Markyn Ring of Majesty,sets/Markyn_Ring_of_Majesty.md,888,https://en.uesp.net/wiki/Online:Markyn_Ring_of_Majesty
Online:Lady Malygda (set),sets/Lady_Malygda_set.md,172,https://en.uesp.net/wiki/Online:Lady_Malygda_(set)
Online:Maligalig's Maelstrom,sets/Maligalig_s_Maelstrom.md,127,https://en.uesp.net/wiki/Online:Maligalig's_Maelstrom
Online:Lefthander's Aegis Belt,sets/Lefthander_s_Aegis_Belt.md,951,https://en.uesp.net/wiki/Online:Lefthander's_Aegis_Belt
Online:Mara's Balm,sets/Mara_s_Balm.md,184,https://en.uesp.net/wiki/Online:Mara's_Balm
Online:Languor of Peryite,sets/Languor_of_Peryite.md,186,https://en.uesp.net/wiki/Online:Languor_of_Peryite
Online:Monolith of Storms,sets/Monolith_of_Storms.md,183,https://en.uesp.net/wiki/Online:Monolith_of_Storms
Online:Macabre Vintage,sets/Macabre_Vintage.md,129,https://en.uesp.net/wiki/Online:Macabre_Vintage
Online:Lucent Echoes,sets/Lucent_Echoes.md,142,https://en.uesp.net/wiki/Online:Lucent_Echoes
Online:Lamp Knight's Art,sets/Lamp_Knight_s_Art.md,109,https://en.uesp.net/wiki/Online:Lamp_Knight's_Art
Online:Lucilla's Windshield,sets/Lucilla_s_Windshield.md,135,https://en.uesp.net/wiki/Online:Lucilla's_Windshield
Online:Mad God's Dancing Shoes,sets/Mad_God_s_Dancing_Shoes.md,1012,https://en.uesp.net/wiki/Online:Mad_God's_Dancing_Shoes
Online:Lustrous Soulwell,sets/Lustrous_Soulwell.md,112,https://en.uesp.net/wiki/Online:Lustrous_Soulwell
Online:Night's Silence,sets/Night_s_Silence.md,113,https://en.uesp.net/wiki/Online:Night's_Silence
Online:Night Mother's Gaze,sets/Night_Mother_s_Gaze.md,184,https://en.uesp.net/wiki/Online:Night_Mother's_Gaze
Online:Oblivion's Foe,sets/Oblivion_s_Foe.md,232,https://en.uesp.net/wiki/Online:Oblivion's_Foe
Online:Orgnum's Scales,sets/Orgnum_s_Scales.md,154,https://en.uesp.net/wiki/Online:Orgnum's_Scales
Online:Nikulas' Heavy Armor,sets/Nikulas_Heavy_Armor.md,249,https://en.uesp.net/wiki/Online:Nikulas'_Heavy_Armor
Online:Necropotence,sets/Necropotence.md,213,https://en.uesp.net/wiki/Online:Necropotence
Online:The Morag Tong,sets/The_Morag_Tong.md,147,https://en.uesp.net/wiki/Online:The_Morag_Tong
Online:Nightflame,sets/Nightflame.md,156,https://en.uesp.net/wiki/Online:Nightflame
Online:Night Terror (set),sets/Night_Terror_set.md,219,https://en.uesp.net/wiki/Online:Night_Terror_(set)
Online:Nerien'eth (set),sets/Nerien_eth_set.md,144,https://en.uesp.net/wiki/Online:Nerien'eth_(set)
Online:Morkuldin,sets/Morkuldin.md,180,https://en.uesp.net/wiki/Online:Morkuldin
Online:Noble's Conquest,sets/Noble_s_Conquest.md,145,https://en.uesp.net/wiki/Online:Noble's_Conquest
Online:Night Mother's Embrace,sets/Night_Mother_s_Embrace.md,355,https://en.uesp.net/wiki/Online:Night_Mother's_Embrace
Online:Noble Duelist's Silks,sets/Noble_Duelist_s_Silks.md,185,https://en.uesp.net/wiki/Online:Noble_Duelist's_Silks
Online:Oblivion's Edge,sets/Oblivion_s_Edge.md,184,https://en.uesp.net/wiki/Online:Oblivion's_Edge
Online:Overwhelming Surge,sets/Overwhelming_Surge.md,176,https://en.uesp.net/wiki/Online:Overwhelming_Surge
Online:Para Bellum,sets/Para_Bellum.md,98,https://en.uesp.net/wiki/Online:Para_Bellum
Online:Moondancer,sets/Moondancer.md,134,https://en.uesp.net/wiki/Online:Moondancer
Online:Order of Diagna,sets/Order_of_Diagna.md,285,https://en.uesp.net/wiki/Online:Order_of_Diagna
Online:Mother's Sorrow,sets/Mother_s_Sorrow.md,228,https://en.uesp.net/wiki/Online:Mother's_Sorrow
Online:Netch's Touch,sets/Netch_s_Touch.md,201,https://en.uesp.net/wiki/Online:Netch's_Touch
Online:Nocturnal's Favor,sets/Nocturnal_s_Favor.md,130,https://en.uesp.net/wiki/Online:Nocturnal's_Favor
Online:Overland Sets/Vanilla Drops,sets/Overland_Sets_Vanilla_Drops.md,121,https://en.uesp.net/wiki/Online:Overland_Sets/Vanilla_Drops
Online:Moon Hunter,sets/Moon_Hunter.md,94,https://en.uesp.net/wiki/Online:Moon_Hunter
Online:Naga Shaman,sets/Naga_Shaman.md,143,https://en.uesp.net/wiki/Online:Naga_Shaman
Online:New Moon Acolyte,sets/New_Moon_Acolyte.md,119,https://en.uesp.net/wiki/Online:New_Moon_Acolyte
Online:Mother Ciannait (set),sets/Mother_Ciannait_set.md,135,https://en.uesp.net/wiki/Online:Mother_Ciannait_(set)
Online:Mythic Items,sets/Mythic_Items.md,1890,https://en.uesp.net/wiki/Online:Mythic_Items
Online:Pearls of Ehlnofey,sets/Pearls_of_Ehlnofey.md,931,https://en.uesp.net/wiki/Online:Pearls_of_Ehlnofey
Online:Overland Sets/DLC Drops,sets/Overland_Sets_DLC_Drops.md,144,https://en.uesp.net/wiki/Online:Overland_Sets/DLC_Drops
Online:Nazaray (set),sets/Nazaray_set.md,126,https://en.uesp.net/wiki/Online:Nazaray_(set)
Online:Nunatak (set),sets/Nunatak_set.md,168,https://en.uesp.net/wiki/Online:Nunatak_(set)
Online:Mora's Whispers,sets/Mora_s_Whispers.md,990,https://en.uesp.net/wiki/Online:Mora's_Whispers
Online:Order's Wrath,sets/Order_s_Wrath.md,125,https://en.uesp.net/wiki/Online:Order's_Wrath
Online:Oakensoul Ring,sets/Oakensoul_Ring.md,1034,https://en.uesp.net/wiki/Online:Oakensoul_Ring
Online:Pearlescent Ward,sets/Pearlescent_Ward.md,167,https://en.uesp.net/wiki/Online:Pearlescent_Ward
Online:Nocturnal's Ploy,sets/Nocturnal_s_Ploy.md,198,https://en.uesp.net/wiki/Online:Nocturnal's_Ploy
Online:Pangrit Denmother,sets/Pangrit_Denmother.md,111,https://en.uesp.net/wiki/Online:Pangrit_Denmother
Online:Old Growth Brewer,sets/Old_Growth_Brewer.md,125,https://en.uesp.net/wiki/Online:Old_Growth_Brewer
Online:Nix-Hound's Howl,sets/Nix-Hound_s_Howl.md,144,https://en.uesp.net/wiki/Online:Nix-Hound's_Howl
Online:Ozezan the Inferno (set),sets/Ozezan_the_Inferno_set.md,121,https://en.uesp.net/wiki/Online:Ozezan_the_Inferno_(set)
Online:Peace and Serenity,sets/Peace_and_Serenity.md,126,https://en.uesp.net/wiki/Online:Peace_and_Serenity
Online:Nibenay Bay Battlereeve,sets/Nibenay_Bay_Battlereeve.md,125,https://en.uesp.net/wiki/Online:Nibenay_Bay_Battlereeve
Online:Nobility in Decay,sets/Nobility_in_Decay.md,161,https://en.uesp.net/wiki/Online:Nobility_in_Decay
Online:Oakfather's Retribution,sets/Oakfather_s_Retribution.md,175,https://en.uesp.net/wiki/Online:Oakfather's_Retribution
Online:Mora Scribe's Thesis,sets/Mora_Scribe_s_Thesis.md,148,https://en.uesp.net/wiki/Online:Mora_Scribe's_Thesis
Online:Netch Oil,sets/Netch_Oil.md,87,https://en.uesp.net/wiki/Online:Netch_Oil
Online:Noxious Boulder,sets/Noxious_Boulder.md,150,https://en.uesp.net/wiki/Online:Noxious_Boulder
Online:Orpheon the Tactician (set),sets/Orpheon_the_Tactician_set.md,156,https://en.uesp.net/wiki/Online:Orpheon_the_Tactician_(set)
Online:Monomyth Reforged,sets/Monomyth_Reforged.md,872,https://en.uesp.net/wiki/Online:Monomyth_Reforged
Online:Pelinal's Wrath,sets/Pelinal_s_Wrath.md,397,https://en.uesp.net/wiki/Online:Pelinal's_Wrath
Online:Perfected Chaotic Whirlwind,sets/Perfected_Chaotic_Whirlwind.md,189,https://en.uesp.net/wiki/Online:Perfected_Chaotic_Whirlwind
Online:Perfected Concentrated Force,sets/Perfected_Concentrated_Force.md,153,https://en.uesp.net/wiki/Online:Perfected_Concentrated_Force
Online:Perfected Defensive Position,sets/Perfected_Defensive_Position.md,179,https://en.uesp.net/wiki/Online:Perfected_Defensive_Position
Online:Perfected Disciplined Slash,sets/Perfected_Disciplined_Slash.md,118,https://en.uesp.net/wiki/Online:Perfected_Disciplined_Slash
Online:Perfected Piercing Spray,sets/Perfected_Piercing_Spray.md,117,https://en.uesp.net/wiki/Online:Perfected_Piercing_Spray
Online:Perfected Claw of Yolnahkriin,sets/Perfected_Claw_of_Yolnahkriin.md,173,https://en.uesp.net/wiki/Online:Perfected_Claw_of_Yolnahkriin
Online:Perfected Eye of Nahviintaas,sets/Perfected_Eye_of_Nahviintaas.md,143,https://en.uesp.net/wiki/Online:Perfected_Eye_of_Nahviintaas
Online:Perfected False God's Devotion,sets/Perfected_False_God_s_Devotion.md,155,https://en.uesp.net/wiki/Online:Perfected_False_God's_Devotion
Online:Perfected Aegis of Galenwe,sets/Perfected_Aegis_of_Galenwe.md,142,https://en.uesp.net/wiki/Online:Perfected_Aegis_of_Galenwe
Online:Perfected Arms of Relequen,sets/Perfected_Arms_of_Relequen.md,181,https://en.uesp.net/wiki/Online:Perfected_Arms_of_Relequen
Online:Perfected Caustic Arrow,sets/Perfected_Caustic_Arrow.md,112,https://en.uesp.net/wiki/Online:Perfected_Caustic_Arrow
Online:Perfected Cruel Flurry,sets/Perfected_Cruel_Flurry.md,141,https://en.uesp.net/wiki/Online:Perfected_Cruel_Flurry
Online:Perfected Crushing Wall,sets/Perfected_Crushing_Wall.md,101,https://en.uesp.net/wiki/Online:Perfected_Crushing_Wall
Online:Perfected Destructive Impact,sets/Perfected_Destructive_Impact.md,165,https://en.uesp.net/wiki/Online:Perfected_Destructive_Impact
Online:Perfected Gallant Charge,sets/Perfected_Gallant_Charge.md,166,https://en.uesp.net/wiki/Online:Perfected_Gallant_Charge
Online:Perfected Grand Rejuvenation,sets/Perfected_Grand_Rejuvenation.md,117,https://en.uesp.net/wiki/Online:Perfected_Grand_Rejuvenation
Online:Perfected Kyne's Wind,sets/Perfected_Kyne_s_Wind.md,146,https://en.uesp.net/wiki/Online:Perfected_Kyne's_Wind
Online:Perfected Mantle of Siroria,sets/Perfected_Mantle_of_Siroria.md,180,https://en.uesp.net/wiki/Online:Perfected_Mantle_of_Siroria
Online:Perfected Mender's Ward,sets/Perfected_Mender_s_Ward.md,111,https://en.uesp.net/wiki/Online:Perfected_Mender's_Ward
Online:Perfected Merciless Charge,sets/Perfected_Merciless_Charge.md,133,https://en.uesp.net/wiki/Online:Perfected_Merciless_Charge
Online:Perfected Precise Regeneration,sets/Perfected_Precise_Regeneration.md,106,https://en.uesp.net/wiki/Online:Perfected_Precise_Regeneration
Online:Perfected Puncturing Remedy,sets/Perfected_Puncturing_Remedy.md,219,https://en.uesp.net/wiki/Online:Perfected_Puncturing_Remedy
Online:Perfected Radial Uppercut,sets/Perfected_Radial_Uppercut.md,103,https://en.uesp.net/wiki/Online:Perfected_Radial_Uppercut
Online:Perfected Rampaging Slash,sets/Perfected_Rampaging_Slash.md,172,https://en.uesp.net/wiki/Online:Perfected_Rampaging_Slash
Online:Perfected Roaring Opportunist,sets/Perfected_Roaring_Opportunist.md,162,https://en.uesp.net/wiki/Online:Perfected_Roaring_Opportunist
Online:Perfected Spectral Cloak,sets/Perfected_Spectral_Cloak.md,132,https://en.uesp.net/wiki/Online:Perfected_Spectral_Cloak
Online:Perfected Stinging Slashes,sets/Perfected_Stinging_Slashes.md,133,https://en.uesp.net/wiki/Online:Perfected_Stinging_Slashes
Online:Perfected Executioner's Blade,sets/Perfected_Executioner_s_Blade.md,148,https://en.uesp.net/wiki/Online:Perfected_Executioner's_Blade
Online:Perfected Force Overflow,sets/Perfected_Force_Overflow.md,156,https://en.uesp.net/wiki/Online:Perfected_Force_Overflow
Online:Perfected Frenzied Momentum,sets/Perfected_Frenzied_Momentum.md,168,https://en.uesp.net/wiki/Online:Perfected_Frenzied_Momentum
Online:Perfected Point-Blank Snipe,sets/Perfected_Point-Blank_Snipe.md,123,https://en.uesp.net/wiki/Online:Perfected_Point-Blank_Snipe
Online:Perfected Bahsei's Mania,sets/Perfected_Bahsei_s_Mania.md,133,https://en.uesp.net/wiki/Online:Perfected_Bahsei's_Mania
Online:Perfected Saxhleel Champion,sets/Perfected_Saxhleel_Champion.md,141,https://en.uesp.net/wiki/Online:Perfected_Saxhleel_Champion
Online:Perfected Coral Riptide,sets/Perfected_Coral_Riptide.md,138,https://en.uesp.net/wiki/Online:Perfected_Coral_Riptide
Online:Perfected Pearlescent Ward,sets/Perfected_Pearlescent_Ward.md,175,https://en.uesp.net/wiki/Online:Perfected_Pearlescent_Ward
Online:Perfected Pillager's Profit,sets/Perfected_Pillager_s_Profit.md,148,https://en.uesp.net/wiki/Online:Perfected_Pillager's_Profit
Online:Perfected Ansuul's Torment,sets/Perfected_Ansuul_s_Torment.md,132,https://en.uesp.net/wiki/Online:Perfected_Ansuul's_Torment
Online:Perfected Peace and Serenity,sets/Perfected_Peace_and_Serenity.md,137,https://en.uesp.net/wiki/Online:Perfected_Peace_and_Serenity
Online:Perfected Lucent Echoes,sets/Perfected_Lucent_Echoes.md,150,https://en.uesp.net/wiki/Online:Perfected_Lucent_Echoes
Online:Perfected Mora Scribe's Thesis,sets/Perfected_Mora_Scribe_s_Thesis.md,155,https://en.uesp.net/wiki/Online:Perfected_Mora_Scribe's_Thesis
Online:Perfected Slivers of the Null Arca,sets/Perfected_Slivers_of_the_Null_Arca.md,176,https://en.uesp.net/wiki/Online:Perfected_Slivers_of_the_Null_Arca
Online:Perfected Harmony in Chaos,sets/Perfected_Harmony_in_Chaos.md,148,https://en.uesp.net/wiki/Online:Perfected_Harmony_in_Chaos
Online:Perfected Kazpian's Cruel Signet,sets/Perfected_Kazpian_s_Cruel_Signet.md,184,https://en.uesp.net/wiki/Online:Perfected_Kazpian's_Cruel_Signet
Online:Perfected Dolorous Arena,sets/Perfected_Dolorous_Arena.md,149,https://en.uesp.net/wiki/Online:Perfected_Dolorous_Arena
Online:Perfected Recovery Convergence,sets/Perfected_Recovery_Convergence.md,155,https://en.uesp.net/wiki/Online:Perfected_Recovery_Convergence
Online:PVP Sets,sets/PVP_Sets.md,267,https://en.uesp.net/wiki/Online:PVP_Sets
Online:Prisoner's Rags,sets/Prisoner_s_Rags.md,327,https://en.uesp.net/wiki/Online:Prisoner's_Rags
Online:Phoenix,sets/Phoenix.md,178,https://en.uesp.net/wiki/Online:Phoenix
Online:Powerful Assault,sets/Powerful_Assault.md,164,https://en.uesp.net/wiki/Online:Powerful_Assault
Online:Permafrost,sets/Permafrost.md,83,https://en.uesp.net/wiki/Online:Permafrost
Online:Poisonous Serpent,sets/Poisonous_Serpent.md,134,https://en.uesp.net/wiki/Online:Poisonous_Serpent
Online:Prayer Shawl,sets/Prayer_Shawl.md,172,https://en.uesp.net/wiki/Online:Prayer_Shawl
Online:Quick Serpent,sets/Quick_Serpent.md,131,https://en.uesp.net/wiki/Online:Quick_Serpent
Online:Queen's Elegance,sets/Queen_s_Elegance.md,296,https://en.uesp.net/wiki/Online:Queen's_Elegance
Online:Plague Doctor,sets/Plague_Doctor.md,220,https://en.uesp.net/wiki/Online:Plague_Doctor
Online:Pirate Skeleton,sets/Pirate_Skeleton.md,135,https://en.uesp.net/wiki/Online:Pirate_Skeleton
Online:Pillar of Nirn,sets/Pillar_of_Nirn.md,139,https://en.uesp.net/wiki/Online:Pillar_of_Nirn
Online:Piercing Spray,sets/Piercing_Spray.md,108,https://en.uesp.net/wiki/Online:Piercing_Spray
Online:Precise Regeneration,sets/Precise_Regeneration.md,97,https://en.uesp.net/wiki/Online:Precise_Regeneration
Online:Puncturing Remedy,sets/Puncturing_Remedy.md,210,https://en.uesp.net/wiki/Online:Puncturing_Remedy
Online:Rampaging Slash,sets/Rampaging_Slash.md,156,https://en.uesp.net/wiki/Online:Rampaging_Slash
Online:Perfected Timeless Blessing,sets/Perfected_Timeless_Blessing.md,136,https://en.uesp.net/wiki/Online:Perfected_Timeless_Blessing
Online:Plague Slinger,sets/Plague_Slinger.md,125,https://en.uesp.net/wiki/Online:Plague_Slinger
Online:Prophet's,sets/Prophet_s.md,245,https://en.uesp.net/wiki/Online:Prophet's
Online:Radial Uppercut,sets/Radial_Uppercut.md,94,https://en.uesp.net/wiki/Online:Radial_Uppercut
Online:Perfected Tooth of Lokkestiiz,sets/Perfected_Tooth_of_Lokkestiiz.md,135,https://en.uesp.net/wiki/Online:Perfected_Tooth_of_Lokkestiiz
Online:Perfected Thunderous Volley,sets/Perfected_Thunderous_Volley.md,120,https://en.uesp.net/wiki/Online:Perfected_Thunderous_Volley
Online:Perfected Titanic Cleave,sets/Perfected_Titanic_Cleave.md,132,https://en.uesp.net/wiki/Online:Perfected_Titanic_Cleave
Online:Perfected Vestment of Olorime,sets/Perfected_Vestment_of_Olorime.md,165,https://en.uesp.net/wiki/Online:Perfected_Vestment_of_Olorime
Online:Perfected Virulent Shot,sets/Perfected_Virulent_Shot.md,129,https://en.uesp.net/wiki/Online:Perfected_Virulent_Shot
Online:Perfected Vrol's Command,sets/Perfected_Vrol_s_Command.md,141,https://en.uesp.net/wiki/Online:Perfected_Vrol's_Command
Online:Perfected Wild Impulse,sets/Perfected_Wild_Impulse.md,141,https://en.uesp.net/wiki/Online:Perfected_Wild_Impulse
Online:Perfected Yandir's Might,sets/Perfected_Yandir_s_Might.md,166,https://en.uesp.net/wiki/Online:Perfected_Yandir's_Might
Online:Perfected Void Bash,sets/Perfected_Void_Bash.md,143,https://en.uesp.net/wiki/Online:Perfected_Void_Bash
Online:Perfected Wrath of Elements,sets/Perfected_Wrath_of_Elements.md,191,https://en.uesp.net/wiki/Online:Perfected_Wrath_of_Elements
Online:Pestilent Host,sets/Pestilent_Host.md,127,https://en.uesp.net/wiki/Online:Pestilent_Host
Online:Point-Blank Snipe,sets/Point-Blank_Snipe.md,111,https://en.uesp.net/wiki/Online:Point-Blank_Snipe
Online:Radiant Bastion,sets/Radiant_Bastion.md,89,https://en.uesp.net/wiki/Online:Radiant_Bastion
Online:Vateshran Weapons,sets/Vateshran_Weapons.md,225,https://en.uesp.net/wiki/Online:Vateshran_Weapons
Online:Perfected Stone-Talker's Oath,sets/Perfected_Stone-Talker_s_Oath.md,160,https://en.uesp.net/wiki/Online:Perfected_Stone-Talker's_Oath
Online:Perfected Sul-Xan's Torment,sets/Perfected_Sul-Xan_s_Torment.md,150,https://en.uesp.net/wiki/Online:Perfected_Sul-Xan's_Torment
Online:Plaguebreak,sets/Plaguebreak.md,234,https://en.uesp.net/wiki/Online:Plaguebreak
Online:Prior Thierric,sets/Prior_Thierric.md,178,https://en.uesp.net/wiki/Online:Prior_Thierric
Online:Rallying Cry,sets/Rallying_Cry.md,277,https://en.uesp.net/wiki/Online:Rallying_Cry
Online:Perfected Whorl of the Depths,sets/Perfected_Whorl_of_the_Depths.md,181,https://en.uesp.net/wiki/Online:Perfected_Whorl_of_the_Depths
Online:Pillager's Profit,sets/Pillager_s_Profit.md,140,https://en.uesp.net/wiki/Online:Pillager's_Profit
Online:Phylactery's Grasp,sets/Phylactery_s_Grasp.md,125,https://en.uesp.net/wiki/Online:Phylactery's_Grasp
Online:Rage of the Ursauk,sets/Rage_of_the_Ursauk.md,115,https://en.uesp.net/wiki/Online:Rage_of_the_Ursauk
Online:Phoenix Moth Theurge,sets/Phoenix_Moth_Theurge.md,111,https://en.uesp.net/wiki/Online:Phoenix_Moth_Theurge
Online:Perfected Test of Resolve,sets/Perfected_Test_of_Resolve.md,178,https://en.uesp.net/wiki/Online:Perfected_Test_of_Resolve
Online:Perfected Transformative Hope,sets/Perfected_Transformative_Hope.md,161,https://en.uesp.net/wiki/Online:Perfected_Transformative_Hope
Online:Perfected Xoryn's Masterpiece,sets/Perfected_Xoryn_s_Masterpiece.md,132,https://en.uesp.net/wiki/Online:Perfected_Xoryn's_Masterpiece
Online:Pyrebrand,sets/Pyrebrand.md,197,https://en.uesp.net/wiki/Online:Pyrebrand
Online:Rakkhat's Voidmantle,sets/Rakkhat_s_Voidmantle.md,909,https://en.uesp.net/wiki/Online:Rakkhat's_Voidmantle
Online:Prowler's Talisman,sets/Prowler_s_Talisman.md,787,https://en.uesp.net/wiki/Online:Prowler's_Talisman
Online:Seventh Legion Brute,sets/Seventh_Legion_Brute.md,299,https://en.uesp.net/wiki/Online:Seventh_Legion_Brute
Online:Senche's Bite,sets/Senche_s_Bite.md,156,https://en.uesp.net/wiki/Online:Senche's_Bite
Online:Relics of the Rebellion,sets/Relics_of_the_Rebellion.md,113,https://en.uesp.net/wiki/Online:Relics_of_the_Rebellion
Online:Ranger's Gait,sets/Ranger_s_Gait.md,98,https://en.uesp.net/wiki/Online:Ranger's_Gait
Online:Shadow Dancer's Raiment,sets/Shadow_Dancer_s_Raiment.md,246,https://en.uesp.net/wiki/Online:Shadow_Dancer's_Raiment
Online:Ravager,sets/Ravager.md,167,https://en.uesp.net/wiki/Online:Ravager
Online:Scourge Harvester,sets/Scourge_Harvester.md,189,https://en.uesp.net/wiki/Online:Scourge_Harvester
Online:Redistributor,sets/Redistributor.md,136,https://en.uesp.net/wiki/Online:Redistributor
Online:Reactive Armor,sets/Reactive_Armor.md,145,https://en.uesp.net/wiki/Online:Reactive_Armor
"Online:Relics of the Physician, Ansur",sets/Relics_of_the_Physician_Ansur.md,75,"https://en.uesp.net/wiki/Online:Relics_of_the_Physician,_Ansur"
Online:Robes of Alteration Mastery,sets/Robes_of_Alteration_Mastery.md,128,https://en.uesp.net/wiki/Online:Robes_of_Alteration_Mastery
Online:Robes of Destruction Mastery,sets/Robes_of_Destruction_Mastery.md,93,https://en.uesp.net/wiki/Online:Robes_of_Destruction_Mastery
Online:Robes of the Hist,sets/Robes_of_the_Hist.md,169,https://en.uesp.net/wiki/Online:Robes_of_the_Hist
Online:Sanctuary,sets/Sanctuary.md,179,https://en.uesp.net/wiki/Online:Sanctuary
Online:Scathing Mage,sets/Scathing_Mage.md,141,https://en.uesp.net/wiki/Online:Scathing_Mage
Online:Sentry (set),sets/Sentry_set.md,151,https://en.uesp.net/wiki/Online:Sentry_(set)
Online:Sergeant's Mail,sets/Sergeant_s_Mail.md,228,https://en.uesp.net/wiki/Online:Sergeant's_Mail
Online:Roar of Alkosh,sets/Roar_of_Alkosh.md,274,https://en.uesp.net/wiki/Online:Roar_of_Alkosh
Online:Robes of Transmutation,sets/Robes_of_Transmutation.md,201,https://en.uesp.net/wiki/Online:Robes_of_Transmutation
Online:Salvation,sets/Salvation.md,157,https://en.uesp.net/wiki/Online:Salvation
Online:Robes of the Withered Hand,sets/Robes_of_the_Withered_Hand.md,272,https://en.uesp.net/wiki/Online:Robes_of_the_Withered_Hand
Online:Rattlecage,sets/Rattlecage.md,170,https://en.uesp.net/wiki/Online:Rattlecage
Online:Selene (set),sets/Selene_set.md,138,https://en.uesp.net/wiki/Online:Selene_(set)
Online:Sellistrix,sets/Sellistrix.md,146,https://en.uesp.net/wiki/Online:Sellistrix
Online:Sentinel of Rkugamz (set),sets/Sentinel_of_Rkugamz_set.md,145,https://en.uesp.net/wiki/Online:Sentinel_of_Rkugamz_(set)
Online:Shacklebreaker,sets/Shacklebreaker.md,110,https://en.uesp.net/wiki/Online:Shacklebreaker
Online:Savage Werewolf,sets/Savage_Werewolf.md,129,https://en.uesp.net/wiki/Online:Savage_Werewolf
Online:Scavenging Demise,sets/Scavenging_Demise.md,138,https://en.uesp.net/wiki/Online:Scavenging_Demise
Online:Senche-raht's Grit,sets/Senche-raht_s_Grit.md,126,https://en.uesp.net/wiki/Online:Senche-raht's_Grit
Online:Renald's Resolve,sets/Renald_s_Resolve.md,115,https://en.uesp.net/wiki/Online:Renald's_Resolve
Online:Senchal Defender,sets/Senchal_Defender.md,159,https://en.uesp.net/wiki/Online:Senchal_Defender
Online:Roaring Opportunist,sets/Roaring_Opportunist.md,154,https://en.uesp.net/wiki/Online:Roaring_Opportunist
Online:Ring of the Wild Hunt,sets/Ring_of_the_Wild_Hunt.md,924,https://en.uesp.net/wiki/Online:Ring_of_the_Wild_Hunt
Online:Red Eagle's Fury,sets/Red_Eagle_s_Fury.md,175,https://en.uesp.net/wiki/Online:Red_Eagle's_Fury
Online:Ring of the Pale Order,sets/Ring_of_the_Pale_Order.md,1071,https://en.uesp.net/wiki/Online:Ring_of_the_Pale_Order
Online:Saxhleel Champion,sets/Saxhleel_Champion.md,133,https://en.uesp.net/wiki/Online:Saxhleel_Champion
Online:Rush of Agony,sets/Rush_of_Agony.md,152,https://en.uesp.net/wiki/Online:Rush_of_Agony
Online:Scorion's Feast,sets/Scorion_s_Feast.md,152,https://en.uesp.net/wiki/Online:Scorion's_Feast
Online:Serpent's Disdain,sets/Serpent_s_Disdain.md,117,https://en.uesp.net/wiki/Online:Serpent's_Disdain
Online:Sea-Serpent's Coil,sets/Sea-Serpent_s_Coil.md,958,https://en.uesp.net/wiki/Online:Sea-Serpent's_Coil
Online:Ritemaster's Bond,sets/Ritemaster_s_Bond.md,147,https://en.uesp.net/wiki/Online:Ritemaster's_Bond
Online:Runecarver's Blaze,sets/Runecarver_s_Blaze.md,102,https://en.uesp.net/wiki/Online:Runecarver's_Blaze
Online:Roksa the Warped (set),sets/Roksa_the_Warped_set.md,142,https://en.uesp.net/wiki/Online:Roksa_the_Warped_(set)
Online:Seeker Synthesis,sets/Seeker_Synthesis.md,129,https://en.uesp.net/wiki/Online:Seeker_Synthesis
Online:Reawakened Hierophant,sets/Reawakened_Hierophant.md,166,https://en.uesp.net/wiki/Online:Reawakened_Hierophant
Online:Reflected Fury,sets/Reflected_Fury.md,146,https://en.uesp.net/wiki/Online:Reflected_Fury
Online:Rourken Steamguards,sets/Rourken_Steamguards.md,979,https://en.uesp.net/wiki/Online:Rourken_Steamguards
Online:The Saint and the Seducer,sets/The_Saint_and_the_Seducer.md,981,https://en.uesp.net/wiki/Online:The_Saint_and_the_Seducer
Online:Recovery Convergence,sets/Recovery_Convergence.md,147,https://en.uesp.net/wiki/Online:Recovery_Convergence
Online:The Ruckus (set),sets/The_Ruckus_set.md,200,https://en.uesp.net/wiki/Online:The_Ruckus_(set)
Online:Song of Lamae,sets/Song_of_Lamae.md,326,https://en.uesp.net/wiki/Online:Song_of_Lamae
Online:Shalidor's Curse,sets/Shalidor_s_Curse.md,163,https://en.uesp.net/wiki/Online:Shalidor's_Curse
Online:Spectre's Eye,sets/Spectre_s_Eye.md,153,https://en.uesp.net/wiki/Online:Spectre's_Eye
Online:Soulshine,sets/Soulshine.md,217,https://en.uesp.net/wiki/Online:Soulshine
Online:Silks of the Sun,sets/Silks_of_the_Sun.md,312,https://en.uesp.net/wiki/Online:Silks_of_the_Sun
Online:Stendarr's Embrace,sets/Stendarr_s_Embrace.md,303,https://en.uesp.net/wiki/Online:Stendarr's_Embrace
Online:Shadow Walker (set),sets/Shadow_Walker_set.md,140,https://en.uesp.net/wiki/Online:Shadow_Walker_(set)
Online:Shield of the Valiant,sets/Shield_of_the_Valiant.md,130,https://en.uesp.net/wiki/Online:Shield_of_the_Valiant
Online:Spawn of Mephala (set),sets/Spawn_of_Mephala_set.md,150,https://en.uesp.net/wiki/Online:Spawn_of_Mephala_(set)
Online:Shield Breaker,sets/Shield_Breaker.md,141,https://en.uesp.net/wiki/Online:Shield_Breaker
Online:Shroud of the Lich,sets/Shroud_of_the_Lich.md,179,https://en.uesp.net/wiki/Online:Shroud_of_the_Lich
Online:Sheer Venom,sets/Sheer_Venom.md,182,https://en.uesp.net/wiki/Online:Sheer_Venom
Online:Spell Power Cure,sets/Spell_Power_Cure.md,157,https://en.uesp.net/wiki/Online:Spell_Power_Cure
Online:Sithis' Touch,sets/Sithis_Touch.md,279,https://en.uesp.net/wiki/Online:Sithis'_Touch
Online:Spriggan's Thorns,sets/Spriggan_s_Thorns.md,232,https://en.uesp.net/wiki/Online:Spriggan's_Thorns
Online:Spinner's Garments,sets/Spinner_s_Garments.md,150,https://en.uesp.net/wiki/Online:Spinner's_Garments
Online:Skooma Smuggler,sets/Skooma_Smuggler.md,133,https://en.uesp.net/wiki/Online:Skooma_Smuggler
Online:Shalk Exoskeleton,sets/Shalk_Exoskeleton.md,272,https://en.uesp.net/wiki/Online:Shalk_Exoskeleton
Online:Spider Cultist Cowl,sets/Spider_Cultist_Cowl.md,207,https://en.uesp.net/wiki/Online:Spider_Cultist_Cowl
Online:Spelunker,sets/Spelunker.md,171,https://en.uesp.net/wiki/Online:Spelunker
Online:Shadowrend (set),sets/Shadowrend_set.md,146,https://en.uesp.net/wiki/Online:Shadowrend_(set)
Online:Slimecraw (set),sets/Slimecraw_set.md,106,https://en.uesp.net/wiki/Online:Slimecraw_(set)
Online:Shadow of the Red Mountain,sets/Shadow_of_the_Red_Mountain.md,310,https://en.uesp.net/wiki/Online:Shadow_of_the_Red_Mountain
Online:Stinging Slashes,sets/Stinging_Slashes.md,123,https://en.uesp.net/wiki/Online:Stinging_Slashes
Online:Sload's Semblance,sets/Sload_s_Semblance.md,177,https://en.uesp.net/wiki/Online:Sload's_Semblance
Online:Soldier of Anguish,sets/Soldier_of_Anguish.md,199,https://en.uesp.net/wiki/Online:Soldier_of_Anguish
Online:Spectral Cloak,sets/Spectral_Cloak.md,123,https://en.uesp.net/wiki/Online:Spectral_Cloak
Online:Spell Strategist,sets/Spell_Strategist.md,271,https://en.uesp.net/wiki/Online:Spell_Strategist
Online:Steadfast Hero,sets/Steadfast_Hero.md,169,https://en.uesp.net/wiki/Online:Steadfast_Hero
Online:Spell Parasite,sets/Spell_Parasite.md,118,https://en.uesp.net/wiki/Online:Spell_Parasite
Online:Snow Treaders,sets/Snow_Treaders.md,939,https://en.uesp.net/wiki/Online:Snow_Treaders
Online:Shapeshifter's Chain,sets/Shapeshifter_s_Chain.md,905,https://en.uesp.net/wiki/Online:Shapeshifter's_Chain
Online:Silver Rose Vigil,sets/Silver_Rose_Vigil.md,145,https://en.uesp.net/wiki/Online:Silver_Rose_Vigil
Online:Spaulder of Ruin,sets/Spaulder_of_Ruin.md,947,https://en.uesp.net/wiki/Online:Spaulder_of_Ruin
Online:Spriggan's Vigor,sets/Spriggan_s_Vigor.md,111,https://en.uesp.net/wiki/Online:Spriggan's_Vigor
Online:Steadfast's Mettle,sets/Steadfast_s_Mettle.md,87,https://en.uesp.net/wiki/Online:Steadfast's_Mettle
Online:Snake in the Stars,sets/Snake_in_the_Stars.md,227,https://en.uesp.net/wiki/Online:Snake_in_the_Stars
Online:Shell Splitter,sets/Shell_Splitter.md,170,https://en.uesp.net/wiki/Online:Shell_Splitter
Online:Shattered Fate,sets/Shattered_Fate.md,103,https://en.uesp.net/wiki/Online:Shattered_Fate
Online:Soulcleaver,sets/Soulcleaver.md,163,https://en.uesp.net/wiki/Online:Soulcleaver
Online:Sluthrug's Hunger,sets/Sluthrug_s_Hunger.md,116,https://en.uesp.net/wiki/Online:Sluthrug's_Hunger
Online:The Shadow Queen's Cowl,sets/The_Shadow_Queen_s_Cowl.md,1044,https://en.uesp.net/wiki/Online:The_Shadow_Queen's_Cowl
Online:Slivers of the Null Arca,sets/Slivers_of_the_Null_Arca.md,167,https://en.uesp.net/wiki/Online:Slivers_of_the_Null_Arca
Online:Spattering Disjunction,sets/Spattering_Disjunction.md,156,https://en.uesp.net/wiki/Online:Spattering_Disjunction
Online:Shared Pain,sets/Shared_Pain.md,143,https://en.uesp.net/wiki/Online:Shared_Pain
Online:Siegemaster's Focus,sets/Siegemaster_s_Focus.md,124,https://en.uesp.net/wiki/Online:Siegemaster's_Focus
Online:Squall of Retribution (set),sets/Squall_of_Retribution_set.md,132,https://en.uesp.net/wiki/Online:Squall_of_Retribution_(set)
Online:Shared Burden,sets/Shared_Burden.md,117,https://en.uesp.net/wiki/Online:Shared_Burden
Online:Spellshredder,sets/Spellshredder.md,64,https://en.uesp.net/wiki/Online:Spellshredder
Online:Shattered Paths Signet,sets/Shattered_Paths_Signet.md,1037,https://en.uesp.net/wiki/Online:Shattered_Paths_Signet
Online:Storm Knight's Plate,sets/Storm_Knight_s_Plate.md,130,https://en.uesp.net/wiki/Online:Storm_Knight's_Plate
Online:Sunderflame,sets/Sunderflame.md,209,https://en.uesp.net/wiki/Online:Sunderflame
Online:Thunderbug's Carapace,sets/Thunderbug_s_Carapace.md,107,https://en.uesp.net/wiki/Online:Thunderbug's_Carapace
Online:Stygian,sets/Stygian.md,369,https://en.uesp.net/wiki/Online:Stygian
Online:Tava's Favor,sets/Tava_s_Favor.md,126,https://en.uesp.net/wiki/Online:Tava's_Favor
Online:Storm Master,sets/Storm_Master.md,212,https://en.uesp.net/wiki/Online:Storm_Master
Online:Syrabane's Grip,sets/Syrabane_s_Grip.md,162,https://en.uesp.net/wiki/Online:Syrabane's_Grip
Online:Swamp Raider,sets/Swamp_Raider.md,251,https://en.uesp.net/wiki/Online:Swamp_Raider
Online:Syvarra's Scales,sets/Syvarra_s_Scales.md,148,https://en.uesp.net/wiki/Online:Syvarra's_Scales
Online:Thews of the Harbinger,sets/Thews_of_the_Harbinger.md,193,https://en.uesp.net/wiki/Online:Thews_of_the_Harbinger
Online:Sword-Singer,sets/Sword-Singer.md,246,https://en.uesp.net/wiki/Online:Sword-Singer
Online:Sword Dancer,sets/Sword_Dancer.md,167,https://en.uesp.net/wiki/Online:Sword_Dancer
Online:Strength of the Automaton,sets/Strength_of_the_Automaton.md,186,https://en.uesp.net/wiki/Online:Strength_of_the_Automaton
Online:Stormfist (set),sets/Stormfist_set.md,152,https://en.uesp.net/wiki/Online:Stormfist_(set)
Online:Swarm Mother (set),sets/Swarm_Mother_set.md,156,https://en.uesp.net/wiki/Online:Swarm_Mother_(set)
Online:Thunderous Volley,sets/Thunderous_Volley.md,110,https://en.uesp.net/wiki/Online:Thunderous_Volley
Online:Thurvokun (set),sets/Thurvokun_set.md,194,https://en.uesp.net/wiki/Online:Thurvokun_(set)
Online:Stonekeeper,sets/Stonekeeper.md,147,https://en.uesp.net/wiki/Online:Stonekeeper
Online:Symphony of Blades (set),sets/Symphony_of_Blades_set.md,503,https://en.uesp.net/wiki/Online:Symphony_of_Blades_(set)
Online:Stuhn's Favor,sets/Stuhn_s_Favor.md,126,https://en.uesp.net/wiki/Online:Stuhn's_Favor
Online:Thrassian Stranglers,sets/Thrassian_Stranglers.md,897,https://en.uesp.net/wiki/Online:Thrassian_Stranglers
Online:Template Drop Healer,sets/Template_Drop_Healer.md,60,https://en.uesp.net/wiki/Online:Template_Drop_Healer
Online:Template Drop Healer P,sets/Template_Drop_Healer_P.md,67,https://en.uesp.net/wiki/Online:Template_Drop_Healer_P
Online:Template Drop Magi,sets/Template_Drop_Magi.md,60,https://en.uesp.net/wiki/Online:Template_Drop_Magi
Online:Template Drop Magi P,sets/Template_Drop_Magi_P.md,67,https://en.uesp.net/wiki/Online:Template_Drop_Magi_P
Online:Template Drop Stamina,sets/Template_Drop_Stamina.md,60,https://en.uesp.net/wiki/Online:Template_Drop_Stamina
Online:Template Drop Stamina P,sets/Template_Drop_Stamina_P.md,67,https://en.uesp.net/wiki/Online:Template_Drop_Stamina_P
Online:Template Drop Tank,sets/Template_Drop_Tank.md,60,https://en.uesp.net/wiki/Online:Template_Drop_Tank
Online:Template Drop Tank P,sets/Template_Drop_Tank_P.md,67,https://en.uesp.net/wiki/Online:Template_Drop_Tank_P
Online:Stone Husk (set),sets/Stone_Husk_set.md,198,https://en.uesp.net/wiki/Online:Stone_Husk_(set)
Online:Talfyg's Treachery,sets/Talfyg_s_Treachery.md,94,https://en.uesp.net/wiki/Online:Talfyg's_Treachery
Online:Stone-Talker's Oath,sets/Stone-Talker_s_Oath.md,152,https://en.uesp.net/wiki/Online:Stone-Talker's_Oath
Online:Sul-Xan's Torment,sets/Sul-Xan_s_Torment.md,142,https://en.uesp.net/wiki/Online:Sul-Xan's_Torment
Online:Thunder Caller,sets/Thunder_Caller.md,138,https://en.uesp.net/wiki/Online:Thunder_Caller
Online:Storm-Cursed's Revenge,sets/Storm-Cursed_s_Revenge.md,112,https://en.uesp.net/wiki/Online:Storm-Cursed's_Revenge
Online:Systres' Scowl,sets/Systres_Scowl.md,105,https://en.uesp.net/wiki/Online:Systres'_Scowl
Online:Stone's Accord,sets/Stone_s_Accord.md,114,https://en.uesp.net/wiki/Online:Stone's_Accord
Online:Stormweaver's Cavort,sets/Stormweaver_s_Cavort.md,931,https://en.uesp.net/wiki/Online:Stormweaver's_Cavort
Online:Syrabane's Ward,sets/Syrabane_s_Ward.md,910,https://en.uesp.net/wiki/Online:Syrabane's_Ward
Online:Telvanni Enforcer,sets/Telvanni_Enforcer.md,89,https://en.uesp.net/wiki/Online:Telvanni_Enforcer
Online:Telvanni Efficiency,sets/Telvanni_Efficiency.md,141,https://en.uesp.net/wiki/Online:Telvanni_Efficiency
Online:Test of Resolve,sets/Test_of_Resolve.md,171,https://en.uesp.net/wiki/Online:Test_of_Resolve
Online:Tarnished Nightmare,sets/Tarnished_Nightmare.md,125,https://en.uesp.net/wiki/Online:Tarnished_Nightmare
Online:Tharriker's Strike,sets/Tharriker_s_Strike.md,140,https://en.uesp.net/wiki/Online:Tharriker's_Strike
Online:Threads of War,sets/Threads_of_War.md,130,https://en.uesp.net/wiki/Online:Threads_of_War
Online:Symmetry of the Weald,sets/Symmetry_of_the_Weald.md,99,https://en.uesp.net/wiki/Online:Symmetry_of_the_Weald
Online:Three Queens Wellspring,sets/Three_Queens_Wellspring.md,86,https://en.uesp.net/wiki/Online:Three_Queens_Wellspring
Online:Tide-Born Wildstalker,sets/Tide-Born_Wildstalker.md,116,https://en.uesp.net/wiki/Online:Tide-Born_Wildstalker
Online:Stonehulk Domination,sets/Stonehulk_Domination.md,96,https://en.uesp.net/wiki/Online:Stonehulk_Domination
Online:Thousand Eyes (set),sets/Thousand_Eyes_set.md,210,https://en.uesp.net/wiki/Online:Thousand_Eyes_(set)
Online:Vampire's Kiss,sets/Vampire_s_Kiss.md,320,https://en.uesp.net/wiki/Online:Vampire's_Kiss
Online:Torug's Pact,sets/Torug_s_Pact.md,139,https://en.uesp.net/wiki/Online:Torug's_Pact
Online:Twilight's Embrace,sets/Twilight_s_Embrace.md,115,https://en.uesp.net/wiki/Online:Twilight's_Embrace
Online:Twice-Born Star,sets/Twice-Born_Star.md,110,https://en.uesp.net/wiki/Online:Twice-Born_Star
Online:Treasures of the Earthforge,sets/Treasures_of_the_Earthforge.md,113,https://en.uesp.net/wiki/Online:Treasures_of_the_Earthforge
Online:Twin Sisters,sets/Twin_Sisters.md,254,https://en.uesp.net/wiki/Online:Twin_Sisters
Online:Valkyn Skoria (set),sets/Valkyn_Skoria_set.md,214,https://en.uesp.net/wiki/Online:Valkyn_Skoria_(set)
Online:Undaunted Infiltrator,sets/Undaunted_Infiltrator.md,126,https://en.uesp.net/wiki/Online:Undaunted_Infiltrator
Online:Undaunted Bastion,sets/Undaunted_Bastion.md,159,https://en.uesp.net/wiki/Online:Undaunted_Bastion
Online:Undaunted Unweaver,sets/Undaunted_Unweaver.md,145,https://en.uesp.net/wiki/Online:Undaunted_Unweaver
Online:Trinimac's Valor,sets/Trinimac_s_Valor.md,169,https://en.uesp.net/wiki/Online:Trinimac's_Valor
Online:Vengeance Leech,sets/Vengeance_Leech.md,114,https://en.uesp.net/wiki/Online:Vengeance_Leech
Online:Tormentor,sets/Tormentor.md,183,https://en.uesp.net/wiki/Online:Tormentor
Online:Twice-Fanged Serpent,sets/Twice-Fanged_Serpent.md,106,https://en.uesp.net/wiki/Online:Twice-Fanged_Serpent
Online:Twilight Remedy,sets/Twilight_Remedy.md,136,https://en.uesp.net/wiki/Online:Twilight_Remedy
Online:Varen's Legacy,sets/Varen_s_Legacy.md,138,https://en.uesp.net/wiki/Online:Varen's_Legacy
Online:Velidreth (set),sets/Velidreth_set.md,154,https://en.uesp.net/wiki/Online:Velidreth_(set)
Online:Vampire Lord (set),sets/Vampire_Lord_set.md,278,https://en.uesp.net/wiki/Online:Vampire_Lord_(set)
Online:Vampire Cloak,sets/Vampire_Cloak.md,216,https://en.uesp.net/wiki/Online:Vampire_Cloak
Online:Treasure Hunter,sets/Treasure_Hunter.md,139,https://en.uesp.net/wiki/Online:Treasure_Hunter
Online:Toothrow,sets/Toothrow.md,165,https://en.uesp.net/wiki/Online:Toothrow
Online:Tremorscale (set),sets/Tremorscale_set.md,161,https://en.uesp.net/wiki/Online:Tremorscale_(set)
Online:The Troll King (set),sets/The_Troll_King_set.md,134,https://en.uesp.net/wiki/Online:The_Troll_King_(set)
Online:Trial by Fire,sets/Trial_by_Fire.md,111,https://en.uesp.net/wiki/Online:Trial_by_Fire
Online:Vanguard's Challenge,sets/Vanguard_s_Challenge.md,127,https://en.uesp.net/wiki/Online:Vanguard's_Challenge
Online:Unfathomable Darkness,sets/Unfathomable_Darkness.md,189,https://en.uesp.net/wiki/Online:Unfathomable_Darkness
Online:Timeless Blessing,sets/Timeless_Blessing.md,127,https://en.uesp.net/wiki/Online:Timeless_Blessing
Online:Titanic Cleave,sets/Titanic_Cleave.md,123,https://en.uesp.net/wiki/Online:Titanic_Cleave
Online:Trappings of Invigoration,sets/Trappings_of_Invigoration.md,106,https://en.uesp.net/wiki/Online:Trappings_of_Invigoration
Online:Ulfnor's Favor,sets/Ulfnor_s_Favor.md,87,https://en.uesp.net/wiki/Online:Ulfnor's_Favor
Online:Tzogvin's Warband,sets/Tzogvin_s_Warband.md,116,https://en.uesp.net/wiki/Online:Tzogvin's_Warband
Online:Vastarie's Tutelage,sets/Vastarie_s_Tutelage.md,137,https://en.uesp.net/wiki/Online:Vastarie's_Tutelage
Online:Tooth of Lokkestiiz,sets/Tooth_of_Lokkestiiz.md,126,https://en.uesp.net/wiki/Online:Tooth_of_Lokkestiiz
Online:Titanborn Strength,sets/Titanborn_Strength.md,104,https://en.uesp.net/wiki/Online:Titanborn_Strength
Online:Unchained Aggressor,sets/Unchained_Aggressor.md,130,https://en.uesp.net/wiki/Online:Unchained_Aggressor
Online:Venomous Smite,sets/Venomous_Smite.md,232,https://en.uesp.net/wiki/Online:Venomous_Smite
Online:Torc of Tonal Constancy,sets/Torc_of_Tonal_Constancy.md,902,https://en.uesp.net/wiki/Online:Torc_of_Tonal_Constancy
Online:Unleashed Terror,sets/Unleashed_Terror.md,136,https://en.uesp.net/wiki/Online:Unleashed_Terror
Online:True-Sworn Fury,sets/True-Sworn_Fury.md,104,https://en.uesp.net/wiki/Online:True-Sworn_Fury
Online:Unleashed Ritualist,sets/Unleashed_Ritualist.md,84,https://en.uesp.net/wiki/Online:Unleashed_Ritualist
Online:Turning Tide,sets/Turning_Tide.md,128,https://en.uesp.net/wiki/Online:Turning_Tide
Online:Transformative Hope,sets/Transformative_Hope.md,153,https://en.uesp.net/wiki/Online:Transformative_Hope
Online:Velothi Ur-Mage's Amulet,sets/Velothi_Ur-Mage_s_Amulet.md,782,https://en.uesp.net/wiki/Online:Velothi_Ur-Mage's_Amulet
Online:Torc of the Last Ayleid King,sets/Torc_of_the_Last_Ayleid_King.md,893,https://en.uesp.net/wiki/Online:Torc_of_the_Last_Ayleid_King
Online:Umbral Edge,sets/Umbral_Edge.md,134,https://en.uesp.net/wiki/Online:Umbral_Edge
Online:Tracker's Lash,sets/Tracker_s_Lash.md,131,https://en.uesp.net/wiki/Online:Tracker's_Lash
Online:Vandorallen's Resonance,sets/Vandorallen_s_Resonance.md,129,https://en.uesp.net/wiki/Online:Vandorallen's_Resonance
Online:Tools of the Trapmaster,sets/Tools_of_the_Trapmaster.md,123,https://en.uesp.net/wiki/Online:Tools_of_the_Trapmaster
Online:Unflinching Ultimate,sets/Unflinching_Ultimate.md,63,https://en.uesp.net/wiki/Online:Unflinching_Ultimate
Online:Whitestrake's Retribution,sets/Whitestrake_s_Retribution.md,313,https://en.uesp.net/wiki/Online:Whitestrake's_Retribution
Online:Willow's Path,sets/Willow_s_Path.md,115,https://en.uesp.net/wiki/Online:Willow's_Path
Online:Way of Fire,sets/Way_of_Fire.md,134,https://en.uesp.net/wiki/Online:Way_of_Fire
Online:Wyrd Tree's Blessing,sets/Wyrd_Tree_s_Blessing.md,113,https://en.uesp.net/wiki/Online:Wyrd_Tree's_Blessing
Online:Viper's Sting,sets/Viper_s_Sting.md,167,https://en.uesp.net/wiki/Online:Viper's_Sting
Online:Witchman Armor,sets/Witchman_Armor.md,103,https://en.uesp.net/wiki/Online:Witchman_Armor
Online:Way of Air,sets/Way_of_Air.md,134,https://en.uesp.net/wiki/Online:Way_of_Air
Online:Way of Martial Knowledge,sets/Way_of_Martial_Knowledge.md,138,https://en.uesp.net/wiki/Online:Way_of_Martial_Knowledge
Online:Ward of Cyrodiil,sets/Ward_of_Cyrodiil.md,183,https://en.uesp.net/wiki/Online:Ward_of_Cyrodiil
Online:Wrath of the Imperium,sets/Wrath_of_the_Imperium.md,161,https://en.uesp.net/wiki/Online:Wrath_of_the_Imperium
Online:Wilderqueen's Arch,sets/Wilderqueen_s_Arch.md,117,https://en.uesp.net/wiki/Online:Wilderqueen's_Arch
Online:Vestments of the Warlock,sets/Vestments_of_the_Warlock.md,130,https://en.uesp.net/wiki/Online:Vestments_of_the_Warlock
Online:Vicious Serpent,sets/Vicious_Serpent.md,172,https://en.uesp.net/wiki/Online:Vicious_Serpent
Online:Willpower,sets/Willpower.md,151,https://en.uesp.net/wiki/Online:Willpower
Online:Winterborn (set),sets/Winterborn_set.md,138,https://en.uesp.net/wiki/Online:Winterborn_(set)
Online:Wise Mage,sets/Wise_Mage.md,130,https://en.uesp.net/wiki/Online:Wise_Mage
Online:Vicious Death,sets/Vicious_Death.md,212,https://en.uesp.net/wiki/Online:Vicious_Death
Online:Warrior's Fury,sets/Warrior_s_Fury.md,211,https://en.uesp.net/wiki/Online:Warrior's_Fury
Online:The Worm's Raiment,sets/The_Worm_s_Raiment.md,208,https://en.uesp.net/wiki/Online:The_Worm's_Raiment
Online:Way of the Arena,sets/Way_of_the_Arena.md,130,https://en.uesp.net/wiki/Online:Way_of_the_Arena
Online:Widowmaker,sets/Widowmaker.md,116,https://en.uesp.net/wiki/Online:Widowmaker
Online:Vicecanon of Venom,sets/Vicecanon_of_Venom.md,181,https://en.uesp.net/wiki/Online:Vicecanon_of_Venom
Online:Ysgramor's Birthright,sets/Ysgramor_s_Birthright.md,229,https://en.uesp.net/wiki/Online:Ysgramor's_Birthright
Online:Warrior-Poet,sets/Warrior-Poet.md,140,https://en.uesp.net/wiki/Online:Warrior-Poet
Online:War Maiden,sets/War_Maiden.md,230,https://en.uesp.net/wiki/Online:War_Maiden
Online:War Machine,sets/War_Machine.md,128,https://en.uesp.net/wiki/Online:War_Machine
Online:Wizard's Riposte,sets/Wizard_s_Riposte.md,117,https://en.uesp.net/wiki/Online:Wizard's_Riposte
Online:Wisdom of Vanus,sets/Wisdom_of_Vanus.md,117,https://en.uesp.net/wiki/Online:Wisdom_of_Vanus
Online:Vestment of Olorime,sets/Vestment_of_Olorime.md,249,https://en.uesp.net/wiki/Online:Vestment_of_Olorime
Online:Vykosa,sets/Vykosa.md,131,https://en.uesp.net/wiki/Online:Vykosa
Online:Virulent Shot,sets/Virulent_Shot.md,120,https://en.uesp.net/wiki/Online:Virulent_Shot
Online:Wild Impulse,sets/Wild_Impulse.md,132,https://en.uesp.net/wiki/Online:Wild_Impulse
Online:Vesture of Darloc Brae,sets/Vesture_of_Darloc_Brae.md,209,https://en.uesp.net/wiki/Online:Vesture_of_Darloc_Brae
Online:Z'en's Redress,sets/Z_en_s_Redress.md,126,https://en.uesp.net/wiki/Online:Z'en's_Redress
Online:Winter's Respite,sets/Winter_s_Respite.md,235,https://en.uesp.net/wiki/Online:Winter's_Respite
Online:Yandir's Might,sets/Yandir_s_Might.md,223,https://en.uesp.net/wiki/Online:Yandir's_Might
Online:Vrol's Command,sets/Vrol_s_Command.md,133,https://en.uesp.net/wiki/Online:Vrol's_Command
Online:Void Bash,sets/Void_Bash.md,134,https://en.uesp.net/wiki/Online:Void_Bash
Online:Voidcaller,sets/Voidcaller.md,123,https://en.uesp.net/wiki/Online:Voidcaller
Online:Witch-Knight's Defiance,sets/Witch-Knight_s_Defiance.md,95,https://en.uesp.net/wiki/Online:Witch-Knight's_Defiance
Online:Wrath of Elements,sets/Wrath_of_Elements.md,182,https://en.uesp.net/wiki/Online:Wrath_of_Elements
Online:Wretched Vitality,sets/Wretched_Vitality.md,212,https://en.uesp.net/wiki/Online:Wretched_Vitality
Online:Whorl of the Depths,sets/Whorl_of_the_Depths.md,173,https://en.uesp.net/wiki/Online:Whorl_of_the_Depths
Online:Vivec's Duality,sets/Vivec_s_Duality.md,94,https://en.uesp.net/wiki/Online:Vivec's_Duality
Online:Wrathsun,sets/Wrathsun.md,167,https://en.uesp.net/wiki/Online:Wrathsun
Online:Xoryn's Masterpiece,sets/Xoryn_s_Masterpiece.md,124,https://en.uesp.net/wiki/Online:Xoryn's_Masterpiece
Online:Vykand's Soulfury,sets/Vykand_s_Soulfury.md,125,https://en.uesp.net/wiki/Online:Vykand's_Soulfury
Online:Xanmeer Spellweaver,sets/Xanmeer_Spellweaver.md,100,https://en.uesp.net/wiki/Online:Xanmeer_Spellweaver
Online:Xanmeer Genesis,sets/Xanmeer_Genesis.md,123,https://en.uesp.net/wiki/Online:Xanmeer_Genesis
Online:Zaan,sets/Zaan.md,185,https://en.uesp.net/wiki/Online:Zaan
Online:Zoal the Ever-Wakeful (set),sets/Zoal_the_Ever-Wakeful_set.md,153,https://en.uesp.net/wiki/Online:Zoal_the_Ever-Wakeful_(set)
Online:Skills,skills/Skills.md,2716,https://en.uesp.net/wiki/Online:Skills
Online:Emperor,skills/Emperor.md,627,https://en.uesp.net/wiki/Online:Emperor
Online:Balanced Warrior,skills/Balanced_Warrior.md,230,https://en.uesp.net/wiki/Online:Balanced_Warrior
Online:Amphibian,skills/Amphibian.md,113,https://en.uesp.net/wiki/Online:Amphibian
Online:Argonian Resistance,skills/Argonian_Resistance.md,245,https://en.uesp.net/wiki/Online:Argonian_Resistance
Online:Assassin's Blade,skills/Assassin_s_Blade.md,675,https://en.uesp.net/wiki/Online:Assassin's_Blade
Online:Backlash,skills/Backlash.md,2261,https://en.uesp.net/wiki/Online:Backlash
Online:Ancient Knowledge,skills/Ancient_Knowledge.md,694,https://en.uesp.net/wiki/Online:Ancient_Knowledge
Online:Ash Cloud,skills/Ash_Cloud.md,969,https://en.uesp.net/wiki/Online:Ash_Cloud
Online:Aspect Improvement,skills/Aspect_Improvement.md,129,https://en.uesp.net/wiki/Online:Aspect_Improvement
Online:Banish the Wicked,skills/Banish_the_Wicked.md,201,https://en.uesp.net/wiki/Online:Banish_the_Wicked
Online:Annulment,skills/Annulment.md,1181,https://en.uesp.net/wiki/Online:Annulment
Online:Athletics,skills/Athletics.md,124,https://en.uesp.net/wiki/Online:Athletics
Online:Absorb,skills/Absorb.md,118,https://en.uesp.net/wiki/Online:Absorb
Online:Aspect of Terror,skills/Aspect_of_Terror.md,1181,https://en.uesp.net/wiki/Online:Aspect_of_Terror
Online:Barrier,skills/Barrier.md,604,https://en.uesp.net/wiki/Online:Barrier
Online:Arcane Fighter,skills/Arcane_Fighter.md,98,https://en.uesp.net/wiki/Online:Arcane_Fighter
Online:Arrow Spray,skills/Arrow_Spray.md,803,https://en.uesp.net/wiki/Online:Arrow_Spray
Online:Balanced Blade,skills/Balanced_Blade.md,136,https://en.uesp.net/wiki/Online:Balanced_Blade
Online:Accuracy,skills/Accuracy.md,70,https://en.uesp.net/wiki/Online:Accuracy
Online:Acrobat,skills/Acrobat.md,117,https://en.uesp.net/wiki/Online:Acrobat
Online:Ashlander,skills/Ashlander.md,126,https://en.uesp.net/wiki/Online:Ashlander
Online:Adrenaline Rush,skills/Adrenaline_Rush.md,366,https://en.uesp.net/wiki/Online:Adrenaline_Rush
Online:Agility (skill),skills/Agility_skill.md,301,https://en.uesp.net/wiki/Online:Agility_(skill)
Online:Advanced Species,skills/Advanced_Species.md,225,https://en.uesp.net/wiki/Online:Advanced_Species
Online:Arctic Wind,skills/Arctic_Wind.md,1497,https://en.uesp.net/wiki/Online:Arctic_Wind
Online:Accelerated Growth,skills/Accelerated_Growth.md,110,https://en.uesp.net/wiki/Online:Accelerated_Growth
Online:Agony,skills/Agony.md,484,https://en.uesp.net/wiki/Online:Agony
Online:Accelerate,skills/Accelerate.md,515,https://en.uesp.net/wiki/Online:Accelerate
Online:Amplitude,skills/Amplitude.md,245,https://en.uesp.net/wiki/Online:Amplitude
Online:Accursed Charge,skills/Accursed_Charge.md,43,https://en.uesp.net/wiki/Online:Accursed_Charge
Online:Antiquarian Insight,skills/Antiquarian_Insight.md,199,https://en.uesp.net/wiki/Online:Antiquarian_Insight
Online:Augur,skills/Augur.md,320,https://en.uesp.net/wiki/Online:Augur
Online:Basalt Barrier,skills/Basalt_Barrier.md,98,https://en.uesp.net/wiki/Online:Basalt_Barrier
Online:Baneslayer,skills/Baneslayer.md,116,https://en.uesp.net/wiki/Online:Baneslayer
Online:Abor's Augmented Ward,skills/Abor_s_Augmented_Ward.md,101,https://en.uesp.net/wiki/Online:Abor's_Augmented_Ward
Online:Bashing Bulwark,skills/Bashing_Bulwark.md,76,https://en.uesp.net/wiki/Online:Bashing_Bulwark
Online:Arcane Nova,skills/Arcane_Nova.md,97,https://en.uesp.net/wiki/Online:Arcane_Nova
Online:Abyssal Impact,skills/Abyssal_Impact.md,684,https://en.uesp.net/wiki/Online:Abyssal_Impact
Online:Aegis of the Unseen,skills/Aegis_of_the_Unseen.md,102,https://en.uesp.net/wiki/Online:Aegis_of_the_Unseen
Online:Arcanist's Domain,skills/Arcanist_s_Domain.md,478,https://en.uesp.net/wiki/Online:Arcanist's_Domain
Online:Apocryphal Gate,skills/Apocryphal_Gate.md,512,https://en.uesp.net/wiki/Online:Apocryphal_Gate
Online:Skill Styles,skills/Skill_Styles.md,2824,https://en.uesp.net/wiki/Online:Skill_Styles
Online:Azurah's Embrace,skills/Azurah_s_Embrace.md,93,https://en.uesp.net/wiki/Online:Azurah's_Embrace
Online:Atoning Spirit,skills/Atoning_Spirit.md,105,https://en.uesp.net/wiki/Online:Atoning_Spirit
Online:Banner Bearer,skills/Banner_Bearer.md,751,https://en.uesp.net/wiki/Online:Banner_Bearer
Online:Above and Beyond,skills/Above_and_Beyond.md,120,https://en.uesp.net/wiki/Online:Above_and_Beyond
Online:Abyssal Emergence,skills/Abyssal_Emergence.md,109,https://en.uesp.net/wiki/Online:Abyssal_Emergence
Online:Ambidextrous,skills/Ambidextrous.md,51,https://en.uesp.net/wiki/Online:Ambidextrous
Online:Bastion of Light,skills/Bastion_of_Light.md,200,https://en.uesp.net/wiki/Online:Bastion_of_Light
Online:Burning Light,skills/Burning_Light.md,551,https://en.uesp.net/wiki/Online:Burning_Light
Online:Blur,skills/Blur.md,667,https://en.uesp.net/wiki/Online:Blur
Online:Caltrops,skills/Caltrops.md,1230,https://en.uesp.net/wiki/Online:Caltrops
Online:Bound Armor,skills/Bound_Armor.md,1469,https://en.uesp.net/wiki/Online:Bound_Armor
Online:Blood Magic,skills/Blood_Magic.md,435,https://en.uesp.net/wiki/Online:Blood_Magic
Online:Burning Heart,skills/Burning_Heart.md,102,https://en.uesp.net/wiki/Online:Burning_Heart
Online:Battle Roar,skills/Battle_Roar.md,395,https://en.uesp.net/wiki/Online:Battle_Roar
Online:Bounty Hunter,skills/Bounty_Hunter.md,105,https://en.uesp.net/wiki/Online:Bounty_Hunter
Online:Battlefield Mobility,skills/Battlefield_Mobility.md,107,https://en.uesp.net/wiki/Online:Battlefield_Mobility
Online:Brewer,skills/Brewer.md,79,https://en.uesp.net/wiki/Online:Brewer
Online:Blessing of Protection,skills/Blessing_of_Protection.md,704,https://en.uesp.net/wiki/Online:Blessing_of_Protection
Online:Capacitor,skills/Capacitor.md,67,https://en.uesp.net/wiki/Online:Capacitor
Online:Bolt Escape,skills/Bolt_Escape.md,1320,https://en.uesp.net/wiki/Online:Bolt_Escape
Online:Battle Resurrection,skills/Battle_Resurrection.md,196,https://en.uesp.net/wiki/Online:Battle_Resurrection
Online:Battle Rush,skills/Battle_Rush.md,127,https://en.uesp.net/wiki/Online:Battle_Rush
Online:Blood Altar,skills/Blood_Altar.md,1120,https://en.uesp.net/wiki/Online:Blood_Altar
Online:Bone Shield,skills/Bone_Shield.md,1171,https://en.uesp.net/wiki/Online:Bone_Shield
Online:Blood Ritual,skills/Blood_Ritual.md,171,https://en.uesp.net/wiki/Online:Blood_Ritual
Online:Bat Swarm,skills/Bat_Swarm.md,649,https://en.uesp.net/wiki/Online:Bat_Swarm
Online:Blade Cloak,skills/Blade_Cloak.md,1109,https://en.uesp.net/wiki/Online:Blade_Cloak
Online:Blood Rage,skills/Blood_Rage.md,290,https://en.uesp.net/wiki/Online:Blood_Rage
Online:Bloodmoon,skills/Bloodmoon.md,105,https://en.uesp.net/wiki/Online:Bloodmoon
Online:Call of the Pack,skills/Call_of_the_Pack.md,291,https://en.uesp.net/wiki/Online:Call_of_the_Pack
Online:Brawny,skills/Brawny.md,95,https://en.uesp.net/wiki/Online:Brawny
Online:Blade of Woe,skills/Blade_of_Woe.md,733,https://en.uesp.net/wiki/Online:Blade_of_Woe
Online:Berserker Strike,skills/Berserker_Strike.md,834,https://en.uesp.net/wiki/Online:Berserker_Strike
Online:Betty Netch (skill),skills/Betty_Netch_skill.md,894,https://en.uesp.net/wiki/Online:Betty_Netch_(skill)
Online:Bond with Nature,skills/Bond_with_Nature.md,183,https://en.uesp.net/wiki/Online:Bond_with_Nature
Online:Bone Armor,skills/Bone_Armor.md,531,https://en.uesp.net/wiki/Online:Bone_Armor
Online:Bitter Harvest,skills/Bitter_Harvest.md,461,https://en.uesp.net/wiki/Online:Bitter_Harvest
Online:Blastbones,skills/Blastbones.md,1123,https://en.uesp.net/wiki/Online:Blastbones
Online:Boneyard,skills/Boneyard.md,1056,https://en.uesp.net/wiki/Online:Boneyard
Online:Bone Totem,skills/Bone_Totem.md,932,https://en.uesp.net/wiki/Online:Bone_Totem
Online:Bone Goliath Transformation,skills/Bone_Goliath_Transformation.md,657,https://en.uesp.net/wiki/Online:Bone_Goliath_Transformation
Online:Blood Frenzy,skills/Blood_Frenzy.md,672,https://en.uesp.net/wiki/Online:Blood_Frenzy
Online:Blood Scion,skills/Blood_Scion.md,448,https://en.uesp.net/wiki/Online:Blood_Scion
Online:Bulwark (Companion),skills/Bulwark_Companion.md,93,https://en.uesp.net/wiki/Online:Bulwark_(Companion)
Online:Blood Transfusion,skills/Blood_Transfusion.md,77,https://en.uesp.net/wiki/Online:Blood_Transfusion
Online:Blazing Grasp,skills/Blazing_Grasp.md,104,https://en.uesp.net/wiki/Online:Blazing_Grasp
Online:Blessed Sacrament,skills/Blessed_Sacrament.md,107,https://en.uesp.net/wiki/Online:Blessed_Sacrament
Online:Beam of Reproach,skills/Beam_of_Reproach.md,135,https://en.uesp.net/wiki/Online:Beam_of_Reproach
Online:Biting Trap,skills/Biting_Trap.md,109,https://en.uesp.net/wiki/Online:Biting_Trap
Online:Blade of the Crossing,skills/Blade_of_the_Crossing.md,117,https://en.uesp.net/wiki/Online:Blade_of_the_Crossing
Online:Blessing at the Peak,skills/Blessing_at_the_Peak.md,106,https://en.uesp.net/wiki/Online:Blessing_at_the_Peak
Online:Burnished Scales,skills/Burnished_Scales.md,52,https://en.uesp.net/wiki/Online:Burnished_Scales
Online:Booming Voice,skills/Booming_Voice.md,113,https://en.uesp.net/wiki/Online:Booming_Voice
Online:Bountiful Harvest,skills/Bountiful_Harvest.md,109,https://en.uesp.net/wiki/Online:Bountiful_Harvest
Online:Bright Harbinger,skills/Bright_Harbinger.md,113,https://en.uesp.net/wiki/Online:Bright_Harbinger
Online:Calculated Defense,skills/Calculated_Defense.md,194,https://en.uesp.net/wiki/Online:Calculated_Defense
Online:Call of the Hunt,skills/Call_of_the_Hunt.md,194,https://en.uesp.net/wiki/Online:Call_of_the_Hunt
Online:Chemistry,skills/Chemistry.md,100,https://en.uesp.net/wiki/Online:Chemistry
Online:Combustion,skills/Combustion.md,806,https://en.uesp.net/wiki/Online:Combustion
Online:Continuous Attack,skills/Continuous_Attack.md,281,https://en.uesp.net/wiki/Online:Continuous_Attack
Online:Combat Frenzy,skills/Combat_Frenzy.md,58,https://en.uesp.net/wiki/Online:Combat_Frenzy
Online:Daedric Protection,skills/Daedric_Protection.md,160,https://en.uesp.net/wiki/Online:Daedric_Protection
Online:Daedric Curse,skills/Daedric_Curse.md,1535,https://en.uesp.net/wiki/Online:Daedric_Curse
Online:Conjured Ward,skills/Conjured_Ward.md,1669,https://en.uesp.net/wiki/Online:Conjured_Ward
Online:Crystal Shard,skills/Crystal_Shard.md,1680,https://en.uesp.net/wiki/Online:Crystal_Shard
Online:Daedric Mines,skills/Daedric_Mines.md,1295,https://en.uesp.net/wiki/Online:Daedric_Mines
Online:Controlled Fury,skills/Controlled_Fury.md,106,https://en.uesp.net/wiki/Online:Controlled_Fury
Online:Circle of Protection,skills/Circle_of_Protection.md,803,https://en.uesp.net/wiki/Online:Circle_of_Protection
Online:Constitution,skills/Constitution.md,245,https://en.uesp.net/wiki/Online:Constitution
Online:Concentration,skills/Concentration.md,323,https://en.uesp.net/wiki/Online:Concentration
Online:Connoisseur,skills/Connoisseur.md,174,https://en.uesp.net/wiki/Online:Connoisseur
Online:Chef,skills/Chef.md,80,https://en.uesp.net/wiki/Online:Chef
Online:Cycle of Life,skills/Cycle_of_Life.md,109,https://en.uesp.net/wiki/Online:Cycle_of_Life
Online:Cleansing Ritual,skills/Cleansing_Ritual.md,1531,https://en.uesp.net/wiki/Online:Cleansing_Ritual
Online:Catalyst,skills/Catalyst.md,169,https://en.uesp.net/wiki/Online:Catalyst
Online:Cripple,skills/Cripple.md,913,https://en.uesp.net/wiki/Online:Cripple
Online:Combat Medic,skills/Combat_Medic.md,53,https://en.uesp.net/wiki/Online:Combat_Medic
Online:Cleave,skills/Cleave.md,1427,https://en.uesp.net/wiki/Online:Cleave
Online:Critical Charge,skills/Critical_Charge.md,1215,https://en.uesp.net/wiki/Online:Critical_Charge
Online:Carpentry,skills/Carpentry.md,650,https://en.uesp.net/wiki/Online:Carpentry
Online:Consuming Darkness (skill),skills/Consuming_Darkness_skill.md,646,https://en.uesp.net/wiki/Online:Consuming_Darkness_(skill)
Online:Cutpurse,skills/Cutpurse.md,121,https://en.uesp.net/wiki/Online:Cutpurse
Online:Craftsman,skills/Craftsman.md,130,https://en.uesp.net/wiki/Online:Craftsman
Online:Conditioning,skills/Conditioning.md,74,https://en.uesp.net/wiki/Online:Conditioning
Online:Clemency,skills/Clemency.md,94,https://en.uesp.net/wiki/Online:Clemency
Online:Crystallized Shield,skills/Crystallized_Shield.md,910,https://en.uesp.net/wiki/Online:Crystallized_Shield
Online:Clairvoyance,skills/Clairvoyance.md,45,https://en.uesp.net/wiki/Online:Clairvoyance
Online:Concentrated Barrier,skills/Concentrated_Barrier.md,309,https://en.uesp.net/wiki/Online:Concentrated_Barrier
Online:Curative Curse,skills/Curative_Curse.md,131,https://en.uesp.net/wiki/Online:Curative_Curse
Online:Corpse Consumption,skills/Corpse_Consumption.md,63,https://en.uesp.net/wiki/Online:Corpse_Consumption
Online:Coalescence,skills/Coalescence.md,195,https://en.uesp.net/wiki/Online:Coalescence
Online:Crag Smash,skills/Crag_Smash.md,74,https://en.uesp.net/wiki/Online:Crag_Smash
Online:Crushing Claws,skills/Crushing_Claws.md,80,https://en.uesp.net/wiki/Online:Crushing_Claws
Online:Cunning,skills/Cunning.md,63,https://en.uesp.net/wiki/Online:Cunning
Online:Crystal Blast (Companion),skills/Crystal_Blast_Companion.md,74,https://en.uesp.net/wiki/Online:Crystal_Blast_(Companion)
Online:Char,skills/Char.md,106,https://en.uesp.net/wiki/Online:Char
Online:Cold Snap,skills/Cold_Snap.md,99,https://en.uesp.net/wiki/Online:Cold_Snap
Online:Crimson Font,skills/Crimson_Font.md,102,https://en.uesp.net/wiki/Online:Crimson_Font
Online:Circumvented Fate,skills/Circumvented_Fate.md,92,https://en.uesp.net/wiki/Online:Circumvented_Fate
Online:Chakram Shields,skills/Chakram_Shields.md,559,https://en.uesp.net/wiki/Online:Chakram_Shields
Online:Crescent Scythe,skills/Crescent_Scythe.md,94,https://en.uesp.net/wiki/Online:Crescent_Scythe
Online:Chains of Flame,skills/Chains_of_Flame.md,311,https://en.uesp.net/wiki/Online:Chains_of_Flame
Online:Core of Flame,skills/Core_of_Flame.md,233,https://en.uesp.net/wiki/Online:Core_of_Flame
Online:Class Mastery,skills/Class_Mastery.md,307,https://en.uesp.net/wiki/Online:Class_Mastery
Online:Conservation of Energy,skills/Conservation_of_Energy.md,147,https://en.uesp.net/wiki/Online:Conservation_of_Energy
Online:Cutthroat's Focus,skills/Cutthroat_s_Focus.md,139,https://en.uesp.net/wiki/Online:Cutthroat's_Focus
Online:Cycle Unending,skills/Cycle_Unending.md,188,https://en.uesp.net/wiki/Online:Cycle_Unending
Online:Elemental Talent,skills/Elemental_Talent.md,277,https://en.uesp.net/wiki/Online:Elemental_Talent
Online:Dragonknight Standard,skills/Dragonknight_Standard.md,1294,https://en.uesp.net/wiki/Online:Dragonknight_Standard
Online:Death Stroke,skills/Death_Stroke.md,1238,https://en.uesp.net/wiki/Online:Death_Stroke
Online:Encase,skills/Encase.md,1009,https://en.uesp.net/wiki/Online:Encase
Online:Dark Exchange,skills/Dark_Exchange.md,959,https://en.uesp.net/wiki/Online:Dark_Exchange
Online:Eclipse,skills/Eclipse.md,1918,https://en.uesp.net/wiki/Online:Eclipse
Online:Elemental Force,skills/Elemental_Force.md,150,https://en.uesp.net/wiki/Online:Elemental_Force
Online:Destruction Expert,skills/Destruction_Expert.md,216,https://en.uesp.net/wiki/Online:Destruction_Expert
Online:Destructive Touch,skills/Destructive_Touch.md,1640,https://en.uesp.net/wiki/Online:Destructive_Touch
Online:Elder Dragon,skills/Elder_Dragon.md,325,https://en.uesp.net/wiki/Online:Elder_Dragon
Online:Dragon Leap,skills/Dragon_Leap.md,1057,https://en.uesp.net/wiki/Online:Dragon_Leap
Online:Dark Talons,skills/Dark_Talons.md,800,https://en.uesp.net/wiki/Online:Dark_Talons
Online:Dragon Blood,skills/Dragon_Blood.md,1096,https://en.uesp.net/wiki/Online:Dragon_Blood
Online:Drain Essence,skills/Drain_Essence.md,774,https://en.uesp.net/wiki/Online:Drain_Essence
Online:Dual Wield Expert,skills/Dual_Wield_Expert.md,145,https://en.uesp.net/wiki/Online:Dual_Wield_Expert
Online:Dexterity,skills/Dexterity.md,296,https://en.uesp.net/wiki/Online:Dexterity
Online:Deadly Bash,skills/Deadly_Bash.md,383,https://en.uesp.net/wiki/Online:Deadly_Bash
Online:Deflect Bolts,skills/Deflect_Bolts.md,77,https://en.uesp.net/wiki/Online:Deflect_Bolts
Online:Defensive Posture,skills/Defensive_Posture.md,734,https://en.uesp.net/wiki/Online:Defensive_Posture
Online:Dark Veil,skills/Dark_Veil.md,115,https://en.uesp.net/wiki/Online:Dark_Veil
Online:Drain Power,skills/Drain_Power.md,992,https://en.uesp.net/wiki/Online:Drain_Power
Online:Dark Stalker,skills/Dark_Stalker.md,209,https://en.uesp.net/wiki/Online:Dark_Stalker
Online:Dawnbreaker,skills/Dawnbreaker.md,1016,https://en.uesp.net/wiki/Online:Dawnbreaker
Online:Dark Vigor,skills/Dark_Vigor.md,90,https://en.uesp.net/wiki/Online:Dark_Vigor
Online:Devour,skills/Devour.md,689,https://en.uesp.net/wiki/Online:Devour
Online:Dynamic,skills/Dynamic.md,108,https://en.uesp.net/wiki/Online:Dynamic
Online:Diplomat,skills/Diplomat.md,138,https://en.uesp.net/wiki/Online:Diplomat
Online:Elemental Storm,skills/Elemental_Storm.md,781,https://en.uesp.net/wiki/Online:Elemental_Storm
Online:Dive,skills/Dive.md,1058,https://en.uesp.net/wiki/Online:Dive
Online:Emerald Moss,skills/Emerald_Moss.md,123,https://en.uesp.net/wiki/Online:Emerald_Moss
Online:Deliberation,skills/Deliberation.md,155,https://en.uesp.net/wiki/Online:Deliberation
Online:Death Scythe,skills/Death_Scythe.md,429,https://en.uesp.net/wiki/Online:Death_Scythe
Online:Death Gleaning,skills/Death_Gleaning.md,157,https://en.uesp.net/wiki/Online:Death_Gleaning
Online:Disdain Harm,skills/Disdain_Harm.md,127,https://en.uesp.net/wiki/Online:Disdain_Harm
Online:Death Knell,skills/Death_Knell.md,187,https://en.uesp.net/wiki/Online:Death_Knell
Online:Dismember,skills/Dismember.md,92,https://en.uesp.net/wiki/Online:Dismember
Online:Dilation,skills/Dilation.md,155,https://en.uesp.net/wiki/Online:Dilation
Online:Drake's Blood,skills/Drake_s_Blood.md,93,https://en.uesp.net/wiki/Online:Drake's_Blood
Online:Dynamic (Companion),skills/Dynamic_Companion.md,65,https://en.uesp.net/wiki/Online:Dynamic_(Companion)
Online:Divine Destruction,skills/Divine_Destruction.md,88,https://en.uesp.net/wiki/Online:Divine_Destruction
Online:Destructive Blast,skills/Destructive_Blast.md,107,https://en.uesp.net/wiki/Online:Destructive_Blast
Online:Elemental Barricade,skills/Elemental_Barricade.md,87,https://en.uesp.net/wiki/Online:Elemental_Barricade
Online:Deprecated Skills,skills/Deprecated_Skills.md,101,https://en.uesp.net/wiki/Online:Deprecated_Skills
Online:Elemental Explosion,skills/Elemental_Explosion.md,520,https://en.uesp.net/wiki/Online:Elemental_Explosion
Online:Dark Moon Totem,skills/Dark_Moon_Totem.md,127,https://en.uesp.net/wiki/Online:Dark_Moon_Totem
Online:Dragonfire Breath,skills/Dragonfire_Breath.md,244,https://en.uesp.net/wiki/Online:Dragonfire_Breath
Online:Earthspike Mantle,skills/Earthspike_Mantle.md,241,https://en.uesp.net/wiki/Online:Earthspike_Mantle
Online:Devout Guardian,skills/Devout_Guardian.md,169,https://en.uesp.net/wiki/Online:Devout_Guardian
Online:Fiery Grip,skills/Fiery_Grip.md,1187,https://en.uesp.net/wiki/Online:Fiery_Grip
Online:Fiery Breath,skills/Fiery_Breath.md,1003,https://en.uesp.net/wiki/Online:Fiery_Breath
Online:Expert Summoner,skills/Expert_Summoner.md,433,https://en.uesp.net/wiki/Online:Expert_Summoner
Online:Exploitation,skills/Exploitation.md,138,https://en.uesp.net/wiki/Online:Exploitation
Online:Enduring Rays,skills/Enduring_Rays.md,201,https://en.uesp.net/wiki/Online:Enduring_Rays
Online:Eternal Mountain,skills/Eternal_Mountain.md,84,https://en.uesp.net/wiki/Online:Eternal_Mountain
Online:Expert Hunter,skills/Expert_Hunter.md,1278,https://en.uesp.net/wiki/Online:Expert_Hunter
Online:Evocation,skills/Evocation.md,199,https://en.uesp.net/wiki/Online:Evocation
Online:Everlasting Magic,skills/Everlasting_Magic.md,137,https://en.uesp.net/wiki/Online:Everlasting_Magic
Online:Entropy,skills/Entropy.md,724,https://en.uesp.net/wiki/Online:Entropy
Online:Fire Rune,skills/Fire_Rune.md,911,https://en.uesp.net/wiki/Online:Fire_Rune
Online:Equilibrium,skills/Equilibrium.md,802,https://en.uesp.net/wiki/Online:Equilibrium
Online:Evasion,skills/Evasion.md,626,https://en.uesp.net/wiki/Online:Evasion
Online:Essence Drain,skills/Essence_Drain.md,272,https://en.uesp.net/wiki/Online:Essence_Drain
Online:Energized,skills/Energized.md,89,https://en.uesp.net/wiki/Online:Energized
Online:Expert Mage,skills/Expert_Mage.md,179,https://en.uesp.net/wiki/Online:Expert_Mage
Online:Impulse,skills/Impulse.md,1063,https://en.uesp.net/wiki/Online:Impulse
Online:Executioner (skill),skills/Executioner_skill.md,272,https://en.uesp.net/wiki/Online:Executioner_(skill)
Online:Feline Ambush,skills/Feline_Ambush.md,326,https://en.uesp.net/wiki/Online:Feline_Ambush
Online:Finders Keepers,skills/Finders_Keepers.md,233,https://en.uesp.net/wiki/Online:Finders_Keepers
Online:Feral Guardian,skills/Feral_Guardian.md,1506,https://en.uesp.net/wiki/Online:Feral_Guardian
Online:Falcon's Swiftness,skills/Falcon_s_Swiftness.md,590,https://en.uesp.net/wiki/Online:Falcon's_Swiftness
Online:Flourish,skills/Flourish.md,78,https://en.uesp.net/wiki/Online:Flourish
Online:Engraver,skills/Engraver.md,162,https://en.uesp.net/wiki/Online:Engraver
Online:Expunge,skills/Expunge.md,289,https://en.uesp.net/wiki/Online:Expunge
Online:Flame Skull,skills/Flame_Skull.md,463,https://en.uesp.net/wiki/Online:Flame_Skull
Online:Eviscerate,skills/Eviscerate.md,476,https://en.uesp.net/wiki/Online:Eviscerate
Online:Excavator's Reserves,skills/Excavator_s_Reserves.md,39,https://en.uesp.net/wiki/Online:Excavator's_Reserves
Online:Farsight (skill),skills/Farsight_skill.md,166,https://en.uesp.net/wiki/Online:Farsight_(skill)
Online:Feed,skills/Feed.md,365,https://en.uesp.net/wiki/Online:Feed
Online:Flexibility,skills/Flexibility.md,159,https://en.uesp.net/wiki/Online:Flexibility
Online:Firmness,skills/Firmness.md,134,https://en.uesp.net/wiki/Online:Firmness
Online:Fiery Flail,skills/Fiery_Flail.md,78,https://en.uesp.net/wiki/Online:Fiery_Flail
Online:Enchanted,skills/Enchanted.md,64,https://en.uesp.net/wiki/Online:Enchanted
Online:Entomb,skills/Entomb.md,87,https://en.uesp.net/wiki/Online:Entomb
Online:Fear of the Unknown,skills/Fear_of_the_Unknown.md,82,https://en.uesp.net/wiki/Online:Fear_of_the_Unknown
Online:Fate Omen's Inspiration,skills/Fate_Omen_s_Inspiration.md,91,https://en.uesp.net/wiki/Online:Fate_Omen's_Inspiration
Online:Fatecarver,skills/Fatecarver.md,610,https://en.uesp.net/wiki/Online:Fatecarver
Online:Fated Fortune,skills/Fated_Fortune.md,58,https://en.uesp.net/wiki/Online:Fated_Fortune
Online:Fatewoven Armor,skills/Fatewoven_Armor.md,246,https://en.uesp.net/wiki/Online:Fatewoven_Armor
Online:Erudition,skills/Erudition.md,47,https://en.uesp.net/wiki/Online:Erudition
Online:Extinguishing Breath,skills/Extinguishing_Breath.md,109,https://en.uesp.net/wiki/Online:Extinguishing_Breath
Online:Explosive Fortitude,skills/Explosive_Fortitude.md,96,https://en.uesp.net/wiki/Online:Explosive_Fortitude
Online:Fan the Flames,skills/Fan_the_Flames.md,91,https://en.uesp.net/wiki/Online:Fan_the_Flames
Online:An Eye for Exploitation,skills/An_Eye_for_Exploitation.md,135,https://en.uesp.net/wiki/Online:An_Eye_for_Exploitation
Online:Erudite's Rigor,skills/Erudite_s_Rigor.md,151,https://en.uesp.net/wiki/Online:Erudite's_Rigor
Online:Fate Realigned,skills/Fate_Realigned.md,129,https://en.uesp.net/wiki/Online:Fate_Realigned
Online:Feral Cruelty,skills/Feral_Cruelty.md,153,https://en.uesp.net/wiki/Online:Feral_Cruelty
Online:Focused Charge,skills/Focused_Charge.md,1085,https://en.uesp.net/wiki/Online:Focused_Charge
Online:Force Shock,skills/Force_Shock.md,807,https://en.uesp.net/wiki/Online:Force_Shock
Online:Flurry,skills/Flurry.md,1044,https://en.uesp.net/wiki/Online:Flurry
Online:Fortress,skills/Fortress.md,160,https://en.uesp.net/wiki/Online:Fortress
Online:Gourmand,skills/Gourmand.md,146,https://en.uesp.net/wiki/Online:Gourmand
Online:Grand Healing,skills/Grand_Healing.md,566,https://en.uesp.net/wiki/Online:Grand_Healing
Online:Force Siphon,skills/Force_Siphon.md,563,https://en.uesp.net/wiki/Online:Force_Siphon
Online:Healing Ritual,skills/Healing_Ritual.md,689,https://en.uesp.net/wiki/Online:Healing_Ritual
Online:Forceful,skills/Forceful.md,228,https://en.uesp.net/wiki/Online:Forceful
Online:Grim Focus,skills/Grim_Focus.md,2295,https://en.uesp.net/wiki/Online:Grim_Focus
Online:Follow Up,skills/Follow_Up.md,197,https://en.uesp.net/wiki/Online:Follow_Up
Online:Hawk Eye,skills/Hawk_Eye.md,280,https://en.uesp.net/wiki/Online:Hawk_Eye
Online:Hasty Retreat,skills/Hasty_Retreat.md,162,https://en.uesp.net/wiki/Online:Hasty_Retreat
Online:Gift of Magnus,skills/Gift_of_Magnus.md,79,https://en.uesp.net/wiki/Online:Gift_of_Magnus
Online:Haggling,skills/Haggling.md,164,https://en.uesp.net/wiki/Online:Haggling
Online:Guard (skill),skills/Guard_skill.md,815,https://en.uesp.net/wiki/Online:Guard_(skill)
Online:Frost Cloak,skills/Frost_Cloak.md,467,https://en.uesp.net/wiki/Online:Frost_Cloak
Online:Frozen Gate,skills/Frozen_Gate.md,1033,https://en.uesp.net/wiki/Online:Frozen_Gate
Online:Fungal Growth,skills/Fungal_Growth.md,434,https://en.uesp.net/wiki/Online:Fungal_Growth
Online:Healing Seed,skills/Healing_Seed.md,830,https://en.uesp.net/wiki/Online:Healing_Seed
Online:Frozen Armor,skills/Frozen_Armor.md,132,https://en.uesp.net/wiki/Online:Frozen_Armor
Online:Glacial Presence,skills/Glacial_Presence.md,453,https://en.uesp.net/wiki/Online:Glacial_Presence
Online:Grace,skills/Grace.md,275,https://en.uesp.net/wiki/Online:Grace
Online:Frozen Colossus,skills/Frozen_Colossus.md,988,https://en.uesp.net/wiki/Online:Frozen_Colossus
Online:Grave Grasp,skills/Grave_Grasp.md,1171,https://en.uesp.net/wiki/Online:Grave_Grasp
Online:Health Avarice,skills/Health_Avarice.md,89,https://en.uesp.net/wiki/Online:Health_Avarice
Online:Future Focus,skills/Future_Focus.md,131,https://en.uesp.net/wiki/Online:Future_Focus
Online:Hand Brush,skills/Hand_Brush.md,154,https://en.uesp.net/wiki/Online:Hand_Brush
Online:Heavy Shovel,skills/Heavy_Shovel.md,327,https://en.uesp.net/wiki/Online:Heavy_Shovel
Online:Heavy Armor Bonuses,skills/Heavy_Armor_Bonuses.md,97,https://en.uesp.net/wiki/Online:Heavy_Armor_Bonuses
Online:Heavy Armor Penalties,skills/Heavy_Armor_Penalties.md,95,https://en.uesp.net/wiki/Online:Heavy_Armor_Penalties
Online:Haste (Companion),skills/Haste_Companion.md,77,https://en.uesp.net/wiki/Online:Haste_(Companion)
Online:Flow,skills/Flow.md,144,https://en.uesp.net/wiki/Online:Flow
Online:Ghostly Evasion,skills/Ghostly_Evasion.md,97,https://en.uesp.net/wiki/Online:Ghostly_Evasion
Online:Gore,skills/Gore.md,91,https://en.uesp.net/wiki/Online:Gore
Online:Gallant Blitz,skills/Gallant_Blitz.md,110,https://en.uesp.net/wiki/Online:Gallant_Blitz
Online:Fungal Forage,skills/Fungal_Forage.md,99,https://en.uesp.net/wiki/Online:Fungal_Forage
Online:Harnessed Quintessence,skills/Harnessed_Quintessence.md,110,https://en.uesp.net/wiki/Online:Harnessed_Quintessence
Online:Gibbering Shield,skills/Gibbering_Shield.md,313,https://en.uesp.net/wiki/Online:Gibbering_Shield
Online:Healing Tides,skills/Healing_Tides.md,72,https://en.uesp.net/wiki/Online:Healing_Tides
Online:Haze of Cinders,skills/Haze_of_Cinders.md,100,https://en.uesp.net/wiki/Online:Haze_of_Cinders
Online:Heart of Stone,skills/Heart_of_Stone.md,51,https://en.uesp.net/wiki/Online:Heart_of_Stone
Online:Hearthfire,skills/Hearthfire.md,293,https://en.uesp.net/wiki/Online:Hearthfire
Online:Focused Killer,skills/Focused_Killer.md,48,https://en.uesp.net/wiki/Online:Focused_Killer
Online:Font of Power,skills/Font_of_Power.md,145,https://en.uesp.net/wiki/Online:Font_of_Power
Online:Glacial Obstinance,skills/Glacial_Obstinance.md,133,https://en.uesp.net/wiki/Online:Glacial_Obstinance
Online:Gnash,skills/Gnash.md,949,https://en.uesp.net/wiki/Online:Gnash
Online:Green-Keeper's Hide,skills/Green-Keeper_s_Hide.md,85,https://en.uesp.net/wiki/Online:Green-Keeper's_Hide
Online:Keen Eye: Reagents,skills/Keen_Eye_Reagents.md,131,https://en.uesp.net/wiki/Online:Keen_Eye:_Reagents
Online:Highborn,skills/Highborn.md,119,https://en.uesp.net/wiki/Online:Highborn
Online:Inferno,skills/Inferno.md,1279,https://en.uesp.net/wiki/Online:Inferno
Online:Hemorrhage,skills/Hemorrhage.md,145,https://en.uesp.net/wiki/Online:Hemorrhage
Online:Keen Eye: Ore,skills/Keen_Eye_Ore.md,89,https://en.uesp.net/wiki/Online:Keen_Eye:_Ore
Online:Keen Eye: Cloth,skills/Keen_Eye_Cloth.md,93,https://en.uesp.net/wiki/Online:Keen_Eye:_Cloth
Online:Illuminate,skills/Illuminate.md,137,https://en.uesp.net/wiki/Online:Illuminate
Online:Iron Skin,skills/Iron_Skin.md,189,https://en.uesp.net/wiki/Online:Iron_Skin
Online:Inhale,skills/Inhale.md,804,https://en.uesp.net/wiki/Online:Inhale
Online:Hidden Blade,skills/Hidden_Blade.md,947,https://en.uesp.net/wiki/Online:Hidden_Blade
Online:Helping Hands,skills/Helping_Hands.md,395,https://en.uesp.net/wiki/Online:Helping_Hands
Online:Keen Eye: Rune Stones,skills/Keen_Eye_Rune_Stones.md,118,https://en.uesp.net/wiki/Online:Keen_Eye:_Rune_Stones
Online:Intimidating Presence,skills/Intimidating_Presence.md,129,https://en.uesp.net/wiki/Online:Intimidating_Presence
Online:Juggernaut,skills/Juggernaut.md,128,https://en.uesp.net/wiki/Online:Juggernaut
Online:Improved Sneak,skills/Improved_Sneak.md,123,https://en.uesp.net/wiki/Online:Improved_Sneak
Online:Implosion,skills/Implosion.md,266,https://en.uesp.net/wiki/Online:Implosion
Online:Heavy Weapons,skills/Heavy_Weapons.md,491,https://en.uesp.net/wiki/Online:Heavy_Weapons
Online:Inner Fire,skills/Inner_Fire.md,1252,https://en.uesp.net/wiki/Online:Inner_Fire
Online:Keen Eye: Wood,skills/Keen_Eye_Wood.md,89,https://en.uesp.net/wiki/Online:Keen_Eye:_Wood
Online:Improved Hiding,skills/Improved_Hiding.md,72,https://en.uesp.net/wiki/Online:Improved_Hiding
Online:Kickback,skills/Kickback.md,204,https://en.uesp.net/wiki/Online:Kickback
Online:Hireling (Enchanting),skills/Hireling_Enchanting.md,180,https://en.uesp.net/wiki/Online:Hireling_(Enchanting)
Online:Hireling (Provisioning),skills/Hireling_Provisioning.md,185,https://en.uesp.net/wiki/Online:Hireling_(Provisioning)
Online:Hunter's Eye,skills/Hunter_s_Eye.md,470,https://en.uesp.net/wiki/Online:Hunter's_Eye
Online:Imperial Mettle,skills/Imperial_Mettle.md,95,https://en.uesp.net/wiki/Online:Imperial_Mettle
Online:Hircine's Bounty,skills/Hircine_s_Bounty.md,1212,https://en.uesp.net/wiki/Online:Hircine's_Bounty
Online:Infectious Claws,skills/Infectious_Claws.md,1201,https://en.uesp.net/wiki/Online:Infectious_Claws
Online:Impaling Shards,skills/Impaling_Shards.md,719,https://en.uesp.net/wiki/Online:Impaling_Shards
Online:Icy Aura,skills/Icy_Aura.md,218,https://en.uesp.net/wiki/Online:Icy_Aura
Online:Keen Eye: Jewelry,skills/Keen_Eye_Jewelry.md,94,https://en.uesp.net/wiki/Online:Keen_Eye:_Jewelry
Online:Jewelry Extraction,skills/Jewelry_Extraction.md,101,https://en.uesp.net/wiki/Online:Jewelry_Extraction
Online:Imbue Weapon,skills/Imbue_Weapon.md,727,https://en.uesp.net/wiki/Online:Imbue_Weapon
Online:Keen Eye: Dig Sites,skills/Keen_Eye_Dig_Sites.md,95,https://en.uesp.net/wiki/Online:Keen_Eye:_Dig_Sites
Online:Keen Eye: Treasure Chests,skills/Keen_Eye_Treasure_Chests.md,107,https://en.uesp.net/wiki/Online:Keen_Eye:_Treasure_Chests
Online:Impeccable Shot,skills/Impeccable_Shot.md,104,https://en.uesp.net/wiki/Online:Impeccable_Shot
Online:Holy Ground,skills/Holy_Ground.md,108,https://en.uesp.net/wiki/Online:Holy_Ground
Online:Hurricane Visage,skills/Hurricane_Visage.md,92,https://en.uesp.net/wiki/Online:Hurricane_Visage
Online:Infest,skills/Infest.md,103,https://en.uesp.net/wiki/Online:Infest
Online:The Imperfect Ring,skills/The_Imperfect_Ring.md,480,https://en.uesp.net/wiki/Online:The_Imperfect_Ring
Online:Implacable Outcome,skills/Implacable_Outcome.md,60,https://en.uesp.net/wiki/Online:Implacable_Outcome
Online:Hideous Clarity,skills/Hideous_Clarity.md,71,https://en.uesp.net/wiki/Online:Hideous_Clarity
Online:Intricate Runeforms,skills/Intricate_Runeforms.md,60,https://en.uesp.net/wiki/Online:Intricate_Runeforms
Online:Igneous Armor,skills/Igneous_Armor.md,106,https://en.uesp.net/wiki/Online:Igneous_Armor
Online:Internal Conflict,skills/Internal_Conflict.md,79,https://en.uesp.net/wiki/Online:Internal_Conflict
Online:Inexorable Descent,skills/Inexorable_Descent.md,101,https://en.uesp.net/wiki/Online:Inexorable_Descent
Online:Ink-Scribe's Verve,skills/Ink-Scribe_s_Verve.md,117,https://en.uesp.net/wiki/Online:Ink-Scribe's_Verve
Online:Insatiable Hunger,skills/Insatiable_Hunger.md,278,https://en.uesp.net/wiki/Online:Insatiable_Hunger
Online:Judgment's Brand,skills/Judgment_s_Brand.md,101,https://en.uesp.net/wiki/Online:Judgment's_Brand
Online:Medicinal Use,skills/Medicinal_Use.md,168,https://en.uesp.net/wiki/Online:Medicinal_Use
Online:Laboratory Use,skills/Laboratory_Use.md,471,https://en.uesp.net/wiki/Online:Laboratory_Use
Online:Lava Whip,skills/Lava_Whip.md,1812,https://en.uesp.net/wiki/Online:Lava_Whip
Online:Life Mender,skills/Life_Mender.md,223,https://en.uesp.net/wiki/Online:Life_Mender
Online:Master Assassin,skills/Master_Assassin.md,366,https://en.uesp.net/wiki/Online:Master_Assassin
Online:Mark Target,skills/Mark_Target.md,849,https://en.uesp.net/wiki/Online:Mark_Target
Online:Magma Armor,skills/Magma_Armor.md,784,https://en.uesp.net/wiki/Online:Magma_Armor
Online:Mage Adept,skills/Mage_Adept.md,68,https://en.uesp.net/wiki/Online:Mage_Adept
Online:Magicka Controller,skills/Magicka_Controller.md,131,https://en.uesp.net/wiki/Online:Magicka_Controller
Online:Magelight,skills/Magelight.md,1179,https://en.uesp.net/wiki/Online:Magelight
Online:Low Slash,skills/Low_Slash.md,623,https://en.uesp.net/wiki/Online:Low_Slash
Online:Mending,skills/Mending.md,234,https://en.uesp.net/wiki/Online:Mending
Online:Light Weaver,skills/Light_Weaver.md,395,https://en.uesp.net/wiki/Online:Light_Weaver
Online:Master Ritualist,skills/Master_Ritualist.md,164,https://en.uesp.net/wiki/Online:Master_Ritualist
Online:Magicka Flood,skills/Magicka_Flood.md,123,https://en.uesp.net/wiki/Online:Magicka_Flood
Online:Malevolent Offering,skills/Malevolent_Offering.md,883,https://en.uesp.net/wiki/Online:Malevolent_Offering
Online:Mages' Fury,skills/Mages_Fury.md,1178,https://en.uesp.net/wiki/Online:Mages'_Fury
Online:Lightning Form,skills/Lightning_Form.md,1324,https://en.uesp.net/wiki/Online:Lightning_Form
Online:Lightning Splash,skills/Lightning_Splash.md,1205,https://en.uesp.net/wiki/Online:Lightning_Splash
Online:Magicka Aid,skills/Magicka_Aid.md,157,https://en.uesp.net/wiki/Online:Magicka_Aid
Online:Lumberjack Hireling,skills/Lumberjack_Hireling.md,184,https://en.uesp.net/wiki/Online:Lumberjack_Hireling
Online:Long Shots,skills/Long_Shots.md,406,https://en.uesp.net/wiki/Online:Long_Shots
Online:Light Fingers,skills/Light_Fingers.md,293,https://en.uesp.net/wiki/Online:Light_Fingers
Online:Locksmith,skills/Locksmith.md,190,https://en.uesp.net/wiki/Online:Locksmith
Online:Magicka Mastery,skills/Magicka_Mastery.md,190,https://en.uesp.net/wiki/Online:Magicka_Mastery
Online:Magicka Detonation,skills/Magicka_Detonation.md,983,https://en.uesp.net/wiki/Online:Magicka_Detonation
Online:Martial Training,skills/Martial_Training.md,202,https://en.uesp.net/wiki/Online:Martial_Training
Online:Lacerate,skills/Lacerate.md,662,https://en.uesp.net/wiki/Online:Lacerate
Online:Living Vines,skills/Living_Vines.md,349,https://en.uesp.net/wiki/Online:Living_Vines
Online:Lotus Flower,skills/Lotus_Flower.md,551,https://en.uesp.net/wiki/Online:Lotus_Flower
Online:Maturation,skills/Maturation.md,151,https://en.uesp.net/wiki/Online:Maturation
Online:Lapidary Research,skills/Lapidary_Research.md,690,https://en.uesp.net/wiki/Online:Lapidary_Research
Online:Meditate,skills/Meditate.md,306,https://en.uesp.net/wiki/Online:Meditate
Online:Mend Wounds,skills/Mend_Wounds.md,819,https://en.uesp.net/wiki/Online:Mend_Wounds
Online:Lunar Blessings,skills/Lunar_Blessings.md,146,https://en.uesp.net/wiki/Online:Lunar_Blessings
Online:Life amid Death,skills/Life_amid_Death.md,331,https://en.uesp.net/wiki/Online:Life_amid_Death
Online:Last Gasp,skills/Last_Gasp.md,50,https://en.uesp.net/wiki/Online:Last_Gasp
Online:Malacath's Vengeance,skills/Malacath_s_Vengeance.md,115,https://en.uesp.net/wiki/Online:Malacath's_Vengeance
Online:Light Armor Bonuses,skills/Light_Armor_Bonuses.md,60,https://en.uesp.net/wiki/Online:Light_Armor_Bonuses
Online:Light Armor Penalties,skills/Light_Armor_Penalties.md,42,https://en.uesp.net/wiki/Online:Light_Armor_Penalties
Online:Medium Armor Bonuses,skills/Medium_Armor_Bonuses.md,125,https://en.uesp.net/wiki/Online:Medium_Armor_Bonuses
Online:Masque of Torment,skills/Masque_of_Torment.md,77,https://en.uesp.net/wiki/Online:Masque_of_Torment
Online:Life Absorption,skills/Life_Absorption.md,82,https://en.uesp.net/wiki/Online:Life_Absorption
Online:Life Siphon,skills/Life_Siphon.md,84,https://en.uesp.net/wiki/Online:Life_Siphon
Online:Kindle,skills/Kindle.md,88,https://en.uesp.net/wiki/Online:Kindle
Online:Mender's Bond,skills/Mender_s_Bond.md,811,https://en.uesp.net/wiki/Online:Mender's_Bond
Online:Landslide,skills/Landslide.md,156,https://en.uesp.net/wiki/Online:Landslide
Online:Lead from the Front,skills/Lead_from_the_Front.md,122,https://en.uesp.net/wiki/Online:Lead_from_the_Front
Online:Malevolent Promise,skills/Malevolent_Promise.md,201,https://en.uesp.net/wiki/Online:Malevolent_Promise
Online:Master of the Chase,skills/Master_of_the_Chase.md,135,https://en.uesp.net/wiki/Online:Master_of_the_Chase
Online:Piercing Spear,skills/Piercing_Spear.md,213,https://en.uesp.net/wiki/Online:Piercing_Spear
Online:Piercing Javelin,skills/Piercing_Javelin.md,938,https://en.uesp.net/wiki/Online:Piercing_Javelin
Online:Metalworking,skills/Metalworking.md,319,https://en.uesp.net/wiki/Online:Metalworking
Online:Miner Hireling,skills/Miner_Hireling.md,187,https://en.uesp.net/wiki/Online:Miner_Hireling
Online:Metal Extraction,skills/Metal_Extraction.md,96,https://en.uesp.net/wiki/Online:Metal_Extraction
Online:Metallurgy,skills/Metallurgy.md,646,https://en.uesp.net/wiki/Online:Metallurgy
Online:Outfitter Hireling,skills/Outfitter_Hireling.md,214,https://en.uesp.net/wiki/Online:Outfitter_Hireling
Online:Persistence,skills/Persistence.md,115,https://en.uesp.net/wiki/Online:Persistence
Online:Negate Magic,skills/Negate_Magic.md,1282,https://en.uesp.net/wiki/Online:Negate_Magic
Online:Nova,skills/Nova.md,1183,https://en.uesp.net/wiki/Online:Nova
Online:Penetrating Magic,skills/Penetrating_Magic.md,132,https://en.uesp.net/wiki/Online:Penetrating_Magic
Online:Mountain's Blessing,skills/Mountain_s_Blessing.md,238,https://en.uesp.net/wiki/Online:Mountain's_Blessing
Online:Molten Weapons,skills/Molten_Weapons.md,1128,https://en.uesp.net/wiki/Online:Molten_Weapons
Online:Obsidian Shield,skills/Obsidian_Shield.md,964,https://en.uesp.net/wiki/Online:Obsidian_Shield
Online:Petrify,skills/Petrify.md,942,https://en.uesp.net/wiki/Online:Petrify
Online:Potency Improvement,skills/Potency_Improvement.md,272,https://en.uesp.net/wiki/Online:Potency_Improvement
Online:Persuasive Will,skills/Persuasive_Will.md,61,https://en.uesp.net/wiki/Online:Persuasive_Will
Online:Might of the Guild,skills/Might_of_the_Guild.md,183,https://en.uesp.net/wiki/Online:Might_of_the_Guild
Online:Meteor,skills/Meteor.md,879,https://en.uesp.net/wiki/Online:Meteor
Online:Path of Darkness,skills/Path_of_Darkness.md,1357,https://en.uesp.net/wiki/Online:Path_of_Darkness
Online:Overload,skills/Overload.md,1438,https://en.uesp.net/wiki/Online:Overload
Online:Momentum,skills/Momentum.md,923,https://en.uesp.net/wiki/Online:Momentum
Online:Necrotic Orb,skills/Necrotic_Orb.md,1888,https://en.uesp.net/wiki/Online:Necrotic_Orb
Online:Mist Form,skills/Mist_Form.md,1658,https://en.uesp.net/wiki/Online:Mist_Form
Online:Poison Arrow,skills/Poison_Arrow.md,1076,https://en.uesp.net/wiki/Online:Poison_Arrow
Online:Opportunist,skills/Opportunist.md,126,https://en.uesp.net/wiki/Online:Opportunist
Online:Padomaic Sprint,skills/Padomaic_Sprint.md,221,https://en.uesp.net/wiki/Online:Padomaic_Sprint
Online:Piercing Howl,skills/Piercing_Howl.md,1267,https://en.uesp.net/wiki/Online:Piercing_Howl
Online:Panacea,skills/Panacea.md,673,https://en.uesp.net/wiki/Online:Panacea
Online:Nature's Grasp,skills/Nature_s_Grasp.md,723,https://en.uesp.net/wiki/Online:Nature's_Grasp
Online:Nature's Gift,skills/Nature_s_Gift.md,130,https://en.uesp.net/wiki/Online:Nature's_Gift
Online:Piercing Cold,skills/Piercing_Cold.md,578,https://en.uesp.net/wiki/Online:Piercing_Cold
Online:Platings Expertise,skills/Platings_Expertise.md,288,https://en.uesp.net/wiki/Online:Platings_Expertise
Online:Near-Death Experience,skills/Near-Death_Experience.md,115,https://en.uesp.net/wiki/Online:Near-Death_Experience
Online:Pariah's Resolve,skills/Pariah_s_Resolve.md,117,https://en.uesp.net/wiki/Online:Pariah's_Resolve
Online:Mesmerize,skills/Mesmerize.md,229,https://en.uesp.net/wiki/Online:Mesmerize
Online:Penetrating Strikes,skills/Penetrating_Strikes.md,137,https://en.uesp.net/wiki/Online:Penetrating_Strikes
Online:Perennial Bloom,skills/Perennial_Bloom.md,95,https://en.uesp.net/wiki/Online:Perennial_Bloom
Online:Petals of the Hunter,skills/Petals_of_the_Hunter.md,97,https://en.uesp.net/wiki/Online:Petals_of_the_Hunter
Online:On Guard (Companion),skills/On_Guard_Companion.md,84,https://en.uesp.net/wiki/Online:On_Guard_(Companion)
Online:Piercing Arrow,skills/Piercing_Arrow.md,76,https://en.uesp.net/wiki/Online:Piercing_Arrow
Online:Mending Incantation,skills/Mending_Incantation.md,97,https://en.uesp.net/wiki/Online:Mending_Incantation
Online:Mystic Fortress,skills/Mystic_Fortress.md,99,https://en.uesp.net/wiki/Online:Mystic_Fortress
Online:Parallel,skills/Parallel.md,67,https://en.uesp.net/wiki/Online:Parallel
Online:Perigean Armor,skills/Perigean_Armor.md,120,https://en.uesp.net/wiki/Online:Perigean_Armor
Online:Penance of Lorkhaj,skills/Penance_of_Lorkhaj.md,109,https://en.uesp.net/wiki/Online:Penance_of_Lorkhaj
Online:Mountain Giant,skills/Mountain_Giant.md,83,https://en.uesp.net/wiki/Online:Mountain_Giant
Online:Nocturnal Inspiration,skills/Nocturnal_Inspiration.md,106,https://en.uesp.net/wiki/Online:Nocturnal_Inspiration
Online:Nothing Wasted,skills/Nothing_Wasted.md,204,https://en.uesp.net/wiki/Online:Nothing_Wasted
Online:Radial Sweep,skills/Radial_Sweep.md,1009,https://en.uesp.net/wiki/Online:Radial_Sweep
Online:Puncturing Strikes,skills/Puncturing_Strikes.md,1802,https://en.uesp.net/wiki/Online:Puncturing_Strikes
Online:Resourceful,skills/Resourceful.md,428,https://en.uesp.net/wiki/Online:Resourceful
Online:Pressure Points,skills/Pressure_Points.md,165,https://en.uesp.net/wiki/Online:Pressure_Points
Online:Reach,skills/Reach.md,142,https://en.uesp.net/wiki/Online:Reach
Online:Rapid Maneuver,skills/Rapid_Maneuver.md,1225,https://en.uesp.net/wiki/Online:Rapid_Maneuver
Online:Rebate,skills/Rebate.md,357,https://en.uesp.net/wiki/Online:Rebate
Online:Power Stone,skills/Power_Stone.md,41,https://en.uesp.net/wiki/Online:Power_Stone
Online:Prism,skills/Prism.md,128,https://en.uesp.net/wiki/Online:Prism
Online:Restoring Spirit,skills/Restoring_Spirit.md,63,https://en.uesp.net/wiki/Online:Restoring_Spirit
Online:Resolve,skills/Resolve.md,148,https://en.uesp.net/wiki/Online:Resolve
Online:Rapid Mending,skills/Rapid_Mending.md,319,https://en.uesp.net/wiki/Online:Rapid_Mending
Online:Recovery,skills/Recovery.md,281,https://en.uesp.net/wiki/Online:Recovery
Online:Prodigy,skills/Prodigy.md,234,https://en.uesp.net/wiki/Online:Prodigy
Online:Puncture,skills/Puncture.md,534,https://en.uesp.net/wiki/Online:Puncture
Online:Power Bash,skills/Power_Bash.md,932,https://en.uesp.net/wiki/Online:Power_Bash
Online:Recipe Quality,skills/Recipe_Quality.md,88,https://en.uesp.net/wiki/Online:Recipe_Quality
Online:Recipe Improvement,skills/Recipe_Improvement.md,157,https://en.uesp.net/wiki/Online:Recipe_Improvement
Online:Restoration Expert,skills/Restoration_Expert.md,66,https://en.uesp.net/wiki/Online:Restoration_Expert
Online:Restoration Master,skills/Restoration_Master.md,66,https://en.uesp.net/wiki/Online:Restoration_Master
Online:Regeneration,skills/Regeneration.md,515,https://en.uesp.net/wiki/Online:Regeneration
Online:Restoring Aura,skills/Restoring_Aura.md,865,https://en.uesp.net/wiki/Online:Restoring_Aura
Online:Refreshing Shadows,skills/Refreshing_Shadows.md,94,https://en.uesp.net/wiki/Online:Refreshing_Shadows
Online:Purge,skills/Purge.md,635,https://en.uesp.net/wiki/Online:Purge
Online:Resin Expertise,skills/Resin_Expertise.md,168,https://en.uesp.net/wiki/Online:Resin_Expertise
Online:Radiant Destruction,skills/Radiant_Destruction.md,1280,https://en.uesp.net/wiki/Online:Radiant_Destruction
Online:Ranger,skills/Ranger.md,44,https://en.uesp.net/wiki/Online:Ranger
Online:Pursuit,skills/Pursuit.md,303,https://en.uesp.net/wiki/Online:Pursuit
Online:Pounce,skills/Pounce.md,1692,https://en.uesp.net/wiki/Online:Pounce
Online:Resist Affliction,skills/Resist_Affliction.md,203,https://en.uesp.net/wiki/Online:Resist_Affliction
Online:Resist Flame,skills/Resist_Flame.md,142,https://en.uesp.net/wiki/Online:Resist_Flame
Online:Red Diamond,skills/Red_Diamond.md,272,https://en.uesp.net/wiki/Online:Red_Diamond
Online:Resist Frost,skills/Resist_Frost.md,196,https://en.uesp.net/wiki/Online:Resist_Frost
Online:Rapid Fire,skills/Rapid_Fire.md,839,https://en.uesp.net/wiki/Online:Rapid_Fire
Online:Render Flesh,skills/Render_Flesh.md,346,https://en.uesp.net/wiki/Online:Render_Flesh
Online:Restoring Tether,skills/Restoring_Tether.md,661,https://en.uesp.net/wiki/Online:Restoring_Tether
Online:Reanimate,skills/Reanimate.md,342,https://en.uesp.net/wiki/Online:Reanimate
Online:Rapid Rot,skills/Rapid_Rot.md,85,https://en.uesp.net/wiki/Online:Rapid_Rot
Online:Protective Scale,skills/Protective_Scale.md,773,https://en.uesp.net/wiki/Online:Protective_Scale
Online:Preemptive Power,skills/Preemptive_Power.md,23,https://en.uesp.net/wiki/Online:Preemptive_Power
Online:Raging Storm,skills/Raging_Storm.md,99,https://en.uesp.net/wiki/Online:Raging_Storm
Online:Quick Fix,skills/Quick_Fix.md,85,https://en.uesp.net/wiki/Online:Quick_Fix
Online:Provoke,skills/Provoke.md,92,https://en.uesp.net/wiki/Online:Provoke
Online:Razor Cape,skills/Razor_Cape.md,100,https://en.uesp.net/wiki/Online:Razor_Cape
Online:Rejuvenation (Companion),skills/Rejuvenation_Companion.md,80,https://en.uesp.net/wiki/Online:Rejuvenation_(Companion)
Online:Psychic Lesion,skills/Psychic_Lesion.md,108,https://en.uesp.net/wiki/Online:Psychic_Lesion
Online:Remedy Cascade,skills/Remedy_Cascade.md,370,https://en.uesp.net/wiki/Online:Remedy_Cascade
Online:Pound of Flesh,skills/Pound_of_Flesh.md,178,https://en.uesp.net/wiki/Online:Pound_of_Flesh
Online:Rending Claws,skills/Rending_Claws.md,997,https://en.uesp.net/wiki/Online:Rending_Claws
Online:Resolute Defense,skills/Resolute_Defense.md,132,https://en.uesp.net/wiki/Online:Resolute_Defense
Online:Searing Heat,skills/Searing_Heat.md,401,https://en.uesp.net/wiki/Online:Searing_Heat
Online:Searing Strike,skills/Searing_Strike.md,1151,https://en.uesp.net/wiki/Online:Searing_Strike
Online:Rune Prison,skills/Rune_Prison.md,990,https://en.uesp.net/wiki/Online:Rune_Prison
Online:Scaled Armor,skills/Scaled_Armor.md,313,https://en.uesp.net/wiki/Online:Scaled_Armor
Online:Ruffian,skills/Ruffian.md,80,https://en.uesp.net/wiki/Online:Ruffian
Online:Sacred Ground,skills/Sacred_Ground.md,536,https://en.uesp.net/wiki/Online:Sacred_Ground
Online:Rite of Passage,skills/Rite_of_Passage.md,797,https://en.uesp.net/wiki/Online:Rite_of_Passage
Online:Rushed Ceremony,skills/Rushed_Ceremony.md,610,https://en.uesp.net/wiki/Online:Rushed_Ceremony
Online:Rune Focus,skills/Rune_Focus.md,1563,https://en.uesp.net/wiki/Online:Rune_Focus
Online:Shadow Barrier,skills/Shadow_Barrier.md,430,https://en.uesp.net/wiki/Online:Shadow_Barrier
Online:Reverse Slash,skills/Reverse_Slash.md,947,https://en.uesp.net/wiki/Online:Reverse_Slash
Online:Savage Feeding,skills/Savage_Feeding.md,122,https://en.uesp.net/wiki/Online:Savage_Feeding
Online:Scatter Shot,skills/Scatter_Shot.md,831,https://en.uesp.net/wiki/Online:Scatter_Shot
Online:Savage Strength,skills/Savage_Strength.md,447,https://en.uesp.net/wiki/Online:Savage_Strength
Online:Roar,skills/Roar.md,1636,https://en.uesp.net/wiki/Online:Roar
Online:Runestone Extraction,skills/Runestone_Extraction.md,61,https://en.uesp.net/wiki/Online:Runestone_Extraction
Online:Ruination (skill),skills/Ruination_skill.md,337,https://en.uesp.net/wiki/Online:Ruination_(skill)
Online:Robustness,skills/Robustness.md,237,https://en.uesp.net/wiki/Online:Robustness
Online:Reveler,skills/Reveler.md,132,https://en.uesp.net/wiki/Online:Reveler
Online:Rugged,skills/Rugged.md,286,https://en.uesp.net/wiki/Online:Rugged
Online:Revealing Flare,skills/Revealing_Flare.md,669,https://en.uesp.net/wiki/Online:Revealing_Flare
Online:Scales of Pitiless Justice,skills/Scales_of_Pitiless_Justice.md,137,https://en.uesp.net/wiki/Online:Scales_of_Pitiless_Justice
Online:Scorch,skills/Scorch.md,1071,https://en.uesp.net/wiki/Online:Scorch
Online:Savage Beast,skills/Savage_Beast.md,89,https://en.uesp.net/wiki/Online:Savage_Beast
Online:Secluded Grove,skills/Secluded_Grove.md,432,https://en.uesp.net/wiki/Online:Secluded_Grove
Online:Revitalize,skills/Revitalize.md,191,https://en.uesp.net/wiki/Online:Revitalize
Online:See the Unseen,skills/See_the_Unseen.md,318,https://en.uesp.net/wiki/Online:See_the_Unseen
Online:Reusable Parts,skills/Reusable_Parts.md,176,https://en.uesp.net/wiki/Online:Reusable_Parts
Online:Ruinous Cyclone,skills/Ruinous_Cyclone.md,140,https://en.uesp.net/wiki/Online:Ruinous_Cyclone
Online:Rourken's Rebuke,skills/Rourken_s_Rebuke.md,104,https://en.uesp.net/wiki/Online:Rourken's_Rebuke
Online:Sanguine's Rose,skills/Sanguine_s_Rose.md,362,https://en.uesp.net/wiki/Online:Sanguine's_Rose
Online:Scrier's Patience,skills/Scrier_s_Patience.md,26,https://en.uesp.net/wiki/Online:Scrier's_Patience
Online:Scry,skills/Scry.md,137,https://en.uesp.net/wiki/Online:Scry
Online:Scorching Strike,skills/Scorching_Strike.md,82,https://en.uesp.net/wiki/Online:Scorching_Strike
Online:Searing Weapons,skills/Searing_Weapons.md,89,https://en.uesp.net/wiki/Online:Searing_Weapons
Online:Second Wind,skills/Second_Wind.md,76,https://en.uesp.net/wiki/Online:Second_Wind
Online:Scathing Rune,skills/Scathing_Rune.md,95,https://en.uesp.net/wiki/Online:Scathing_Rune
Online:Sever,skills/Sever.md,79,https://en.uesp.net/wiki/Online:Sever
Online:Ritual of Salvation,skills/Ritual_of_Salvation.md,116,https://en.uesp.net/wiki/Online:Ritual_of_Salvation
Online:Reverse Entropy,skills/Reverse_Entropy.md,79,https://en.uesp.net/wiki/Online:Reverse_Entropy
Online:Savage Instinct,skills/Savage_Instinct.md,120,https://en.uesp.net/wiki/Online:Savage_Instinct
Online:Runeblades,skills/Runeblades.md,363,https://en.uesp.net/wiki/Online:Runeblades
Online:Runic Jolt,skills/Runic_Jolt.md,274,https://en.uesp.net/wiki/Online:Runic_Jolt
Online:Runespite Ward,skills/Runespite_Ward.md,416,https://en.uesp.net/wiki/Online:Runespite_Ward
Online:Runic Defense,skills/Runic_Defense.md,436,https://en.uesp.net/wiki/Online:Runic_Defense
Online:Rune of Eldritch Horror,skills/Rune_of_Eldritch_Horror.md,273,https://en.uesp.net/wiki/Online:Rune_of_Eldritch_Horror
Online:Runemend,skills/Runemend.md,336,https://en.uesp.net/wiki/Online:Runemend
Online:Sacrificial Bones,skills/Sacrificial_Bones.md,1267,https://en.uesp.net/wiki/Online:Sacrificial_Bones
Online:Ruinous Outburst,skills/Ruinous_Outburst.md,110,https://en.uesp.net/wiki/Online:Ruinous_Outburst
Online:Sepulchral Chill,skills/Sepulchral_Chill.md,102,https://en.uesp.net/wiki/Online:Sepulchral_Chill
Online:Skyshards,skills/Skyshards.md,474,https://en.uesp.net/wiki/Online:Skyshards
Online:Soul Trap,skills/Soul_Trap.md,926,https://en.uesp.net/wiki/Online:Soul_Trap
Online:Spear Wall,skills/Spear_Wall.md,187,https://en.uesp.net/wiki/Online:Spear_Wall
Online:Spear Shards,skills/Spear_Shards.md,2221,https://en.uesp.net/wiki/Online:Spear_Shards
Online:Snakeblood,skills/Snakeblood.md,177,https://en.uesp.net/wiki/Online:Snakeblood
Online:Solar Flare,skills/Solar_Flare.md,1360,https://en.uesp.net/wiki/Online:Solar_Flare
Online:Slaughter,skills/Slaughter.md,59,https://en.uesp.net/wiki/Online:Slaughter
Online:Slayer,skills/Slayer.md,353,https://en.uesp.net/wiki/Online:Slayer
Online:Skilled Tracker,skills/Skilled_Tracker.md,274,https://en.uesp.net/wiki/Online:Skilled_Tracker
Online:Silver Bolts,skills/Silver_Bolts.md,1370,https://en.uesp.net/wiki/Online:Silver_Bolts
Online:Shield Charge,skills/Shield_Charge.md,608,https://en.uesp.net/wiki/Online:Shield_Charge
Online:Shadow Cloak,skills/Shadow_Cloak.md,2465,https://en.uesp.net/wiki/Online:Shadow_Cloak
Online:Soul Siphoner,skills/Soul_Siphoner.md,107,https://en.uesp.net/wiki/Online:Soul_Siphoner
Online:Soul Shred,skills/Soul_Shred.md,1021,https://en.uesp.net/wiki/Online:Soul_Shred
Online:Siphoning Strikes,skills/Siphoning_Strikes.md,1372,https://en.uesp.net/wiki/Online:Siphoning_Strikes
Online:Soul Summons,skills/Soul_Summons.md,100,https://en.uesp.net/wiki/Online:Soul_Summons
Online:Soul Shatter,skills/Soul_Shatter.md,180,https://en.uesp.net/wiki/Online:Soul_Shatter
Online:Soul Lock,skills/Soul_Lock.md,166,https://en.uesp.net/wiki/Online:Soul_Lock
Online:Soul Strike,skills/Soul_Strike.md,852,https://en.uesp.net/wiki/Online:Soul_Strike
Online:Siege Shield,skills/Siege_Shield.md,513,https://en.uesp.net/wiki/Online:Siege_Shield
Online:Snipe,skills/Snipe.md,858,https://en.uesp.net/wiki/Online:Snipe
Online:Solvent Proficiency,skills/Solvent_Proficiency.md,418,https://en.uesp.net/wiki/Online:Solvent_Proficiency
Online:Shadowy Supplier,skills/Shadowy_Supplier.md,238,https://en.uesp.net/wiki/Online:Shadowy_Supplier
Online:Shadow Rider,skills/Shadow_Rider.md,36,https://en.uesp.net/wiki/Online:Shadow_Rider
Online:Spectral Assassin (skill),skills/Spectral_Assassin_skill.md,60,https://en.uesp.net/wiki/Online:Spectral_Assassin_(skill)
Online:Shield Wall,skills/Shield_Wall.md,461,https://en.uesp.net/wiki/Online:Shield_Wall
Online:Sleet Storm,skills/Sleet_Storm.md,881,https://en.uesp.net/wiki/Online:Sleet_Storm
Online:Skeletal Mage,skills/Skeletal_Mage.md,817,https://en.uesp.net/wiki/Online:Skeletal_Mage
Online:Shocking Siphon,skills/Shocking_Siphon.md,931,https://en.uesp.net/wiki/Online:Shocking_Siphon
Online:Shadow Slash,skills/Shadow_Slash.md,78,https://en.uesp.net/wiki/Online:Shadow_Slash
Online:Slayer's Blade,skills/Slayer_s_Blade.md,82,https://en.uesp.net/wiki/Online:Slayer's_Blade
Online:Son of Kozanset,skills/Son_of_Kozanset.md,67,https://en.uesp.net/wiki/Online:Son_of_Kozanset
Online:Solar Ward,skills/Solar_Ward.md,95,https://en.uesp.net/wiki/Online:Solar_Ward
Online:Spear of Light,skills/Spear_of_Light.md,104,https://en.uesp.net/wiki/Online:Spear_of_Light
Online:Shocking Burst,skills/Shocking_Burst.md,98,https://en.uesp.net/wiki/Online:Shocking_Burst
Online:Shared Wards,skills/Shared_Wards.md,103,https://en.uesp.net/wiki/Online:Shared_Wards
Online:Shields of Erudition,skills/Shields_of_Erudition.md,90,https://en.uesp.net/wiki/Online:Shields_of_Erudition
Online:Sleetmail,skills/Sleetmail.md,85,https://en.uesp.net/wiki/Online:Sleetmail
Online:Snow Squall,skills/Snow_Squall.md,98,https://en.uesp.net/wiki/Online:Snow_Squall
Online:Sniping Silver,skills/Sniping_Silver.md,93,https://en.uesp.net/wiki/Online:Sniping_Silver
Online:Skeletal Aegis,skills/Skeletal_Aegis.md,110,https://en.uesp.net/wiki/Online:Skeletal_Aegis
Online:Shield Throw,skills/Shield_Throw.md,694,https://en.uesp.net/wiki/Online:Shield_Throw
Online:Smash,skills/Smash.md,734,https://en.uesp.net/wiki/Online:Smash
Online:Soul Burst,skills/Soul_Burst.md,805,https://en.uesp.net/wiki/Online:Soul_Burst
Online:Shattered Spirit,skills/Shattered_Spirit.md,100,https://en.uesp.net/wiki/Online:Shattered_Spirit
Online:A Soul Ablaze,skills/A_Soul_Ablaze.md,45,https://en.uesp.net/wiki/Online:A_Soul_Ablaze
Online:Shadow of the Bloodmoon,skills/Shadow_of_the_Bloodmoon.md,111,https://en.uesp.net/wiki/Online:Shadow_of_the_Bloodmoon
Online:Share the Spoils,skills/Share_the_Spoils.md,111,https://en.uesp.net/wiki/Online:Share_the_Spoils
Online:Sun Shield,skills/Sun_Shield.md,1258,https://en.uesp.net/wiki/Online:Sun_Shield
Online:Spell Recharge,skills/Spell_Recharge.md,401,https://en.uesp.net/wiki/Online:Spell_Recharge
Online:Teleport Strike,skills/Teleport_Strike.md,1270,https://en.uesp.net/wiki/Online:Teleport_Strike
Online:Temper Expertise,skills/Temper_Expertise.md,172,https://en.uesp.net/wiki/Online:Temper_Expertise
Online:Tailoring,skills/Tailoring.md,494,https://en.uesp.net/wiki/Online:Tailoring
Online:Stitching,skills/Stitching.md,650,https://en.uesp.net/wiki/Online:Stitching
Online:Tannin Expertise,skills/Tannin_Expertise.md,185,https://en.uesp.net/wiki/Online:Tannin_Expertise
Online:Summon Storm Atronach,skills/Summon_Storm_Atronach.md,1318,https://en.uesp.net/wiki/Online:Summon_Storm_Atronach
Online:Summon Unstable Familiar,skills/Summon_Unstable_Familiar.md,2204,https://en.uesp.net/wiki/Online:Summon_Unstable_Familiar
Online:Summon Winged Twilight,skills/Summon_Winged_Twilight.md,1521,https://en.uesp.net/wiki/Online:Summon_Winged_Twilight
Online:Sun Fire,skills/Sun_Fire.md,870,https://en.uesp.net/wiki/Online:Sun_Fire
Online:Spiked Armor,skills/Spiked_Armor.md,817,https://en.uesp.net/wiki/Online:Spiked_Armor
Online:Stonefist,skills/Stonefist.md,1309,https://en.uesp.net/wiki/Online:Stonefist
Online:Spell Warding,skills/Spell_Warding.md,72,https://en.uesp.net/wiki/Online:Spell_Warding
Online:Sword and Board,skills/Sword_and_Board.md,125,https://en.uesp.net/wiki/Online:Sword_and_Board
Online:Steadfast Ward,skills/Steadfast_Ward.md,743,https://en.uesp.net/wiki/Online:Steadfast_Ward
Online:Summon Shade,skills/Summon_Shade.md,1915,https://en.uesp.net/wiki/Online:Summon_Shade
Online:Strife,skills/Strife.md,897,https://en.uesp.net/wiki/Online:Strife
Online:Surge,skills/Surge.md,569,https://en.uesp.net/wiki/Online:Surge
Online:Supernatural Recovery,skills/Supernatural_Recovery.md,112,https://en.uesp.net/wiki/Online:Supernatural_Recovery
Online:Syrabane's Boon,skills/Syrabane_s_Boon.md,104,https://en.uesp.net/wiki/Online:Syrabane's_Boon
Online:Spell Attunement,skills/Spell_Attunement.md,236,https://en.uesp.net/wiki/Online:Spell_Attunement
Online:Stealthy,skills/Stealthy.md,100,https://en.uesp.net/wiki/Online:Stealthy
Online:Stalwart,skills/Stalwart.md,222,https://en.uesp.net/wiki/Online:Stalwart
Online:Swift Warrior,skills/Swift_Warrior.md,369,https://en.uesp.net/wiki/Online:Swift_Warrior
Online:Synergy,skills/Synergy.md,2855,https://en.uesp.net/wiki/Online:Synergy
Online:Swiftly Forgotten,skills/Swiftly_Forgotten.md,161,https://en.uesp.net/wiki/Online:Swiftly_Forgotten
Online:Swarm,skills/Swarm.md,792,https://en.uesp.net/wiki/Online:Swarm
Online:Spell Orb,skills/Spell_Orb.md,306,https://en.uesp.net/wiki/Online:Spell_Orb
Online:Spirit Mender,skills/Spirit_Mender.md,578,https://en.uesp.net/wiki/Online:Spirit_Mender
Online:Sundering Swing,skills/Sundering_Swing.md,83,https://en.uesp.net/wiki/Online:Sundering_Swing
Online:Strike from the Shadows,skills/Strike_from_the_Shadows.md,80,https://en.uesp.net/wiki/Online:Strike_from_the_Shadows
Online:Survivalist,skills/Survivalist.md,65,https://en.uesp.net/wiki/Online:Survivalist
Online:Sun Brand,skills/Sun_Brand.md,89,https://en.uesp.net/wiki/Online:Sun_Brand
Online:Swoop,skills/Swoop.md,94,https://en.uesp.net/wiki/Online:Swoop
Online:Staggering Swing,skills/Staggering_Swing.md,88,https://en.uesp.net/wiki/Online:Staggering_Swing
Online:Sunder,skills/Sunder.md,86,https://en.uesp.net/wiki/Online:Sunder
Online:Swift Assault,skills/Swift_Assault.md,100,https://en.uesp.net/wiki/Online:Swift_Assault
Online:Spinning Steel,skills/Spinning_Steel.md,83,https://en.uesp.net/wiki/Online:Spinning_Steel
Online:Starfall,skills/Starfall.md,76,https://en.uesp.net/wiki/Online:Starfall
Online:Splintered Secrets,skills/Splintered_Secrets.md,97,https://en.uesp.net/wiki/Online:Splintered_Secrets
Online:Spirited,skills/Spirited.md,66,https://en.uesp.net/wiki/Online:Spirited
Online:Strands of the Lattice,skills/Strands_of_the_Lattice.md,129,https://en.uesp.net/wiki/Online:Strands_of_the_Lattice
Online:Subclassing,skills/Subclassing.md,368,https://en.uesp.net/wiki/Online:Subclassing
Online:Superheated Ward,skills/Superheated_Ward.md,1217,https://en.uesp.net/wiki/Online:Superheated_Ward
Online:The Storm Voice,skills/The_Storm_Voice.md,195,https://en.uesp.net/wiki/Online:The_Storm_Voice
Online:Sphere of Influence,skills/Sphere_of_Influence.md,192,https://en.uesp.net/wiki/Online:Sphere_of_Influence
Online:Static Reverberation,skills/Static_Reverberation.md,205,https://en.uesp.net/wiki/Online:Static_Reverberation
Online:Steadfast Candescence,skills/Steadfast_Candescence.md,106,https://en.uesp.net/wiki/Online:Steadfast_Candescence
Online:Unraveling,skills/Unraveling.md,95,https://en.uesp.net/wiki/Online:Unraveling
Online:Unholy Knowledge,skills/Unholy_Knowledge.md,81,https://en.uesp.net/wiki/Online:Unholy_Knowledge
Online:Tri Focus,skills/Tri_Focus.md,1031,https://en.uesp.net/wiki/Online:Tri_Focus
Online:Twin Blade and Blunt,skills/Twin_Blade_and_Blunt.md,765,https://en.uesp.net/wiki/Online:Twin_Blade_and_Blunt
Online:Twin Slashes,skills/Twin_Slashes.md,839,https://en.uesp.net/wiki/Online:Twin_Slashes
Online:Trap Beast,skills/Trap_Beast.md,1431,https://en.uesp.net/wiki/Online:Trap_Beast
Online:Unstoppable (skill),skills/Unstoppable_skill.md,1256,https://en.uesp.net/wiki/Online:Unstoppable_(skill)
Online:Veiled Strike,skills/Veiled_Strike.md,1463,https://en.uesp.net/wiki/Online:Veiled_Strike
Online:Transfer,skills/Transfer.md,113,https://en.uesp.net/wiki/Online:Transfer
Online:Uppercut,skills/Uppercut.md,951,https://en.uesp.net/wiki/Online:Uppercut
Online:Trapping Webs,skills/Trapping_Webs.md,1237,https://en.uesp.net/wiki/Online:Trapping_Webs
Online:Undeath,skills/Undeath.md,161,https://en.uesp.net/wiki/Online:Undeath
Online:Unnatural Resistance,skills/Unnatural_Resistance.md,117,https://en.uesp.net/wiki/Online:Unnatural_Resistance
Online:Trafficker,skills/Trafficker.md,122,https://en.uesp.net/wiki/Online:Trafficker
Online:Tough,skills/Tough.md,86,https://en.uesp.net/wiki/Online:Tough
Online:Unflinching Rage,skills/Unflinching_Rage.md,320,https://en.uesp.net/wiki/Online:Unflinching_Rage
Online:Undaunted Command,skills/Undaunted_Command.md,125,https://en.uesp.net/wiki/Online:Undaunted_Command
Online:Undaunted Mettle,skills/Undaunted_Mettle.md,216,https://en.uesp.net/wiki/Online:Undaunted_Mettle
Online:Timely Escape,skills/Timely_Escape.md,104,https://en.uesp.net/wiki/Online:Timely_Escape
Online:Veil of Shadows,skills/Veil_of_Shadows.md,99,https://en.uesp.net/wiki/Online:Veil_of_Shadows
Online:Undo,skills/Undo.md,616,https://en.uesp.net/wiki/Online:Undo
Online:Time Stop,skills/Time_Stop.md,527,https://en.uesp.net/wiki/Online:Time_Stop
Online:Undead Confederate,skills/Undead_Confederate.md,107,https://en.uesp.net/wiki/Online:Undead_Confederate
Online:Vampiric Drain,skills/Vampiric_Drain.md,292,https://en.uesp.net/wiki/Online:Vampiric_Drain
Online:Trowel,skills/Trowel.md,273,https://en.uesp.net/wiki/Online:Trowel
Online:Unnatural Movement,skills/Unnatural_Movement.md,134,https://en.uesp.net/wiki/Online:Unnatural_Movement
Online:Vanish,skills/Vanish.md,90,https://en.uesp.net/wiki/Online:Vanish
Online:Twilight Mantle,skills/Twilight_Mantle.md,88,https://en.uesp.net/wiki/Online:Twilight_Mantle
Online:Unleashed Rage,skills/Unleashed_Rage.md,112,https://en.uesp.net/wiki/Online:Unleashed_Rage
Online:Tough (Companion),skills/Tough_Companion.md,64,https://en.uesp.net/wiki/Online:Tough_(Companion)
Online:Thunderous Strike,skills/Thunderous_Strike.md,94,https://en.uesp.net/wiki/Online:Thunderous_Strike
Online:Trickster's Trap,skills/Trickster_s_Trap.md,77,https://en.uesp.net/wiki/Online:Trickster's_Trap
Online:Triptych Physic,skills/Triptych_Physic.md,90,https://en.uesp.net/wiki/Online:Triptych_Physic
Online:The Triune Word,skills/The_Triune_Word.md,83,https://en.uesp.net/wiki/Online:The_Triune_Word
Online:Tendrils of the Colorless Sea,skills/Tendrils_of_the_Colorless_Sea.md,102,https://en.uesp.net/wiki/Online:Tendrils_of_the_Colorless_Sea
Online:Trick Shot,skills/Trick_Shot.md,83,https://en.uesp.net/wiki/Online:Trick_Shot
Online:Tome-Bearer's Inspiration,skills/Tome-Bearer_s_Inspiration.md,394,https://en.uesp.net/wiki/Online:Tome-Bearer's_Inspiration
Online:The Unblinking Eye,skills/The_Unblinking_Eye.md,369,https://en.uesp.net/wiki/Online:The_Unblinking_Eye
Online:Vault,skills/Vault.md,824,https://en.uesp.net/wiki/Online:Vault
Online:Traveling Knife,skills/Traveling_Knife.md,842,https://en.uesp.net/wiki/Online:Traveling_Knife
Online:Ulfsild's Contingency,skills/Ulfsild_s_Contingency.md,960,https://en.uesp.net/wiki/Online:Ulfsild's_Contingency
Online:Torchbearer,skills/Torchbearer.md,722,https://en.uesp.net/wiki/Online:Torchbearer
Online:Trample,skills/Trample.md,818,https://en.uesp.net/wiki/Online:Trample
Online:Third Moon's Chosen,skills/Third_Moon_s_Chosen.md,65,https://en.uesp.net/wiki/Online:Third_Moon's_Chosen
Online:Varmiina's Visage,skills/Varmiina_s_Visage.md,70,https://en.uesp.net/wiki/Online:Varmiina's_Visage
Online:Traumatic Burns,skills/Traumatic_Burns.md,90,https://en.uesp.net/wiki/Online:Traumatic_Burns
Online:Tundra's Maw,skills/Tundra_s_Maw.md,83,https://en.uesp.net/wiki/Online:Tundra's_Maw
Online:Unbound Potential,skills/Unbound_Potential.md,97,https://en.uesp.net/wiki/Online:Unbound_Potential
Online:Veil's Forfeit,skills/Veil_s_Forfeit.md,158,https://en.uesp.net/wiki/Online:Veil's_Forfeit
Online:Warmth,skills/Warmth.md,301,https://en.uesp.net/wiki/Online:Warmth
Online:World in Ruin,skills/World_in_Ruin.md,413,https://en.uesp.net/wiki/Online:World_in_Ruin
Online:War Horn,skills/War_Horn.md,670,https://en.uesp.net/wiki/Online:War_Horn
Online:Wall of Elements,skills/Wall_of_Elements.md,1860,https://en.uesp.net/wiki/Online:Wall_of_Elements
Online:Weakness to Elements,skills/Weakness_to_Elements.md,976,https://en.uesp.net/wiki/Online:Weakness_to_Elements
Online:Whirlwind,skills/Whirlwind.md,512,https://en.uesp.net/wiki/Online:Whirlwind
Online:Wind Walker,skills/Wind_Walker.md,195,https://en.uesp.net/wiki/Online:Wind_Walker
Online:Wood Extraction,skills/Wood_Extraction.md,97,https://en.uesp.net/wiki/Online:Wood_Extraction
Online:Woodworking (skill),skills/Woodworking_skill.md,346,https://en.uesp.net/wiki/Online:Woodworking_(skill)
Online:Volley,skills/Volley.md,1151,https://en.uesp.net/wiki/Online:Volley
Online:Werewolf Transformation,skills/Werewolf_Transformation.md,4113,https://en.uesp.net/wiki/Online:Werewolf_Transformation
Online:Y'ffre's Endurance,skills/Y_ffre_s_Endurance.md,190,https://en.uesp.net/wiki/Online:Y'ffre's_Endurance
Online:Wayfarer,skills/Wayfarer.md,148,https://en.uesp.net/wiki/Online:Wayfarer
Online:Vigor,skills/Vigor.md,887,https://en.uesp.net/wiki/Online:Vigor
Online:Warp Strike,skills/Warp_Strike.md,73,https://en.uesp.net/wiki/Online:Warp_Strike
Online:Vigorous Tentacular Eruption,skills/Vigorous_Tentacular_Eruption.md,127,https://en.uesp.net/wiki/Online:Vigorous_Tentacular_Eruption
Online:Zone of Recuperation,skills/Zone_of_Recuperation.md,94,https://en.uesp.net/wiki/Online:Zone_of_Recuperation
Online:Viper's Bite,skills/Viper_s_Bite.md,88,https://en.uesp.net/wiki/Online:Viper's_Bite
Online:Wellspring of the Abyss,skills/Wellspring_of_the_Abyss.md,104,https://en.uesp.net/wiki/Online:Wellspring_of_the_Abyss
Online:Vitalizing Glyphic,skills/Vitalizing_Glyphic.md,466,https://en.uesp.net/wiki/Online:Vitalizing_Glyphic
Online:Vinedusk Training,skills/Vinedusk_Training.md,331,https://en.uesp.net/wiki/Online:Vinedusk_Training
Online:Wield Soul,skills/Wield_Soul.md,837,https://en.uesp.net/wiki/Online:Wield_Soul
Online:Volcanic Arms,skills/Volcanic_Arms.md,89,https://en.uesp.net/wiki/Online:Volcanic_Arms
Online:Wing Buffet,skills/Wing_Buffet.md,242,https://en.uesp.net/wiki/Online:Wing_Buffet
Online:Wild Adaptation,skills/Wild_Adaptation.md,107,https://en.uesp.net/wiki/Online:Wild_Adaptation
Online:Wildfire Embers,skills/Wildfire_Embers.md,163,https://en.uesp.net/wiki/Online:Wildfire_Embers
