family,page,version,note
depth,Online:Blinding Light,1.1.2,"* Fixed an issue where, after re-specing, you could not spec back into Blinding Light."
depth,Online:Blinding Light,1.2.3,"* Missing a bash attack while under the effects of Blinding Light will now set the target off balance. * Blinding Flashes: Increased this ability's duration. Also, monsters knocked off balance by Blinding Flashes will only display their knockback animation once."
depth,Online:Blinding Light,1.3.3,* This ability can now cause enemies to go off-balance when they are blocking.
depth,Online:Blinding Light,1.6.5,"* The ability Blinding Light has been removed, and replaced with Radiant Destruction."
depth,Online:Bracing,2.4.5,"* Renamed this passive ability to Wrath. * Redesigned this passive ability so it now increases your Weapon and Spell Damage by 10/20 for 6 seconds after taking damage at Ranks I/II respectively, stacking up to 10 times."
depth,Online:Harmony,8.3.5,"* This trait now grants you up to 880 Health, Magicka, and Stamina when you activate a synergy per trait, rather than increasing the healing, damage, and shielding potency of synergies by 20% per trait. * Fixed an issue where Harmony did not interact with Companion synergies."
depth,Online:Merchant Favored,5.2.9,* This passive will now once again reduce the cost of repairs.
depth,Online:Negate Magic,1.3.3,* The abilities Hardened Ward and Negate Magic no longer share the same icon.
depth,Online:Negate Magic,1.4.3,* Negate Magic cast by NPCs will now remove buffs that you cast upon them.
depth,Online:Negate Magic,1.6.5,"* This Ultimate ability now removes enemy-placed effects when it is initially cast instead of constantly for the entire duration of the ability. * Reduced the cost of this ability by 10%. * Suppression Field: This ability has been redesigned, and now applies the Minor Protection buff to your allies inside the field. * Absorption Field: This ability has been redesigned. Allies who pass through the field now gain the buffs Major Expedition, Major Intellect, Major Fortitude, and Major Endurance for 12 seconds. * Several monster abilities that could not be previously dispelled by the Sorcerer ability Negate Magic can now be dispelled. This includes the following: ** Angof - Angof's Reach ** Battlemage - Ice Cage ** Flame Atronach - Lava Geyser ** Frost Atronach - Chilling Aura ** Gargoyle - Lava Geyser ** Lich - Defiled Ground, Soul Cage ** Nereid - Water Geyser ** Scamp - Rain of Fire ** Spider Daedra - Lightning Storm ** Thunder Bug - Thunderstrikes ** Titan - Soul Flame ** Wispmother - Rain of Wisps"
depth,Online:Negate Magic,2.3.5,* Fixed an issue where this ability and its morphs would not apply crowd control immunity to monsters at the end of their stun durations.
depth,Online:Negate Magic,2.4.5,"* Absorption Field: Redesigned this morph so it now heals you and your allies standing within the area of effect, in addition to stunning or silencing enemies. * Suppression Field: Redesigned this morph so it now damages enemies standing within the area of effect, in addition to stunning or silencing enemies. Also fixed an issue where the damage from this morph could not critically strike."
depth,Online:Negate Magic,2.6.4,"* Monsters stunned by Negate Magic are now stunned for 3 seconds, up from 0.6 seconds. ** Negate Magic no longer affects objects outside the area indicated by its telegraph. ** Negate Magic now correctly removes dispellable area effects. ** Negate Magic now displays an area indicator, and requires a line of sight to cast. ** The silence from Negate Magic now displays a visual effect so you can tell you are silent."
depth,Online:Negate Magic,3.0.5,* Silence no longer stops Watchers from attacking.
depth,Online:Negate Magic,4.0.5,* Increased the duration of this ability and its morphs to 12 seconds from 10 seconds. **Developer Comments: This was done to make up for the fact that the Persistence passive was redesigned (details below) and no longer affects this iconic Ultimate ability. The net effect is the total duration will remain unchanged.
depth,Online:Negate Magic,5.0.5,* Fixed an issue where this ability would fail to continue suppressing Area of Effect abilities inside of the area. * Updated the tooltip to better describe the function of this Ultimate.
depth,Online:Negate Magic,7.0.5,"* The following abilities have received significant adjustments to how the server handles their behavior, reducing messages sent between the client and server and reducing the total amount of Area of Effect events occurring. This will largely have little to no effect on their gameplay other than improving their response time to entering or leaving the Area of Effect. In some rarer cases, it will reduce the interaction with sets that proc off application of buffs or debuffs, since you will no longer repeatedly apply these effects to targets inside the area every tick, but rather for the duration the target is inside the area. Their synergies (when applicable) have also been updated to be far more reliable to activate when in the area and they will no longer persist for a short duration after each tick, allowing you to activate them in cases where they could fail or were already used, going on cooldown with no effect, or gaining their effects despite already being used. ** Blood Altar and morphs *** In an instance where Blood Feast and Blood Funnel are both available, Blood Feast will now always take priority as it is stronger than Blood Funnel. ** Bone Totem and morphs ** Boneyard and morphs ** Cleansing Ritual and morphs ** Both morphs of Dragonknight Standard *** This will also fix an issue where the morphed version of this ability failed to properly fire its synergy, Shackle, when activated. ** Lightning Splash and morphs ** Necrotic Orbs and morphs ** Negate Magic and morphs ** Nova and morphs ** Rune Focus and morphs ** Spear Shards and morphs * The morphs of this ability now tick every 1 second instead of 500ms. * Increased the potency of their ticks by 103.3% to ensure their DPS/HPS remains almost the same, as well as fixing an issue where their values were missing rank up progression built into them. * Scrolling Combat Text now properly displays successful silences with these abilities."
depth,Online:Negate Magic,7.0.6,* Fixed an issue where this Ultimate and morphs' dispel failed to target most Area of Effects.
depth,Online:Negate Magic,9.0.5,"* Fixed an issue with this Ultimate and its morphs where they could not dispel another version of themselves. Previously, Negate Magic would only dispel Absorption Field or Suppression Field but fail to dispel an enemy Negate Magic, or any permutation where the Ultimates were of the same version. Now, any version of these Ultimates will actively dispel any version of the Ultimates they are placed on if they are sourced from enemies."
depth,Online:Sparks,1.6.5,"* This ability has been removed, and replaced with a new ability: Blade Cloak. ** When activated, Blade Cloak reduces area of effect damage taken by the caster by 20% for 15 seconds. Whenever the caster takes area of effect damage, this ability will deal damage to all nearby enemies. Blade Cloak can only fire once every 3 seconds. ** Quick Cloak: This ability provides the buff Major Expedition for 5 seconds. ** Deadly Cloak: When cast, this ability allows you to throw a dagger that deals high damage. This ability can only be used once, and only within ten seconds of the cast."
depth,Online:Wrath,2.4.5,"* Bracing: ** Renamed this passive ability to Wrath. ** Redesigned this passive ability so it now increases your Weapon and Spell Damage by 10/20 for 6 seconds after taking damage at Ranks I/II respectively, stacking up to 10 times."
depth,Online:Wrath,2.7.5,"* This passive now increases your Weapon and Spell Damage by 5/10 for each stack, down from 10/20, but it now stacks up to 20 times, up from 10 times. * Reduced the duration of this passive's bonus to 5 seconds from 6 seconds. **Developer Comments: Shortening Wrath's duration and allowing it take longer to build up its stacks to its full potential should allow more counterplay against Heavy Armor enemies, and take them longer to ramp up their power when engaging in combat. This also helps promote a berserker-type playstyle with Heavy Armor where you get more powerful the longer you stay in combat."
depth,Online:Wrath,3.2.5,"* This passive ability has been replaced with the Revitalize passive, which increases the resources your Heavy Attacks restore by 12/25%. * Rapid Mending: This passive ability no longer increases the amount of resources your Heavy Attacks restore, as that effect has been moved to the new Revitalize passive. It continues to increase your healing received by 4/8%. **Developer Notes: We want each of the three armor types to have unique trade-offs. Heavy Armor's main advantage is its increase to survivability, while the disadvantage is its lower damage and healing power. To emphasize this distinction, we've removed the Wrath passive."
glyphs,Online:Glyph of Prismatic Onslaught,7.1.5,"* This enchantment now deals damage equal to a normal Absorb enchantment, and restores Health, Magicka, and Stamina equal to half of the potency of a singular resource, rather than dealing bonus damage to Undead and Daedra."
sets,Online:Crusader,7.1.5,"* This set now grants you a damage shield based on your Weapon and Spell Damage for 6 seconds and creates an Area of Effect beneath you for 10 seconds whenever you deal direct damage with a Blink, Charge, Leap, Teleport, or Pull ability. Every 2 seconds, the area grants you and group members inside Minor Courage for 12 seconds. These effects can occur once every 20 seconds. * This set's 2 through 4-piece bonuses are now Weapon and Spell Damage (2, 3, and 4) rather than Max Stamina, Stamina Recovery, and Max Stamina. * This set no longer increases your dodge chance bonus of Roll Dodge by 0.3 seconds."
sets,Online:Deadly Strike,7.1.5,"* Reduced this set's bonus damage to 18%, down from 20%. This set now works on all channeled and Damage over Time effects, rather than only Martial-based ones."
sets,Online:Deadly Strike,7.2.0,"* Reduced this set's damage done bonus to over time and channeled abilities to 15%, down from 18%."
sets,Online:Nikulas' Heavy Armor,7.1.5,"* This set now grants a stack of Nikulas' Resolve for 5 seconds whenever you successfully block, which after 8 stacks, you consume them and completely avoid the next direct damage attack made against you within 5 seconds. * This set no longer has a 25% chance on blocking spell projectiles to reflect them back to the attacker."
sets,Online:Pelinal's Wrath,7.1.5,"* Renamed this set to Pelinal's Wrath. * This set now grants you a damage shield based on your Weapon or Spell Damage and a stack of Wrath of Whitestrake for 10 seconds whenever you kill an enemy. * Wrath of Whitestrake grants you up to 100 Weapon and Spell Damage per stack, but causes you to take 1% of your Max health as Oblivion Damage every second per stack, up to 10 stacks max. * This set's 2 through 4-piece bonuses are now Weapon and Spell Damage (2), Offensive Penetration (3), and Weapon and Spell Damage (4), rather than Max Health, Stamina Recovery, and Magicka Recovery. * This set no longer causes your Weapon and Spell Damage to become the highest of the two values."
sets,Online:Roar of Alkosh,7.1.5,"* Increased this set's Armor reduction cap to 6000, up from 3000."
sets,Online:Shattered Paths Signet,12.0.6,"*This set's damage done with status effects now only applies to monsters. Reduced the maximum damage bonus from 170% to 133%, and reduced the Ultimate required to reach the cap to 133, down from 170. Reduced the cooldown for applying Status Effects when at the maximum Ultimate threshold to 2 seconds at 133 Ultimate, down from 4s at 170."
sets,Online:Sithis' Touch,2.4.5,* Introduced with the Dark Brotherhood DLC.
sets,Online:Sithis' Touch,7.1.5,"* This set now grants 5% movement speed for 30 seconds whenever you kill an enemy, up to 20 times, and grants invisibility for 3 seconds when activating. * This set's 2 through 4-piece bonuses are now Max Stamina (2), Max Magicka (3), and Weapon and Spell Damage (4), rather than Max Health, Max Health, and Critical Chance. * This set no longer grants Major Berserk whenever you kill an enemy with the Blade of Woe."
sets,Online:Stygian,7.1.5,* This set now grants hybrid stats rather than exclusively Magicka based stats. * Its 4-piece bonus is now Offensive Penetration rather than Max Magicka. The 5-piece bonus now requires you to be in combat to proc (note that this will still work with successful sneak attacks).
sets,Online:Yandir's Might,7.1.5,"* Fixed an issue where the Weapon Damage from Giant's Endurance did not apply to your abilities. * This set now grants Giant's Endurance for 5 seconds per stack, rather than indefinitely. * This set no longer requires you to have 5 pieces active to retain the stacks since they are not permanent. This should fix multiple issues and inconsistencies with this set."
skills,Online:Abor's Augmented Ward,3.0.5,"* Fixed an issue where ranking up a summon ability (Unstable Familiar, Summon Winged Twilight, Feral Guardian, etc.) would unsummon your pet."
skills,Online:Above and Beyond,12.0.0,"*This passive increases your Critical Damage and Healing by 15% (7% against players). It also increases your maximum potential Critical Damage and Healing by 25%, meaning it adds to the normal cap of 125%, bringing it to 150%."
skills,Online:Absorb,7.1.5,"* This passive now procs on any successful block, rather than only against spells, which was already a half truth as it procced on plenty of non-spells as well. * Increased the restore to 300/600 Magicka on proc, up from 288/540. * This passive now has a 250ms internal cooldown."
skills,Online:Abyssal Emergence,12.0.0,"*Abyssal Emergence: This passive upgrades your Arcanist Ultimates to immediately generate 3 Crux upon activation, while also granting 666 Weapon and Spell Damage for 15 seconds after activating."
skills,Online:Abyssal Impact,10.0.5,"* Cephaliarch’s Flail (morph): This morph now ranks up in 1.1% healing per rank, resulting in 3.3% additional healing at rank IV, rather than reducing its cost per rank, as the morph upgrade does not interact with cost at all and was offering too many unique advantages."
skills,Online:Abyssal Impact,10.1.5,"* Cephaliarch's Flail (morph): This morph no longer gains execute scaling damage. The healing from this morph now only occurs if the ability damaged a target, to ensure it can only be used aggressively, rather than at any time. * Tentacular Dread (morph): This morph now increases its damage done by 33% per Crux consumed, up from 20%. ** In this pass, we're trying to better align the power dynamic between these morphs. Very early in development, Flail was actually used predominantly as an execute with much more potent scaling, but over time during the class's development, we reduced this function when Fatecarver came into being and took the spotlight. Originally, we kept this functionality to pay homage to that, but since both morphs added damage functionalities, it created a situation where one was always going to be better than the other. Rather than trying to have an arms race between the two, we've done more of a hard split, where Flail remains a generic ""buff"" morph that allows you to gain additional effects and contextual uses, while Dread more radically shifts how the ability is utilized. In addition to this, the increased drain of Crux that Dread asks of you wasn't as rewarding as we would have liked, so we're bumping up the reward for using it well."
skills,Online:Accelerate,5.0.5,"* Increased the duration of the Major Expedition buff from this ability and its morphs to 4 seconds from 3. Note Channeled Acceleration will now last 12 seconds, rather than 9. * Race Against Time (morph): ** This morph no longer reduces the cost of sprinting by 50% for 4 seconds. Instead, it now grants immunity to Snares and Immobilizations for 4 seconds. ** This ability no longer becomes cheaper as it ranks up. ** Reduced the Snare and Immobilization immunity to 1 second from 4 seconds. ** The immunity's duration now increases as the ability ranks up, up to a maximum of 2 seconds. *** Developer Comment: Since Accelerate is already such a powerful ability granting both damage and mobility potential at reduced costs, we wanted to ensure other abilities that grant similar functions of snare or immobilization immunity still had a place in builds. This is also seen with the Protective Plate ability, which already grants an incredibly powerful base function, so the standard 4 seconds duration is halved."
skills,Online:Accelerate,6.0.5,* Channeled Acceleration (morph): Fixed an issue with the timing of the visual effects of this ability when used with a Two Handed weapon.
skills,Online:Accelerate,8.1.5,"* Increased the base cost of this ability and its morphs to 4050, up from 3780. * Increased the duration of Minor Force granted to 20 seconds, up from 12. Note this will cause Channeled Accelerate's Minor Force to triple to 60 seconds now as well, instead of tripling to 36. ** Race Against Time (morph): Increased the duration of the snare and immobilization immunity to 4 seconds, up from 2."
skills,Online:Accelerated Growth,7.1.5,"* This passive now grants Major Mending for 2/4 seconds on proc, up from 1.5/3 seconds."
skills,Online:Accuracy,6.3.5,"* This passive now grants Critical Chance rather than Weapon Critical. * Rank II now grants 6% Critical Chance, up from 5%."
skills,Online:Acrobat,2.5.5,"* Archery Expertise: This passive ability has been renamed to ""Acrobat."" Also, in addition to the current benefit it now reduces your fall damage by 10%."
skills,Online:Adrenaline Rush,1.3.3,"* Adrenaline Rush Rank I: This now triggers on all melee attacks, not just light and heavy attacks."
skills,Online:Adrenaline Rush,2.5.5,"* Increased the cooldown of this passive's proc to 5 seconds at all ranks, from 3 seconds on Ranks II and III."
skills,Online:Adrenaline Rush,3.0.5,* This passive ability now restores Stamina based on your character level instead of your Max Stamina.
skills,Online:Adrenaline Rush,4.3.5,"* Adrenaline Rush: When you deal damage with a melee attack you restore 792 Stamina. This effect can occur once every 5 seconds. → When you deal Direct Damage, you restore 950 Stamina. This effect can occur once every 5 seconds. ** Developer Comment: Redguards were our golden standard for what races should strive to be, so we used them as a general guideline when rebuilding some of the other races. This was due to the fact that Redguards had distinct playstyle enhancing bonuses that allowed engaging and thoughtful choices to building a character. Despite this, we noticed many restrictions in their own passives, and wanted to improve that by making them more accessible by other play styles. We condensed some of their Stamina Recovery passive into Adrenaline Rush, and then added a new passive that affected all build paths, instead of just Stamina builds; while highlighting their culture's practice of training their adolescence in martial warfare early on in life."
skills,Online:Adrenaline Rush,6.3.5,"* Increased the Stamina restored from this passive to 1005, up from 950. *This passive now procs on any damage done, rather than Direct Damage."
skills,Online:Advanced Species,4.2.5,"* Increased the bonus to damage done for each Animal Companion ability slotted to 3% at rank II, previously 2%."
skills,Online:Advanced Species,5.1.5,* Reduced the damage increase per Animal Companion ability slotted to 2% from 3%.
skills,Online:Advanced Species,8.1.5,"* This passive now increases your Armor Penetration by 495/990 per Animal Companion skill slotted, rather than damage done by 1/2%."
skills,Online:Advanced Species,8.2.5,"* This passive now increases your Critical Damage done by 2/4%, rather than your Armor Penetration by 495/990. **Developer Comment: We're shifting this passive's focus away from raw damage and more into Critical damage, to help focus the class's natural tendency to burst foes down. This change should also help bring up Light Armor focused Wardens, while toning down some of the power that their currently much stronger Medium Armor cousins have."
skills,Online:Advanced Species,11.0.5,"* Increased the Critical Damage granted from this passive to 2/5% per Animal Companion ability slotted, up from 2/4%."
skills,Online:Aegis of the Unseen,10.3.5,"* This passive now increases your armor by 1636/3271 while you have a Soldier of Apocrypha ability active, up from 990/1980."
skills,Online:Agility (skill),1.4.3,* Fixed an issue where this passive was stacking the bonus from Ranks I and II. * The agility passive now gives you weapon power instead of attack speed.
skills,Online:Agility (skill),1.6.5,* Fixed an issue where this passive ability was granting spell damage in addition to weapon power.
skills,Online:Agility (skill),1.6.6,* Fixed an issue where this passive would occasionally not work.
skills,Online:Agility (skill),7.1.5,"* The following passives and player abilities now grant hybrid stats to help improve their viability and accessibility to off-meta builds, because we love them too: ** Agility: Now grants equal Weapon and Spell Damage. ** Balanced Warrior: *** Now grants 660/1320 Armor, rather than 1320/2640 Spell Resistance. *** Now grants equal Weapon and Spell Damage values. ** Brutal Carange's bonus: Now grants equal Weapon and Spell Damage values. ** Concentration: Now grants equal Offensive Penetration. ** Dexterity: Now increases Critical Damage and Healing Done per piece worn, up to 2% at the final rank, rather than Weapon Critical (as Prodigy now grants Weapon Critical as well) ** Flawless Dawnbreaker's bonus: Now grants equal Weapon and Spell Damage values. ** Prodigy: Now grants equal Critical Chance. ** Savage Strength: Now grants equal Weapon and Spell Damage values. ** Scaled Armor: Now grants 825/1650 Armor rather than 1320/3300 Spell Resistance. ** Slayer: Now grants equal Weapon and Spell Damage values."
skills,Online:Agony,1.4.3,* Shadow Cloak: This ability is no longer removed by the following ticking damage abilities. ** Agony ** Bat Swarm ** Caltrops ** Cripple ** Entropy ** Fire Rune ** Necrotic Orb ** Path of Darkness ** Soul Tether ** Trap Beast ** Volley ** Wall of Elements ** All elemental procs
skills,Online:Agony,1.6.5,"* Reduced the cast time of Agony to 1.2 seconds, and increased the duration by 50%."
skills,Online:Agony,2.3.5,* This ability and its morphs will now apply their damage over time component to targets that are immune to the disorient portion of the ability.
skills,Online:Agony,3.2.5,"* Agony: This ability and its morphs is now an ally-targeted spell that heals them over time and costs Health to cast instead of Magicka. We also renamed this ability to Malevolent Offering. * Malefic Wreath: This morph now grants Minor Mending when it deals damage to you, and has been renamed to Healthy Offering. * Prolonged Suffering: This morph now decreases the health cost, and has been renamed to Shrewd Offering. **Developer Notes:This redesign of Agony and its morphs gave us an opportunity to create a new ability more in-line with the theme of Siphoning. It helps Nightblades fulfill the healing role in a unique way, and synergizes with the other Siphoning abilities that let you steal health like Strife or Siphoning Strikes. You can then transfer that health to your allies."
skills,Online:Amphibian,2.5.5,"* This passive ability has been renamed to ""Amphibian."" Also, in addition to the current benefit it now increases your swimming speed by 50%."
skills,Online:Amplitude,4.3.5,"* Implosion: ** Renamed this passive to Amplitude. ** This passive is now a reverse execute mechanic, and increases your damage against targets by 1% for every 10% health they currently have. ** The minimum bonus this passive can provide is 1% increased damage done. *** Developer Comment: This change was aimed at helping Sorcerer's damage production go up, while helping them in the targeted gameplay pattern of getting targets into specific health thresholds, detracting from the feeling of uncontrollable burst for the caster, and sudden moments of low telegraphed high damage for the target.::: The HP thresholds for the damage are as follows::::* 100% Health = 10% damage:::* 99%-90% = 9%:::* 89.9%-80% = 8%:::* 79.9%-70% = 7%:::* 69.9%-60% = 6%:::* 59.9%-50% = 5%:::* 49.9%-40% = 4%:::* 39.9%-30% = 3%:::* 29.9%-20% = 2%:::* 19.9%-10% = 1%:::* 9.9%-0% = 1%"
skills,Online:An Eye for Exploitation,12.0.0,"*This passive increases your Weapon and Spell Damage by up to 1250 and reduces your damage taken by up to 12%, both based on your target's missing Health."
skills,Online:Ancient Knowledge,2.7.0,"*This passive ability no longer decreases the cast time of your Destruction Staff Heavy Attacks by 5/10%. Instead, it grants you a bonus as long as you have one Destruction Staff ability slotted. This bonus depends on your staff type: ** Flame Staves: Increases your single-target damage dealt by 4/8%. ** Frost Staves: Increases the amount of damage you Block by 10/20%, and reduces the cost of Block by 15/30%. ** Lightning Staves: Increases your Area of Effect damage dealt by 4/8%."
skills,Online:Ancient Knowledge,2.7.2,* Fixed an issue where the Lightning Staff damage done bonus was not increasing the damage on certain Area of Effect abilities such as Ritual of Retribution or Crystal Blast.
skills,Online:Ancient Knowledge,2.7.5,"* This passive ability no longer decreases the cast time of your Destruction Staff Heavy Attacks by 5/10%. Instead, it grants you a bonus as long as you have one Destruction Staff ability slotted. This bonus depends on your staff type:"
skills,Online:Ancient Knowledge,4.3.5,"* Removed the requirement of having a Destruction Staff ability slotted to gain the effect of this passive. Now, you simply need to equip the Destruction Staff type of the buff you want to gain the bonus it provides. ** Developer Comment: This passive was far too restrictive in the sense that it required you to be actively wielding the weapon type necessary to unlock the desired passive, while also slotting an ability from that skill line as well. Now, you will only need to equip the staff type desired. Traditionally, our passives fall into one of three categories: while using an ability of X type, with an ability/weapon of X type slotted, or one that is active at all times. The goal here was to improve the selection of skills on your bar based on what sort of abilities you wanted, rather than being forced to take something for a passive when you've already dedicated to a prerequisite it provided."
skills,Online:Ancient Knowledge,5.2.5,* Fixed an issue where this passive was not properly working with specific pets.
skills,Online:Ancient Knowledge,6.2.5,* Fixed an issue where the Block Mitigation granted from this passive could fail to apply against certain attacks while equipping a Frost Staff. * Fixed an issue where tether abilities and sets; such as Shocking Siphon or Stone Husk; were not properly treated as Area of Effect Damage for bonuses such as Ancient Knowledge or Major Evasion.
skills,Online:Ancient Knowledge,7.1.5,"* This passive now better discerns what is an Area of Effect attack and what isn't with its bonus damage based on your staff type. * Increased the bonuses of both the Inferno and Lightning Staff types to 5/10%, up from 4/8% to help better match the power of Twin Blade and Blunt or Heavy Weapons grant."
skills,Online:Ancient Knowledge,8.3.5,* Fixed multiple issues where the Inferno and Lightning Staff components were applying to incorrect attack types.
skills,Online:Ancient Knowledge,10.1.5,* Fixed an issue where this passive could cause your Health Bar to glow permanently.
skills,Online:Annulment,1.1.2,* This Ultimate ability's damage shield now absorbs 100% of incoming Spell Damage rather than 50%. This damage shield value remains the same.
skills,Online:Annulment,1.4.6,"* This ability's shield value is now 120% larger, but no longer gives a 50% damage reduction. It also now only absorbs damage from spell attacks."
skills,Online:Annulment,1.5.2,* Fixed an issue where recasting this ability before it expired would not refresh the absorb value. * Harness Magicka: This ability can now only restore magicka up to three times per cast.
skills,Online:Annulment,2.4.5,"* Reduced the duration of this ability and its morphs to 6 seconds from 20 seconds. In addition, this ability and its morphs now absorb all damage instead of just spell damage. ** Note: The Harness Magicka morph will continue to return Magicka only when spell damage is absorbed as a morph effect."
skills,Online:Annulment,3.1.5,* Dampen Magic: Fixed an issue where this morph was displaying extraneous buff icons.
skills,Online:Annulment,3.2.5,* Casting this ability and its morphs now requires that you wear 5 pieces of Light Armor.
skills,Online:Annulment,4.2.5,"* The total strength of this ability is now limited to 40% of the caster's health. * Dampen Magic: This morph now also increases the shield cap to 50% of your Max Health, previously 40%. **Developer Comment: As noted above, we want players to make interesting choices when making damage shield builds. These builds now require a balance of offensive and defensive stats, where previously a damage shield user could go for all offensive stats and also get a gigantic damage shield that mitigated the fact that they had low max health. * Harness Magicka: Fixed an issue where this morph was double dipping with its Magicka return based on the Light Armor worn."
skills,Online:Annulment,4.3.5,"* Fixed an issue with Annulment and its morphs, and Conjured Ward and its morphs, where you could occasionally get stuck in the casting animations when using the abilities in quick succession with other abilities such as Block."
skills,Online:Annulment,5.1.5,"* Reduced the shield size of this ability and its morphs by approximately 9%. * Increased the shield size limit for this ability and the Harness Magicka morph to 50% of your Max Health from 40%. Dampen Magic increases to 60% from 50%. ** Developer Comment: The changes with Magicka-based Damage Shields were done to increase the shields' strengths in situations where the caster is focusing more into increasing their effectiveness by specializing more stats into them, since they now require more Magicka to increase their size than they needed in previous updates. * Harness Magicka: ** This morph no longer returns 3% of your Max Magicka when absorbing spell attacks. Instead, it restores 5% of the ability's cost whenever it absorbs any damage. Note this value continues to increase per piece of Light Armor worn, and can still only occur up to 3 times per cast. ** Increased the bonus modifier per piece of Light Armor worn for the Magicka return to 33% at Rank IV from 6%. Note this increase remains to be based on 5% of the ability's cost, so each piece of Light Armor will increase the return from 5% to 6.65%."
skills,Online:Annulment,7.1.5,* Harness Magicka (morph): Fixed an issue where you could get more than 3 Magicka restores from this ability per cast.
skills,Online:Apocryphal Gate,9.0.6,* Fixed an issue with this ability and its morphs where it would only place one portal. ** Fleet-Footed Gate (morph): Fixed an issue where this ability was not benefiting from its rank progression.
skills,Online:Apocryphal Gate,9.0.7,* Fixed an issue that could some clients to become unresponsive when casting Apocryphal Gate.
skills,Online:Apocryphal Gate,9.3.5,* Passage Between Worlds (morph): Fixed an issue where this morph’s synergy could be activated in some situations it should not have.
skills,Online:Apocryphal Gate,11.2.6,* Fixed an issue where this ability and its morphs would fail to generate Crux if you entered the portal while Sprinting.
skills,Online:Arcane Fighter,1.5.2,* Replaced the Arcane Fighter passive with Follow Up. This will increase your damage by 5%/10% for 7 seconds after activating a fully charged heavy attack.
skills,Online:Arcane Nova,3.0.5,"* Fixed an issue where ranking up a summon ability (Unstable Familiar, Summon Winged Twilight, Feral Guardian, etc.) would unsummon your pet."
skills,Online:Arcanist's Domain,9.3.5,* Zenas’ Empowering Disc (morph): Fixed an issue where the buffs granted by this ability would be removed from allies if the caster of the ability died.
skills,Online:Arcanist's Domain,10.0.5,* Arcanist Domain: Fixed an issue where this ability and its morphs could not be dispelled.
skills,Online:Arcanist's Domain,11.0.5,"* This ability and its morphs' Minor Buff effects now properly adhere to the standard 6 target cap. ** Reconstructive Domain: The healing from this morph will now sort and apply the heal to the lowest Health targets in the area, rather than having no sort and simply applying to the first 6 targets that entered the area."
skills,Online:Arctic Wind,4.0.5,* Increased the initial heal done by this ability and its morphs to 12% of your Max Health from 10%.
skills,Online:Arctic Wind,4.1.5,* Increased the initial heal from this ability and its morphs to 15% of your Max Health from 12%.
skills,Online:Arctic Wind,4.2.5,* Arctic Blast: This morph now fires a projectile that stuns the target in addition to healing you. It requires an enemy target to cast the ability. This ability also no longer deals damage over time based on your maximum health.
skills,Online:Arctic Wind,5.0.5,"* Increased the Heal over Time from this ability and its morphs to 3% of your Max Health, up from 2%. These abilities now properly rank up in healing with each rank, and their tooltips state the actual heal value. * Arctic Blast (morph): Increased the travel speed of the projectile so it's similar to Destructive Touch's speed. Also updated the tooltip to state it requires an enemy to cast. * Polar Wind (morph): Increased the radius to 12 meters from 8 meters for the allied heal."
skills,Online:Arctic Wind,5.1.5,"* Updated the healing from this ability and its morphs to happen faster and be focused more on the initial heal, rather than the heal over time. * The initial heal now scales off 25% of your Max Health, up from 15%. * The Heal over Time remains at 3% of your Max Health per tick, but happens every 1 second for 5 seconds instead of every 2 seconds for 10 seconds."
skills,Online:Arctic Wind,5.2.5,"* This ability and its morphs have regained the original function of Arctic Blast, and deal Frost Damage in a 6 meter area around the caster while the Heal over Time persists. This damage scales with your Max Magicka and Spell Damage, to prevent compounded power for tank builds. * Arctic Blast (morph): ** This morph no longer converts the ability into an awkward projectile stun. Instead, this ability has inherited Permafrost's old functionality, where enemies hit 3 times in rapid succession with the ability are stunned. This stun cannot be blocked."
skills,Online:Arctic Wind,7.0.5,* Reduced the base heal of this ability and its morphs by 20% and the Heal over Time from this ability and its morphs by approximately 17%.
skills,Online:Arctic Wind,8.0.5,"* Arctic Blast (morph): ** This morph now requires enemies to be damaged 5 times in order to be stunned, up from 3. ** Reduced the duration of the stun to 3 seconds, down from 4. ** Increased the duration of the stack counter to 3 seconds, up from 1. **Developer Comment: Right now, this ability is offering too much offensive nature for the Warden, allowing them to line up their burst perfectly with Scorch to remove counter play. By increasing the stack count required, there should be less of a guarantee with this combination and require more reactive play from the caster, while the increased duration of tracking helps also reduce the ease of counter play by backing off for 1 second from the Warden to completely avoid the stun."
skills,Online:Arctic Wind,8.1.5,"* This ability and the Polar Wind morph no longer deal damage over their duration. * The Healing over Time effects now tick once every 2 seconds over 10 seconds, rather than once every second over 5. * Increased the healing per tick to 6% of your Max Health, up from 2.5%. ** Polar Wind (morph): *** This morph now causes the initial heal and Heal over Time to target an additional ally, rather than only the initial heal. *** Increased the healing over time by 20%. ** Arctic Blast (morph): *** This morph now causes the initial heal to scale with your highest Offensive stats, rather than Max Health. *** This morph now causes the Heal over Time to be converted to Damage over Time. *** This morph no longer ranks up in cost reduction. *** This morph now stuns immediately upon cast, rather than requiring hitting the same target 5 times in succession. The stun is no longer unblockable. *** Increased the duration of this morph to 20 seconds, up from 10 seconds. *** Reduced the damage per tick by approximately 3%. *** Increased the chances of applying a status effect with this morph to 15%, up from 1% per tick. **Developer Comment: We're readjusting (again) the requirements and differentiations of these morphs to help improve their gameplay distinctions for different types of activities. The base ability and Polar Wind will now have their added functionality act closer to a Heal over Time ability, while Arctic Blast will be centered on allowing more offensive oriented Ice Wardens to gain access to extra damage and a long time requested on-demand stun ability."
skills,Online:Arctic Wind,8.2.5,"* Arctic Blast (morph): Removed the target cap from the damage of this morph, as the damage is no longer tied to stunning enemies."
skills,Online:Arctic Wind,9.0.5,"* Arctic Blast (morph): ** The stun from this morph now fires after a 2 second delay, rather than immediately. Recasting the ability before the delay completes will reset the delay timer. **Fixed an issue where the stun ignored line of sight rules."
skills,Online:Arctic Wind,10.1.5,"* Arctic Blast (morph): ** This morph now instantly deals damage equal to a normal area effect spammable attack, rather than healing you instantly. Instead, the healing happens if the ability failed to damage any enemies with the initial hit. The Damage over Time now only starts after the 2 second delay, rather than instantly. ** Reduced the Damage over Time by ~21% per tick, resulting in little to no changes in its total base damage dealt with the initial hit added. ** Reduced the healing from this ability by ~11%. ** Reduced the base chance to apply the Chilled Status effect to 10% per tick, down from 15%. The initial hit has a 25% chance to apply the Chilled status. ** Reduced the cost to 3780, down from 4320 *** Developer Comment: In this pass, we're tweaking how this ability functions to reduce some of its raw power to do damage, crowd control, and heal all at once. Now, the ability can be used to deal the same total damage over its duration, with more damage focused on an up-front hit - granting the Warden a class-based area effect spammable that it previously lacked. Additionally, we're changing the healing to be a conditional requirement rather than a guarantee, so the ability can act as a heal when you back away from the fight, rather than outright removing it.It is our hope that these changes still help the Warden class have access to powerful tools from their kit, without the overwhelming power they enabled in PvP situations."
skills,Online:Argonian Resistance,2.1.4,* Increased the maximum health bonus from this passive to 2/4/6 from 1/2/3.
skills,Online:Argonian Resistance,2.3.5,* Increased the maximum health bonus from this passive ability to 3/6/9% at Ranks I/II/III from 2/4/6%.
skills,Online:Argonian Resistance,4.0.5,* Updated this ability's tooltip to indicate it grants immunity to the Poisoned and Diseased status effects.
skills,Online:Argonian Resistance,4.3.5,* Gain 9% Max Health and 1485 Poison and Disease Resistance → Increases your Max Health by 1000 and your Disease Resistance by 2310. You are immune to the Diseased status effect.
skills,Online:Argonian Resistance,6.3.5,"* This passive no longer grants immunity to the Diseased status effect, and once again grants an equal amount of Poison Resistance."
skills,Online:Arrow Spray,1.3.3,* Eagle Eye: The tooltip for this item set no longer states that it increases the range of the ability Arrow Spray.
skills,Online:Arrow Spray,1.4.3,* Reduced the cost of this ability by approximately 10%. * Acid Spray: This ability no longer uses Spell Critical Strike.
skills,Online:Arrow Spray,1.5.2,* Fixed an issue where hitting a target with this ability wasn't removing the target's stealth effect. We also increased the area effect arc to better match the size of the effect. * Acid Spray: This ability now determines critical strikes based on the weapon critical rating instead of the spell critical rating. * Bombard: This ability now applies a snare after the immobilize ends.
skills,Online:Arrow Spray,2.7.5,* Adjusted the order of the Active Abilities in this skill line. They now unlock in the following order: ** Snipe ** Volley ** Magnum Shot ** Arrow Spray ** Poison Arrow
skills,Online:Arrow Spray,3.2.5,"* Increased the duration of the snare applied by this ability and its morphs to 6 seconds from 5 seconds. * Fixed an issue where some of the visual effects of this ability and its morphs were not aligned with the actual location of the damage cone. * Acid Spray: ** Increased the damage over time of this morph by approximately 65%. ** Increased the duration of the damage over time applied by this morph to 6 seconds from 5 seconds, causing it to tick for one additional instance of damage. * Bombard: Fixed an issue where the name of the debuff icon applied by this morph was incorrect."
skills,Online:Arrow Spray,4.0.5,* Acid Spray: Fixed an issue where the damage over time aspect of this morph could be reflected.
skills,Online:Arrow Spray,4.1.5,* Decreased the duration of the snare applied from this ability and its morphs to 4 seconds from 6 seconds.
skills,Online:Arrow Spray,4.2.5,* Acid Spray: Fixed an issue where the damage over time from this morph was breaking the invisibility of Shadow Cloak.
skills,Online:Arrow Spray,4.2.7,* The Damage over Time from Acid Spray can no longer proc Weapon Enchantments or poisons.
skills,Online:Arrow Spray,4.3.5,"* Removed the Snare from this ability and its morphs, but increased their damage by approximately 27% and reduced the costs by approximately 13%. * Acid Spray (morph): Increased the Damage over Time by approximately 40%, but added a 1 second delay between the initial hit and the first tick. The ability now lasts 4 seconds in total. * Bombard (morph): This morph retains the Snare and Immobilize, but ensures that both apply to the enemy, rather than only Snaring enemies who were initially affected by the Immobilize. Duration of the Immobilize now lasts up to 4 seconds, up from 2."
skills,Online:Arrow Spray,7.3.5,"* Bombard (morph): ** This morph no longer also snares targets. ** This morph now reduces its cost as the ability ranks up, rather than increasing the duration of the negative effects on it. The immobilize remains to be 4 seconds as it was at rank 4."
skills,Online:Arrow Spray,9.0.5,"* Acid Spray (morph): **Increased the damage per tick of the Damage over Time effect of this morph by approximately 1%. **The Damage over Time from this morph will now always apply to the target, rather than only when they do not already have the DoT active. **Increased the duration to 5 seconds, up from 4."
skills,Online:Ash Cloud,2.3.5,* Eruption: Increased the initial eruption damage from this morph by 22%.
skills,Online:Ash Cloud,2.6.4,"* Eclipse: Fixed an issue where this ability and the Total Dark morph could reflect snares from ground-placed ticking abilities, such as Caltrops or Ash Cloud, and cause you to move at extremely high speeds."
skills,Online:Ash Cloud,3.1.5,"* In an effort to reduce the visual effect noise in group combat situations, we've hidden most visual effects from persistent damaging area of effect abilities cast by your allies. Area of effect abilities that have a synergy, healing, or defensive component that can benefit you will still be visible, and area of effect abilities cast by enemies will also still be visible."
skills,Online:Ash Cloud,3.3.5,"* Fixed an issue where this ability and its morphs could occasionally expire too early, causing you to lose out on the final tick of damage."
skills,Online:Ash Cloud,4.0.5,* This ability now heals you and your allies in the area and snares enemies; note the Eruption morph remains unchanged. * Cinder Storm: This morph now increases the healing done.
skills,Online:Ash Cloud,4.2.5,"* Increased the healing done by approximately 50%. * Cinder Storm: Increased the healing done by approximately 60%. * Eruption: Increased the initial damage done by approximately 15%, and the damage over time by approximately 70%. **Developer Comment: With these changes, Ash Cloud and its morphs will now provide a much larger impact than previously, and will be more in line with other class based area of effect duration abilities, such as Lightning Splash."
skills,Online:Ash Cloud,5.0.5,"* Increased healing of this ability by approximately 15%. ** Eruption (morph): Adjusted this ability to follow our standardized Damage over Time ruleset. Added a 1 second delay between the initial hit and the first damage over time tick, and increased the damage per tick by approximately 9% to make up for the loss of the first tick. Also increased damage of initial hit by approximately 35%. ** Cinder Storm (morph): Increased healing of this ability by approximately 4%."
skills,Online:Ash Cloud,5.1.5,"* Decreased the healing of this ability and its morphs by approximately 30%. * Increased the cost of all morphs to 5670 from 4590. * Cinder Storm (morph): This morph is now 50% stronger than the base ability, which will result in an approximate 1% heal reduction comparatively. * Eruption (morph): Reduced the damage over time by approximately 30% per tick."
skills,Online:Ash Cloud,7.2.5,"* This ability and its morphs now cost 378 Magicka every second while active, rather than having a MASSIVE upfront cost of 5670 - keeping their cost per second relatively the same, while removing the penalty of having to recast the ability aside from losing a global cooldown. * These abilities now tick 15 times over their duration, down from 16, while their total damage or healing per cast remains relatively the same. * These abilities now last 15 seconds at base, rather than 12. * These abilities now rank up in 1.1% healing or damage done per rank, rather than 1 second. ** Eruption (morph): This morph's initial hit damage now has a 10 second cooldown to prevent it from turning into an incredibly low costing AoE spammable."
skills,Online:Ash Cloud,8.1.5,"*This ability and Cinder Storm now tick 1 extra time over their duration. *Increased the cost per tick to 351, up from 278. **Eruption (morph): ***Reduced the cost per tick of this morph to 270, down from 278, to ensure it costs a similar amount of other DoTs. ***Reduced the damage per tick by approximately 29%."
skills,Online:Ash Cloud,11.3.4,* Combat Refresh Overhaul. Dragonknight Functionality and Balance Update.
skills,Online:Ashlander,2.5.5,"* Ambidexterity: This passive ability has been renamed to ""Ashlander."" Also, in addition to the current benefit it now reduces your damage taken from lava by 50%."
skills,Online:Aspect Improvement,1.1.2,* Updated the icons for Enchanting passive skills Aspect Improvement and Potency Improvement to more closely match their associated runestone shapes.
skills,Online:Aspect of Terror,1.3.3,* Manifestation of Terror: The wraith summoned by using this ability no longer has collision.
skills,Online:Aspect of Terror,1.5.2,* Mass Hysteria: This ability now displays a snare graphic on affected targets.
skills,Online:Aspect of Terror,1.6.5,"* Added a new animation to the following abilities to better communicate that you are feared: ** Aspect of Terror ** Werewolf Transformation ** Roar and its Morphs * Slightly reduced the cost of this ability. * Mass Hysteria: This ability now hits up to three targets. These targets will be affected by fear for three seconds, then affected by Minor Maim debuff and have their movement speed reduced for 4 seconds."
skills,Online:Aspect of Terror,2.3.5,"* Mass Hysteria's movement speed snare effect is now a baseline effect for Aspect of Terror. Enemies will be snared by 50% for 4 seconds after the fear ends. ** Note: The Mass Hysteria morph will continue to apply the Minor Maim debuff to the target when the fear ends, and will let you fear an additional target as a morph effect. * Manifestation of Terror (Aspect of Terror morph): ** This morph now places two traps when it is used - one is placed at your current location, and another is placed at a ground-placed reticle location up to 22 meters away. ** The traps created by this morph are now visible to enemies. ** Reduced the amount of targets feared by each trap to one target from six targets."
skills,Online:Aspect of Terror,2.7.5,* Adjusted the order of the Active Abilities in this skill line. They now unlock in the following order: ** Veiled Strike ** Shadow Cloak ** Path of Darkness ** Aspect of Terror ** Summon Shade ***Developer Comment: The goal of this change was to make sure early skills in the trees are simpler and more damage focused. * Manifestation of Terror (Aspect of Terror morph): ** The traps summoned by this morph are no longer visible to enemy player characters. ** The traps summoned by this morph can now fear two enemies instead of one.
skills,Online:Aspect of Terror,3.2.5,"* Fixed an issue with this ability and its morphs where the visual effects would not appear if a target with CC-immunity was within the area of effect. * Manifestation of Terror: This morph now fears up to 6 enemies per trap, up from 2, and the trap no longer triggers if a crowd control-immune enemy walks over it. Enemies can also now see an initial projectile marking the trap's location. * Mass Hysteria (Aspect of Terror morph): This morph no longer fears an additional enemy, but only fears the same amount of enemies as the base ability (2 enemies). It continues to inflict Minor Maim as a morph effect. **Developer Notes: We wanted to distinguish the gameplay between Aspect of Terror's morphs. Mass Hysteria grants an instant fear and strong debuff, while Aspect of Terror is more delayed but affects more targets.::Because Aspect of Terror is now more powerful against groups, we've made the initial projectile visible to help add counterplay to the ability."
skills,Online:Aspect of Terror,4.0.5,"* Manifestation of Terror: ** Reduced the arming time of the traps created by this morph to 2 seconds from 3 seconds. ** Fixed an issue where the traps created by this morph would not trigger if an enemy walked over the trap while they were blocking. The traps will now always trigger if an enemy that is able to be feared walks over them, and will not trigger if the enemy is unable to be feared."
skills,Online:Aspect of Terror,4.1.5,* Decreased the duration of the snare from this ability and its morphs to 2 seconds from 4 seconds.
skills,Online:Aspect of Terror,5.0.5,"* This ability and its morphs no longer snare the target after the fear ends. Aspect of Terror now fears up to 3 enemies, up from 2. ** Mass Hysteria (morph): This morph no longer applies Minor Maim to the targets affected. Also increased the number of feared targets to 6 enemies from 2."
skills,Online:Aspect of Terror,5.2.5,* Fixed an issue where this ability and its morphs would fail to display effects if animation canceled.
skills,Online:Aspect of Terror,8.1.5,"* This ability and its morphs now apply Major Cowardice to enemies hit for 10 seconds. Increased the target cap of this ability to 6, up from 3. ** Mass Hysteria (morph): This morph now removes the target cap from the ability. ** Manifestation of Terror (morph): *** This morph no longer fires 2 traps and instead fires 1 trap at your targeted location, as it was allowing you to effectively double the target cap and step on the morph distinction of Mass Hysteria. *** Reduced the duration of the trap to 20 seconds, down from 1 minute. *** Reduced the duration of the fear to match the base ability. *** Reduced the cost of this morph to 3240 at rank 4, down from 3780. *** This morph no longer summons a pet for a brief second to fear the target, and now instead immediately fears the target, to reduce situations where it could fail to go off."
skills,Online:Assassin's Blade,1.2.3,* This ability's visual effects are now easier to see.
skills,Online:Assassin's Blade,2.4.5,* Killer's Blade: This morph now deals Disease Damage instead of Magic Damage.
skills,Online:Assassin's Blade,2.7.5,"* Impale: Increased the range of this morph to 28 meters at Rank IV from 18 meters. ** Developer Comments: Increasing the range on this morph to 28 meters matches the range of other Magicka Nightblade damage abilities such as Strife or Cripple, and makes this morph work cohesively with a ranged ability kit."
skills,Online:Assassin's Blade,3.1.5,"* The bonus damage dealt by execute abilities, such as Assassin's Blade or Reverse Slash, now works more intuitively with global damage done bonuses, such as Mighty or Minor/Major Berserk. Execute bonus damage is now multiplicative with global damage bonuses instead of additive."
skills,Online:Assassin's Blade,3.3.5,* The damage from this ability and its morphs can now be blocked and dodged.
skills,Online:Assassin's Blade,4.0.5,"* This ability and its morphs now deal their bonus execute damage when the target is below 25% Health, down from 26% Health."
skills,Online:Assassin's Blade,4.2.5,"* Increased the cost of this ability and its morphs by approximately 30%. ** Developer Comment: This execute was significantly cheaper than any other in the game, and was part of the reason that Nightblade DPS was higher than intended."
skills,Online:Assassin's Blade,7.3.5,* Killer's Blade (morph): Fixed an issue where this ability could fail to be recognized as a class or execute ability in some rare cases.
skills,Online:Assassin's Blade,8.1.5,"* Killer's Blade (morph): ** This morph now causes the execute scaling to change to a linear increase of up to 400% damage done to targets under 50% Health, rather than the static 300% damage done to targets below 25% Health. ** The heal from this morph now scales off of your highest offensive stats, rather than Max Health. * Impale (morph): This morph now also increases the execute scaling to 330%, up from 300%."
skills,Online:Atoning Spirit,3.0.5,"* Fixed an issue where ranking up a summon ability (Unstable Familiar, Summon Winged Twilight, Feral Guardian, etc.) would unsummon your pet."
skills,Online:Azurah's Embrace,3.0.5,"* Fixed an issue where ranking up a summon ability (Unstable Familiar, Summon Winged Twilight, Feral Guardian, etc.) would unsummon your pet."
skills,Online:Backlash,1.3.3,* Fixed an issue where Backlash Rank III wasn't dealing any damage.
skills,Online:Backlash,1.4.3,* Fixed an issue where you could stack multiple copies of Purifying Light or Power of the Light (both Backlash morphs) at the same time.
skills,Online:Backlash,1.6.5,"* Backlash now ignores the damage caused by other player characters using Backlash. Multiple casters can now all stack Backlash on the same target. * Backlash and Purifying Light morph damage caps are now derived from your maximum magicka. * Removed the cast time for this ability. * Enduring Rays: This passive no longer increases the duration of Backlash. * Power of the Light: This ability now applies the Minor Fracture debuff to your target, and the damage caps are derived from your maximum stamina."
skills,Online:Backlash,2.3.5,"* Increased the maximum damage limit for this ability and its morphs by 25%, but decreased their damage stored amount by 66%. In addition, this ability and its morphs can no longer be reflected."
skills,Online:Backlash,2.4.5,* Power of the Light: This morph now deals Physical Damage instead of Magic Damage.
skills,Online:Backlash,2.7.5,"* This ability and its morphs now deal moderate damage when they are initially applied to the enemy. This damage does not contribute to the copied damage delivered at the end of the ability's duration. * Increased the amount of copied damage by this ability and its morphs to 20% from 18%. * Fixed an issue where damage that was absorbed by a damage shield was not being copied. * The initial damage and final damage dealt by this ability and its morphs can no longer be blocked. * The final damage dealt by this ability and its morphs can no longer critically strike, and is no longer reduced from ON:Battle Spirit (note that the initial damage and maximum damage limit are both still reduced by 50% from Battle Spirit). * The copied damage from this ability and its morphs is now increased by 50% against other player characters, reduced from 100%. **Developer Comment: We want to see Backlash as a burst damage ability that you can use in solo PvE or PvP content. To accomplish this, we increased the amount of copied damage. This increase is higher in Cyrodiil to account for both Battle Spirit and the play styles of enemies; enemy players are much harder to hit with 5 seconds of unhindered attacks.::Making the damage unblockable ensures it behaves consistently when compared to Daedric Curse. Both those abilities are similar in functionality and how they thematically apply their damage. This also ensures that Backlash is not double penalized by block, since some of the damage it copies will likely be blocked or avoided by enemies seeking to minimize Backlash's final attack. Hitting the maximum damage limit against another player now requires a significant amount of uninhibited damage from the Templar, and enemies will have more counterplay in reducing Backlash's burst damage if they actively mitigate or avoid damage.::Changing Backlash's final damage so it no longer critically strikes prevents the Templar from reaching the damage cap too easily with a high Critical Strike rating. * Power of the Light: Fixed an issue where this morph's damage was being mitigated on the target's Spell Resistance instead of their Physical Resistance."
skills,Online:Backlash,3.0.5,* Fixed an issue where the final damage dealt by this ability and its morphs was not respecting its damage limit when used against damage shields. * Power of the Light: Fixed an issue where the damage from this morph could be dodged. * Purifying Light: Fixed an issue where the heal from this morph could not critically strike.
skills,Online:Backlash,3.3.5,* Fixed an issue where multiple Templars using this ability and its morphs against the same target would not deal the full amount of intended damage.
skills,Online:Backlash,4.2.5,* Increased the cost of this ability and its morphs by approximately 5%.
skills,Online:Backlash,5.0.5,"* Power of the Light: Adjusted the ability rank up for this morph so it no longer gains damage on the initial hit, but instead increases the duration of Minor Fracture and Breach applied, since that is the focus of the morph. This will result in approximately a 3% damage loss on the initial hit, but the duration of the Minor Fracture and Breach will last 9 seconds, up from 6 seconds at their final rank."
skills,Online:Backlash,5.1.5,* Purifying Light: Decreased the healing per tick by approximately 29%.
skills,Online:Backlash,5.2.5,"* This ability and its morphs' final explosion can now Critically Strike. Boom baby. * This ability and its morphs will now only store damage dealt from the caster of the ability, rather than anyone who hits the afflicted target. This was done to offset some of the staggering power (of the Light) the ability could bring in group situations, where low damage builds could apply the ability and generate free real estate from their allies' contribution. Now, you have to put in the fervor to get the full power of these abilities. * Fixed an issue where these abilities would conflict with one another if more than one player cast the same morph of the ability on a target. * Purifying Light (morph): ** The Heal over Time from this ability will now, as the tooltip insinuates, always apply after the effect ends via any means such as being purged, being recast, or ending naturally. The light cannot be stopped, and shall purify all! This also means that Purifying Light will count for 1 less negative effect from purging."
skills,Online:Backlash,6.1.5,"*Fixed an issue where this ability and its morphs stored much more damage done to the target than the tooltip stated. This will make the ability require more damage, particularly in PvP, in order to reach its maximum damage. *Fixed an issue where these abilities did not reset their stored damage values after detonating in some cases."
skills,Online:Backlash,7.1.5,"* This ability and its morphs now retain 50% of the damage you dealt to the target, up from 20%, to help be more reliable in Player versus Player encounters. * The final explosion now scales off your Spell or Weapon Damage depending on the morph, rather than Magicka or Stamina. The final explosion now also scales with both positive and negative bonuses, rather than only negative ones. Haha Backlash go boom."
skills,Online:Backlash,7.2.5,"* This ability and its morphs' visual effects are now visible to the caster and enemies, rather than anyone."
skills,Online:Backlash,8.0.5,"* Backlash: Increased the cost of this ability and the Purifying Light morph to 2160, up from 2000. ** Power of the Light (morph): Reduced the cost of this morph to 1337, down from 1700."
skills,Online:Backlash,8.1.5,"* Purifying Light (morph): ** This morph's heal now ticks every 2 seconds over 10 seconds, rather than once every second over 6 seconds. ** Reduced the healing per tick by approximately 12%."
skills,Online:Backlash,8.2.5,"*The final damage now deals a guaranteed amount of damage based on your highest offensive stats, rather than dealing damage based on the damage it took from you over the duration and with a cap based on your Weapon or Spell Damage. *The final damage deals approximately 10% more damage than the initial hit at base and increases up to an additional 200% to reach similar values of power seen before. *The final damage now takes more overall damage to reach, to make the payout less reliably reached in PvP scenarios. *These abilities are now once again limited to having one active at a time, to fix numerous exploits and bugs with the ability. This means if you cast the ability on another target while it is active, it will remove the previous cast. *Power of the Light (morph): **Increased the duration of Minor Breach from this morph to 7-10 seconds, up from 6-9. This effect is also no longer tracked over the base ability with the Ability Timers option enabled, to help you keep track of the core ability instead."
skills,Online:Backlash,8.3.5,"* Fixed an issue where this ability and the Purifying Light morph were considered magical melee damage, rather than magical ranged damage. Note that Power of the Light was already considered martial ranged damage and has not changed."
skills,Online:Backlash,9.0.5,"*This ability and its morphs now need 60% less total damage needed to reach their final values. **Developer Comment: We're lowering the amount of damage needed for these abilities to reach their big boom numbers, as they needed values that were essentially impossible to achieve in PvP to get to their maximum power. The damage required will still be challenging to reach in PvP environments, and in most cases where opponents are taking countermeasures to deny or mitigate the applier's pressure, the damage will still not reach the maximum amount; we are doing this intentionally so Templars retain a weakness in some capacity. We'll continue to monitor this value and adjust accordingly, if necessary, after we get more data from live servers with how this change interacts with the other buffs the class received in this update."
skills,Online:Backlash,9.3.5,"* Power of the Light (morph): This morph now always applies the Sundered status effect when it deals damage (both the initial and explosion), rather than applying a unique 10 second form of Minor Breach, as Sundered will cover Minor Breach for a duration between. Note this does mean Minor Breach can fall off for a very short period of time if this is your only source of triggering the effect."
skills,Online:Backlash,11.0.5,* The final hit of this ability and its morphs no longer miss some enemies.
skills,Online:Balanced Blade,1.3.3,"* Fixed an issue where Ranks I-II were named inconsistently for this ability, and were using ""1"" and ""2"" at the end of their titles."
skills,Online:Balanced Blade,3.0.5,"* Stamina abilities are now universally 15% cheaper than their Magicka counterparts, originally being 20% cheaper. ** This includes class abilities that morph into Stamina abilities, in addition to the Weapon Skill Line passive abilities which reduce the cost of abilities in that Skill Line (Balanced Blade, Controlled Fury, etc.)"
skills,Online:Balanced Warrior,1.6.5,"* Increased the weapon damage from this passive to 3% at Rank I, and 6% at Rank II."
skills,Online:Balanced Warrior,7.1.5,"* The following passives and player abilities now grant hybrid stats to help improve their viability and accessibility to off-meta builds, because we love them too: ** Agility: Now grants equal Weapon and Spell Damage. ** Balanced Warrior: *** Now grants 660/1320 Armor, rather than 1320/2640 Spell Resistance. *** Now grants equal Weapon and Spell Damage values. ** Brutal Carange's bonus: Now grants equal Weapon and Spell Damage values. ** Concentration: Now grants equal Offensive Penetration. ** Dexterity: Now increases Critical Damage and Healing Done per piece worn, up to 2% at the final rank, rather than Weapon Critical (as Prodigy now grants Weapon Critical as well) ** Flawless Dawnbreaker's bonus: Now grants equal Weapon and Spell Damage values. ** Prodigy: Now grants equal Critical Chance. ** Savage Strength: Now grants equal Weapon and Spell Damage values. ** Scaled Armor: Now grants 825/1650 Armor rather than 1320/3300 Spell Resistance. ** Slayer: Now grants equal Weapon and Spell Damage values."
skills,Online:Baneslayer,3.0.5,"* Fixed an issue where ranking up a summon ability (Unstable Familiar, Summon Winged Twilight, Feral Guardian, etc.) would unsummon your pet."
skills,Online:Banish the Wicked,2.4.5,"* This passive ability now grants Ultimate whenever you kill Werewolves, as well as Undead and Daedra."
skills,Online:Banish the Wicked,6.0.5,* Fixed numerous issues with passives such as Banish the Wicked or Expert Hunter failing to recognize some enemies as Werewolves in the Wolfhunter DLC dungeons.
skills,Online:Banish the Wicked,6.3.5,"* This passive now grants you 1/2/3 Ultimate whenever you kill an enemy while you have a Fighter's Guild ability slotted, rather than restoring 3/6/9 Ultimate whenever you kill an Undead, Daedra, or Werewolf."
skills,Online:Barrier,1.2.3,* Replenishing Barrier: We have made this ability's tooltip is clearer-it now lists the correct amount of magicka restored.
skills,Online:Barrier,1.3.4,* Fixed an issue where the damage shield could be stacked multiple times.
skills,Online:Barrier,1.4.3,* Different ranks of this ability will no longer stack.
skills,Online:Barrier,1.6.5,"* Fixed an issue so the effectiveness of both the shield and heal now scale off of your maximum magicka or maximum stamina. * Reviving Barrier: This ability now ticks every 2 seconds instead of every 1.5 seconds, and the healing component of this ability will now remain even after the shield has been destroyed."
skills,Online:Barrier,2.2.4,* Reviving Barrier: Fixed an issue with the timing of the visual effects for this ability.
skills,Online:Barrier,2.3.5,"* Reduced the amount of targets this ability and its morphs affect to a maximum of 6 targets, previously 20 targets. * Reduced the cost of this ability and its morphs to 200 Ultimate from 250 Ultimate. * This ability and its morphs will now place Damage Shields on low-health targets that are not already shielded by Barrier, instead of targets that are closest to the caster. * Replenishing Barrier: Increased the Ultimate restoration from this morph to 6 Ultimate per ward that dissolves from 4."
skills,Online:Barrier,5.1.5,"* This ability and its morphs will now affect up to 12 grouped allies, instead of 6 allies. * Reviving Barrier: ** Reduced the heal per tick from this ability by approximately 11%. ** Reduced the duration to 15 seconds from 30 seconds, but increased the frequency of the tick to 1 second from 1.5 seconds. ** Added a 1 second delay to the first heal tick. * Replenishing Barrier: ** The Magicka restored from this ability's conditional requirement now restores a flat amount of Magicka, rather than a percentage of your Max Magicka. Restore is now 1000 at Rank IV. ** Reduced the amount of Ultimate restored per shield dissolve to 4 from 6. Note since this ability can now affect more targets, the total restore of both the Magicka and Ultimate can potentially be higher."
skills,Online:Barrier,5.3.4,* Fixed an issue where the visual effects for the shield would fail to persist if the original shield was refreshed.
skills,Online:Barrier,6.0.5,"* Increased the cost of this Ultimate and its morphs to 250, up from 200, to ensure it meets standards with other Ultimates that apply to 12 targets. ** Replenishing Barrier (morph): Fixed an issue where this ability could apply to non-grouped targets."
skills,Online:Basalt Barrier,3.0.5,"* Fixed an issue where ranking up a summon ability (Unstable Familiar, Summon Winged Twilight, Feral Guardian, etc.) would unsummon your pet."
skills,Online:Bashing Bulwark,3.0.5,"* Fixed an issue where ranking up a summon ability (Unstable Familiar, Summon Winged Twilight, Feral Guardian, etc.) would unsummon your pet."
skills,Online:Bastion of Light,12.0.0,"*This passive causes you to heal for 8% of your Max Health every second that Sacred Ground is active. If you are at full Health after the heal, you generate 2 Ultimate while in combat. Sacred Ground will also be able to activate while you are inside the area of your Nova or Spear Shards, or while Radial Sweep or Solar Barrage are active."
skills,Online:Bat Swarm,1.0.7,* Fixed an issue with the ability Bat Swarm so it will no longer stack with itself. It will instead refresh if re-cast.
skills,Online:Bat Swarm,1.2.3,* This ability's tooltip now matches the ability's actual duration.
skills,Online:Bat Swarm,1.4.3,* Shadow Cloak: This ability is no longer removed by the following ticking damage abilities. ** Agony ** Bat Swarm ** Caltrops ** Cripple ** Entropy ** Fire Rune ** Necrotic Orb ** Path of Darkness ** Soul Tether ** Trap Beast ** Volley ** Wall of Elements ** All elemental procs
skills,Online:Bat Swarm,1.5.2,* Devouring Swarm: Reduced the healing on this ability by 30%.
skills,Online:Bat Swarm,2.7.5,"* Clouding Swarm: This morph no longer causes your character to pulse invisibility every second it is active. Instead, activating the swarm now allows you use the ability again to instantly teleport to an enemy up to 22 meters away and deal high damage. This teleport can be used as many times as possible within the swarm's duration."
skills,Online:Bat Swarm,3.3.5,* Clouding Swarm: You can no longer cast the Materialize attack from this morph while in midair.
skills,Online:Bat Swarm,5.1.5,"* Reduced the cost of this Ultimate to 250 from 275. * Increased the duration of this ability and its morphs to 7 seconds from 5 seconds. * Increased the damage dealt of the damage over time by approximately 20% per tick. * Devouring Swarm: ** Increased the base cost of this Ultimate to 250 from 200. ** The heal from this ability has been brought into standards, which will result in no real set % change in power due to the previous version having several issues with scaling. The Weapon Damage scaling of this ability was approximately 800% weaker than the Spell Damage scaling, while the Stamina scaling was 1500% weaker than the Magicka scaling. The heal will now scale for half of the damage's base coefficient (note this does not mean the heal is tethered to half of the damage dealt). * Clouding Swarm: ** Increased the cost of this Ultimate to 250 from 200. ** Reduced the damage of Clouding Swarm's activate, Materialize, by approximately 6% per hit. ** Clouding Swarm's Damage over Time will no longer rank up in damage, since Materialize already did. Note that due to the increase in duration of the base ability, Materialize will also be able to activated two additional times."
skills,Online:Battle Resurrection,1.1.2,"* Fixed an issue where the Battle Resurrection was improperly usable outside of Cyrodiil. * Reduced Battle Resurrection's Cast Speed Reduction passive. * Those who have spent Skill Points in the Battle Resurrection passive will have those points returned to their overall skill point pool. You may place those Skill Points back in this ability if you wish, or invest them elsewhere."
skills,Online:Battle Resurrection,2.3.5,* Fixed an issue where this passive ability would not function inside of Imperial City or the Imperial Sewers.
skills,Online:Battle Resurrection,2.5.5,* Fixed an issue where this passive was functioning inside the Imperial City Prison and White-Gold Tower dungeons.
skills,Online:Battle Roar,2.1.4,* Adjusted the scaling for combat resources to be based off of that resource instead of the maximum Magicka for all of them.
skills,Online:Battle Roar,2.3.5,* Fixed an issue where placing points into this passive ability would cause the Synergizer Champion star to stop working.
skills,Online:Battle Roar,2.7.5,"* Significantly revised this passive ability's tooltip to more accurately describe the values of Health, Magicka, and Stamina it restores based on the Ultimate's cost. ** Note that decimal values will be truncated from the tooltip, so values restored may be slightly higher than described."
skills,Online:Battle Roar,3.0.5,"* This passive ability now restores an equal amount of Health, Magicka, and Stamina when you use an Ultimate ability, and the amounts are now based on your character level instead of your Max Resource(s). **Developer Comments: This will be a buff for each particular resource if your maximum is below 26,000, and a reduction if it is above. This will generally result in a buff to overall resources restored, but a reduction to the specific resource you are stacking."
skills,Online:Battle Roar,7.2.5,"* This passive now restores 25/50 Health, Magicka, and Stamina per Ultimate consumed, rather than 23/46 Health, Magicka, and Stamina per the Ultimate's cost. **This change should help even out your sustain when sitting on an Ultimate cast, and be less punishing when doing such."
skills,Online:Battle Roar,11.0.5,"* This passive now restores 18/37 Health, Magicka, and Stamina per Ultimate spent, down from 25/50."
skills,Online:Battle Roar,11.3.4,* Combat Refresh Overhaul. Dragonknight Functionality and Balance Update.
skills,Online:Battle Rush,1.1.2,"* Increased the duration of this ability's stamina recovery and decreased the recovery amount. The total amount of stamina recovered will generally be slighter higher than before, and less prone to being reduced by hitting diminishing returns."
skills,Online:Battle Rush,1.2.3,* Corrected a typo in this passive ability's tooltip.
skills,Online:Battlefield Mobility,1.5.2,* Increased this ability's speed bonus from 25%/50% to 30%/60%.
skills,Online:Battlefield Mobility,5.3.4,* This passive now more accurately describes what it does.
skills,Online:Beam of Reproach,3.0.5,"* Fixed an issue where ranking up a summon ability (Unstable Familiar, Summon Winged Twilight, Feral Guardian, etc.) would unsummon your pet."
skills,Online:Berserker Strike,2.6.4,"* New Weapon Ultimates have been added to the game. Each Weapon skill line now has one Ultimate, and each Ultimate can be obtained by reaching Rank 50 in its respective Weapon skill line. Weapon Ultimates can be morphed as well!"
skills,Online:Berserker Strike,2.6.7,"* Fixed an issue where this ability and its morphs did not work with various item set bonuses, such as Sword-Singer or Shadow of the Red Mountain."
skills,Online:Berserker Strike,5.0.5,* Berserker Rage: Fixed an issue where the CC immunity granted from this ability wasn't granting immunity to interrupts.
skills,Online:Berserker Strike,5.1.5,"* This ability and its morphs will now deal damage in a 5 meter radius if the initial hit successfully hits. Note the initial hit can still be dodged, since the initial attack is not an AoE. * Onslaught: This morph no longer refunds Ultimate cost if you gain a killing blow with it. Instead, it converts the Physical and Spell Resistance into Physical and Spell Penetration for your Direct Damage attacks, and increases the duration from 8 seconds to a maximum of 12 seconds. It also no longer ranks up in 1.1% damage per rank."
skills,Online:Berserker Strike,5.2.5,"* Onslaught (morph): ** This morph now grants penetration equal to 85% of the Resistances ignore on the initial hit at Rank I, which increases to 100% at Rank IV, rather than 100% at all ranks. ** Decreased the duration to 5 seconds from 9. ** This morph no longer ranks up in duration. *** Developer Comment: These changes were done to ensure you still gain a very powerful effect to enable your playstyle, but the lower duration requires you to properly capitalize on the time period by going aggressive, while enemies can use the time to attempt to thwart this by utilizing CC, movement abilities, or retaliating."
skills,Online:Berserker Strike,5.3.4,* Fixed an issue where this ability and its morphs couldn't proc the Soul Lock passive. * Reduced the damage done by this ability and its morphs by approximately 16% to better account for the fact that it also ignores mitigation. * Berserker Rage (morph): Fixed an issue where this ability did not grant immunity to snares and immobilizes.
skills,Online:Berserker Strike,6.2.5,* Fixed an issue where this Ultimate and morphs' camera shake when striking multiple targets would make you experience a brief but violent earthquake. The camera shake is now the same despite how many enemies you hit and is much more tame.
skills,Online:Berserker Strike,7.1.5,* Onslaught (morph): Fixed an issue where the penetration check on direct damage for this morph was not consistent with other sources.
skills,Online:Betty Netch (skill),3.2.5,* Reduced the intensity of the visual effects from this ability and its morphs. * The beam cast by the netch summoned from this ability and its morphs will now be hidden if your character is sneaking or invisible. * Blue Betty: Fixed an issue where this morph was not removing a negative effect from you if you had more than one negative effect on you.
skills,Online:Betty Netch (skill),4.2.5,* Increased the resources restored by this ability and its morphs by approximately 40%. **Developer Comment: This ability now restores the same resource per second of other abilities such as Channeled Focus. * Fixed an issue where the beam visual effects would not display if you recast the ability or its morphs.
skills,Online:Betty Netch (skill),5.2.5,"* This ability and its morphs now grant Major Brutality and Sorcery at base, but the base ability no longer restores Magicka every second while active. * These abilities now remove 1 negative effect from you every 5 seconds. * Reduced the duration to 19 seconds from 22 seconds on the base ability. * Blue Betty Netch (morph): ** This morph reinstates the Magicka restore functionality. ** Reduced the final duration to 25 seconds, down from 27 seconds. * Bull Netch (morph): ** This morph reinstates the Stamina restore functionality. ** Reduced the final duration to 25 seconds, down from 27 seconds."
skills,Online:Betty Netch (skill),10.0.5,"* This ability and its morphs now also increase your damage done by 5% for 5 seconds if no negative effect was removed from the ability. **Developer Comment: In order to help the Warden's damage production without rocking the boat too much in PvP (where they already are plenty strong), we're adding a conditional bonus that will mainly activate in PvE. We are also trying to add more sources of damage to their damage focused skill line, Animal Companions, so we can slowly look at shifting passive damage, such as Piercing Cold and the density of Glacial Presence, out of their tanking focused skill line. To clear up some of the confusion and concern we saw during PTS testing, we are NOT looking to remove morph diversity that helps frost mage DPS shine, like Arctic Blast or Winter’s Revenge. Our main concerns are on how much passive damage frost Wardens rely on to do reliable damage, and how it is allowing tankier Wardens to often out-damage others in PvP with little to no draw backs."
skills,Online:Biting Trap,3.0.5,"* Fixed an issue where ranking up a summon ability (Unstable Familiar, Summon Winged Twilight, Feral Guardian, etc.) would unsummon your pet."
skills,Online:Bitter Harvest,5.1.5,"* The heal from this ability and its morphs is now properly synced up with the essence you absorb, resulting in less of a delay. * Increased the healing per tick by approximately 11%."
skills,Online:Bitter Harvest,5.3.4,* Deaden Pain (morph): Fixed an issue where the Major Protection from this ability was not extending if you had Jorvuld's Guidance or other duration extending bonuses.
skills,Online:Bitter Harvest,9.1.5,"* Deaden Pain (morph): This morph now also increases the duration of the effects it grants to 4 seconds per corpse consumed, up from 2. ** Developer Comment: Currently, this morph is a bit further behind Necrotic Potency in power and engagement. In efforts to try and help the tankier aspect of the ability shine, we're extending the duration to offer more healing and Major Protection uptime."
skills,Online:Blade Cloak,1.6.5,"* Sparks: ** This ability has been removed, and replaced with a new ability: Blade Cloak. ** When activated, Blade Cloak reduces area of effect damage taken by the caster by 20% for 15 seconds. Whenever the caster takes area of effect damage, this ability will deal damage to all nearby enemies. Blade Cloak can only fire once every 3 seconds. ** Quick Cloak: This ability provides the buff Major Expedition for 5 seconds. ** Deadly Cloak: When cast, this ability allows you to throw a dagger that deals high damage. This ability can only be used once, and only within ten seconds of the cast."
skills,Online:Blade Cloak,2.4.5,"* Fixed an issue where this ability and its morphs were not dealing their final tick of damage; they will now tick 6 times over their full duration instead of just 5 times. * Deadly Cloak: Redesigned this morph so it no longer grants a thrown knife on activation; instead, it increases the area of effect damage by 70%."
skills,Online:Blade Cloak,2.7.5,"* Fixed an issue where some weapon abilities (Blade Cloak, Volley, and Wall of Elements) could not proc Weapon Enchantments."
skills,Online:Blade Cloak,3.0.5,* Adjusted the order of the Active Abilities in this skill line. They now unlock in the following order: ** Flurry ** Twin Slashes ** Whirlwind ** Blade Cloak ** Hidden Blade
skills,Online:Blade Cloak,4.0.5,* Deadly Cloak: Reduced the damage done by this morph by approximately 15%.
skills,Online:Blade Cloak,4.2.5,* This ability and its morphs now grant Major Evasion. * Quick Cloak: This ability now grants Major Expedition for a maximum of 4 seconds instead of 5 seconds.
skills,Online:Blade Cloak,5.0.5,"* Fixed an issue with this ability and its morphs where you could fail to get the damage or any other bonuses provided. * You will now always get the pulsing damage and any other bonuses, even if the Major Evasion fails to apply due to having a longer duration bonus existing. * Fixed an issue where these abilities were being treated as both a DoT and as Direct Damage. They will now properly be treated as Damage over Time, and scale with Thaumaturge, rather than Master at Arms. This means it will also no longer proc things that state ""When dealing Melee damage"". * Deadly Cloak: Increased the damage of this morph by approximately 4% so that it properly gains 50% damage compared to the other morph."
skills,Online:Blade Cloak,5.1.5,"* This ability has shifted into an AoE DoT category, rather than focusing on being a buff first. * Decreased the duration to 8 seconds from 15 seconds. * Reduced the cost to 3024 from 3510. * Decreased the damage per tick by approximately 5%, but increased the tick frequency to 2 seconds from 3 seconds. * Quick Cloak: On top of granting Major Expedition for 4 seconds, this morph now also extends the duration to 10 seconds from 8 seconds, which ranks up to 12 seconds. * Deadly Cloak: This morph no longer deals increased damage per tick, but instead deals damage every second."
skills,Online:Blade Cloak,5.2.5,"* Increased the base duration of this ability and its morphs to 10 seconds, up from 8. * Increased base cost to 4950, up from 3024. * Reduced the damage per tick by approximately 18%. * Quick Cloak (morph): This morph now also offers cost reduction, taking the base cost to 3780."
skills,Online:Blade Cloak,5.3.4,"* Reduced the cost of this ability and its morphs to 3780, down from 4950."
skills,Online:Blade Cloak,6.3.5,"* Deadly Cloak: Reduced the visual and audio effects of this ability to once every 2 seconds, rather than every second, to make it less obnoxious. Note that it will still deal damage every second."
skills,Online:Blade Cloak,7.0.5,"* Increased the damage done by this ability and its morphs by approximately 25% to better reward its requirement to stay stacked on your foe, as well as to help offset the loss of effectiveness on proccing enchants and sets with the changes to Deadly Cloak. ** Deadly Cloak (morph): This ability now deals double damage instead of doubling the tick rate. This will result in a ~9% damage increase, but will require you to stick to your target more and has less of a chance to proc other effects."
skills,Online:Blade Cloak,8.1.5,"* This ability and its morphs now last for 20 seconds, up from 10. * Increased the damage per tick of this ability and Quick Cloak by approximately 7%. ** Quick Cloak (morph): This morph now adds 10 seconds to the duration, up from 4. ** Deadly Cloak (morph): Reduced the damage per tick of this morph by approximately 41%."
skills,Online:Blade of Woe,2.6.4,* The pickpocket prompt will no longer appear while you are in the middle of using the Blade of Woe on a target that can be pickpocketed. * Fixed an issue where you could not use the Blade of Woe on Delric Thielde in Hew's Bane.
skills,Online:Blade of Woe,3.0.5,"* It is now possible to use the Blade of Woe on men and mer, Draugr, and Dremora found in the following public dungeons: ** Crimson Cove ** Hall of the Dead ** Lion's Den ** Lost City of the Na-Totambu ** Obsidian Scar ** Razak's Wheel ** Rulanyil's Fall ** Sanguine's Demesne ** The Vile Manse ** Village of the Lost"
skills,Online:Blade of Woe,3.3.5,"* Fixed an issue where some non-humanoid or boss-difficulty monsters could be killed using the Blade of Woe. * A number of world bosses have installed thick metal backplates in response to a recent publication of ""An Occultist's Guide to Preternatural Stabbing,"" which included a brief description of the Blade of Woe."
skills,Online:Blade of Woe,3.3.7,* Fixed an issue where the Blade of Woe ability could not be used after you received a Synergy from another player.
skills,Online:Blade of Woe,4.1.5,"* Bloodfiends that could previously be targeted by the Blade of Woe are no longer subject to its powers. The Blade of Woe is no longer available against all bloodfiends, instead of sometimes working and sometimes not. * Yet more citizens have become careless and can now be killed with the Blade of Woe."
skills,Online:Blade of Woe,5.0.8,* Pahmar-raht can no longer be killed using the Blade of Woe. Sorry.
skills,Online:Blade of the Crossing,3.0.5,"* Fixed an issue where ranking up a summon ability (Unstable Familiar, Summon Winged Twilight, Feral Guardian, etc.) would unsummon your pet."
skills,Online:Blastbones,5.1.5,"* Removed the delay of the skeleton summoned from this ability and its morphs before it would attempt to leap to its target, to help reliability. * Reduced the minimum range of the leap ability to 7 meters from 5 meters to reduce situations where the Blastbones becomes confused on what to do, causing it to stand still, pondering its own existence."
skills,Online:Blastbones,5.3.4,"* Due to many mechanical issues with the Necromancer's engagement with corpses and targeting of corpses, the following changes have been made in hopes to alleviate some of these shortcomings: ** Blastbones and its morphs' corpses will now last 6 seconds, rather than 5 seconds. ** Skeletal Mage and Spirit Mender and their morphs' corpses will now last 10 seconds, rather than 5 seconds. ** Improved the targeting areas from all tether abilities, and will now link to the corpse closest to your reticle from a much larger radius. **Developer Comment: The goal of these changes is to help reduce situations where tether abilities do not grab a corpse in high combat load, as well as making it easier for Necromancers to feel in control of the amount of corpses on the field when utilizing their corpse generating abilities. * The skeleton from this ability and its morphs will now attempt to leap from up to 28 meters after a short delay of spawning in, rather than 15 meters. * Fixed an issue where the skeleton would appear to jump backwards when leaping in close ranges. The skeleton will now also properly attempt to face its target while leaping, rather than moon-walk jumping. * Increased the speed in which the skeleton jumps. **Developer Comment: The above changes were made in hopes to greatly reduce situations where the Blastbones would become confused while walking around and take longer than intended - or completely fail - to reach its target. We understand the change to this ability significantly reduces the morph functionality of Stalking Blastbones in most situations, but we've opted to keep it untouched while we gauge feedback on how the changes to the base ability and reliability of the attack feel. Keep in mind that Stalking Blastbones guarantees at least a 10% damage increase over the base morph, so even in situations where it jumps immediately, this morph isn't completely wasted; it just will not reach its highest scaling unless the Blastbones needs to gain line of sight on the target you initially cast it on."
skills,Online:Blastbones,6.2.5,"* Made some improvements to the cooldown duration of this ability, to reduce the chances of it becoming locked out despite the skeleton dying."
skills,Online:Blastbones,9.3.5,"* Renamed this ability to Sacrificial Bones. * This ability and the Stalking Blastbones morph (which has also been renamed) now summon a skeleton that, after their formation delay, jump to their owner to infuse them with power for 10 seconds, increasing your damage done with class abilities and Damage over time effects by 15%. * These abilities no longer require a target to activate, but instead require you to be in combat. ** Stalking Blastbones (morph): *** Renamed this morph to Grave Lord’s Sacrifice. *** This morph extends the duration of the bonus to 20 seconds, and causes your Flame Skull and morph’s 3rd cast to deal their damage in an area around the initial target and creates a corpse at their location. ** Blighted Blastbones (morph): *** This morph’s overall functionality remains the same, to retain a way for the original play style of the skill to be kept. *** Reduced the base cost of this morph to 1836, down from 2295, so it is easier for non-Stamina focused builds to sustain. *** This morph now always applies the Diseased status effect."
skills,Online:Blastbones,10.1.5,* This ability and the Grave Lord’s Sacrifice morph no longer require you to be in combat in order to cast them. * Fixed an issue where the damage increase from this ability and its morphs did not properly update many ability tooltips.
skills,Online:Blastbones,11.0.5,"* Grave Lord’s Sacrifice: This morph no longer causes your Flame Skull to generate a corpse, as the base ability now does that."
skills,Online:Blazing Grasp,3.0.5,"* Fixed an issue where ranking up a summon ability (Unstable Familiar, Summon Winged Twilight, Feral Guardian, etc.) would unsummon your pet."
skills,Online:Blessed Sacrament,3.0.5,"* Fixed an issue where ranking up a summon ability (Unstable Familiar, Summon Winged Twilight, Feral Guardian, etc.) would unsummon your pet."
skills,Online:Blessing of Protection,1.6.5,"* This ability now gives the Minor Resolve and Minor Ward buffs for 8 seconds. * Blessing of Restoration (morph): Increased the heal provided by this ability by 21%. In addition, the buffs provided by this morph will now last 15 seconds. * Combat Prayer (morph): This ability now grants the Minor Berserk buff for 8 seconds."
skills,Online:Blessing of Protection,4.0.5,* Fixed an issue where the Heavy Attack from Restoration Staves wouldn't play correctly when canceled with Blessing of Protection.
skills,Online:Blessing of Protection,5.1.5,"* Reduced the cost of this ability and its morphs to 3510 from 3780. * Increased the healing of all these abilities by approximately 10%. * Blessing of Restoration: ** Increased the healing of this ability by approximately 3% since it was missing the rank up progression of the previous morph. ** This ability now lasts 16 seconds instead of 15 seconds. * Combat Prayer: ** This ability no longer ranks up by 1.1% healing efficiency, but instead reduces the cost as it ranks up. ** This ability's Minor Berserk will no longer hit pets, since they already gain their owner's Minor Berserk."
skills,Online:Blessing of Protection,7.0.5,* Fixed an issue where this ability could force you to cast the ability in directions that were not where your cursor was pointed. * Fixed an issue where the visuals from this ability and its morphs lasted longer if you had the Dark Veil passive unlocked. The light shall no longer try to flush out the dark when unintended.
skills,Online:Blessing of Protection,7.3.5,"* This ability and its morphs now follow the Area of Effect burst heal standards, and as such, have increased the cost to 4860, up from 3510. * Increased the healing done from Blessing of Protection and Combat Prayer by approximately 36% and the duration of their effects to 10 seconds, up from 8. ** Blessing of Restoration (morph): *** Increased the healing done from this morph by 12.5%. *** Increased the duration of the buffs provided to 20 seconds, up from 16."
skills,Online:Blessing of Protection,10.0.5,* Fixed an issue where some player abilities were not properly respecting line of sight checks. This includes the following: ** Blessing of Protection and morphs ** Fungal Growth and morphs ** Obsidian Shield and morphs
skills,Online:Blood Altar,1.1.2,"* The Blood Altar morphs Overflowing Altar and Sanguine Altar now increase the Blood Feast Synergy's healing done, rather than allowing multiple allies to channel simultaneously (Blood Feast Synergy no longer has a channeled effect.) * Blood Funnel & Blood Feast Synergy ** The Blood Feast synergy will only become available to allies who are below 60% health. ** Blood Funnel no longer decreases the duration of the Blood Altar when used. ** This ability now heals you instantly, rather than requiring a channel time."
skills,Online:Blood Altar,1.2.3,* Overflowing Altar: The Blood Feast synergy triggered by this ability no longer heals allies multiple times.
skills,Online:Blood Altar,1.3.3,* This ability now shows a green ring on the ground when cast by an ally specifically in Cyrodiil.
skills,Online:Blood Altar,1.5.2,* Fixed an issue where the beam from this ability wouldn't play if you had an enemy targeted while casting.
skills,Online:Blood Altar,1.6.5,* Fixed an issue where the altar beam would sometimes not display. * Blood Altar now grants the Major Fortitude buff. * Sanguine Altar: This ability now increases the duration of the altar to 46 seconds at Rank IV. * Overflowing Altar: This ability now increases the effectiveness of the synergy heal by 30% over the base ability.
skills,Online:Blood Altar,2.2.4,* This ability (and its morphs) will now correctly display its visual effects for the Major Fortitude buff for all targets. It also now uses an effect consistent with other Major Fortitude buffs.
skills,Online:Blood Altar,2.4.5,"* This ability and its morphs no longer grant the Major Fortitude buff to you and allies in its area of effect; instead, they grant Minor Lifesteal, a new buff that heals you for 2% of all damage done."
skills,Online:Blood Altar,2.7.5,"* Due to the changes to Minor Lifesteal outlined below, this ability and its morphs now apply Minor Lifesteal to all enemies within the radius instead of allies within the radius."
skills,Online:Blood Altar,3.3.5,* Increased the radius of the Minor Lifesteal debuff applied by this ability and its morphs to 28 meters from 8 meters. ** Slightly adjusted the visual effects due to the radius increase. * The Minor Lifesteal debuff applied by this ability and its morphs will no longer aggro monsters. * Blood Funnel and Blood Feast (Blood Altar & morphs) ** Increased the radius of the prompt to 28 meters.
skills,Online:Blood Altar,5.1.5,"* This ability and its morphs no longer have a cast time, and now cost Health rather than Magicka. * Overflowing Altar: This ability no longer attempts and fails to rank up in the healing the synergy provides, and instead reduces in cost as it ranks up. * Blood Feast and Blood Funnel: These synergies will now properly use their activator's highest Critical Strike chance, rather than only * using their Spell Critical. Blood Feast now heals for 65% of the activator's Max Health at all ranks."
skills,Online:Blood Altar,6.0.5,"* Fixed an issue with the synergy visuals, causing it to fail to appear to some allies as well as being able to appear to enemies."
skills,Online:Blood Altar,7.0.5,"* The following abilities have received significant adjustments to how the server handles their behavior, reducing messages sent between the client and server and reducing the total amount of Area of Effect events occurring. This will largely have little to no effect on their gameplay other than improving their response time to entering or leaving the Area of Effect. In some rarer cases, it will reduce the interaction with sets that proc off application of buffs or debuffs, since you will no longer repeatedly apply these effects to targets inside the area every tick, but rather for the duration the target is inside the area. Their synergies (when applicable) have also been updated to be far more reliable to activate when in the area and they will no longer persist for a short duration after each tick, allowing you to activate them in cases where they could fail or were already used, going on cooldown with no effect, or gaining their effects despite already being used. ** Blood Altar and morphs *** In an instance where Blood Feast and Blood Funnel are both available, Blood Feast will now always take priority as it is stronger than Blood Funnel. ** Bone Totem and morphs ** Boneyard and morphs ** Cleansing Ritual and morphs ** Both morphs of Dragonknight Standard *** This will also fix an issue where the morphed version of this ability failed to properly fire its synergy, Shackle, when activated. ** Lightning Splash and morphs ** Necrotic Orbs and morphs ** Negate Magic and morphs ** Nova and morphs ** Rune Focus and morphs ** Spear Shards and morphs"
skills,Online:Blood Frenzy,7.3.5,"* This ability and its morphs now grant a stack of up to 30 Weapon and Spell Damage rather than 600 upfront, up to a maximum of 10 stacks. * Decreased the tick frequency to 2 seconds, down from 1 (haha inverse math!) so the ability drains Health slower. * The health cost now increases by 250 Health per stack, rather than 20% of the cost of the skill with no cap. * Reduced the initial cost to 700, down from 1980. ** Simmering Frenzy (morph): This morph now increases the Weapon and Spell Damage granted to a maximum of 40 per stack, rather than adding 66 Weapon and Spell Damage each second the ability is toggled on with no cap. ** Sated Frenzy (morph): This morph now also reduces the ramping cost of the ability to 200 per stack, down from 250. **Developer Comment: This ability and its morphs are currently enabling incredibly polarizing gameplay; it feeds into an intense risk/reward mechanic that can often be mitigated heavily by specialized classes and builds that stack life steal, paired with deep knowledge of content and combat interactions. In its current form, it feels too penalizing for the base Vampire experience to engage with in a satisfying way while also enabling an overwhelming amount of power for those who know how to use it properly. This iteration now significantly reduces both the penalty and the bonus of the effect to make it more accessible and balanced overall, helping it feel more like a Damage over Time alternative where an ability can be active for prolonged periods of time with slightly more risk/reward than usual."
skills,Online:Blood Frenzy,8.0.5,"* This ability and its morphs now grant up to 5 stacks, rather than 10. The total Weapon and Spell Damage granted is left untouched. * The cost now increases by 360 per tick, up from 250, for Blood and Simmering Frenzy, while the cost for Sated Frenzy is now 300, rather than 200. This will result in an approximate 20% cost reduction for each morph. **Developer Comment: Based on much of the initial feedback we saw over last update, we've decided to help this ability ramp up a little quicker to make it feel more aggressive and ravenous for the user, while slightly easing back on the risk of using it since the reward isn't nearly as high as before."
skills,Online:Blood Magic,1.6.5,* Increased healing on both ranks of this passive to 4%/8% maximum health from 3%/5%.
skills,Online:Blood Magic,4.0.5,* Increased the healing done when this passive ability procs to 5/10% of your Max Health from 4/8%. * Fixed an issue where this passive ability would not trigger if you hit an enemy immune to snares with your Daedric Mines abilities.
skills,Online:Blood Magic,10.0.5,"* This passive now activates when you cast a Dark Magic ability with a cost, rather than when you hit an enemy with a directly applied Dark Magic ability. This was done to make the passive more reliable and easy to understand."
skills,Online:Blood Magic,11.1.5,"* This passive now only heals you if you are not at full Health. If you are at full Health, it now increases the higher of your Max Magicka or Stamina by 5/10% for 10 seconds. **Developer Comment: We’re taking the passive slot effect from Bound Armor and its morphs and placing it here to ensure base Sorcerer classes can retain the effects (and get a small boost in some cases), while also moving it to a less utilized skill line. We know this isn’t a silver bullet to making Dark Magic a desired skill line - but we’re using this as an experiment to see if this sort of shuffling of power is seen as a good thing or not in the brave new subclassing world. Definitely give us your feedback on this."
skills,Online:Blood Rage,1.5.2,* This passive now restores 3/6 Ultimate instead of 2/5.
skills,Online:Blood Rage,1.6.5,* Using this passive will now increase the amount of time you are transformed as a werewolf by 3 seconds every time you take damage. * This passive now has a 3 second cooldown.
skills,Online:Blood Rage,4.1.5,"* This ability now increases the timer of your Werewolf Transformation when you deal damage, rather than when you take damage. It adds 2/4 seconds to your timer with a 5 second cooldown."
skills,Online:Blood Rage,12.0.5,"*Blood Rage: This passive now increases the amount of Fury you generate by 5/10 per source, rather than adding 3"
skills,Online:Blood Ritual,1.6.5,* Updated this passive ability's tooltip to include the correct name of effect that allows you to infect other players with Vampirism (Noxiphilic Sanguivoria).
skills,Online:Blood Scion,6.1.5,* Swarming Scion (morph): ** Fixed an issue where this ability did not display a hostile telegraph. ** Fixed an issue where the damage from the bat swarm could fail to break the caster's Stealth or Invisibility.
skills,Online:Blood Transfusion,3.0.5,"* Fixed an issue where ranking up a summon ability (Unstable Familiar, Summon Winged Twilight, Feral Guardian, etc.) would unsummon your pet."
skills,Online:Bloodmoon,12.0.5,*Bloodmoon -> Shadow of the Bloodmoon: Just a simple name change that updates the name away from implying the actual Bloodmoon is happening every week.
skills,Online:Blur,1.5.2,* Double Take: This ability now displays its graphical effect at the correct time.
skills,Online:Blur,1.6.5,"* Blur now grants the Major Evasion buff. * Mirage: This ability now grants the Minor Resolve buff, and the cost now scales at the correct interval on rank up. The tooltip for rank 1 of this ability now lists the correct duration at 26 seconds. * Double Take: This ability now grants the Major Expedition buff for four seconds, and the cost now scales at the correct interval on rank up."
skills,Online:Blur,2.6.4,* Fixed an issue with this ability and its morphs that was causing the visual effects to pop out rather than fade out.
skills,Online:Blur,5.0.5,"* Double Take (morph): Renamed and reworked this morph. ** Renamed this morph to Phantasmal Escape. ** This morph no longer grants Major Expedition for 4 seconds. Instead, it grants immunity to snare and immobilizes for 2.5 to 4 seconds, based on the rank. ** This morph no longer becomes cheaper as ability ranks up."
skills,Online:Blur,8.1.5,"* This ability and its morphs now reduce the cost of your next Roll Dodge by 10% whenever you take direct damage, stacking up to a maximum of 100%, with a half second cooldown between each stack. * Reduced the duration of this ability and its morphs to 20 seconds, down from 26."
skills,Online:Blur,10.1.5,"* Moved Blur and its morphs out of the Assassination skill line and into the Shadow skill line. Blur is now the first ability in the Shadow line, taking the place of Veiled Strike. This means Blur and its morphs will now be treated as Shadow abilities and interact with augments that come from the Shadow skill line, rather than the Assassination skill line."
skills,Online:Bolt Escape,1.0.7,* You can no longer use the ability Bolt Escape while carrying an Elder Scroll.
skills,Online:Bolt Escape,1.1.4,"* After using Bolt Escape, the next use within 4 seconds costs 50% more."
skills,Online:Bolt Escape,1.4.3,"* Streak will no longer affect more than six targets, which was resulting in a much larger amount of Ultimate gain than intended."
skills,Online:Bolt Escape,1.6.5,* Crystal Fragments: Fixed an issue where this morph was applying multiple passives each time it was cast. We also fixed an additional issue where this ability's instant cast wasn't proccing when casting Bolt Escape. * The disorient portion of Bolt Escape and its morphs has been changed. It now results in a 1.5 second stun and properly triggers crowd-control immunity for the target when the stun effect ends.
skills,Online:Bolt Escape,2.3.9,"* Fixed an issue where the camera in third-person view could become detached briefly when using movement abilities, such as Bolt Escape."
skills,Online:Bolt Escape,2.7.13,* Fixed an issue where this ability and its morphs could fail to function in certain locations.
skills,Online:Bolt Escape,4.0.5,* Ball of Lightning: Fixed an issue where the ball summoned from this morph could intercept channeled beam attacks instead of only projectiles.
skills,Online:Bolt Escape,4.1.5,"* Teleport abilities, such as Bolt Escape or Shadow Image, can no longer be cast before the Battleground match has started."
skills,Online:Bolt Escape,4.3.5,* Fixed an issue where Streak Fatigue could be avoided unintentionally.
skills,Online:Bolt Escape,5.0.5,"* Fixed an issue where this ability and its morphs could stun targets behind walls. * Streak: This ability will now scale with your highest offensive stats, and increased the stun duration to 3 seconds from 1.8 seconds."
skills,Online:Bolt Escape,5.1.5,"* This ability and its morphs' stuns can no longer be blocked. ** Developer Comment: Previously, these abilities could be blocked without draining resources. While investigating this issue, we determined that the theme of charging into a group of enemies as a ball of pure energy would not be thwarted by a measly shield. * Bolt Escape Fatigue (morph): Reduced the ramping cost increase from using Bolt Escape or its morphs to 33% per stack from 50% so it operates closer to Roll Dodge."
skills,Online:Bolt Escape,5.2.5,"* The fatigue from this ability and its morphs now apply only if you successfully teleport 1 meter or more, instead of whenever you activate the ability. * This ability no longer stuns targets in a 4 meter radius from your origin location, but instead stuns targets in a 6 meter radius at your final location. * Fixed an issue where you could become stuck in place after attempting to cast this ability or any of its morphs when a target was outside your line of sight. * Ball of Lightning (morph): ** This morph now ranks up in duration of the summoned ball of lightning, which now lasts 3 seconds at Rank IV, up from 2. ** This morph also adds 2 seconds of snare and immobilization immunity after teleporting, but no longer stuns enemies at its end location. ** Fixed an issue where this morph was only absorbing spell-based projectiles, rather than any, as the tooltip indicates. * Streak (morph): ** This ability now creates a cone behind you after casting that damage and stuns enemies inside of it, and enemies at your end location. The length is now 17 meters with a 40 degree arc, rather than being a 4 x 15 meter rectangle."
skills,Online:Bolt Escape,5.3.4,* Ball of Lightning (morph): Fixed an issue where the projectile absorption field could persist longer than intended under certain circumstances.
skills,Online:Bolt Escape,6.1.5,* Ball of Lightning (morph): Fixed an issue where this ability's actual ball of lightning could count towards successful kills in some cases. * Fixed an issue where the ball would leave a corpse for a brief moment.
skills,Online:Bolt Escape,7.0.5,* Ball of Lightning (morph): This ability's projectile absorption now operates more closely to Spell Wall or other abilities that deal with absorbing/deflecting ranged attacks. This should fix a few issues where it could absorb attacks it shouldn't have been able to.
skills,Online:Bolt Escape,7.1.5,"* Ball of Lightning (morph): The ball of lightning summoned from this ability now only intercepts projectiles from the caster of the ability, rather than any ally in the ball's vicinity. The ball now only absorbs up to 1 projectile per second, down from 100. **Developer Comment: This ability is currently enabling far too much protection against ranged attackers, not only for the caster but their allies as well, meaning skilled sorcerers can deny any ranged threats when properly utilizing this skill for them and their group."
skills,Online:Bolt Escape,7.1.7,* Fixed an erroneous VO shout that would occur when using this ability and its morphs.
skills,Online:Bond with Nature,11.0.5,"* Increased the healing from this passive to 765/1530, up from 630/1260."
skills,Online:Bone Armor,8.0.5,"* Beckoning Armor (morph): This morph now attempts to pull valid targets once every 2 seconds, up from once every 3."
skills,Online:Bone Armor,10.1.5,"* This ability and its morphs now also grant Minor Resolve for their duration. The bones must've belonged to milk drinkers. ** Summoner's Armor (morph): This morph now also lasts 30 seconds, up from 20."
skills,Online:Bone Armor,11.2.6,"* This ability and its morphs no longer summon a corpse when they end or their abilities are refreshed after 10 seconds. Instead, these abilities now grant you Living Corpse if cast while in combat, which allows you to cast a (singular) corpse consuming ability on yourself. This effect is applied instantly but has a 10 second cooldown to ensure the same corpse consuming ability cadence is met."
skills,Online:Bone Goliath Transformation,5.0.10,"* Pummeling Goliath: ** The bash attack from this ability will no longer target bridges or targets behind you in some circumstances. ** The bash attack will now always cost resources, instead of only costing resources if you hit a target. ** Increased the arc from this attack to better match the visual effects. ** The special Bash augment will now use both your Weapon Damage and Stamina, rather than just Weapon Damage. This Ultimate will now also scale dynamically and use your Spell Damage and Max Magicka if they are higher, which is a standard for our Ultimates that scale off your offensive stats."
skills,Online:Bone Goliath Transformation,5.1.5,"* Fixed an issue where you could occasionally become stuck as a terrifying giant after casting this ability or its morphs, and never return to your frail, humanoid form. You must now find other ways to usher terror into Tamriel."
skills,Online:Bone Goliath Transformation,5.2.5,* Pummeling Goliath (morph): **Fixed an issue where activating the special Bash attack from this morph would not turn your character to face the direction you cast it in.
skills,Online:Bone Goliath Transformation,7.0.5,* Pummeling Goliath's bash is now considered a Player Class Ability.
skills,Online:Bone Goliath Transformation,7.3.5,* Pummeling Goliath (morph): Fixed an issue where this Ultimate's Bash override did not receive the cost and cooldown adjustments that the core mechanic Bash got. It can now also proc enchantments or poisons.
skills,Online:Bone Shield,1.1.2,* Spiked Bone Shield: This ability's damage return has been slightly increased.
skills,Online:Bone Shield,1.4.3,* This synergy can no longer be stacked when activated by multiple casters. * Bone Shield I: This synergy can no longer be activated by the caster.
skills,Online:Bone Shield,1.6.5,"* Bone Shield now costs Stamina and grants a ward that absorbs up to 30% the maximum health value of the caster in Physical damage. * The Synergy for Bone Shield now affects up to four targets, preferring targets with lower health. * Activating this ability will now result in the correct visual and audio effects. * Fixed an issue with the Bone Shield Synergies where they would fail to target other player characters using the Synergies. * Bone Surge: This ability changes the Synergy to grant the Minor Vitality buff instead of granting spell power. * Spinal Surge (synergy): Fixed an issue so this synergy now correctly lasts for 10 seconds. * Updated the visual effects for Bone Shield and both morphs."
skills,Online:Bone Shield,2.0.6,"* Fixed an issue where the damage shield from this ability was only absorbing 3% of the damage done. * Fixed an issue where recasting this ability would not refresh the damage shield value. * Fixed an issue where some ranks of this ability were absorbing all types of damage, rather than just physical damage."
skills,Online:Bone Shield,2.1.4,"* Fixed an issue where the player character that activated the synergy would occasionally not get a damage shield, and other allies would instead. The ability synergy now has a unique icon as well. * Spiked Bone Shield: The damage from this ability is no longer reduced by Battle Spirit as it scales off incoming damage, which is already reduced."
skills,Online:Bone Shield,2.3.5,* Increased the activation range from the Bone Wall and Spinal Surge synergies to 3.5 meters from 2.5 meters.
skills,Online:Bone Shield,2.4.5,* This ability and its morphs now absorb all damage instead of just physical damage. * Increased the synergy activation radius from this ability and its morphs to 4 meters from 3 meters.
skills,Online:Bone Shield,3.3.5,"* Bone Wall and Spinal Surge (synergy) ** The prompt will now be available up to 6 seconds after Bone Shield is cast, even if the Bone Shield caster's damage shield is removed. ** Grants a damage shield for 100% of your Max Health for 6 seconds, instead of 60% of your Max Health for 10 seconds. *** Developer Comments: We've shortened the duration of this damage shield to match the duration of all other damage shields in the game, but increased the value of the shield to compensate. ** If an ally uses the synergy and applies the damage shield to you, you will now also be placed on cooldown for that synergy. ** The Spinal Surge synergy from the Bone Surge morph now grants Major Vitality instead of Minor Vitality."
skills,Online:Bone Shield,4.0.5,* Spiked Bone Shield: Updated the tooltip for this ability and its morphs to better clarify the types of attacks it will return damage against.
skills,Online:Bone Shield,4.2.5,"* Reduced the effectiveness of the Bone Wall and Spinal Surge Synergy granted by this ability and its morphs to 50% from 100%. ** Developer Comment: With the changes to shields now accounting for your armor, we wanted to ensure these shields could remain just as potent as before, but you would need to allocate more resources in doing so."
skills,Online:Bone Shield,5.1.5,"* Increased the base cost to 4320 from 3780, but applied the 15% Stamina cost reduction it was missing, which will take the cost to 3672. * Bone Shield will now properly rank up in 1.1% shield size per rank. * Spiked Bone Shield: ** This ability's damage return can no longer self-perpetuate with other damage return procs, and will no longer remove the attack from sneak attacks before finishing the attack. ** Increased the damage return to 60% from 33% to put it better in line with the other morph. * Bone Surge: This ability will now rank up in 1.1% shield size, rather than reducing in cost. ** Bone Wall and Spinal Surge (synergies): ** These synergies now affect up to 6 allies, up from 4. ** Reduced the size of the shields to 30% of the synergizer's Max Health from 50%."
skills,Online:Bone Shield,5.3.4,* Bone Surge (morph): Fixed an issue where the synergy of this morph was granting a damage shield larger than it stated.
skills,Online:Bone Shield,6.2.5,* Fixed an issue where the Charged Lightning and Bone Wall synergies did not remove their synergies from others when activated.
skills,Online:Bone Shield,6.3.7,"* Fixed multiple issues where the synergy from this ability and its morphs did not follow regular rules. The shield granted from these abilities no longer stack, and being affected by any version now makes you immune to other versions for 6 seconds."
skills,Online:Bone Totem,5.1.5,"* Increased the duration of this ability and its morphs by 1 second to help improve its animation of the totem crumbling, along with adding a new function. These abilities will now pulse a fear once every 2 seconds after the initial 2 second delay, rather than only once."
skills,Online:Bone Totem,5.3.4,* Agony Totem: Fixed an issue where visual effects for the synergy of Pure Agony's cooldown indicator would appear to allies who were still on cooldown. The beam of necromantic light will now only show itself when you can activate the synergy.
skills,Online:Bone Totem,7.0.5,"* The following abilities have received significant adjustments to how the server handles their behavior, reducing messages sent between the client and server and reducing the total amount of Area of Effect events occurring. This will largely have little to no effect on their gameplay other than improving their response time to entering or leaving the Area of Effect. In some rarer cases, it will reduce the interaction with sets that proc off application of buffs or debuffs, since you will no longer repeatedly apply these effects to targets inside the area every tick, but rather for the duration the target is inside the area. Their synergies (when applicable) have also been updated to be far more reliable to activate when in the area and they will no longer persist for a short duration after each tick, allowing you to activate them in cases where they could fail or were already used, going on cooldown with no effect, or gaining their effects despite already being used. ** Blood Altar and morphs *** In an instance where Blood Feast and Blood Funnel are both available, Blood Feast will now always take priority as it is stronger than Blood Funnel. ** Bone Totem and morphs ** Boneyard and morphs ** Cleansing Ritual and morphs ** Both morphs of Dragonknight Standard *** This will also fix an issue where the morphed version of this ability failed to properly fire its synergy, Shackle, when activated. ** Lightning Splash and morphs ** Necrotic Orbs and morphs ** Negate Magic and morphs ** Nova and morphs ** Rune Focus and morphs ** Spear Shards and morphs * Bone Totem: Reworked the base operations of this ability's rank up progression to result in the same values at Rank IV, but with less decimal places along the way. ** Agony Totem (morph): *** The synergy from this morph, Pure Agony, now has a 6 person target cap rather than hitting unlimited targets. *** Fixed an issue where the final tick of this synergy's damage was not amplified its own Minor Vulnerability source. *** Fixed an issue where the damage also caused hit reactions, despite being a Damage over Time effect."
skills,Online:Bone Totem,10.1.5,"* This ability and its morphs now also apply Major Cowardice to enemies inside it. Such horrific sights instill hopelessness to even the mightiest of foes. **Agony Totem: The synergy granted from this morph, Pure Agony, no longer applies Minor Vulnerability, as Boneyard now applies it."
skills,Online:Boneyard,5.1.5,* Increased the cost of this ability and its morphs to 3780 from 3510. * Decreased the damage by approximately 32% per tick. * Increased the bonus damage modifier for consuming a corpse to 50% from 20%.
skills,Online:Boneyard,5.2.5,"* Increased the base cost of this ability and its morphs to 4950, up from 3780, and decreased the damage per tick by approximately 20%."
skills,Online:Boneyard,5.3.4,"* Reduced the cost of this ability and its morphs to 3780, down from 4950. * Fixed an issue where the synergy granted from this ability and its morphs would fail to deal damage if you activated it from the edge of its radius."
skills,Online:Boneyard,7.0.5,"* Removed visual and sound effects from each of the following ground effects' ticks to reduce battlefield clutter and noise: ** Graveyard and morphs ** Lightning Splash and morphs ** Nova and morphs * The following abilities have received significant adjustments to how the server handles their behavior, reducing messages sent between the client and server and reducing the total amount of Area of Effect events occurring. This will largely have little to no effect on their gameplay other than improving their response time to entering or leaving the Area of Effect. In some rarer cases, it will reduce the interaction with sets that proc off application of buffs or debuffs, since you will no longer repeatedly apply these effects to targets inside the area every tick, but rather for the duration the target is inside the area. Their synergies (when applicable) have also been updated to be far more reliable to activate when in the area and they will no longer persist for a short duration after each tick, allowing you to activate them in cases where they could fail or were already used, going on cooldown with no effect, or gaining their effects despite already being used. ** Blood Altar and morphs *** In an instance where Blood Feast and Blood Funnel are both available, Blood Feast will now always take priority as it is stronger than Blood Funnel. ** Bone Totem and morphs ** Boneyard and morphs ** Cleansing Ritual and morphs ** Both morphs of Dragonknight Standard *** This will also fix an issue where the morphed version of this ability failed to properly fire its synergy, Shackle, when activated. ** Lightning Splash and morphs ** Necrotic Orbs and morphs ** Negate Magic and morphs ** Nova and morphs ** Rune Focus and morphs ** Spear Shards and morphs * This ability and its morphs now lasts 10 seconds in total instead of 10.5 seconds. * The synergy from these abilities now heal the synergy activator rather than the caster of the synergy source."
skills,Online:Boneyard,7.1.5,* Unnerving Boneyard (morph): Fixed an issue where this morphs' damage was not considered an Area of Effect attack.
skills,Online:Boneyard,7.2.5,* Increased the damage of this ability and its morphs by approximately 10% per tick since they tick 10 times instead of 11 after the change in Update 30.
skills,Online:Boneyard,8.1.5,"* Reduced the damage per tick by approximately 27%. * Fixed an issue where this ability's bonus visual effects for consuming a corpse would fail to play. * Reduced the cost to 2970, down from 3780. * Reduced the bonus damage when consuming a corpse to 30%, down from 50%."
skills,Online:Boneyard,8.3.5,"* Graverobber (morph): Reduced the damage of this synergy by approximately 34% to ensure it is of similar power to other synergies of its ilk, such as Conduit or Combustion."
skills,Online:Boneyard,10.1.5,"* This ability and its morphs now also apply Minor Vulnerability to enemies inside the area. The chill of death embraces those in its wake. ** Unnerving Boneyard (morph): This ability's Minor Vulnerability and Major Breach now persist on enemies for 4.1 seconds each tick, rather than only while in the area. ** Fixed a bug where the sound effects for the gravestones spawning was missing."
skills,Online:Boneyard,10.3.5,* Unnerving Boneyard: Minor Vulnerability and Major Breach from this morph can now be cleansed.
skills,Online:Booming Voice,12.0.0,"*This passive upgrades rank 2 of The Storm Voice to also grant 1 Health, Magicka, and Stamina per ultimate spent for 10 seconds."
skills,Online:Bound Armor,1.6.5,"* This ability now grants you the buff Minor Resolve, and increases your maximum magicka by 5%. This bonus magicka does affect your ability damage. * The cost of the ability decreases with each rank of Bound Armor. * Bound Armaments: This ability now costs Stamina instead of Magicka, gives you a bonus to stamina instead of magicka, and increases the damage done by heavy attacks. * Bound Aegis: This ability now grants the Minor Warding and Minor Resolve buffs instead of additional armor."
skills,Online:Bound Armor,2.0.4,"* Fixed an issue where Bound Armor would be removed if you put on a costume from your Collections tab. You may now hide your Bound Armor as you please, by putting on a costume."
skills,Online:Bound Armor,2.4.5,"* This ability and its morphs no longer permanently change your appearance when they are toggled on; instead, they now only display a brief visual effect when toggled on."
skills,Online:Bound Armor,2.7.5,* Adjusted the order of the Active Abilities in this skill line. They now unlock in the following order: ** Summon Unstable Familiar ** Daedric Curse ** Summon Winged Twilight ** Conjured Ward ** Bound Armor ***Developer Comment: We moved the class defining defensive ability up one slot so players who are leveling up can gain access to it earlier. * Bound Armor: Fixed an issue where toggling this ability and its morphs off would dismount you.
skills,Online:Bound Armor,3.3.7,* Fixed an issue where this ability and its morphs could become stuck on your character.
skills,Online:Bound Armor,4.0.5,"* This ability and its morphs are no longer toggle abilities. Slotting Bound Armor will continue to grant you an increase to Max Magicka, and activating these abilities will increase the amount of damage you can block by 20% for 3 seconds. * Bound Aegis: This morph now grants Minor Ward and Minor Resolve while it is slotted. * Bound Armaments: This morph converts the ability into a Stamina ability and now increases your damage done with Light Attacks while slotted, instead of Heavy Attacks."
skills,Online:Bound Armor,4.2.5,* Increased the bonus to block mitigation granted by this ability and its morphs to 36% from 20%.
skills,Online:Bound Armor,5.2.5,"* Bound Armaments (morph): ** Reworked this ability into an offensive skill. Activating the ability no longer grants Block Mitigation for 3 seconds, but instead puts a 40 second duration effect on you that summons a Bound dagger any time you deal damage with a Light or Heavy Attack, with a maximum of 4 weapons being able to be active at any given time. Reactivating the ability causes the weapons to prime and quickly seek your target after a short delay. The ability continues to passively increase your Maximum Stamina and damage dealt with Light Attacks. ** Updated the sound effects for summoning Bound Daggers with this ability."
skills,Online:Bound Armor,7.3.5,* Bound Armaments (morph): Fixed an issue where this ability was not being considered Direct Damage in some cases.
skills,Online:Bound Armor,8.1.5,"* Bound Armor: This ability and the Bound Aegis morph now also grant Minor Protection for 10 seconds after casting. ** Bound Aegis (morph): *** This morph now extends the duration of the effects as well. *** The block mitigation now lasts for 5 seconds and the Minor Protection now lasts 20 seconds. ** Bound Armaments (morph): *** Reduced the damage per hit of this ability by approximately 11%. *** This ability no longer passively increases your Light Attack damage. **Developer Comment: We're bringing this morph down to match a lot of the hybrid adjustments that the class has received. It was originally intended to help give Stamina Sorcerers a powerful option of a DPS skill since they couldn't use any of the other shiny abilities, such as Haunting Curse or Crystal Fragments. Now that those can be properly utilized on any build, this ability was enabling too much power that could be dumped at a moment's notice when used in tandem with even just one of the others."
skills,Online:Bound Armor,11.0.5,"* Bound Armaments (morph): This ability now stacks up to 8 times, up from 4, so that it is less punishing and has a flexible fit into the Crystal Weapon rotation. Activating the ability will still only shoot up to 4 of the bound daggers at a time. ** Developer Comment: Similarly to Grim Focus, we're making this ability a little bit easier to use, especially in the case of the hectic dynamic rotations that certain ability combinations can create. It can now hold up to two successive casts at a time, at maximum power. This reduces the times where your stacks are going over their cap and becoming wasted."
skills,Online:Bound Armor,11.1.5,"* This ability and its morphs grant Minor Protection. Bound Armor and Aegis' duration are now based on your combined Physical and Spell Resistance - 1 second for every 10000 rating. Minimum duration of 3 seconds, maximum duration of 15 seconds (if you for some reason decide to stack that insane amount of Resistances). ** Bound Aegis: This morph now increases your block mitigation by 50% at rank IV, up from 40%. This morph no longer passively increases in duration directly, as it does indirectly from the Minor Resolve granted. ** Bound Armaments: This morph now grants Major Sorcery and Prophecy (12% Critical Chance) for slotting, rather than 8% Max Stamina."
skills,Online:Bountiful Harvest,12.0.0,*Nature's Bounty: This passive upgrades rank 2 of Nature's Gift to grant the healed target Major Heroism for 4.5 seconds and an additional 250 Magicka and Stamina.
skills,Online:Brawny,4.3.5,* Gain 6% Max Health and Stamina → Increases your Max Stamina by 2000.
skills,Online:Brawny,6.3.5,"* Reduced the Max Stamina granted from this passive to 1000, down from 2000.."
skills,Online:Bright Harbinger,12.0.0,"*This passive upgrades rank 2 of Illuminate to grant the affected group members 300 Weapon and Spell Damage, increasing to 600 for you."
skills,Online:Bulwark (Companion),3.0.5,"* Fixed an issue where ranking up a summon ability (Unstable Familiar, Summon Winged Twilight, Feral Guardian, etc.) would unsummon your pet."
skills,Online:Burning Heart,11.0.5,"* This passive now increases your healing received while a Draconic Power ability is active by 4/9%, down from 6/12%."
skills,Online:Burning Heart,11.3.4,* Combat Refresh Overhaul. Dragonknight Functionality and Balance Update.
skills,Online:Burning Light,1.6.5,* The damage from this passive is now derived from your highest stats (stamina or magicka based).
skills,Online:Burning Light,2.4.5,"* This passive ability now deals Physical Damage or Magic Damage, based on whether your Weapon Damage or Spell Damage is higher respectively."
skills,Online:Burning Light,4.0.5,* Increased the damage done by this passive ability by approximately 9%.
skills,Online:Burning Light,6.1.5,"* This passive has been slightly reworked so that the damage now triggers when you deal damage 4 times within rapid succession to an enemy with an Aedric Spear ability, rather than having a 25% chance to proc per hit. Note that the time window is long enough that abilities that hit at least once every second between will continue to proc this passive."
skills,Online:Burning Light,6.3.5,"* This passive now has a 3 second window between each stack, rather than a 1.1 second window, to reduce the cadence in which you must consistently attack with an Aedric Spear ability."
skills,Online:Burning Light,7.3.5,"* This passive now only deals Magic Damage, rather than Magic or Physical Damage, but continues to scale off your highest stats."
skills,Online:Burning Light,8.1.5,"* This passive now triggers after dealing damage with any attack, rather than only Aedric Spear abilities. * Increased the cooldown of stack generation to 500ms, up from 1ms. * Reduced the damage of the proc by approximately 33%. ** Currently, this passive is strong arming the Templar into only using Puncturing Strikes as your spammable ability, removing a lot of the potential for other abilities that center around different gameplay. With maintaining the original identity of keeping up the pressure against your primary target, we've removed the restrictions of damage source completely and added a longer cooldown window to reduce burst potential and message spam on the server, helping the passive stabilize to a more expected power budget while vastly improving its flexibility."
skills,Online:Burning Light,11.0.5,"* This passive now scales off 25/50% of your Weapon or Spell Damage, rather than 21/42% of your Weapon or Spell Damage and 2/4% of your Max Magicka or Stamina. Increased the status effect chance per hit to 10%, up from 3%."
skills,Online:Calculated Defense,12.0.0,"*This passive causes you to gain a damage shield that absorbs 30% of your Max Health for.5 seconds anytime you begin to activate a Sorcerer ability or an ability with a cast time. If the shield fails to break, you grant you and your group members 3% Weapon and Spell Damage for 20 seconds."
skills,Online:Call of the Hunt,12.0.5,"*Call of the Pack -> Call of the Hunt: This passive now works by reducing the Ultimate cost of maintaining Werewolf form, rather than reducing the timer drained every second. It reduces the cost by 8/16% plus 8/16% per transformed group member or direwolf, including yourself, up to 40/80%."
skills,Online:Call of the Pack,2.0.1,* Fixed an issue with this passive not correctly giving additional transformation time to nearby Werewolf allies. Call of the Pack now increases the duration of nearby allies' Werewolf.
skills,Online:Call of the Pack,2.4.5,"* Redesigned this passive ability so it now reduces the cost of staying in Werewolf form by 10/20% for each transformed Werewolf in your group, including yourself, up to a maximum of 40/80% at Ranks I/II."
skills,Online:Call of the Pack,6.0.5,* This passive now works with Direwolves summoned from the Pack Leader.
skills,Online:Call of the Pack,6.1.5,* Fixed an issue where this passive was not counting your Dire Wolves in some cases.
skills,Online:Call of the Pack,12.0.5,"*Call of the Pack -> Call of the Hunt: This passive now works by reducing the Ultimate cost of maintaining Werewolf form, rather than reducing the timer drained every second. It reduces the cost by 8/16% plus 8/16% per transformed group member or direwolf, including yourself, up to 40/80%."
skills,Online:Caltrops,1.2.6,* Fixed multiple issues where using this ability would reduce your game's performance.
skills,Online:Caltrops,1.3.3,* This now shows a red ring on the ground when cast by an enemy in Cyrodiil.
skills,Online:Caltrops,1.4.3,* Shadow Cloak: This ability is no longer removed by the following ticking damage abilities. ** Agony ** Bat Swarm ** Caltrops ** Cripple ** Entropy ** Fire Rune ** Necrotic Orb ** Path of Darkness ** Soul Tether ** Trap Beast ** Volley ** Wall of Elements ** All elemental procs
skills,Online:Caltrops,1.5.2,* This ability now shows a red telegraph to enemy player characters. * Razor Caltrops: Fixed an issue where this ability was dealing less damage than Caltrops.
skills,Online:Caltrops,1.6.5,"* This ability now correctly applies damage every second to enemies, and will no longer cause you to display a hit reaction for each damage tick. * Anti-Cavalry Caltrops: Increased the duration of this ability by 5 seconds."
skills,Online:Caltrops,2.1.4,"* This ability is no longer considered a melee attack, and it will not trigger the Redguard passive ability Adrenaline Rush. Caltrops now sorts targets based on the center of the attack, rather than the distance from the caster."
skills,Online:Caltrops,2.1.6,* Shadow Cloak: Fixed an issue where you were not being hit by some area of effect abilities while Shadow Cloak was active. The following abilities will now correctly damage a Shadow Cloaked target: ** Dark Talons ** Inhale ** Ash Cloud ** Volley ** Arrow Spray ** Magicka Detonation ** Caltrops
skills,Online:Caltrops,2.2.4,"* Fixed an issue where Spiked Armor and Spiked Bone Shield would trigger damage against attackers using Caltrops. * Anti-Cavalry Caltrops: Fixed an issue where the visual effects of this ability were ending after 30 seconds, rather than 35 seconds (the actual duration)."
skills,Online:Caltrops,2.4.7,* Made some performance adjustments for this ability and its morphs.
skills,Online:Caltrops,3.0.5,"* Multiple player characters can now stack this ability and its morphs in the same area and damage the same target. * Reduced the size of this ability and its morphs to 8 meters from 12 meters. * Reduced the duration of this ability and its morphs to 12 seconds from 30 seconds. * Reduced the cost of this ability and its morphs by approximately 50%. * Increased the damage of this ability and its morphs by approximately 75%. ** Developer Comments: The changes to Caltrops allow it to behave more like a standard ground-targeted damage over time ability, such as Lightning Splash or Volley. This will help improve Stamina builds' sustained single target and area of effect damage in dungeons and Trials."
skills,Online:Caltrops,3.3.5,"* Fixed an issue where the visual effects of this ability and its morphs would remain even after the ability had been dispelled by Negate Magic or the Earthgore Item Set. * Razor Caltrops: Fixed an issue where the initial direct damage from this morph had a radius of 12 meters, instead of the intended 8 meter radius."
skills,Online:Caltrops,5.0.5,"* Razor Caltrops: ** This morph no longer snares enemies hit upon the initial hit. Instead, the initial hit deals as much damage as an instant cast AoE spammable ability (approximately 350% damage increase for the initial hit). ** Adjusted this ability to follow our standardized Damage over Time ruleset. Added a 1 second delay between the initial hit and the first tick, and increased the damage per tick by approximately 8% to make up for the loss of the first tick. * Anti-Cavalry Caltrops: Increased duration to 15 seconds from 14 seconds. * Powerful Assault: Fixed an issue where this item set would trigger multiple times from a single cast of Caltrops or its morphs."
skills,Online:Caltrops,5.1.5,"* Reduced the base cost to 2984 from 3510. * Increased the snare potency to 50% from 30%. * Reduced the damage per tick by approximately 60%, and decreased the duration to 10 seconds from 12 seconds. These changes apply to all morphs. * Caltrops now ranks up in 1.1% damage per rank, rather than reducing in cost. * Anti-Cavalry Caltrops: Decreased the base duration to 12 seconds, which ranks up to 15 seconds at Rank IV. It also no longer increases in damage per rank. * Razor Caltrops: This ability no longer deals initial hit damage, but instead applies Major Fracture to enemies hit by the DoT, up to 4 seconds at Rank IV."
skills,Online:Caltrops,7.0.5,"* Increased the damage per tick of this ability and its morphs by approximately 36%. It will now deal damage equitable to a normal DoT ability, rather than being weaker than them. **Developer Comment: Between the changes to Caltrops and Necrotic Orbs, we hope to see less of a disparity in performance between Stamina and Magicka DPS. We already see many Stamina-based classes pulling slightly ahead to most Magicka in single target, but are quite a bit behind in cleave areas which most of the game requires between boss encounters and elite encounters in dungeons and trials. By reducing the bonuses Necrotic Orbs has from being harder to use and improving one of the universally accessible Stamina AoE DoTs, we hope to lessen the delta between the two in regards of damage dealing."
skills,Online:Caltrops,8.1.5,"* Reduced the damage per tick by approximately 12%. * Fixed an issue where these abilities failed to apply their effects when cast at long ranges when under the effect of range enhancing bonuses. * Reduced the cost to 2295, down from 2984. ** Anti-Calvary Caltrops (morph): This morph now increases the duration of the effect by 5 seconds, up from 4."
skills,Online:Capacitor,11.0.5,"* This passive now increases your Health, Magicka, and Stamina Recovery by 70/141, instead of by 5/10%."
skills,Online:Catalyst,1.1.2,* Fixed an issue with the Catalyst passive ability. It will now properly increase the effect of speed potions.
skills,Online:Catalyst,1.1.3,* Increase the effectiveness of this ability to a higher percentage.
skills,Online:Catalyst,1.6.5,* This passive now restores 6/12 Ultimate when drinking a potion instead of increasing potion effectiveness.
skills,Online:Catalyst,2.0.8,* Fixed an issue where this passive ability was erroneously removed when the Nightblade died.
skills,Online:Catalyst,2.3.5,* Increased the amount of Ultimate you gain when drinking a potion to 10/20 Ultimate at Ranks I/II from 6/12 Ultimate.
skills,Online:Catalyst,11.0.5,"* Increased the amount of Ultimate this passive grants to 15/30 when consuming a potion, up from 10/20."
skills,Online:Catalyst,11.1.5,"* Reduced the Ultimate generated by this passive to 11/22, down from 15/30."
skills,Online:Chakram Shields,9.0.6,* Fixed an issue where some of the visuals from this ability and its morphs could get stuck floating in midair.
skills,Online:Chakram Shields,9.0.7,* Fixed an issue where the damage shields from different morphs of this ability could stack.
skills,Online:Char,3.0.5,"* Fixed an issue where ranking up a summon ability (Unstable Familiar, Summon Winged Twilight, Feral Guardian, etc.) would unsummon your pet."
skills,Online:Circle of Protection,1.5.2,* Fixed an issue where this ability wasn't giving bonus armor and spell resistance against undead and Daedra.
skills,Online:Circle of Protection,1.6.5,"* This ability now grants the Major Fortitude buff, and the value is increased by 50% against Daedra and undead. * Fixed an issue where the bonus damage reduction was not being applied when a vampire would attack you. * Ring of Preservation: This ability now grants the Major Health Regeneration buff."
skills,Online:Circle of Protection,2.1.4,* Turn Undead: This ability will now function like other fears in the game where it places a crowd control immunity on the target after the fear ends.
skills,Online:Circle of Protection,2.3.5,* Turn Undead: Fixed an issue where this ability was not following the standard area of effect buff and damage guidelines for additional targets hit.
skills,Online:Circle of Protection,2.4.5,"* This ability and its morphs now grant the Minor Endurance buff in addition to the Minor Protection buff. * Ring of Preservation: In addition to the changes made to the base ability, we redesigned this morph so it now decreases the cost of Roll Dodge by 20% while within the area of effect. * Turn Undead: In addition to the changes made to the base ability, we increased the duration of the area of effect to 12 seconds from 10 seconds."
skills,Online:Circle of Protection,2.5.5,* Ring of Preservation: Fixed an issue where this morph was increasing the cost of Roll Dodge rather than decreasing it.
skills,Online:Circle of Protection,2.7.5,* Increased the duration of this ability and the Ring of Preservation morph to 20 seconds from 10 seconds. * Turn Undead (morph): Increased the duration of this morph to 24 seconds from 12 seconds.
skills,Online:Circle of Protection,5.0.5,* Fixed an issue where this ability would only fear Werewolves if you had the passive Skilled Tracker enabled.
skills,Online:Circle of Protection,5.1.5,"* Reduced the cost of this ability and its morphs to 3902 from 7987. * Fixed an issue with this ability and its morphs where you could not gain the Minor Protection from this ability if you had Minor Endurance active prior to entering the area. * Turn Undead: This morph is now called Turn Evil, and fears any enemy in the area upon cast, rather than only Undead. * Ring of Preservation: ** This morph no longer reduces the cost of Roll Dodge while in the area, and is now considered a ""Kiss-Curse"" or double-edged sword morph. Instead, it heals up to 6 friendly targets (yourself included) in the area every half second. The heal is based on our AoE HoT standards. ** Reduced the duration of this morph to 8 seconds from 20 seconds."
skills,Online:Circle of Protection,8.1.5,"*Circle of Protection: Reduced the cost of this ability and its morphs 3780, down of 4590. ** Ring of Preservation (morph): *** This morph now heals once every second over 10 seconds, rather than once ever half second over 8 seconds. *** Increased the healing per tick by approximately 278%. ** Turn Evil (morph): Reduced the duration of fear from this morph to 4 seconds at max rank, down from 5 seconds."
skills,Online:Cleansing Ritual,1.1.2,* This ability's Purify synergy will now only appear to allies that have a negative debuff that can be removed.
skills,Online:Cleansing Ritual,1.2.3,* Decreased this ability's particle effects in an effort to make other effects easier to see.
skills,Online:Cleansing Ritual,1.6.5,* Fixed an issue where this ability's Synergy wasn't removing the effects from Crippling Grasp. * Purifying Ritual: Slightly reduced the cost of this morph.
skills,Online:Cleansing Ritual,2.3.5,"* Increased the healing from the Purify synergy from this ability and its morphs by 12%. * Fixed an issue where this ability and its morphs could be used to cleanse projectiles that were mid-flight. It now matches the behavior of the Purge ability. * Focused Healing: This passive ability now grants you the Major Mending buff while standing in your own Cleansing Ritual, Rune Focus, or Rite of Passage area effects and for up to 2/4 seconds after leaving them at Ranks I/II, instead of granting you 15/30% more healing to allies standing in your own Cleansing Ritual, Rune Focus, or Rite of Passage."
skills,Online:Cleansing Ritual,2.4.5,"* This ability now always removes 2 harmful effects from the casting Templar as a baseline effect, increased from 1 harmful effect. * Extended Ritual (Cleansing Ritual morph): Increased this morph's duration to 18/20/22/24 seconds at Ranks I/II/III/IV respectively, from 16/18/20/22 seconds. We also increased the amount of negative effects cleansed from the casting Templar to 5 from 2. * Purifying Ritual: Renamed this morph to Ritual of Retribution, In addition, we redesigned this morph so it now damages enemies in its area of effect every 2 seconds for the same amount that it heals allies. * Ritual of Retribution: This morph now also increases the amount of healing done to you and your allies by 20%; the damage done to enemies has been increased to match this value."
skills,Online:Cleansing Ritual,2.6.4,* Fixed an issue where using the Purify synergy from this ability and its morphs was preventing you from using other synergies for 20 seconds. We also fixed an issue where the Purify synergy from this ability and its morphs was appearing after you taunted an enemy.
skills,Online:Cleansing Ritual,3.0.5,"* Sacred Ground: This passive ability now grants Minor Mending instead of Major Mending when you are standing in your Cleansing Ritual, Rune Focus, or Rite of Passage areas of effect. ** Developer Comments: With a similar goal to reducing uptime on Major Mending as noted with the Igneous Shield change, Templars having 100% uptime on Major Mending by just standing within their areas of protection is stronger than we'd like and is one of the reasons they are the most desirable healer in endgame situations. We've changed the bonus to Minor Mending instead, but have increased the bonus from the Mending passive to compensate slightly."
skills,Online:Cleansing Ritual,3.2.5,"* Increased the cost of this ability and its morphs by approximately 14%. ** Developer Notes: Reducing the cast time of this ability will make it less susceptible to interrupts, and easier to land a potential life-saving heal on an ally. It now fits better with the fast-paced nature of combat."
skills,Online:Cleansing Ritual,4.3.5,* Fixed an issue where the heal from this ability and its morphs were not prioritizing the most injured targets inside the area.
skills,Online:Cleansing Ritual,5.0.5,"* This ability and its morphs will now grant healing and/or damage based on the users' highest offensive stats, rather than just Max Magicka and Spell Damage. * Ritual of Retribution: Fixed an issue where the damage from this morph could not critically strike."
skills,Online:Cleansing Ritual,5.1.5,"* Increased the healing per tick of this ability and its morphs by approximately 95%. * Increased the cost of these abilities to 4860 from 4320. ** Note these abilities continue to only tick once every 2 seconds, instead of the standard 1 second. This is due to the multi-faceted operational power this ability boasts. * Ritual of Retribution: This morph no longer states it grants additional modifiers to the damage and healing, and instead deals damage for an identical coefficient of the heal."
skills,Online:Cleansing Ritual,6.1.5,"*Ritual of Retribution (morph): This morph now sacrifices its healing potential for the damage, rather than adding damage on top of the healing. The damage now increases by 5% each tick for the duration of the ability, up to a max of 35%."
skills,Online:Cleansing Ritual,7.0.5,"* The following abilities have received significant adjustments to how the server handles their behavior, reducing messages sent between the client and server and reducing the total amount of Area of Effect events occurring. This will largely have little to no effect on their gameplay other than improving their response time to entering or leaving the Area of Effect. In some rarer cases, it will reduce the interaction with sets that proc off application of buffs or debuffs, since you will no longer repeatedly apply these effects to targets inside the area every tick, but rather for the duration the target is inside the area. Their synergies (when applicable) have also been updated to be far more reliable to activate when in the area and they will no longer persist for a short duration after each tick, allowing you to activate them in cases where they could fail or were already used, going on cooldown with no effect, or gaining their effects despite already being used. ** Blood Altar and morphs *** In an instance where Blood Feast and Blood Funnel are both available, Blood Feast will now always take priority as it is stronger than Blood Funnel. ** Bone Totem and morphs ** Boneyard and morphs ** Cleansing Ritual and morphs ** Both morphs of Dragonknight Standard *** This will also fix an issue where the morphed version of this ability failed to properly fire its synergy, Shackle, when activated. ** Lightning Splash and morphs ** Necrotic Orbs and morphs ** Negate Magic and morphs ** Nova and morphs ** Rune Focus and morphs ** Spear Shards and morphs * The synergy from this ability and its morphs no longer requires you to have a negative effect on you to activate."
skills,Online:Cleansing Ritual,7.2.5,* Increased the scaling coefficients on this ability and its morphs by approximately 17% since they tick 6 times instead of 7 after the change from Update 30.
skills,Online:Cleansing Ritual,8.1.5,"* This ability and its morphs now last 20 seconds, up from 12. * These abilities now tick one extra time over their duration. * Reduced the healing per tick of this ability and Extended Ritual by approximately 3%. ** Ritual of Retribution (morph): *** Reduced the damage per tick of this morph by approximately 52%. *** This morph now increases by 12% damage per tick, up from 5%."
skills,Online:Cleansing Ritual,8.3.5,* Purify: Fixed an issue where this synergy's healing was being truncated in some situations. This will result in a minor increase in the healing done.
skills,Online:Cleave,1.1.2,* Fixed an issue where this ability's damage wasn't scaling evenly across ranks.
skills,Online:Cleave,1.2.3,"* Increased the damage-over-time for this ability by 25%, and the damage now scales as the ability increases from ranks I-IV."
skills,Online:Cleave,1.5.2,* Fixed an issue where this ability could not critically hit. We also increased the initial hit damage by approximately 10%. * Carve: This ability now gives two Ultimate per target hit instead of three Ultimate.
skills,Online:Cleave,1.5.8,* Brawler: Fixed an issue where the damage shield from this ability wasn't refreshing to the correct value when used twice in a row without the shield breaking.
skills,Online:Cleave,1.6.5,* Brawler: Fixed an issue where the damage shield from this ability wasn't refreshing when used on multiple enemies while the previous shield was still active. * Carve: This ability now grants the buff Minor Heroism for 8 seconds.
skills,Online:Cleave,2.4.5,* Increased the damage over time from this ability and its morphs by 20%.
skills,Online:Cleave,2.7.5,* Adjusted the order of the Active Abilities in this skill line. They now unlock in the following order: ** Uppercut ** Critical Charge ** Cleave ** Reverse Slash ** Momentum *** Developer Comment: This change is aimed at newer players. Our intention for this weapon line and the ones below is getting players into the habit of using their primary damage ability as soon as possible.
skills,Online:Cleave,3.0.5,* Increased the damage over time of this ability and its morphs by approximately 16%.
skills,Online:Cleave,3.3.5,"* The initial direct damage from this ability and its morphs can now be blocked, but cannot be dodged."
skills,Online:Cleave,4.2.7,* The Damage over Time from Cleave and its morphs can no longer proc Weapon Enchantments or poisons
skills,Online:Cleave,5.0.5,"* Reworked this ability and its morphs so the damage is increased by 50%, but removed the bleed from this ability completely. * Carve: This morph will retain the bleed, and increased the bleed damage by 25%. However, it no longer grants Minor Heroism. * Brawler: Removed the bleed from this ability. Increased the Shield granted from this morph by 100% at base, but reduced the bonus scaling per target hit from 100% to 50%. This means at base this ability will be 100% stronger than before, and will be approximately 14% stronger than previously if you get the maximum bonus. ** Developer Comment: Our goal with this change was to allow for Two Handed users to choose between defenses or damage, while allowing the user to double down in their focus of choice. Now you can choose between a powerful tool that will help you stick close to dangerous opponents, or increased pressure to keep up your damage potential."
skills,Online:Cleave,5.1.5,* Carve: Reduced the damage over time from this ability by approximately 9%.
skills,Online:Cleave,5.2.5,* Carve (morph): ** Reduced the damage per tick of this morph by approximately 40%.
skills,Online:Cleave,7.0.5,* The following abilities will now deal purely Bleed Damage rather than Physical Damage or a mix of Physical and Bleed Damage. ** Bloodthirst (morph of Flurry) ** Carve (morph of Cleave) ** Cutting Dive (morph of Dive) ** Pounce and morphs ** Trap Beast and morphs ** Twin Slashes and morphs * Brawler (morph): Fixed an issue where the shield from this morph was missing rank up progression built into it. This will result in a 3.3% stronger shield.
skills,Online:Cleave,7.1.5,"* This ability and the Carve morph now apply a damage shield on you when cast equal to the scaling coefficients of the initial hit (note it does not grant a shield based on damage done). * Increased the cost of all versions to 3510, up from 3240. * Adjusted the area of all versions to hit in a 300-degree arc with a 6 meter radius, rather than a 140 degree arc with a 7 meter radius, to better line up with the attacks' visual appearances and help make it more clear which attacks should land and which should not. ** Brawler (morph): Increased the base size of this morph's damage shield by approximately 7% to ensure it matches the others. ** Carve: The bleed from this morph can now stack up to 3 times. Blood for the blood god. **Developer Comment: Brawler is currently the clear winner in terms of morph options, as it scales far more effectively in power per target. This, paired with the fact that melee builds require staying power, make the defensive option the clear winner but makes Carve feel weak no matter how high the damage could be adjusted. By adding a base line shield to these abilities, we hope to see more active choice between the morphs. Will you let the blood flow for you and your enemy or staunchly stand in their faces?"
skills,Online:Cleave,7.2.5,"* Carve (morph): Increased the duration of the damage over time effect to 12 seconds, up from 10, to help ease the difficulty of keeping the stacks up in a rotation."
skills,Online:Cleave,7.3.5,"* Carve (morph): ** This morph no longer increases in damage per stack, but instead increases in duration per stack. Each cast increases the maximum duration by 10 seconds, with a maximum duration of 30 seconds when at 3 stacks. ** Increased the base damage per tick by approximately 66%. This will result in less overall DPS from the ability when at 3 stacks, but with significantly easier management of the effect. **Developer Comment: Previously, this ability was allowed to stand alone as an incredibly potent DoT to help give Two Handed weapons some much needed sustained DPS to help it keep up with other weapons. However, the previous iteration created a situation where the maximum stacks were so strong, it was eclipsing many other DoTs in terms of raw DPS, while being incredibly swingy in real content where you needed to back off from your target for a moment. The new iteration will have less volatility in its overall DPS and get it closer to other DoTs, while giving it high uptime to let you focus on other abilities or actions."
skills,Online:Cleave,8.1.5,"* Carve: ** Reduced the damage per tick of this morph's damage over time by approximately 20%. ** Increased the duration of the final stack to 32 seconds, up from 30, to grant it a better grace period in a real rotation when paired with other duration effects."
skills,Online:Cleave,8.3.5,* Fixed an issue where the visuals and sound effects from this ability and its morphs could fail to play properly in some cases.
skills,Online:Cold Snap,3.0.5,"* Fixed an issue where ranking up a summon ability (Unstable Familiar, Summon Winged Twilight, Feral Guardian, etc.) would unsummon your pet."
skills,Online:Combat Frenzy,1.6.5,* Reduced the Ultimate gain to 10/20 from 13/25.
skills,Online:Combustion,2.4.5,"* Kindling: Renamed this passive ability to Combustion. In addition, this passive ability now also increases the damage of the Poisoned status effect, in addition to the Burning status effect."
skills,Online:Combustion,3.1.5,"* This passive ability now increases the damage of Burning and Poisoned by 25/50%, down from 33/66%."
skills,Online:Combustion,4.0.5,* This passive ability now also restores 250/500 Magicka or Stamina to you when you apply the Burning or Poisoned status effects to an enemy. These effects can occur once every 5 seconds.
skills,Online:Combustion,5.1.5,"* Decreased the cooldown from this passive to 2 seconds from 5 seconds. This was done to help alleviate many of the duration-based ability cost increases, as well as helping this passive synergize with more build customization such as using the Charged trait."
skills,Online:Combustion,5.2.5,"* This passive no longer has a cooldown in order to help the Dragonknight sustain itself, since it doesn't have a class-based dedicated resource ability such as Dark Exchange or Siphoning Strikes."
skills,Online:Combustion,7.2.5,"* Increased the resources granted from this passive to 500/1000 Stamina or Magicka, up from 250/500. * Added a cooldown of 500ms to each effect (which are separately tracked from one another) to make up for the above increase and the massive buff the Charged trait is getting."
skills,Online:Combustion,8.0.5,"* This passive now has a cooldown of 3 seconds, up from.5 seconds. **Developer Comment: This passive is enabling a lot of sustain in situations where you're building around it with status chance increases, allowing the Dragonknight to sustain effortlessly with a few passive options. The class was originally meant to struggle more with sustain, with larger moments of burst with Battle Roar and Combustion procs peppered in. While we love the synergy here with some more niche gameplay elements like Charged and focusing on status effects, this passive was removing one of the core weaknesses of the class that kept it in check in many areas. As such, we're increasing the cooldown in hopes to bring back some of the natural difficulty the class has with keeping the pedal to metal, while still being more viable than it was when its flames were more like embers."
skills,Online:Combustion,9.1.5,"* Reduced the damage bonus this passive provides to Burning and Poisoned status effects to 12/33%, down from 25/50%. **Developer Comment: Dragonknights are currently a bit ahead of many other classes in damage production. To address this, we're easing some of their passive power to reel them slightly back to the other classes, without stirring the pot too drastically."
skills,Online:Combustion,9.3.5,"* This passive now increases your damage done with Burning and Poisoned by 20/40%, up from 16/33%. * This passive now grants 1000 Magicka and Stamina whenever you apply Burning or Poisoned, rather than granting Magicka for Burning and Stamina for Poisoned. **Developer Comment: This passive has been reinforcing some restrictive morph engagement with Dragonknights who are trying to efficiently use it to its full power. Depending on your build type, you’d always need to find ways to find what damage type your build had less of through other morphs, enchantments, or item sets to ensure both parts of the passive procced reliably. The passive should now be much simpler to understand and utilize, and impose less restrictions, while also being less demanding on server performance!."
skills,Online:Combustion,11.0.5,"* This passive now increases the damage from Burning and Poisoned by 16/33% and restores 211/423 Magicka and Stamina when they are applied, down from 20/40% and 500/1000."
skills,Online:Combustion,11.3.4,"* This passive now grants you 112/225 Magicka and Stamina when applying Burning with an Ardent Flame ability slotted with a 1 second cooldown, rather than 211/423 Magicka and Stamina when applying Burning or Poisoned with a 3 second cooldown. This passive no longer increases the damage done of Burning or Poisoned (the Burning portion has moved to a different passive)"
skills,Online:Concentrated Barrier,4.0.8,"* Fixed an issue where the damage shield from this passive ability would remain on you when you logged back in to the game, causing its shield value to stack."
skills,Online:Concentrated Barrier,5.3.4,* This passive more accurately describes its proc condition. * Removed the shield recharge visual effects that would appear every 10 seconds of not blocking
skills,Online:Concentrated Barrier,8.3.5,* Fixed an issue where the shield from this passive could be half of its listed value in some cases.
skills,Online:Concentrated Barrier,12.0.6,*Fixed an issue where this passive was not considered a proc and could trigger other effects.
skills,Online:Concentration,1.1.2,* Fixed an error in this ability's tooltip that incorrectly showed it as giving slightly more Spell Penetration than it was actually giving. The actual effect is unchanged.
skills,Online:Concentration,1.4.3,* This passive will now provide 2%/4% spell penetration instead of 3%/6%.
skills,Online:Concentration,1.6.5,* This passive now grants a flat amount of spell penetration that increases with your level.
skills,Online:Concentration,2.0.1,* Fixed an issue where this passive wasn't granting any Spell Penetration.
skills,Online:Concentration,7.1.5,"* The following passives and player abilities now grant hybrid stats to help improve their viability and accessibility to off-meta builds, because we love them too: ** Agility: Now grants equal Weapon and Spell Damage. ** Balanced Warrior: *** Now grants 660/1320 Armor, rather than 1320/2640 Spell Resistance. *** Now grants equal Weapon and Spell Damage values. ** Brutal Carange's bonus: Now grants equal Weapon and Spell Damage values. ** Concentration: Now grants equal Offensive Penetration. ** Dexterity: Now increases Critical Damage and Healing Done per piece worn, up to 2% at the final rank, rather than Weapon Critical (as Prodigy now grants Weapon Critical as well) ** Flawless Dawnbreaker's bonus: Now grants equal Weapon and Spell Damage values. ** Prodigy: Now grants equal Critical Chance. ** Savage Strength: Now grants equal Weapon and Spell Damage values. ** Scaled Armor: Now grants 825/1650 Armor rather than 1320/3300 Spell Resistance. ** Slayer: Now grants equal Weapon and Spell Damage values."
skills,Online:Conditioning,4.3.5,* Gain 10% Max Stamina → Increases your Max Stamina by 2000.
skills,Online:Conjured Ward,1.2.3,* Hardened Ward: This ability now has a unique icon.
skills,Online:Conjured Ward,1.3.3,* The abilities Hardened Ward and Negate Magic no longer share the same icon.
skills,Online:Conjured Ward,2.3.5,"* Empowered Ward: ** This morph now grants the Minor Intellect buff to you and nearby allies, and will not be removed if the caster's damage shield is removed. ** This morph no longer provides the Minor Mending buff."
skills,Online:Conjured Ward,2.4.5,* Conjured Ward: Reduced the duration of this ability and the Hardened Ward morph to 6 seconds from 20 seconds. * Empowered Ward: Reduced the duration of this morph to 8 seconds from 20 seconds.
skills,Online:Conjured Ward,2.7.5,* Adjusted the order of the Active Abilities in this skill line. They now unlock in the following order: ** Summon Unstable Familiar ** Daedric Curse ** Summon Winged Twilight ** Conjured Ward ** Bound Armor ***Developer Comment: We moved the class defining defensive ability up one slot so players who are leveling up can gain access to it earlier.
skills,Online:Conjured Ward,4.0.5,"* Conjured Ward: Increased the strength of the damage shield summoned by this ability and its morphs by approximately 10%. * Hardened Ward: Decreased this morph's bonus to your own damage shield to 20% from 30%. **Developer Comment: Combined with the change to the base ability, Conjured Ward, there is no net change to the strength of the shield that Hardened Ward provides."
skills,Online:Conjured Ward,4.2.5,"* Conjured Ward: The total strength of this ability is now limited to 50% of caster's max health. * Hardened Ward: This morph now only ranks up the damage shield strength, instead of shield strength and caster self-shield bonus. **Developer Comment: We want players to make interesting choices when making damage shield builds. These builds now require a balance of offensive and defensive stats, where previously a damage shield user could go for all offensive stats and also get a large damage shield that mitigated the fact that they had low max health."
skills,Online:Conjured Ward,4.3.5,"* Fixed an issue with Annulment and its morphs, and Conjured Ward and its morphs, where you could occasionally get stuck in the casting animations when using the abilities in quick succession with other abilities such as Block."
skills,Online:Conjured Ward,5.0.5,"* Hardened Ward: Fixed an issue where this ability was getting a 40% bonus to strength, rather than a 20% bonus. Please note that the previous bonus could not circumvent the health cap of 50%, so if you were already over that bonus, you will see no change to power."
skills,Online:Conjured Ward,5.1.5,"* Reduced the shield size of this ability and the Empowered Ward morph by approximately 18%, and increased the cost of this ability and the Hardened Ward morph to 4320 from 3510. These changes were done to make them more comparable to the damage shield / burst heal standard. * Increased the shield size limit for this ability and the Empowered Ward morph to 50% of your Max Health from 40%. Hardened Ward is increased to 60% from 50%. If you would like additional insight to these changes, please read the developer comment under the Light Armor Annulment changes, which has similar adjustments. * Empowered Ward: The final cost of this ability is now 3780, and it no longer gains 1.1% shield size per rank as it already has a cost reduction rank up. * Hardened Ward: Reduced the shield size of this ability by approximately 9%."
skills,Online:Conjured Ward,8.1.5,* Empowered Ward (morph): This morph now also grants you and allies Minor Endurance as well.
skills,Online:Conjured Ward,8.3.5,"* Increased the damage shield size of this ability and the Regenerative Ward morph by 10%. * Increased the Max Health cap of these abilities to 55%, up from 50%. * This ability and its morphs now dynamically scale between the higher of your Max Health or Magicka, rather than only Magicka. ** Hardened Ward (morph): Increased the damage shield size of this morph by approximately 7% and increased the Max Health cap to 72%, up from 60%. ** Empowered Ward/Regenerative Ward: Renamed this morph to prevent confusion with the buff type. **Developer Comment: Shields are a primary defense identity for the Sorcerer class, but since the balance adjustments to shields in years past, the class has struggled a little bit to keep up defensively in ways that helped reinforce this feeling. We're making a targeted adjustment to try and help their core class shield to make them stand out above others, while avoiding the concerns of shield stacking in years past. We're hoping this also helps the class's kill potential go up a little in PvP environments, where they don't have to spend as much time recasting shields and heals to avoid death, and they can spend an extra second or so spell slinging on the offensive. We're also hoping the dynamic scaling of Magicka or Health will help out those few Sorcerer tanks out there have a shinier tool in their kit."
skills,Online:Conjured Ward,9.3.5,"*This ability and the Hardened Ward morph will now heal you for 15% of your Max Health or Magicka (whichever is higher) if no pets were shielded by the abilities. **Regenerative Ward (morph): This morph now also heals you for 10% of your Max Health or Magicka, regardless of if a pet was affected by the shield or not. *Developer Comment: In efforts to aid lone wolf Sorcerers, we’re adding a conditional bonus on this ability that makes up for the power loss it receives when you don’t have pets with you, while also trying to make up for some loss in not running their primary burst heal with the Summon Twilight. We’re also improving Regenerative Ward’s bonuses in hopes it gets more engagement, by making the heal a guarantee but with a reduction in healing so it doesn’t overshadow Hardened Ward."
skills,Online:Conjured Ward,10.2.5,"*Conjured Ward: Reduced the heal scaling of this ability and the Hardened Ward morph to match the scaling of the Regenerative Ward morph, which is 10% of your Max Health or Magicka, down from 15%. *Developer Comment: Originally the healing on this ability and its morphs were meant to help aid non-pet Sorcerers gain some more on demand healing in their kit, which the adjustments have certainly helped with. However, in addition to the bonus scaling of Max Health and Magicka that Expert Summoner granted, it was creating a case where the ability could single-handedly keep you alive with little to no additional healing sources, enabling far too much defensive power in a singular button press. We're toning down the healing by a sizable chunk to match the power of Regenerative Ward, which sees a significant less amount of use compared to Hardened Ward, for a healthier balance point."
skills,Online:Conjured Ward,11.0.5,* Conjured Ward and morphs: Conjured Ward and Hardened Ward no longer heal you if you do not have any pets active. ** Regenerative Ward now heals you for ~5% of your Max Health or Max Magicka if you have a pet active.
skills,Online:Connoisseur,2.7.5,* Fixed an issue that prevented the Connoisseur passive from correctly increasing the duration of certain Witches Festival and New Life Festival drinks.
skills,Online:Conservation of Energy,12.0.0,"*This passive upgrades rank 2 of Blood Magic to also activate off any ability with a cost, excluding cost per tick abilities, and to also restore 2% Magicka and Stamina upon activation."
skills,Online:Constitution,1.3.3,* This passive now restores magicka and stamina when you take damage.
skills,Online:Constitution,1.6.5,* This passive now scales off your level rather than our maximum health when restoring magicka and stamina.
skills,Online:Constitution,2.4.5,* Increased the amount of Magicka and Stamina restored from this passive ability whenever you are hit by approximately 275%.
skills,Online:Constitution,3.0.5,* Reduced the Magicka and Stamina restored by this passive ability by approximately 42%.
skills,Online:Consuming Darkness (skill),1.1.3,* Veil of Blades: This ability can now critical strike.
skills,Online:Consuming Darkness (skill),1.6.5,"* Reduced the duration of this ability to 12 seconds. * This ability will no longer provide an additional damage reduction for the caster. * Hidden Refresh (synergy): This will now provide healing to allies, and will only be offered to allies under 50% health. * Bolstering Darkness: This ability doubles the effectiveness of the Major Protection buff on yourself. * Dark Resurgence (synergy): This synergy, offered by Bolstering Darkness, will provide more healing for the ally that activates it."
skills,Online:Consuming Darkness (skill),1.6.6,* Bolstering Darkness: Fixed an issue where the caster was only receiving a 30% damage reduction instead of the full 60%.
skills,Online:Consuming Darkness (skill),2.3.5,* Bolstering Darkness: Increased the healing from the Hidden Refresh synergy from this morph by 20%.
skills,Online:Consuming Darkness (skill),4.0.5,* Bolstering Darkness: This morph now causes the Major Protection buff to remain on you even after leaving the area. The buff will persist for the duration of the ability.
skills,Online:Consuming Darkness (skill),5.0.5,* Veil of Blades: Fixed an issue where this ability was not getting stronger as the ability ranked up. Total damage at Rank IV will be increased by 6.6%.
skills,Online:Consuming Darkness (skill),5.3.4,"* Fixed an issue where the synergy granted from this ability and its morphs could only be activated when at a certain health threshold, which was not previously communicated. It can now be activated any time when you meet the listed requirements and are not on cooldown."
skills,Online:Consuming Darkness (skill),6.3.5,"* Hidden Refresh's heal now ticks once every second, rather than half second, and adjusted the total healing to remain roughly the same. * While this synergy is active, it now displays what it does when hovered over in your Active Effects tab."
skills,Online:Continuous Attack,1.1.4,* Fixed an issue where the weapon damage for this ability was not displaying properly in the character panel after a load screen.
skills,Online:Continuous Attack,1.5.2,"* Fixed an issue where this passive wasn't applying when capturing a farm, keep, mine, or lumber mill."
skills,Online:Continuous Attack,2.1.4,* This passive now grants Spell Damage in addition to Weapon Damage.
skills,Online:Continuous Attack,3.2.5,* The bonus applied by this passive ability is now removed when you leave Cyrodiil.
skills,Online:Continuous Attack,6.3.5,"* This passive now always grants Major Gallop when purchased at rank 1 or 2. Note that you do not need to be in Cyrodiil to gain this effect! This means once you purchase the passive at any rank, you will always have Major Gallop active on you regardless of where you are."
skills,Online:Controlled Fury,3.0.5,"* Stamina abilities are now universally 15% cheaper than their Magicka counterparts, originally being 20% cheaper. ** This includes class abilities that morph into Stamina abilities, in addition to the Weapon Skill Line passive abilities which reduce the cost of abilities in that Skill Line (Balanced Blade, Controlled Fury, etc.)"
skills,Online:Craftsman,1.6.5,* This passive ability now has an icon.
skills,Online:Craftsman,2.5.5,"* Heavy Armor Expertise: This passive ability has been renamed to ""Craftsman."" Also, in addition to the current benefit it now increases your inspiration gains by 10%."
skills,Online:Crag Smash,3.0.5,"* Fixed an issue where ranking up a summon ability (Unstable Familiar, Summon Winged Twilight, Feral Guardian, etc.) would unsummon your pet."
skills,Online:Crescent Scythe,3.0.5,"* Fixed an issue where ranking up a summon ability (Unstable Familiar, Summon Winged Twilight, Feral Guardian, etc.) would unsummon your pet."
skills,Online:Crimson Font,3.0.5,"* Fixed an issue where ranking up a summon ability (Unstable Familiar, Summon Winged Twilight, Feral Guardian, etc.) would unsummon your pet."
skills,Online:Cripple,1.4.3,* Shadow Cloak: This ability is no longer removed by the following ticking damage abilities. ** Agony ** Bat Swarm ** Caltrops ** Cripple ** Entropy ** Fire Rune ** Necrotic Orb ** Path of Darkness ** Soul Tether ** Trap Beast ** Volley ** Wall of Elements ** All elemental procs
skills,Online:Cripple,1.5.2,* You will no longer be revealed by the following abilities while Shadow Cloak is active: ** Restoration Staff light attacks ** Inner Fire ** Cripple
skills,Online:Cripple,1.6.5,"* Increased the damage dealt by Cripple by 6%. * Debilitate: This ability no longer affects attack speed. Instead, if your target dies while affected by Debilitate, the cost of the spell is refunded to you."
skills,Online:Cripple,2.3.5,* Debilitate: ** This morph now also allows you to place Debilitate on an unlimited amount of targets. ** Reduced the Magicka refund from this morph to 50% of the ability's cost from 100%.
skills,Online:Cripple,4.0.5,"* Debilitate: ** This morph now refunds 100% of the ability's cost if the enemy dies while affected by it, increased from 50%. ** Fixed an issue where the damage over time effect from this morph could not be placed on the same enemy from different Nightblade casters."
skills,Online:Cripple,4.1.5,* Decreased the duration of the snare and the Major Expedition buff from this ability and its morphs to 4 seconds from 8 seconds.
skills,Online:Cripple,5.0.5,"* Adjusted this ability and the Debilitate morph to follow our standardized Damage Over Time ruleset. * Increased the total duration to 10 seconds from 8 seconds, and increased the damage per tick by approximately 4%. This will result in roughly the same overall DPS, but over a longer duration. * Reduced Snare potency to 30% from 40%. * This ability and its morphs no longer grant the caster Major Expedition. * This ability can now be placed on an infinite amount of targets. ** Crippling Grasp: Added a 2 second delay between the first Damage Over Time tick and the initial hit. Also increased damage of the initial hit by approximately 25%, and increased the damage of each DoT tick by approximately 25% to make up for the damage loss of the first tick. ** Debilitate: Increased the Snare potency to 50%. This morph also no longer refunds the Magicka cost if the target dies while it was active. Instead, it applies Minor Magickasteal to the enemy while the DoT persists."
skills,Online:Cripple,5.0.7,"* Fixed an issue where the Snare and Immobilize from this ability would apply to their target, then immediately fall off."
skills,Online:Cripple,5.1.5,"* Decreased the cost of this ability and its morphs to 2970 from 3240, and increased the damage by approximately 17% per tick. * Crippling Grasp: Increased the initial hit damage by approximately 37%, and dtecreased the DoT damage by approximately 2%."
skills,Online:Cripple,5.2.5,* Decreased the damage per tick of this ability and its morphs by approximately 40%.
skills,Online:Cripple,6.3.5,"* Debilitate (morph): This morph now applies the Overcharged status effect each tick, rather than applying Minor Magickasteal for its duration. This will also fix an issue where Magickasteal could be removed if you recast this ability early."
skills,Online:Cripple,8.1.5,"* This ability and its morphs now last 20 seconds, up from 10. * Reduced the damage per tick of these abilities by approximately 23%. ** Crippling Grasp (morph): This morph now also reduces the cost of the ability to 2700, down from 2970."
skills,Online:Cripple,9.3.5,"* Debilitate (morph): This morph now increases the chance of applying the Overcharged status effect to 15%, rather than guaranteeing its application each tick, now that Overcharged does considerably more damage. Note this 15% is its base chance of applying status effects, and will still be increased by amplifications such as the Charged trait or Elemental Force."
skills,Online:Critical Charge,1.2.3,* Critical Rush: This ability no longer increases the damage of weapon enchantments.
skills,Online:Critical Charge,1.5.2,* Reduced damage of this ability by approximately 10%. * Critical Rush: Increased the ranged damage bonus for this ability to 68%. * Stampede: This ability now snares targets by 60% instead of immobilizing them.
skills,Online:Critical Charge,1.6.5,* Stampede: Increased the duration of the snare from this ability to 8 seconds from 5 seconds.
skills,Online:Critical Charge,2.3.5,"* Critical Rush: Fixed an issue where charging at the minimum range would reduce this morph's damage. * Adjusted the snare applied to the enemy target at the beginning of all charge/teleport abilities (such as Shield Charge, Critical Charge, or Teleport Strike) to be a 60% snare for 750 milliseconds from a 100% snare for 500 milliseconds. ** The snare remains unpurgable, and serves to help charge abilities hit moving targets more reliably without completing locking movement down."
skills,Online:Critical Charge,2.3.6,"* Fixed an issue where you were unable to attack if you sheathed your weapon after casting a charge or leap ability, including: ** Shield Charge ** Critical Charge ** Dragon Leap ** Teleport Strike"
skills,Online:Critical Charge,2.4.7,"* Made some additional adjustments to all charge abilities (Shield Charge, Critical Charge, etc.) to prevent charging in invalid locations."
skills,Online:Critical Charge,2.4.10,"* Fixed an issue where charge abilities (Shield Charge, Critical Charge, etc.) were causing your camera to clip through terrain when charging on certain slopes and hills."
skills,Online:Critical Charge,2.7.5,* Adjusted the order of the Active Abilities in this skill line. They now unlock in the following order: ** Uppercut ** Critical Charge ** Cleave ** Reverse Slash ** Momentum ***Developer Comment: This change is aimed at newer players. Our intention for this weapon line and the ones below is getting players into the habit of using their primary damage ability as soon as possible.
skills,Online:Critical Charge,3.1.5,* Fixed a specific case where some charge and leap abilities (such as Critical Charge or Dragon Leap) were displaying their animation and visual effects but not actually moving you to the enemy target.
skills,Online:Critical Charge,3.2.5,* Stampede: Fixed an issue where this morph could apply multiple snare debuffs whenever it was recast.
skills,Online:Critical Charge,3.3.5,* Decreased the damage dealt by this ability and its morphs by approximately 11%. * Critical Rush: Decreased the damage bonus based on distance traveled granted by this morph to 40% from 68%. * Stampede: Decreased the duration of the snare applied by this morph to 4 seconds from 8 seconds.
skills,Online:Critical Charge,5.1.5,"* Critical Rush: Increased the damage bonus scaling of this ability to 50% from 40%. * Stampede: This morph no longer snares enemies hit. Instead, it now crushes the earth beneath you upon reaching your target, causing area damage to happen every second for an 8 second duration. This ability is balanced around our AoE DoT standards."
skills,Online:Critical Charge,5.2.5,"* Stampede (morph): ** Increased the duration of this morph to 10 seconds, up from 8, and reduced the damage per tick by approximately 20%."
skills,Online:Critical Charge,6.1.5,* Stampede (morph): This morph now also causes the initial hit to deal Area of Effect damage on impact.
skills,Online:Critical Charge,7.0.5,"* Stampede (morph): Increased the damage done by the initial hit of this ability by 25%, and the damage of the Damage over Time effect by approximately 127%. Overall, this will result in approximately 86% more damage, which was done to help offset the changes to Merciless Charge, as well as to help Two Handed stick out better as a viable back bar option."
skills,Online:Critical Charge,7.3.5,"* Critical Rush (morph): ** This ability now ranks up in cost reduction instead of 1.1% damage done per rank. ** Reduced the base cost to 3510, down from 3780. * Stampede (morph): ** Reduced the initial hit of this ability by 20%. ** Increased the base cost to 4590, up from 3780. ** Increased the duration of the residual area to 15 seconds, up from 10 seconds. ** Increased the damage per tick of the Damage over Time by approximately 3%. **Developer Comment: Similar to Carve, this ability's potency was juiced up to inject some power for the skill lines' PvE performance, but ultimately created a situation where the other morph felt eclipsed entirely, even in PvP. Stampede now focuses its damage less on an upfront burst, and instead on more sustained damage for targets sitting in the area. Overall, this will reduce the DPS of the skill as well, while letting it have a slightly longer duration to the effect so you can focus on other actions instead."
skills,Online:Critical Charge,8.1.5,* Stampede (morph): Decreased the damage per tick by approximately 47%.
skills,Online:Critical Charge,8.3.5,"* Stampede (morph): Fixed an issue where the initial hit of this morph would only guarantee its Critical Strike against the first target hit, rather than all targets hit. Note that this guaranteed Critical still does not apply to the Damage over Time portion of the ability, which is by design."
skills,Online:Crushing Claws,3.0.5,"* Fixed an issue where ranking up a summon ability (Unstable Familiar, Summon Winged Twilight, Feral Guardian, etc.) would unsummon your pet."
skills,Online:Crystal Blast (Companion),3.0.5,"* Fixed an issue where ranking up a summon ability (Unstable Familiar, Summon Winged Twilight, Feral Guardian, etc.) would unsummon your pet."
skills,Online:Crystal Shard,1.2.3,* Crystal Blast: Increased this ability's area-of-effect damage. * Crystal Fragments: The sound and visual effects that indicate this ability can be cast instantly are more noticeable.
skills,Online:Crystal Shard,1.3.3,* Crystal Blast: Fixed a graphical issue that would occur when the Crystal Blast projectile was dodged.
skills,Online:Crystal Shard,1.6.5,* Reduced the cast time on all ranks and morphs to 1 second from 1.3 seconds. * Fixed an issue with the impact timing with this ability. * Crystal Shards and its morphs will now show the correct icon in the death recap screen. * Crystal Fragments (morph): Fixed an issue where this morph was applying multiple passives each time it was cast. We also fixed an additional issue where this ability's instant cast wasn't proccing when casting Bolt Escape. * Drain Essence: Fixed an issue where you could spam this ability on immune targets for free Crystal Fragments procs.
skills,Online:Crystal Shard,2.0.8,* Crystal Fragments: It is no longer possible for this ability's damage bonus to proc multiple times in a row and stack.
skills,Online:Crystal Shard,2.3.5,* Crystal Blast: Increased the secondary splash damage of this morph by 25%.
skills,Online:Crystal Shard,3.0.5,"* Crystal Fragments (Crystal Shard morph): Reduced the damage bonus of this morph's instant-cast proc to 10% from 20%. **Developer Comments: Sorcerer's sustained damage in PvE and burst damage in PvP is currently too high, so reducing the damage bonus from Crystal Fragments brings them down slightly in both areas without being too punishing to the overall damage kit."
skills,Online:Crystal Shard,3.2.5,"* This ability and the Crystal Fragments morph no longer stun the enemy hit. The Crystal Blast morph continues to stun the initial enemy hit. **Developer Notes: We wanted to separate the function of abilities into more distinct roles. Crystal Shards was overloaded since it had high damage, instant cast, stun, reduced cost. Now if the sorcerer wants a stun they have to either go through a cast time or deal reduced damage. * Crystal Blast: Increased the splash damage of this morph by approximately 25%. **Developer Notes: We wanted to make this morph worth the time spent casting, so we're increasing the area of effect damage to make it worth the risk of throwing into a pack of enemies."
skills,Online:Crystal Shard,4.2.5,"* Crystal Fragments: ** The icon on your action bar now changes when you have an instant-cast proc. ** Fixed an issue where using the instant-cast proc would cause you to stop blocking, and would prevent you from taking other actions for 0.2 seconds. ** Increased the damage of the proc from this ability to 20% from 10%. ** This ability's proc now has a very brief minimum travel time before it hits your target. ** You can no longer get a Crystal Fragment proc while you are not actively engaged in combat."
skills,Online:Crystal Shard,5.0.5,* Reduced the cost of this ability and its morphs by approximately 15% to put it in line with our other cast time abilities. * Reduced the minimum travel time on this ability and its morphs to 250ms from 450ms.
skills,Online:Crystal Shard,5.1.5,"* Decreased the base cost of this ability and its morphs to 2970 from 3510, and decreased the damage by approximately 10%. * Crystal Blast: The AoE portion of this ability now deals the same damage as the initial hit. * Crystal Fragments: Increased the bonus damage dealt of the proc from this ability to 33% from 20% to retain the damage of this proc."
skills,Online:Crystal Shard,6.1.5,"* Reduced the cast time of this ability and its morphs to 800ms, down from 1 second. * Reduced the damage done from these abilities by approximately 21%. * Reduced the cost to 2700, down from 2970. * These abilities have a new affix, where after successfully casting, your next non-Ultimate ability used within 3 seconds costs 10% less. ** Crystal Fragments (morph): *** This ability can now proc off itself. *** Slightly reduced the damage done from the special proc (< 1%). *** Introduced a safety window after activating the special proc to help avoid immediately queueing the base version's cast right after. ** Crystal Blast (morph): This ability has been reworked into a Stamina morph, and renamed to Crystal Weapon. It is now an instant-cast ability that causes your next Light or Heavy Attack made within 4 seconds to deal additional damage, equal to the standard spammable amount such as Lava Whip or Veiled Strike. Enemies hit by this ability will their armor reduced by up to 1000."
skills,Online:Crystal Shard,6.3.5,* Reduced the damage of this ability and the Crystal Fragments morph by approximately 2% to match the proper ranged cast time standard.
skills,Online:Crystal Shard,7.3.5,"* Crystal Weapon (morph): This ability will now replace Imbue Weapon or its morphs after casting, to help reduce the amount of burst potential it can offer with singular moments."
skills,Online:Crystal Shard,8.0.5,"* Crystal Fragments (morph): ** This morph now activates off any non-Ultimate active ability cast, rather than only Magicka costing abilities. ** Reduced the proc chance to 33%, down from 35%. * Crystal Weapon (morph): This morph now causes your next two Light or Heavy Attacks to deal bonus damage, up from 1. There is a small cooldown on this to avoid the ability to instantly proc both, though!"
skills,Online:Crystal Shard,8.1.5,"* Crystal Weapon (morph): ** Reduced the damage of this ability so that it now does 145% of a ranged spammable attack between both attacks, rather than 200% of a melee spammable. This damage reduction was taken out of the second hit rather than both, to help reduce situations where you are penalized for missing the 2nd part of the attack. ** Reduced the cost to 2983, down from 3443, to make up for the above adjustments. ** This ability now removes stealth and invisibility after casting. **Developer Comment: In the previous Update, we wanted to help reinforce the uniqueness of this morph by giving Sorcerers the ability to change their rotation by have a spammable that persists through other ability activates. While we succeeded in this, not adjusting the damage of the morph caused it to spiral out of control in terms of raw DPS and burst potential. After spending a lot of time and testing, we believe we've hit the sweet spot where the morph brings something unique and powerful, without being too over the top."
skills,Online:Crystal Shard,11.0.5,"* Crystal Fragments: This ability's passive slot function now persists through bar swap, allowing casts from both bars to potentially trigger the instant cast version. ** Developer Comment: We've lagged a bit behind on updating this morph to persist through bar swap out of concern for making Sorcerer that much more powerful in PvP areas where they are not really hurting. With subclassing here, however, the idea of ""classic"" classes being too overpowered is less of a concern for the new world of truly specialized builds. This morph can be given a little bit extra love to help the skill line have more value for damage dealers, as it lacks other very potent damage producing abilities."
skills,Online:Crystallized Shield,3.0.8,* Shimmering Shield: Fixed an issue where the Major Heroism buff from this morph was being removed by other abilities that grant Minor Heroism.
skills,Online:Crystallized Shield,3.1.5,* Updated this ability and its morphs' tooltips to indicate the maximum damage they can absorb from a single projectile.
skills,Online:Crystallized Shield,4.0.5,* Increased the cost of this ability and its morphs to 3240 Magicka from 2701. * Fixed an issue where the visual effects from this ability and its morphs were still appearing to enemies even if you were stealthed or invisible.
skills,Online:Crystallized Shield,5.0.5,* Removed the cost reduction rank up from this ability and its morphs. They will now all cost 3780 at base. * The size of the shield from this ability will increase as the ability ranks up. * Adjusted the Magicka return to be 22% of the ability's cost instead of the previous base value. * Crystallized Slab (morph): Increased the damage return of this morph by approximately 55% to put it on par with other similar abilities such as Dragon Fire Scale or Inferno.
skills,Online:Crystallized Shield,5.2.5,"* Crystallized Slab (morph): ** This morph now has a 500ms internal cooldown on the damage return and Magicka refund, similar to other abilities such as Dragon Fire Scale or Living Dark."
skills,Online:Crystallized Shield,7.3.5,* Shimmering Shield (morph): Fixed an issue where Major Heroism would not refresh from this ability after activating once.
skills,Online:Crystallized Shield,8.0.5,"* Crystallized Slab (morph): This morph now also stuns the target upon dealing damage. **For the masters of Ice, Wardens are lacking a lot of hard control. Without giving them something too over the top to make them even more oppressive to melee attackers, we've opted to add in a reactive ranged stun option to help deter those ranged builds that naturally kite and hound Wardens."
skills,Online:Crystallized Shield,8.1.5,"* Fixed numerous visual errors with this ability and its morphs. * Fixed an issue where the shield could fail to grant its full value when recasting it while it was already active. ** Crystallized Slab (morph): *** Fixed an issue where the 3rd projectile would fail to visually appear in many cases. *** This morph no longer has a 500ms cooldown, as it was allowing the ability to sometimes absorb more than 3 projectiles. **Developer Comment: Since the projectile limit exists and this morph's damage return is not bound by a duration but rather charges, the cooldown does not need to exist. This does, however, mean that builds that weave multiple projectiles in tandem will feel extreme pain when attacking users with this morph."
skills,Online:Crystallized Shield,8.3.5,"* This ability and the Shimmering Shield morph now grant 2 Ultimate when the shield takes damage, rather than restoring Magicka equal to 22% of the ability's cost. * Increased the cost of this ability and its morphs to 4320, up from 3780. * Reduced the shield strength of this ability and the Shimmering Shield morph by approximately 33%. ** Crystallized Slab (morph): *** This morph no longer grants Magicka or the new Ultimate restore when the shield takes damage, in exchange for the damage done and stun. This morph does retain the original size of the damage shield. *** Reduced the damage per hit of this morph by approximately 33%. **Developer Comment: Currently, this ability and its morphs are enabling too much defensive power for the Warden against ranged opponents, while simultaneously allowing them to keep the ability up with next to no cost. In order to peel back some of the power in those regards, we're increasing the cost and removing the self-sustaining portion, while also trying to give some love back with Ultimate generation. While doing this, we're also trying to differentiate the morph power you pick from, where Slab is more about shaking off ranged builds and being more defensive, while Shimmering doubles down on the juicy Ultimate generation."
skills,Online:Cunning,3.0.5,"* Fixed an issue where ranking up a summon ability (Unstable Familiar, Summon Winged Twilight, Feral Guardian, etc.) would unsummon your pet."
skills,Online:Curative Curse,11.0.5,"* This passive now increases your Healing Done by 6/12% while a negative effect is active on you, up from 4/8%."
skills,Online:Cutpurse,2.5.5,"* Medium Armor Expertise: This passive ability has been renamed to ""Cutpurse."" Also, in addition to the current benefit it now increases your chance to successfully pickpocket by 5%."
skills,Online:Cutthroat's Focus,12.0.0,*Was called Evasive Trance. This passive causes you to dodge incoming attacks for 1/3rd of a second when activating a Nightblade ability while Bracing. Dodging any attack through any means causes your attacker to take 5% increased damage for 5 seconds.
skills,Online:Cycle Unending,12.0.0,"*Cycle Unending: This passive upgrades rank 2 of Reusable Parts to also grant Lord of the Cycle for 25 seconds, increasing your damage done by 1% for every 1% more current Health percent you have compared to your enemy. This bonus caps at 25% (12% against players). **If you have 75% current Health, and your enemy has 50%, you would gain 25% damage against them (12% if they are a player)."
skills,Online:Cycle of Life,1.4.4,* The Restoration staff passive Cycle of Life now increases magicka restore instead of increasing damage.
skills,Online:Cycle of Life,1.4.5,"* Fixed an issue where this passive was still increasing your damage. We have removed the damage increase, and using this passive will now correctly only increase your magicka restore."
skills,Online:Daedric Curse,1.6.5,"* Increased the single target damage for all ranks and morphs of this ability by 25%. * Increased the AoE damage from this ability by 15%. * Multiple Sorcerers can now stack this ability on the same target, though you can only have one curse active at any given time. * Removed the morph Explosive Curse. * Daedric Prey: Added this morph to the game, which increases the damage your pets will do to a target affected by your curse by 20%."
skills,Online:Daedric Curse,2.6.4,* The damage done to the primary target can no longer be blocked for this ability and its morphs. The area of effect damage to all secondary targets can still be blocked.
skills,Online:Daedric Curse,2.7.5,"* Adjusted the order of the Active Abilities in this skill line. They now unlock in the following order: ** Summon Unstable Familiar ** Daedric Curse ** Summon Winged Twilight ** Conjured Ward ** Bound Armor ***Developer Comment: We moved the class defining defensive ability up one slot so players who are leveling up can gain access to it earlier. * This ability and its morphs will now deal their Area of Effect damage even if the target dies. * Velocious Curse: ** Renamed this morph to Haunting Curse. ** This morph no longer shortens the duration of the curse to 3.5 seconds from 6 seconds; instead, it causes the curse to explode a second time after an additional 8.5 seconds. ***Developer Comment: The goal of this change is to simply the Sorcerer rotation, allowing a Sorcerer to free up some global cooldowns in order to use other abilities while keeping the burst potential for PvP at the same time."
skills,Online:Daedric Curse,2.7.11,* Volatile Familiar: Fixed an issue with Ranks I - III of this ability where the pulse damage from the Volatile Familiar was being increased by Daedric Prey from other players.
skills,Online:Daedric Curse,4.2.5,* Daedric Prey: Decreased the cost of this morph by approximately 20%.
skills,Online:Daedric Curse,5.0.5,"* Fixed an issue where the AoE detonation of this ability and its morphs could be blocked. Note this refers only to the AoE portion of the ability, as the original target couldn't block the damage. ** Daedric Prey (morph): Reworked the ability rank up of this ability. *** Instead of gaining 1.1% damage on the explosion per rank, this ability becomes cheaper as it ranks up. The final cost is now 2160 at base, down from 2430, but will deal 3.3% less damage overall. *** Added a pet taunt functionality to this ability that is similar to the one built into Heavy Attacks. Your active pets will now prioritize targets with Daedric Prey on them. *** Reduced the damage bonus for pets from this ability to 40% from 55%. *** Fixed an issue where the Summon Unstable Familiar's damage pulse was not being affected by this ability. Note that the morphed version, Volatile Familiar, was already working properly."
skills,Online:Daedric Curse,5.2.5,"* Reduced the bonus damage for pets to 20%, down from 40%. This was done to offset some of the reliance of the skill since some of the damage has been reincorporated into pets' basic attacks."
skills,Online:Daedric Curse,6.3.5,* Fixed an issue where this ability and its morphs could cause your next animation to hitch or jitter.
skills,Online:Daedric Curse,8.1.5,"* Daedric Prey (morph): Increased the bonus to your pets' damage to 45%, up from 20%."
skills,Online:Daedric Curse,10.1.5,"* This ability and its morphs now deal their full damage in an area around the cursed enemy, rather than dealing full damage to the cursed enemy and half damage in an area around them. * This damage can no longer be blocked, as this feature was never messaged on the ability and is not considered a Damage over Time, nor is its damage-based on other damaging events. ** Daedric Prey: This morph now properly mentions that it also forces your active pets to prioritize the target. *** Developer Comment: We're moving forward with a change that streamlines this ability into one powerful area attack rather than splitting it between a single target and area attack, to help Sorcerers gain some cleave damage in PvE. In addition, we're removing some remnant balance behavior of the skill being unable to be blocked, as originally, the Sorcerer class had no real way to deal with enemies that blocked their burst windows, and the telegraphed nature of the skill was easily countered. Over the years, however, this weakness has naturally been solved with the addition of crowd control that cannot be blocked in the form of Bolt Escape and its morphs. This should help reduce the incredibly powerful burst that the class can constantly dish out in PvP from a base, and instead shift the focus to only be able to pull these events off when they're taking riskier plays."
skills,Online:Daedric Curse,10.2.5,* Fixed an issue where this ability and the Haunting Curse morphs’ visual effects could fail to play if the cursed enemy died.
skills,Online:Daedric Curse,11.0.5,"* This ability now increases the damage your Daedric Summoning pets deal to the target by 50%, instead of increasing the damage all of your pets deal to the target by 45%. ** Developer Comment: With subclassing here, we've had to adjust this ability to prevent it from becoming egregiously overpowered when paired with the maximum use case of pets. We've gone forward with a model that largely retains the power where it already lies, where it buffs Sorcerer's pets - and we've gone through and updated any item sets that summon a Daedric entity to be considered a Daedric Summon (Maw of the Infernal, Defiler, and Shadowrend) so they continue to work with this ability. This does mean that other summon based sets will no longer work with this effect, such as Morkuldin."
skills,Online:Daedric Mines,1.3.3,* Daedric Tomb: Using this ability will now cast the attack where your reticle is pointing instead of the direction you are facing.
skills,Online:Daedric Mines,1.5.2,* Fixed an issue with this ability where the mines could explode on larger monsters that were several meters away. * Large monsters will no longer set off the Sorcerer ability Daedric Mines before entering the activation radius.
skills,Online:Daedric Mines,1.6.5,* Increased the damage of all ranks and morphs by approximately 30%. * All boss monsters and any monster with boss immunities will be immune to damage from this ability for one second after being affected by a Daedric Mine.
skills,Online:Daedric Mines,2.3.5,"* Daedric Tomb: This morph no longer places three Daedric mines in a line in front of you; instead, the Daedric mines can be placed at a ground-targeted reticle location up to 22 meters away. The mines will arm instantly in the normal triangular pattern."
skills,Online:Daedric Mines,3.2.5,* Daedric Tomb: Fixed an issue where the placement of the mines created by this morph were not aligned with your ground-based reticle.
skills,Online:Daedric Mines,4.0.5,* Decreased the cost of this ability and its morphs to 5400 Magicka from 6480 Magicka. * Blood Magic: Fixed an issue where this passive ability would not trigger if you hit an enemy immune to snares with your Daedric Mine abilities.
skills,Online:Daedric Mines,6.3.5,"* Fixed an issue where this ability and its morphs were considered Area of Effect attacks, despite only hitting one target per mine. * Fixed an issue where these abilities could return as Damage over Time in some cases."
skills,Online:Daedric Mines,7.3.5,* Fixed an issue where this ability and its morphs' scaling coefficients did not match the expected ration of 1 Weapon or Spell Damage to 10.5 Magicka or Stamina. This will result in it scaling less effectively with Weapon or Spell Damage but more effectively with Max Magicka or Stamina.
skills,Online:Daedric Mines,8.1.5,"* Fixed an issue where this ability and its morphs could detonate instantly on a target multiple times. * There is now a short cool down window where a target cannot be targeted again from the mines to prevent moments of immense instantaneous burst. This will also mean your mines will no longer detonate without dealing any damage to a target, vastly improving the viability of this ability in long term encounters where a single enemy may walk through the area."
skills,Online:Daedric Mines,9.3.5,"* Daedric Minefield (morph): ** Renamed this morph to Daedric Refuge. ** The “mines” the ability places are now “wards” that activate when you or an ally walk over them, granting them a damage shield for 6 seconds, rather than activating to deal damage and immobilizing when an enemy walks over them. ** Allies cannot be affected by one of the wards more than once every two seconds, to prevent situations where a singular ally could take multiple shields immediately. ** The shield uses the higher of your Max Magicka or Stamina and is capped at 43% of the target’s Max Health. *** Developer Comment: We're moving forward with a change that streamlines this ability into one powerful area attack rather than splitting it between a single target and area attack, to help Sorcerers gain some cleave damage in PvE. In addition, we're removing some remnant balance behavior of the skill being unable to be blocked, as originally, the Sorcerer class had no real way to deal with enemies that blocked their burst windows, and the telegraphed nature of the skill was easily countered. Over the years, however, this weakness has naturally been solved with the addition of crowd control that cannot be blocked in the form of Bolt Escape and its morphs. This should help reduce the incredibly powerful burst that the class can constantly dish out in PvP from a base, and instead shift the focus to only be able to pull these events off when they're taking riskier plays."
skills,Online:Daedric Protection,2.1.4,* This passive now grants 10/20% bonus stamina recovery in addition to its previous effects.
skills,Online:Daedric Protection,11.0.5,"* This passive now reduces your damage taken by 2/5% while a Daedric Summoning ability is active, instead of increasing your Health and Stamina Recovery by 10/20% while a Daedric Summoning ability is slotted. The recovery bonuses have been merged into the Storm Calling skill line instead. Note that Bound Armor and its morphs’ passive effects are now considered for this as well."
skills,Online:Dark Exchange,1.2.3,* Dark Deal: You can now move while channeling this ability. The increase to your armor and spell resistance has also been removed from this ability.
skills,Online:Dark Exchange,1.5.2,* The crystals from this ability now line up with the streams of energy.
skills,Online:Dark Exchange,1.6.5,* It is now possible to move while channeling all ranks and morphs of Dark Exchange. * Dark Deal: This ability now converts magicka into health and stamina.
skills,Online:Dark Exchange,2.3.5,"* Increased the cost of this ability and its morphs by 20%, but they now return 20% more Health, Magicka, or Stamina."
skills,Online:Dark Exchange,2.4.5,"* Increased the amount of resources gained from this ability and its morphs: Health by 100%, Stamina and Magicka by 75%."
skills,Online:Dark Exchange,3.0.5,"* This ability and its morphs now have 0.2 seconds of animation blending time at the end of their cast. * Increased the cast time of this ability and its morphs to 1.2 seconds from 1 second. **Developer Comments: All cast time and channeled abilities have 0.2 seconds after their cast is complete where you cannot cast another ability while the animations complete. This change makes Dark Exchange consistent with them. Adding an additional 0.2 seconds to the cast time of these abilities reduces the amount of resources they can generate when cast quickly in succession, and grants enemies more time to interrupt them."
skills,Online:Dark Exchange,4.1.5,"* Fixed an issue where casting certain self-targeted abilities, such as Spiked Armor, Dark Exchange, or Imbue Weapon, would remove you from Sneak."
skills,Online:Dark Exchange,4.2.5,"* This ability and its morphs now restore 3600 Magicka instantly, previously 4696, and an additional 2400 over 20 seconds. Total resources restored has been increased by approximately 2%. The Health restored remains unchanged. **Developer Comment: We want Sorcerers to be strategic about how they maximize their resource return from this skill, while maintaining the powerful feel of seeing resources shoot up after completing the cast time. This ability will now restore more total resource than previously, but requires better timing to maximize. * Dark Deal: This morph now also has a cost reduction bonus as its morph effect."
skills,Online:Dark Exchange,5.0.5,* Fixed an issue where this ability and the Dark Conversion morphs would fail to return resources or heal if they were cast while silenced.
skills,Online:Dark Exchange,8.1.5,"* This ability and its morphs now restore their resources in increments of 2 seconds over their duration, up from 1. * Reduced the healing of these abilities to 8000, down from 8090. ** Dark Conversion (morph): This morph now increases the amount of healing and resources restored, rather than reducing the cost. As a result, the cost is now 3240, up from 2160. It now heals for up to 10000, immediately restores up to 4500 Magicka, and up to 3000 Magicka over time rather than 8090 Health, 3600 Magicka, and 2400 Magicka over time. ** Dark Deal (morph): Increased the cost of this morph to 2700, up from 2430. This morph now also causes the secondary resources to return over 10 seconds, rather than 20 seconds."
skills,Online:Dark Exchange,9.0.5,"* Dark Exchange: This ability and the Dark Conversion morph now also grant Minor Berserk for the 20 second duration they restore resources. ** Dark Deal (morph): This morph now grants Minor Berserk and Minor Force for the 10 seconds it restores resources. ***These abilities are meant to be the class's primary resource restores skills, and while they do that just fine, they don't offer any other reason to run leaving them feeling a bit behind when compared to other class resource skills like Restoring Focus or Bull Netch. To sweeten the dark deals occurring, we're adding some named buffs for the duration to help the class reinforce their spell slinging nature, while making sure we don't push them over the top in high end damage production with group compositions."
skills,Online:Dark Exchange,11.0.5,* Dark Deal: This morph no longer grants Minor Force. This morph’s Minor Berserk is no longer half as long as the base ability.
skills,Online:Dark Moon Totem,3.0.5,"* Fixed an issue where ranking up a summon ability (Unstable Familiar, Summon Winged Twilight, Feral Guardian, etc.) would unsummon your pet."
skills,Online:Dark Stalker,1.4.3,* Fixed an issue where you could stack the Dark Stalker passive with the Night's Silence or Shadow Dancer's Raiment item sets to move at mount speed. This is no longer possible-you get the bonus from either Dark Stalker or Night's Silence or Shadow Dancer's Raiment.
skills,Online:Dark Stalker,2.4.5,* This passive ability now only functions when you are in Vampire Stage 4. * Fixed an issue where this passive's Movement Speed bonus while in crouch was not applying reliably. * Updated the tooltip of this passive to better describe its bonuses.
skills,Online:Dark Stalker,2.4.7,* Fixed an issue where this passive ability was reducing the Movement Speed penalty of Crouch by 50% instead of 100%. This ability's tooltip has also been updated to better describe its bonuses.
skills,Online:Dark Talons,1.1.2,* This ability can now damage monsters with snare immunity. * Fixed an issue where allies were not able to activate the synergy from Dark Talons. * Reduced the overall radius.
skills,Online:Dark Talons,1.2.3,* Choking Talons: You will no longer be charged twice the required magicka amount to use this ability. * Burning Talons: Decreased this ability's damage-over-time duration.
skills,Online:Dark Talons,1.5.2,* Fixed an issue where this ability was causing a slight reduction in performance. * Choking Talons: Fixed an issue where this ability wasn't getting more powerful when you gained a rank; there is now more damage added on Ranks II-IV. We also fixed an issue where this ability was fading out instantly.
skills,Online:Dark Talons,1.6.5,"* Choking Talons: This ability now applies the Minor Maim debuff, even if your target is immune to roots. * Burning Talons: Increased the damage over time from this ability by approximately 10%."
skills,Online:Dark Talons,2.3.5,* Burning Talons: This morph now deals Flame Damage for its initial hit instead of Physical Damage.
skills,Online:Dark Talons,3.0.5,"* Shadow Cloak: Fixed an issue where the invisibility from this ability and its morphs was being broken by numerous abilities including Reflective Light, Silver Shards, and Burning Talons damage over time effect."
skills,Online:Dark Talons,3.1.5,* This ability and the Choking Talons morph now deal Magic Damage instead of Physical Damage. * Fixed an issue where this ability and its morphs were not displaying their visual effect if they were the killing blow on the enemy.
skills,Online:Dark Talons,3.2.5,* Fixed an issue where Rank I of this ability would allow the caster to use their own synergy.
skills,Online:Dark Talons,5.0.5,"* Increased the damage of the initial hit of this ability and its morphs by 25% to put it on par with our other PBAoE abilities. ** Burning Talons (morph): Adjusted the tick frequency, duration, and delay so this ability followed our standards. Duration remains at 4 seconds, with a 1 second delay of the DoT between the initial hit, but now ticks 4 times instead of 3."
skills,Online:Dark Talons,6.3.5,"* This ability and the Choking Talons morph now deal Flame Damage, rather than Magic Damage. The Ignite synergy now also deals Flame Damage rather than Magic Damage."
skills,Online:Dark Talons,8.0.5,"* Choking Talons (morph): Reduced the cost of this morph to 3510, down from 4050."
skills,Online:Dark Talons,8.1.5,"* Reduced the cost of this ability and the Burning Talons morph to 3780, down from 4050, to help them be slightly more accessible in usability and to better account for the fact that the Immobilize may fail in many cases."
skills,Online:Dark Talons,9.0.5,"* Burning Talons (morph): Reduced the damage over time by approximately 27%, but increased the duration to 5 seconds, up from 4."
skills,Online:Dark Talons,11.0.5,"*Reduced the base cost of this ability and its morphs to 3510, down from 3780. ** Choking Talons: This morph now reduces the cost to 3240 while ranking up."
skills,Online:Dark Talons,11.3.4,* Combat Refresh Overhaul. Dragonknight Functionality and Balance Update.
skills,Online:Dark Veil,5.0.5,"* Adjusted this passive to grant a flat 1 and 2 second duration increase to Shadow abilities, rather than 8 and 15% duration extensions. The duration of these abilities before allocating this passive have been adjusted to ensure the total duration remains relatively the same to their current Live values."
skills,Online:Dark Vigor,11.0.5,"* Increased the Max Health from this passive to 2/5% per Shadow ability slotted, up from 2/3% per ability."
skills,Online:Dawnbreaker,1.1.2,* Slightly decreased the damage that this ability's higher ranks were doing.
skills,Online:Dawnbreaker,1.6.5,"* Reduced the cost of Dawnbreaker at all ranks and morphs to 100 Ultimate. * Dawnbreaker now also deals damage over time. * Removed the cast time from this ability, and can no longer be interrupted."
skills,Online:Dawnbreaker,2.1.4,"* This ability and its morphs will now consistently wait one second before the damage over time effect is applied. Note that the amount of damage applied, and the duration of the damage over time, will remain the same."
skills,Online:Dawnbreaker,2.3.5,* This ability and its morphs will now be more responsive in combat.
skills,Online:Dawnbreaker,2.4.5,"* This ability and its morphs no longer deal bonus damage to Undead and Daedra, and now deals Physical Damage instead of Magic Damage. * Dawnbreaker of Smiting: In addition to the changes made to the base ability, this morph also now knocks down any enemy hit instead of only Undead and Daedra. We also reduced the duration of the knock down to 2.5 seconds from 5 seconds. * Flawless Dawnbreaker: In addition to the changes made to the base ability, we reduced the amount of Weapon Damage this morph increases while slotted to 2/3/4/5% at Ranks I/II/III/IV from 5/6/7/8%."
skills,Online:Dawnbreaker,2.6.4,* Increased the cost of this ability and its morphs to 125 Ultimate from 100. ** Dawnbreaker of Smiting: Fixed an issue where this ability wasn't applying CC immunity to its targets.
skills,Online:Dawnbreaker,3.0.5,* Fixed an issue where the damage from this ability and its morphs was being mitigated off the target's Spell Resistance instead of their Physical Resistance.
skills,Online:Dawnbreaker,3.1.5,* This ability and its morphs can no longer be dodged.
skills,Online:Dawnbreaker,5.0.5,"* Increased the delay on the Damage over Time effect to 2 seconds from 1 second. Total duration is now 6 seconds, rather than 5 seconds. * Dawnbreaker of Smiting: The stun from this ability no longer ranks up from 1.5 seconds to 2.5 seconds; instead, it is a flat 2 seconds at all ranks. This morph now progressively gets stronger in damage as it ranks up instead. This will result in a 5.7% initial hit damage increase, and a 9% Damage over Time portion increase."
skills,Online:Dawnbreaker,5.1.5,"* This ability and its morphs now all have a minor cast time to match their animation of slamming down the glorious Dawnbreaker. Canceling the Ultimate will not consume resources, and this cannot be bashed/interrupted from abilities. * Increased the damage of the DoT by 1.1% per rank. * This ability and its morphs no longer has the 6 person target cap, since its total area is smaller than other Ultimates, such as Dragon Leap or Permafrost. * Flawless Dawnbreaker: This morph no longer passively increases your Weapon Damage by 5% for slotting. Instead, it grants you 300 Weapon Damage for 14 seconds, which ranks up to 20 seconds at Rank IV. This morph also no longer increases in damage by 1.1% per ranks. * Dawnbreaker of Smiting: This morph will now properly gain its 20% damage increase, which will result in a ~1% damage loss."
skills,Online:Dawnbreaker,7.1.5,"* The following passives and player abilities now grant hybrid stats to help improve their viability and accessibility to off-meta builds, because we love them too: ** Agility: Now grants equal Weapon and Spell Damage. ** Balanced Warrior: *** Now grants 660/1320 Armor, rather than 1320/2640 Spell Resistance. *** Now grants equal Weapon and Spell Damage values. ** Brutal Carange's bonus: Now grants equal Weapon and Spell Damage values. ** Concentration: Now grants equal Offensive Penetration. ** Dexterity: Now increases Critical Damage and Healing Done per piece worn, up to 2% at the final rank, rather than Weapon Critical (as Prodigy now grants Weapon Critical as well) ** Flawless Dawnbreaker's bonus: Now grants equal Weapon and Spell Damage values. ** Prodigy: Now grants equal Critical Chance. ** Savage Strength: Now grants equal Weapon and Spell Damage values. ** Scaled Armor: Now grants 825/1650 Armor rather than 1320/3300 Spell Resistance. ** Slayer: Now grants equal Weapon and Spell Damage values."
skills,Online:Deadly Bash,1.1.2,"* Fixed an issue where the damage bonus coupled with a ""bashing"" jewelry enchant was doing too much damage. Slightly decreased this ability's stamina cost reduction. * Those who have spent Skill Points in the Deadly Bash passive will have those points returned to their overall skill point pool. You may place those Skill Points back in this ability if you wish, or invest them elsewhere."
skills,Online:Deadly Bash,5.0.10,"* This passive no longer adds a percent damage modifier to your Bash attacks, but instead adds 250/500 Weapon and Spell Damage to them."
skills,Online:Deadly Bash,6.0.5,"* This passive now increases the damage of your Bash attacks by 750/1500, rather than increasing the Weapon and Spell Damage of your Bash attacks by 250/500."
skills,Online:Deadly Bash,6.2.5,"* Fixed an issue where this passive could be active while not wearing a Sword and Shield, which caused your character to fail to bash properly when at low Stamina, making you appear to jitter as if you drank Tamriel's largest cup of coffee spiked with moon sugar."
skills,Online:Deadly Bash,7.3.5,"* Deadly Bash: This passive now increases damage of your Bash Attacks by 250/500, down from 750/1500, but also reduces the cost of Bash by 25/50%, up from 20/40%. **Developer Comment: We're easing back the ease of access power that Bash builds have access to without making more operational costs to their builds (by making choices with sets, enchantments, or Champion Points), while giving a little bit back for them so it doesn't feel like a complete loss. We'll still be keeping a close eye on Bash builds moving forward, where they can feel like a cool niche playstyle without making them feel better at bursting people than an assassin."
skills,Online:Death Gleaning,8.3.5,"* This passive now restores 333/666 Magicka and Stamina when a nearby enemy dies, up from 100/200. **Developer Comment: For masters of death, Necromancers can often find themselves out of fuel even when there are corpses littering the battlefield. To try and remedy this without tipping the scales too far in areas where Necromancer is already doing well, we're increasing these bonuses by a decent amount."
skills,Online:Death Knell,7.0.5,"* Reduced the amount of Critical Chance granted from this passive to 2/4% per Grave Lord ability slotted, down from 5/10%."
skills,Online:Death Knell,8.1.5,"* This passive now increases your Critical Chance by 4/8% per ability slotted, up from 2/4%."
skills,Online:Death Knell,9.3.5,"* Increased this passive’s Critical Chance to 5/10% per ability slotted while meeting its conditions, up from 4/8%."
skills,Online:Death Knell,11.0.5,"* This passive now increases your Critical Chance by 10/20% against targets under 33% Health if you have a Grave Lord ability slotted, rather than granting 5/10% Critical Chance per Grave Lord ability slotted against enemies under 25% Health."
skills,Online:Death Scythe,8.0.5,"* Ruinous Scythe (morph): ** This morph now deals Bleed Damage, rather than Physical. ** This morph now applies the Hemorrhaging status effect on damage dealt. ** This morph now sets all enemies Off Balance on hit, rather than every 3rd cast."
skills,Online:Death Scythe,8.1.5,"* Hungry Scythe (morph): ** The Heal over Time from this morph now lasts for 10 seconds and ticks once every 2 seconds, rather than lasting for 5 seconds and ticking once every second. ** Increased the Heal over Time to 6.198% of your Max Health, up from 2%."
skills,Online:Death Stroke,1.1.2,* This ability no longer receives the critical damage bonus when used as a sneak attack. It will still cause a stun and a guaranteed critical hit.
skills,Online:Death Stroke,1.5.2,"* This ability now deals 35% increased damage, and no longer scales up with increased Ultimate. * Death Stroke now increases the damage you deal to a target by 20% for 6 seconds."
skills,Online:Death Stroke,1.6.5,* Death Stroke and its morphs will now apply the Major Defile buff.
skills,Online:Death Stroke,2.4.5,"* Reduced the damage of this ability and its morphs by 4.5%. * Incapacitating Strike: This morph now always stuns the target when it is used, regardless of the caster's health. This morph now also deals Disease Damage instead of Magic Damage."
skills,Online:Death Stroke,2.7.5,"* Increased the cost of this ability and its morphs to 70 Ultimate from 50 Ultimate. **Developer Comments: With the Nightblade's high Ultimate generation, Death Stroke is available too frequently for how powerful it is. Increasing the cost keeps its current burst potential while making Nightblades think more tactically about when to use it."
skills,Online:Death Stroke,3.0.5,* Fixed an issue where this ability and the Soul Harvest morph's damage was being mitigated off the target's Physical Resistance instead of their Spell Resistance.
skills,Online:Death Stroke,3.3.5,* Soul Harvest: Fixed an issue where you could not dodge this morph.
skills,Online:Death Stroke,4.1.5,"* This ability now only stuns if you have 120 Ultimate or more. To visually show its readiness state, the icon will change to a recolored version and the animation of the cast will change."
skills,Online:Death Stroke,5.0.5,"* This ability and the Incapacitating Strike morph will no longer apply Major Defile to the target. ** Developer Comment: Death Stroke has been notorious for being a very potent Ultimate. We wanted to retain this ability's identity as a mark for death on your target, helping the Nightblade excel at assassinating high priority targets while reducing some of the over bearing nature it enables. You'll note that Soul Harvest has been left untouched, which is due to the morph only granting a conditional bonus previously. Now, Soul Harvest offers a guaranteed bonus with a conditional, while Incapacitating Strike doubles down on offering two powerful conditional bonuses. ** Incapacitating Strike (morph): This morph will now Silence the enemy for 3 seconds if cast with 120 or more Ultimate. This Silence can be CC broken, and will fail to apply to CC immune enemies. *** Developer Comment: The goal with the change to Incapacitating Strike's conditional bonus was to tone down some of the shut-down mechanic to it, since Silences are essentially stuns that allow the target to continue moving, blocking, and dodging. We are aware of the nature that Silences have in terms of effectiveness on varying builds, which is why we found the ability to CC break this effect would be an ideal compromise; it still has the counter play options of a traditional stun, but no longer needs to always be broken."
skills,Online:Death Stroke,5.3.6,"* Incapacitating Strike: This Ultimate no longer silences the target, but instead stuns them for 3 seconds if cast with 120 or more Ultimate. This change was primarily done to fix an issue where the unique silence applied from this ability conflicted with some recent hard-coded block behaviors."
skills,Online:Death Stroke,5.3.7,* Incapacitating Strike: Fixed an issue where you could continue to move while under the effects of this Ultimate's stun.
skills,Online:Death Stroke,9.0.5,"* Death Stroke: Increased the duration of this Ultimate and morphs' debuffs to 8 seconds, up from 6. **Developer Comment: For the masters of assassination, the Nightblade class is a little bit further behind in single target damage than we'd like. We're increasing the uptime on this debuff to help Nightblades get more DPS and kill potential on priority targets."
skills,Online:Death Stroke,9.3.5,"* Incapacitating Strike: Increased the damage done of the enhanced version of this Ultimate by 10% and extended the duration of its effects to 12 seconds, up from 8. This Ultimate no longer grants Reave for slotting. ** Developer Comment: To help differentiate these morphs more, we’re moving away from both of them granting a passive and active effect, and instead splitting them up. Soul Harvest will now focus more on its passive effect of printing Ultimate in high kill count situations, while Incapacitating Strike doubles down on saving up extra Ultimate for devastating bonuses in the moment of its cast. * Soul Harvest (morph): This morph’s slotted bonus now persists through bar swap."
skills,Online:Defensive Posture,1.5.2,"* Absorb Magic: This ability now absorbs 100% of damage caused, and also heals for 15% of your maximum health. * Defensive Stance: This ability now stuns your target for three seconds at all ranks."
skills,Online:Defensive Posture,1.6.5,* Fixed an issue so the value in the tooltip for both morphs (Defensive Stance and Absorb Magic) is now correct.
skills,Online:Defensive Posture,2.3.5,* Defensive Stance: Fixed an issue where the visual effects of this ability and its morphs would fade earlier than the buff duration.
skills,Online:Defensive Posture,2.4.5,* Defensive Stance: Fixed an issue where this morph's stun effect would trigger on every reflection if you layered Defensive Stance with any other reflect ability.
skills,Online:Defensive Posture,4.0.5,* Fixed an issue where the visual effects from this ability and the Defensive Stance morph were not being removed if you recast the ability multiple times.
skills,Online:Defensive Posture,5.1.5,"* Reworked this ability and its morphs into a Damage Shield, rather than a weird buff. These abilities no longer passively reduce the cost of block or increase the amount of damage you can block while they are slotted. * Reduced the duration of the bonus from this ability to 6 seconds from 30 seconds. * Increased the cost to 4320 from 2430. * The Damage Shield scales off 30% of your Maximum Health, similarly to other damage shields like Bone Shield or Sun Shield. * This ability will continue to reflect once, but will now reflect any projectile rather than only spell projectiles. Reflecting an attack does not consume the shield. * Defensive Stance: This ability no longer stuns the target if you successfully reflect an attack at them. Instead, this morph reintroduces the passive, which now increases to a maximum of 10% block mitigation and cost reduction. * Absorb Magic: ** This morph is now called Absorb Missile, because it can absorb any ranged attack instead of just magical ones! ** Reduced the damage shield size to 30% from 50%. ** Increased the heal granted from an absorbed ranged attack by approximately 29%, and will no longer remove the shield."
skills,Online:Defensive Posture,8.0.5,* Defensive Posture (morph): Fixed an issue where the passive bonuses from this morph could fail to apply in some cases.
skills,Online:Deliberation,4.3.5,* Fixed an issue where the Major Protection granted from this passive was unintendedly stronger than other sources of Major Protection.
skills,Online:Deliberation,7.1.5,"* This passive no longer grants Major Protection, and instead applies a unique 30% unique damage mitigation to get this passive's power back to where it was meant to be."
skills,Online:Destruction Expert,2.3.5,* Fixed an issue where the caster would not restore Magicka from this passive if a weapon enchantment proc from their equipped Destruction Staff was the killing blow.
skills,Online:Destruction Expert,6.2.5,* This passive now also grants 900/1800 Magicka whenever you absorb damage with a Frost Staff damage shield. This new effect can occur once every 10 seconds.
skills,Online:Destructive Blast,3.0.5,"* Fixed an issue where ranking up a summon ability (Unstable Familiar, Summon Winged Twilight, Feral Guardian, etc.) would unsummon your pet."
skills,Online:Destructive Touch,1.1.2,* Increased this ability's damage and magicka cost.
skills,Online:Destructive Touch,1.6.5,"* Destructive Touch has been changed into a damage over time-based attack for all ranks and morphs of all types of staffs. The damage over time component increases in damage with rank. * Increased the range of this ability to 17 meters from 7 meters. * Destructive Reach (morph): Increased the range of this ability to 28 meters from 17 meters. * Destructive Clench (morph): Fire Clench, Frost Clench, and Shock clench will now properly play their particle effects when recast in quick succession. * Shock Touch, the lightning staff variant of Destructive Touch, now deals damage to nearby targets instead of disorienting the target. * Tri Focus (passive): This passive now grants a damage bonus of 8% at Rank I, and 15% at Rank II to heavy attacks when the caster is using a fire staff. This passive also now adds splash damage equal to 10% at Rank I, and 20% at Rank II, of the damage of the attack when a caster using a lightning staff uses a heavy attack. * Frost Touch and its morphs will no longer stun your target before the projectile deals damage."
skills,Online:Destructive Touch,2.1.4,"* Frost Touch and its morphs will no longer apply a half-second stun to the target. * Normalized the projectile's travel speeds. * Clarified the tooltips for this ability. * Flame Touch: This ability will now knock back your enemy instead of stunning them. * Shock Touch: Removed the area of effect damage, and added a 2.5 second stun. The impact effects have been updated to reflect these changes. * Flame Clench (morph): ** Removed the stun from this ability ** Added an increased damage over time damage * Shock Clench (morph): Added an area of effect damage that applies near the target. * Shock Reach (morph): Removed the area of effect damage from this ability, and added a 2.5 second stun. The impact effects have been updated to reflect these changes."
skills,Online:Destructive Touch,2.2.4,* Flame Reach (morph): This ability now properly applies the knockback up to the correct range (28 meters).
skills,Online:Destructive Touch,2.7.5,* Adjusted the order of the Active Abilities in this skill line. They now unlock in the following order: ** Force Shock ** Wall of Elements ** Destructive Touch ** Weakness to Elements ** Impulse
skills,Online:Destructive Touch,3.1.5,"* Added new icons for each of the elemental variants of Destructive Touch, Wall of Elements, and Impulse."
skills,Online:Destructive Touch,4.0.5,* Fixed an issue where the Frost Clench and Frost Reach morphs were not displaying their visuals effects and scrolling combat text damage values correctly if they were used repeatedly on an enemy target.
skills,Online:Destructive Touch,4.2.7,* Weapon Enchantments and poisons will no longer proc from single-target Damage over Time effects of any weapon ability. The following effects can no longer proc Weapon Enchantments or poisons: ** The Damage over Time from Cleave and its morphs ** The Damage over Time from Twin Slashes and its morphs ** All damage from Lacerate and its morphs ** The residual Damage over Time from Toxic Barrage ** The Damage over Time from Acid Spray ** The Damage over Time from Poison Arrow and its morphs ** The Damage over Time from Destructive Touch and its morphs
skills,Online:Destructive Touch,4.3.5,"* Shock Clench: Fixed an issue where the area of effect detonation of the ability, ""Shock Clench Explosion"", was not able to critically strike. This ability will now properly scale with your Spell Critical rating and inherent your Critical Hit Damage modifiers."
skills,Online:Destructive Touch,5.1.5,"* Redesigned this ability and its morphs to function as a DoT, rather than a utility skill. * Reduced the base cost to 2700 from 4050. * Reduced the initial hit damage by approximately 17%, but increased the DoT by approximately 167% per tick. * This ability no longer grants additional bonuses depending on the staff you are using. * This ability now gains 1.1% damage in rank for the entire ability. * Reduced the range to 15 meters from 17 meters. * Destructive Clench: This morph retains the unique functionality for each elemental staff type you choose, but no longer deals damage over time. Flame Clench knocks the target back and stuns them for the duration; Frost Clench Immobilizes the target. Shock converts the attack into an AoE explosion, and deals our AoE damage standard. ** Note: The patch notes incorrectly listed this as Desctructive Reach * Destructive Reach: This morph increases the range to 28 meters and reduces the cost to 2430 at Rank IV."
skills,Online:Destructive Touch,5.2.0,* Decreased the damage per tick of this ability and the Destructive Reach morph by approximately 63%.
skills,Online:Destructive Touch,5.2.3,* Increased the Damage over Time of this ability and the Destructive Reach morph by 33%.
skills,Online:Destructive Touch,5.2.5,* Decreased the damage per tick of this ability and the Destructive Reach morph by approximately 50%.
skills,Online:Destructive Touch,5.3.4,* Fixed an issue where the visual effects for this ability's Damage over Time would fail to refresh when using a Lightning staff.
skills,Online:Destructive Touch,6.2.5,* Fixed an issue where this ability and the Destructive Clench morph would aggro enemies before dealing damage. ** Destructive Clench (morph): The Frost version of this morph now taunts enemies for 15 seconds.
skills,Online:Destructive Touch,7.1.5,"* This ability and its morphs now guarantee their respective element type's status effect on hit. * Increased the cost to 2970, up from 2700 to incorporate the added auxiliary effect. * Increased the range to 15 meters from 14 meters for better consistency since Destructive Clench was already 15 meters. * The Frost Touch and Reach versions of this ability now deal 80% more damage on its initial hit to make them equal to other ranged spammable damage attacks to give love to those Frost DPS out there. ** Destructive Clench (morph): The Frost version of this ability still remains tank-focused rather than DPS-focused, and as such has received a cost reduction to 1485, down from 2700. It also applies Major Maim for 5 seconds at rank IV. **Developer Comment: With the introduction of the Frostbite set in Update 30, we saw a lot of discussion on the viability of Frost damage sets and how their main drawback - regardless of their power - was there was no Frost damaging ability that could be used as a spammable attack. Rather than bloating those sets further, we've decided to let Frost Touch and its morphs stand out; Frost Touch and Reach now deal ranged spammable damage on initial hit. Additionally, Frost Clench has been missing the mark for being a viable taunt compared to Puncture or Inner Fire, so we've decided to amp it up by introducing a source of on-demand Major Maim, while also reducing the cost. The changes to the base ability also help to gain a form of on demand Minor Brittle, helping both DPS and tanks out regardless of the morph."
skills,Online:Destructive Touch,8.0.5,* Flame Clench (morph): Fixed an issue where this morph's knock back visuals were not displaying on targets properly.
skills,Online:Destructive Touch,8.1.5,"* This ability and the Destructive Reach versions now last for 20 seconds, up from 10. * Reduced the damage per tick by 25%. ** Destructive Clench (morph): *** Frost Clench now costs 2700 Magicka, up from 1350. *** Frost Clench now has a range of 28 meters, up from 15."
skills,Online:Devour,1.0.8,* Fixed an issue where werewolves could use Devour on the same corpse multiple times.
skills,Online:Devour,1.2.3,* We have removed the cooldown period for this ability. You can use Devour only once per corpse.
skills,Online:Devour,1.5.2,"* This ability can now be used on additional monster types, such as insects. * This ability's cooldown period has been reduced from 20 seconds to 7 seconds. * This ability will no longer be interrupted by taking damage."
skills,Online:Devour,1.6.5,* Fixed an issue where this ability would appear to blink.
skills,Online:Devour,2.1.4,* This ability can no longer target a destroyed Aura of Protection totem.
skills,Online:Devour,3.3.9,* Synergies besides the Werewolf's own Devour will no longer be visible if you're in Werewolf form.
skills,Online:Devour,4.1.5,"* This is now the first passive you unlock in the skill line, and is a free passive that does not require you to spend a skill point. Points already spent into this will be automatically refunded. * The devour corpse ability is now a 4-second channel, instead of a 4-second cast time. Every second you spend devouring a corpse increases your Werewolf timer and restores Health. Each corpse can be devoured for up to 4 seconds. * Updated the visual effects on enemy corpses that can be devoured. * Improved the targeting and reliability for devouring corpses."
skills,Online:Devour,4.1.8,* Fixed an issue where Skill Points previously spent into this ability were not being refunded to you.
skills,Online:Devour,4.2.5,* Different Werewolves can now devour the same corpse.
skills,Online:Devour,5.0.5,"* Corpses in the area with this ability active will now detonate a red glow, similar to other corpse consuming telegraphs. * You can now devour your friends to extend your Werewolf Transformation timer, since you are a selfish doggo. * Fixed an issue where Devour was not showing the interruptible telegraph to enemy players."
skills,Online:Devour,12.0.5,"*Devour -> Insatiable Hunger: This synergy now has a minor grace period for movement, allowing you to move slightly before and after activating it without causing the cast to be interrupted. Note that this grace period is NOT the same as the resurrection ability update that lets you move while casting it, and instead exists to give a small amount of time to let your momentum end if you cast it while moving. Increased the healing per tick to 20% of your Max Health, up from 8% (resulting in a 100% Heal over the total duration, up from 40%, or a 150% increase). Each tick now grants 15 Ultimate, rather than 3 seconds of Werewolf timer. Activating this synergy will disable the cost to maintain Werewolf Transformation for 12 seconds, rather than disabling the cost of maintaining only while channeling it. This passive will also trigger Fury generation each tick if you are a Werewolf Berserker, even if you are outside of combat."
skills,Online:Devout Guardian,12.0.0,"*This passive causes you to gain a Damage Shield for 6 seconds, up to once every 6 seconds, while Sacred Ground is active. The shield absorbs up to 20% of your Max Health and grants 300 Health, Magicka, and Stamina Recovery while active. If the shield breaks, you gain 10 Ultimate."
skills,Online:Dexterity,1.6.5,* This passive was changed to be approximately on par with the Spell Critical Rating gained by the Light Armor passive Prodigy.
skills,Online:Dexterity,2.3.5,* Fixed an issue where this passive ability was granting less Critical Strike Chance than intended.
skills,Online:Dexterity,7.1.5,"* The following passives and player abilities now grant hybrid stats to help improve their viability and accessibility to off-meta builds, because we love them too: ** Agility: Now grants equal Weapon and Spell Damage. ** Balanced Warrior: *** Now grants 660/1320 Armor, rather than 1320/2640 Spell Resistance. *** Now grants equal Weapon and Spell Damage values. ** Brutal Carange's bonus: Now grants equal Weapon and Spell Damage values. ** Concentration: Now grants equal Offensive Penetration. ** Dexterity: Now increases Critical Damage and Healing Done per piece worn, up to 2% at the final rank, rather than Weapon Critical (as Prodigy now grants Weapon Critical as well) ** Flawless Dawnbreaker's bonus: Now grants equal Weapon and Spell Damage values. ** Prodigy: Now grants equal Critical Chance. ** Savage Strength: Now grants equal Weapon and Spell Damage values. ** Scaled Armor: Now grants 825/1650 Armor rather than 1320/3300 Spell Resistance. ** Slayer: Now grants equal Weapon and Spell Damage values."
skills,Online:Diplomat,2.5.5,"* Shield Affinity: This passive ability has been renamed to ""Diplomat."" Also, in addition to the current benefit it now increases your gold gained by 1%."
skills,Online:Disdain Harm,5.2.5,"* Increased the damage reduction for this passive to 15%, up from 10%. * Updated this passive to work more accurately with Damage over Time."
skills,Online:Dismember,11.0.5,"* This passive now grants 1635/3271 Offensive Penetration when a Grave Lord ability is active, up from 750/1500."
skills,Online:Dive,3.0.8,* Fixed an issue where weapon swapping after casting this ability and its morphs would cause the enemy's health to not update based on the damage they took.
skills,Online:Dive,3.1.5,* Cutting Dive: This morph can now be cast while you are silenced.
skills,Online:Dive,3.3.5,* The damage from this ability and its morphs can now be dodged.
skills,Online:Dive,4.0.5,* Screaming Cliff Racer: Increased the travel speed of the Cliff Racer by approximately 33% to make up for the fact that it can be dodged.
skills,Online:Dive,4.1.5,* Screaming Cliff Racer (morph): Fixed an issue where casting this ability would not orient your character to face the target.
skills,Online:Dive,4.2.5,"* Cutting Dive: This morph now also reduces the cost as a morph effect. * Screaming Cliff Racer: This morph no longer has a minimum range requirement to obtain part of the 15% damage done bonus. Every meter you are away from the target adds 1% damage done, up to a maximum of 15%. **Developer Comment: We wanted to maintain the feel of getting more effect from being further away from the target, while supporting key damaging skills that require closer distance such as Wall of Elements."
skills,Online:Dive,5.2.5,"* This ability has received new functionality to help it stand alone as a spammable, but has received some reductions to the base functionality that were in place to make up for the fact that it lacked any gameplay altering effects. * Reduced the damage of these abilities by 10%, and increased their base cost to 2700 from 2430. * If you are at least 7 meters from the target upon dealing damage with these abilities, you now set them Off Balance. * Cutting Dive (morph): ** This morph no longer reduces the cost of the ability beyond the standard Stamina cost reduction. It now applies a Bleed to the target for 7 seconds if they are Off Balance, which can stack up to 7 times."
skills,Online:Dive,7.0.5,"* The following abilities will now deal purely Bleed Damage rather than Physical Damage or a mix of Physical and Bleed Damage. ** Bloodthirst (morph of Flurry) ** Carve (morph of Cleave) ** Cutting Dive (morph of Dive) ** Pounce and morphs ** Trap Beast and morphs ** Twin Slashes and morphs * The Damage over Time effects listed below will now contiguously update their damage based on your stats each tick, rather than following the standard of snap shotting their stats on application. This should fix a few issues where they were not inheriting traits, such as Bloodthirsty, or other changes in stats like Flawless Dawnbreaker. ** Arms of Relequen ** Cutting Dive * Fixed an issue where the following Damage over Time abilities were being calculated as damage done bonuses rather than base ability effectiveness per stack, fixing an issue where their stacked damage was much lower than intended: ** Arms of Relequen (normal and perfected) ** Cutting Dive"
skills,Online:Dive,8.1.5,"* Cutting Dive (morph): This morph now applies a Bleed on targets for 10 seconds if they are not off-balance, rather than a stacking bleed on targets for 7 seconds if they were already off-balance. * Screaming Cliff Racer (morph): This morph now increases your Weapon and Spell Damage by 100 for 10 seconds after hitting an enemy and increases by an additional 300 when hitting an Off Balance enemy, rather than increasing its damage by up to 15% based on your distance from the enemy. The bonus Weapon and Spell Damage is tracked separately so you do not need to worry about losing the bonus when hitting an enemy that is no longer Off Balance. **Developer Comment: We're going back and adjusting the morph distinction of these abilities by helping them focus on different areas where we feel the Warden can struggle. Cutting Dive's bleed is now much easier to maintain but will produce less damage as it no longer requires as intense of requirements to upkeep, while Screaming Cliff Racer will help increase your overall damage by more, rather than making the attack itself more bursty."
skills,Online:Dive,8.3.5,"* Cutting Dive (morph): This morph no longer requires the enemy to not be Off Balance for the Damage over Time to apply, and will now apply any time it deals damage."
skills,Online:Divine Destruction,3.0.5,"* Fixed an issue where ranking up a summon ability (Unstable Familiar, Summon Winged Twilight, Feral Guardian, etc.) would unsummon your pet."
skills,Online:Dragon Blood,1.6.5,"* This ability now provides the buff Major Fortitude. * Green Dragon Blood: This ability now provides the buffs Major Fortitude and Major Endurance, and lasts for 23 seconds at the maximum rank. * Coagulating Blood: This ability now provides the buffs Major Fortitude and Minor Vitality, and lasts for 23 seconds at the maximum rank."
skills,Online:Dragon Blood,2.0.1,"* Restoring Aura: This ability no longer removes major buffs from allies, such as Major Fortitude granted by Green Dragon Blood."
skills,Online:Dragon Blood,2.7.5,"* This ability and its morphs can now Critically Strike. **Developer Comment: The goal of this change was to bring Dragon Blood in line with other heal abilities in the game. * Coagulating Blood: ** This morph now heals for a flat value (scaling with Spell Damage and Max Magicka), with that heal being increased by up to 33% based on your missing health. ** This morph no longer grants the Minor Vitality buff. ***Developer Comment: We wanted to give Dragonknights a more reliable version of Dragon Blood that scaled like other heal abilities in the game. However, it was still important to us that it retained some of the risk/reward of waiting to use it at lower health thresholds. Because there's a base heal value, it's more forgiving when used at higher health, but waiting makes it more efficient. To counterbalance this increased ease of use, we moved the Minor Vitality buff to Green Dragon Blood. This also ensures that Health-based Dragonknights also have a strong morph option as well. * Green Dragon Blood: This morph now grants the Minor Vitality buff as well as Minor Endurance."
skills,Online:Dragon Blood,5.0.5,* Coagulating Blood: Increased the heal of this morph by approximately 19% to put it better in line with other burst heal abilities.
skills,Online:Dragon Blood,6.1.5,"* Coagulating Dragon Blood (morph): Increased the base healing of this ability by approximately 12% to ensure it's closer in line with other heals, such as Breath of Life. With this new value, the heal for Coagulating should be slightly weaker than these heals (Breath of Life, Blood Sacrifice, etc.) while above 50% Health, but slightly stronger than them while below 50% Health. The deviation in healing effectiveness will be between 0 and 16.5%."
skills,Online:Dragon Blood,7.0.5,"* Coagulating Blood (morph): ** Fixed an issue where this ability appeared to rank up in 1 second duration per rank. ** Reduced the cost of this ability to 3780, down from 4320, to add an improvement to the morph rather than just changing its functionality."
skills,Online:Dragon Blood,8.0.5,"* Coagulating Blood (morph): ** This morph no longer reduces in cost, but instead increases the healing bonus based on your missing Health to 50%, up from 33%. ** The healing bonus is now a true value, rather than an additive value. ** Reduced the base healing of the skill by approximately 3% to fix some calculation errors. **Developer Comment: This skill is currently enabling the Dragonknight to bounce back from near death situations a little too frequently, where its significant cost reduction compared to other burst heals of its nature is allowing it to be cast with reckless abandon. By taking away the cost reduction bonus on the morph, we needed to find another morph empowerment to ensure the skill felt like it was gaining something, rather than changing something. As the skill IS meant to bring you back from Death's Door, we wanted to reinforce this with the execute scaling increase, but hopefully we see the frequency of returning from the brink a little less frequently."
skills,Online:Dragon Blood,9.1.5,"* Green Dragon Blood (morph): ** This morph now also adds a small Heal over Time, lasting 5 seconds and scaling off your Max Health (~3% per tick). ** This morph no longer increases in duration of effects by 1 second for every rank, but rather ranks up the healing done of the healing over time. *** We're seeing many tanks opt to take Coagulating Blood over Green Dragon Blood in organized groups, where buffs bring up their offensive stats enough to eclipse the healing potential of Green Dragon Blood. To help mitigate this, we're adding a small guaranteed heal that uses your Max Health to offer some diverging game play options, rather than bloating out the Missing Health values of GDB and creating different problems out of that."
skills,Online:Dragon Blood,11.3.4,* Combat Refresh Overhaul. Dragonknight Functionality and Balance Update.
skills,Online:Dragon Leap,1.2.3,* This ability's minimum range requirement has been removed.
skills,Online:Dragon Leap,1.6.5,"* Reduced the cost of Dragon Leap and the morph Ferocious Leap to 125 Ultimate. * Take Flight: Reduced the cost of this ability to 110 Ultimate, and increased the damage on this ability by 15% for all ranks. * Ferocious Leap: This ability now applies a damage shield to the caster equal to your maximum health, and also removed the spell resist buff. We also fixed an issue where using this ability was unintentionally allowing you to jump up keep walls."
skills,Online:Dragon Leap,2.3.6,"* Fixed an issue where you were unable to attack if you sheathed your weapon after casting a charge or leap ability, including: ** Shield Charge ** Critical Charge ** Dragon Leap ** Teleport Strike"
skills,Online:Dragon Leap,2.7.5,"* The damage and knockback from this ability and its morphs can no longer be dodged. * Fixed an issue where this ability and its morphs were not granting the caster crowd control, snare, and immobilization immunity while they were mid-flight. * This ability and its morphs can now be cast while are you immobilized. **Developer Comment: As part of a consistency pass to define abilities as dodgable or undodgable, Dragon Leap has been made undodgable. Area of Effect attacks should not be dodgable since they blanket an entire area with harmful effects, and should still damage enemies trying to Roll Dodge through it. Since this is an Ultimate ability, we want its activation to be more reliable compared to other charge or leap abilities. Because of this, Dragon Leap can now be used while you are rooted, and makes you immune to such effects mid-leap. * Ferocious Leap: This morph now deals Flame Damage instead of Physical Damage."
skills,Online:Dragon Leap,3.1.5,* Fixed a specific case where some charge and leap abilities (such as Critical Charge or Dragon Leap) were displaying their animation and visual effects but not actually moving you to the enemy target.
skills,Online:Dragon Leap,4.1.5,"* Fixed an issue where a load screen could pop-up when using short teleport abilities, such as Dragon Leap."
skills,Online:Dragon Leap,4.2.5,* Fixed an issue where this ability and the Take Flight morph did not improve as they ranked up.
skills,Online:Dragon Leap,5.0.5,"* Increased the radius of this ability and its morphs to 8 meters from 6.5 meters. It also now applies a more aggressive snare to targets it is cast on, to prevent them from being able to outrun the AoE damage when it lands."
skills,Online:Dragon Leap,5.3.4,"* This Ultimate will now properly animate its leap on targets, regardless of its range, resulting in more overall reaction time for those on the receiving end of being DK dunked."
skills,Online:Dragon Leap,9.3.5,* Fixed an issue where this Ultimate and its morphs’ knockback and stun effects could fail to animate properly on targets.
skills,Online:Dragon Leap,11.0.5,"* This ability and its morphs will now grant a very minor grace period of its Crowd Control Immunity after reaching their target. This is to correct some very rare cases where some CC abilities such as Rune of Eldritch Horror could cause the Ultimates to lock you in place right as you landed on an enemy, causing the damage and knock back to become desynced until the stun ended. These abilities always have granted CC immunity while leaping, but previously it was removed immediately upon reaching your target, whilst now it will persist for ~100ms afterwards to ensure the ability properly completes."
skills,Online:Dragon Leap,11.3.4,* Combat Refresh Overhaul. Dragonknight Functionality and Balance Update.
skills,Online:Dragonknight Standard,1.6.5,* The Synergy for this ability will now scale off your maximum health instead of your maximum magicka. * Reduced the available range of this Synergy to 2.5 meters from 8 meters. * Increased the cost of this ability and its morph Standard of Might to 250 Ultimate.
skills,Online:Dragonknight Standard,1.6.6,* Shifting Standard: Fixed an issue where the Major Defile debuff applied by this ability would stack after activating the shift ability.
skills,Online:Dragonknight Standard,2.3.5,* Increased the activation range for the Shackle synergy from this ability and its morphs to 3.5 meters from 2.5 meters. * Shifting Standard: Reduced the cost of this morph to 200 Ultimate from 250 Ultimate.
skills,Online:Dragonknight Standard,2.6.4,* Shifting Standard: Fixed an issue where the second cast of this morph was not displaying a hostile telegraph to enemy players.
skills,Online:Dragonknight Standard,2.7.5,"* Standard of Might (Dragonknight Standard morph): This morph now increases your damage done and decreases your damage taken by 12/13/14/15% while standing inside the standard, down from 17/18/19/20%. **Developer Comment: We wanted Lava Whip to hit harder since it's a melee attack without increasing the overall PvE DPS of Dragonknights. To accomplish this, we reduced the bonuses from Standard of Might by 5% and increased Lava Whip by 5%. This gives Magicka Dragonknights a bit more pressure in PvP without increasing their PvE damage."
skills,Online:Dragonknight Standard,3.2.5,"* Shifting Standard: This morph now increases the duration of the standard to 25 seconds, and the standard can be shifted an unlimited amount of times. Shifting the standard no longer refreshes the duration, and the cost of this morph is now the same as the base ability. **Developer Comment: The goal of this change is to make Shifting Standard easier to use. Previously, you had to time the ability perfectly to get the maximum effectiveness out of it, and shifting the standard early penalized the duration instead of adding utility."
skills,Online:Dragonknight Standard,3.3.5,* Fixed an issue where this ability and its morphs could not be dispelled by Negate Magic or the Earthgore Item Set.
skills,Online:Dragonknight Standard,4.0.5,* Shifting Standard: Decreased the cost of this morph to 225 Ultimate from 250 Ultimate. * Shifting Standard: Fixed an issue where shifting the standard would cause it to deal slightly more damage.
skills,Online:Dragonknight Standard,5.0.5,"* The rock textures now better align with the broken ground textures from these abilities. * Increased the duration of this ability and the Standard of Might morph to 16 seconds at all ranks. * Dragonknight Standard will now rank up in 1.1% damage per rank. * Fixed an issue where these abilities were being considered Direct Damage, rather than Damage over Time. ** Shifting Standard (morph): Fixed an issue where this ability was being removed before doing its final damage tick."
skills,Online:Dragonknight Standard,5.3.4,* Fixed an issue where the first 3 ticks of this Ultimate and its morphs would appear to happen instantaneously.
skills,Online:Dragonknight Standard,6.1.5,* Fixed an issue where the visual effects for this ability and its morphs could end early in some cases. ** Shifting Standard (morph): Fixed an issue where this ability would last longer than intended in some cases.
skills,Online:Dragonknight Standard,7.0.5,"* The following abilities have received significant adjustments to how the server handles their behavior, reducing messages sent between the client and server and reducing the total amount of Area of Effect events occurring. This will largely have little to no effect on their gameplay other than improving their response time to entering or leaving the Area of Effect. In some rarer cases, it will reduce the interaction with sets that proc off application of buffs or debuffs, since you will no longer repeatedly apply these effects to targets inside the area every tick, but rather for the duration the target is inside the area. Their synergies (when applicable) have also been updated to be far more reliable to activate when in the area and they will no longer persist for a short duration after each tick, allowing you to activate them in cases where they could fail or were already used, going on cooldown with no effect, or gaining their effects despite already being used. ** Blood Altar and morphs *** In an instance where Blood Feast and Blood Funnel are both available, Blood Feast will now always take priority as it is stronger than Blood Funnel. ** Bone Totem and morphs ** Boneyard and morphs ** Cleansing Ritual and morphs ** Both morphs of Dragonknight Standard *** This will also fix an issue where the morphed version of this ability failed to properly fire its synergy, Shackle, when activated. ** Lightning Splash and morphs ** Necrotic Orbs and morphs ** Negate Magic and morphs ** Nova and morphs ** Rune Focus and morphs ** Spear Shards and morphs"
skills,Online:Dragonknight Standard,8.2.5,* Shifting Standard: Fixed an issue that would cause the Ability Bar Timer to reset after recasting the ability to move it.
skills,Online:Dragonknight Standard,8.3.5,* Shackle: Increased the damage of this synergy by 20% to ensure it stands up to other Ultimate synergies' power.
skills,Online:Dragonknight Standard,11.3.4,* Combat Refresh Overhaul. Dragonknight Functionality and Balance Update.
skills,Online:Drain Essence,1.5.2,* This ability can now critical hit and be mitigated by spell resistance.
skills,Online:Drain Essence,1.6.5,"* Fixed an issue where you could spam this ability on immune targets for free Crystal Fragments procs. * Midnight Drain: Renamed this ability to Accelerating Drain, and it now grants the caster the Minor Expedition buff for 20 seconds after draining an enemy."
skills,Online:Drain Essence,2.1.4,"* Shadow Cloak: This ability and its morphs will now correctly cancel an attacker's channel for the following abilities: ** Drain Essence and its morphs ** Flurry and its morphs ** Lightning Staff heavy attacks ** Restoration Staff heavy attacks The summoned Storm Atronach's Zap * This ability now restores 10% of your health every second, and stuns your target on activation. It can be used on CC-immune targets, and can be used all the time (it no longer activates the Feed debuff)."
skills,Online:Drain Essence,2.2.4,* Fixed an issue where this ability was displaying an extra effect icon on your character screen. * This ability will now properly end if the target breaks line of sight with the caster. * This ability will now be properly removed if the caster dies.
skills,Online:Drain Essence,2.3.4,* Fixed an issue with this ability and its morphs where you would get stuck in the animation if it was the killing blow on an enemy.
skills,Online:Drain Essence,2.4.5,"* This ability and its morphs now tick 3 times over their channel durations, down from 4, but their damage per tick has been increased and they now restore 20% of your missing health per tick to compensate."
skills,Online:Drain Essence,3.0.5,* Soulshine: Fixed an issue where this Item Set was not granting its Spell Damage bonus to Drain Essence and its morphs.
skills,Online:Drain Essence,4.1.5,* Fixed an issue where this ability and its morphs would fail to cast if you used it against a crowd-control immune enemy while you were blocking.
skills,Online:Drain Essence,5.1.5,"* Removed the 1 second delay on this ability and its morphs before it deals damage. * The channel from this ability can no longer be dodged. * Reduced the damage per tick by approximately 11%, but the additional tick it now deals results in an increase of damage by approximately 89%. * This ability and its morphs now heal for up to 15% of your Missing Health per tick, down from 20%, to retain the 60% of your Missing Health over 3 seconds. * Accelerating Drain: Increased the frequency of damage and healing this ability deals, resulting in 1 extra tick of damage and healing."
skills,Online:Drain Essence,5.3.4,"* The stun from this ability and its morphs now occurs when the cast completes, rather than when it begins. * Fixed an issue where casting this ability in rapid succession could cause it to get stuck and cause various animation issues."
skills,Online:Drain Power,1.1.2,* Sap Essence: ** Fixed an issue where this ability wasn't granting the initial Weapon Damage bonus you should receive when no target is hit. ** The healing this ability does now correctly increases by 20% for each target hit.
skills,Online:Drain Power,1.6.5,"* The damage caused by Drain Power no longer scales with the number of targets hit. Instead, you will receive a Major Brutality buff when damaging at least one target. * Power Extraction: This ability now scales off weapon damage and stamina instead of magicka and spell damage. The damage has also been increased by 10%. * Sap Essence: This ability now grants you the Major Spell Power buff. Fixed an issue where this ability was healing for more than intended when hitting multiple targets."
skills,Online:Drain Power,1.6.6,* Sap Essence: Fixed an issue where this ability wasn't healing when hitting more than 6 targets.
skills,Online:Drain Power,2.1.4,* Increased the damage of this ability by approximately 20%.
skills,Online:Drain Power,2.2.4,* Sap Essence: Fixed an issue where this ability's heal effect could be dodged.
skills,Online:Drain Power,2.4.5,* Power Extraction: This morph now deals Disease Damage instead of Physical Damage.
skills,Online:Drain Power,4.2.5,* Power Extraction: Increased the damage done by this morph by approximately 25%. **Developer Comment: We wanted to give a better distinction of the Power Extraction morph since the upgrade tooltip states it gets a damage increase. The damage difference between these morphs should be much more noticeable.
skills,Online:Drain Power,5.0.5,"* Increased the damage of this ability and the Sap Essence morph by 25% to adhere it to our PBAoE damage standards. Ability and Sap Essence now grant Major Sorcery, rather than Brutality, to better represent the scaling mechanisms the skills use. * Fixed an issue where this ability and its morphs could unintentionally be dodged. ** Power Extraction: Increased the damage of this ability by 20%. This ability continues to grant Major Brutality."
skills,Online:Drain Power,5.1.5,"* Power Extraction: This morph no longer increases the damage dealt of the attack, but instead reduces the Weapon Damage of enemies hit by 200 Weapon Damage for 8 seconds. * Sap Essence: Increased the healing from this ability by 23.3% since it was missing rank up progression, and was being reduced by 20% if you failed to hit a target with the damage of this ability. This also fixes the issue where casting the ability in rapid succession while hitting no targets would decrease the heal by 20% per cast, until it would reach -100%, and stop healing."
skills,Online:Drain Power,5.2.5,* This ability and its morphs now grant Major Brutality and Sorcery at base. * Power Extraction (morph): ** This morph now also reduces enemies' Spell Damage.
skills,Online:Drain Power,6.2.5,"* Power Extraction (morph): ** This morph now applies Minor Cowardice to enemies hit, rather than reducing their Weapon and Spell Damage by a unique amount. This will result in a larger decrease in Weapon and Spell Damage, but one that cannot be stacked with other sources. ** Reduced the base duration by 1 second, but the ability now ranks up in duration of this by 1 second per rank, up to 10 seconds."
skills,Online:Drain Power,8.0.5,"* Increased the duration of Major Brutality and Sorcery granted from this ability and its morphs to 30 seconds, up from 20, to make up for the fact that they require a target to gain these effects. ** Power Extraction (morph): This morph now also grants the caster Minor Courage for 30 seconds upon dealing damage."
skills,Online:Drake's Blood,3.0.5,"* Fixed an issue where ranking up a summon ability (Unstable Familiar, Summon Winged Twilight, Feral Guardian, etc.) would unsummon your pet."
skills,Online:Dual Wield Expert,1.1.2,* Updated the tooltip for this passive to display how Weapon Damage it actually increases Weapon Damage * Slightly increased the bonus damage granted by rank II of Dual Wield Expert.
skills,Online:Dual Wield Expert,1.3.3,* This passive is no longer lost when you die.
skills,Online:Dual Wield Expert,10.3.5,* Fixed an edge case issue where sometimes this passive could result in higher Weapon and Spell Damage than intended.
skills,Online:Dynamic,4.3.5,* Gain 6% Max Stamina and Magicka → Increases your Max Stamina and Magicka by 1875.
skills,Online:Dynamic,6.3.5,"* Increased the Max Magicka and Stamina granted from this passive to 1910, up from 1875."
skills,Online:Dynamic (Companion),3.0.5,"* Fixed an issue where ranking up a summon ability (Unstable Familiar, Summon Winged Twilight, Feral Guardian, etc.) would unsummon your pet."
skills,Online:Eclipse,1.3.3,* Total Dark: The tooltip now lists the correct duration for this ability.
skills,Online:Eclipse,1.4.3,* Fixed an issue where the caster of this ability was being charged magicka every time a spell was reflected.
skills,Online:Eclipse,1.6.5,* The ability Eclipse will no longer reflect back the damage over time from Twin Slashes and Searing Strike. * Added a new graphical effect to this ability when projectiles are reflected. * Total Dark: This ability now heals the caster for each projectile reflected by the ability. * Unstable Core: This ability will now explode if the affected target uses CC Break or Cleanse to remove it. Also fixed an issue where this ability was able to deal full damage to more than 6 targets. This ability's area-of-effect damage now correctly prioritizes targets.
skills,Online:Eclipse,2.0.6,* Fixed an issue where this ability would trigger your global cooldowns every time it reflected another ability.
skills,Online:Eclipse,2.3.5,"* This ability and the Total Dark morph can now reflect ranged physical projectiles back to the enemy, in addition to spell projectiles. * Revised the tooltips for this ability and the Total Dark morph to indicate that the area damage effect is separate from the self-reflect effect, and can be applied to a CC-immune target. * Fixed an issue where this ability and the Total Dark morph could reflect snares from ground-placed ticking abilities, such as Caltrops or Ash Cloud, and cause you to move at extremely high speeds. * Unstable Core: Increased the area damage when the effect ends by 50% and can be placed on an unlimited amount of targets, but it no longer reflects single target spells back to the enemy."
skills,Online:Eclipse,2.3.6,* Fixed an issue where this ability and the Total Dark morph were not dealing their area-of-effect explosion damage.
skills,Online:Eclipse,2.7.5,"* This ability and the Total Dark morph can now be placed on an unlimited amount of targets. * This ability and its morphs will now deal their Area of Effect damage even if the target dies. * Power of the Light (Backlash morph): Fixed an issue where this morph's damage was being mitigated on the target's Spell Resistance instead of their Physical Resistance. * Radiant Destruction: Decreased the damage from this ability and its morphs by approximately 21%. **Developer Comment: The damage of Radiant Destruction was so high that players were able to cast this on targets with high health values and still deal effective damage. This change makes it more important to use the ability at the correct time. In PvP, other players now have more time to react, and in PvE the rotation requires using multiple abilities for a longer period of time."
skills,Online:Eclipse,3.0.5,"* This ability and its morphs now last for 3.5 seconds, down from 6 seconds, but can no longer be removed with Break Free. After the effect ends, enemies will gain CC-immunity. * Reduced the cost of this ability and its morphs by approximately 20%."
skills,Online:Eclipse,3.2.5,"* Eclipse: This ability and its morphs now returns damage whenever the affected enemy casts a direct damage attack. It still grants crowd control immunity when the effect ends and can now be removed by Break Free. Eclipse can also now be placed on an unlimited amount of enemies as a baseline effect. * Total Dark: This morph will heal you when the target casts a direct damage attack. * Unstable Core: This morph adds area of effect damage when the effect ends. **Developer Notes: Similar to Petrify, we wanted to change this disorient into a stun while retaining its current functionality to make useful in more situations. * Casting Eclipse when you have low health means the enemy may be able to ignore it and still kill your character. However, if you are able to stay alive, it can shift the tide of battle in your favor against an aggressive opponent."
skills,Online:Eclipse,3.2.7,* Fixed an issue where the following abilities and their morphs could not be cast against blocking enemies: ** Eclipse ** Petrify ** Rune Prison
skills,Online:Eclipse,3.2.8,* Fixed an issue where the following abilities (and their associated morphs) could not be cast against an enemy player with the Shield Wall ability active: ** Eclipse ** Petrify ** Rune Prison
skills,Online:Eclipse,5.0.5,"* This ability and its morphs will no longer proc off Direct Damage attacks such as Spiked Armor or Thews of the Harbinger's damage return. * Updated the tooltip on these abilities to properly indicate their internal cooldown, which have always been there. * Reduced the damage dealt by the thorn mechanic (damage return) of this ability and its morphs by 25%. Note this only pertains to the damage; the heal of Total Dark and explosion of Unstable Core remain untouched."
skills,Online:Eclipse,5.1.5,"* Reworked this ability and its morphs so you will now envelop your target in a sphere of darkness for 4 seconds, which harms them anytime they use a Direct Damage attack. These abilities can now only be active on one target at a time. * Their first attack causes the sphere to hinder them, reducing their Movement Speed by 30% for 4 seconds. * Their second attack causes the sphere to entangle them, immobilizing them for 3 seconds. * Their third attack causes the sphere to smother them, stunning them for 3 seconds. * These effect can only occur once every second. ** Note that the sphere can no longer be CC broken early, but can still be cleansed. * Total Dark: ** Renamed this morph to Living Dark. ** You now envelop yourself in darkness for 4 seconds, which protects you. Anytime an enemy hits you with a Direct Damage attack, they are immobilized for 3 seconds and you are healed. ** This heal value has been decreased by approximately 66% compared to the original value, but can now occur every half second rather than every.75 seconds. * Unstable Core: Each time the sphere activates on the attacker, they will take damage. This damage increases based on the stage the sphere is currently in. ** Developer Comment: The previous iteration of Eclipse was originally meant to be a tool to disincentivize your target from continuously attacking, and instead back off or remove the effect. Due to the effect being able to be removed through CC break, it lead to very binary performance situations. This new functionality is meant to retain the idea to punish the target from continuously attacking, but with less polarizing gameplay elements for both sides. We also wanted the ability to be used in both PvE and PvP, so we've removed the pseudo crowd control element it once operated from."
skills,Online:Eclipse,5.2.5,"* Fixed an issue where reapplying this ability or the Unstable Core morph to a target before the original expired could cause issues with the cooldown of the effects. * Living Dark (morph): ** This morph now only snares targets for 60%, rather than immobilizing them. ** Reduced the healing by approximately 10%. * Unstable Core (morph): ** Reduced the initial and secondary damage dealt of this ability by approximately 44%, and the final hit by 25%. ** These attacks now happen in a 5 meter radius around the target, as the visuals insinuate."
skills,Online:Eclipse,7.0.5,"* Living Dark (morph): This morph now scales off your Max Health or Spell Damage, whichever results in a higher value, rather than a mix of Spell Damage and Max Magicka. **Developer Comment: Templars currently have very few tools that they can use as tanks, so we've opted to utilize a unique scaling method here to ensure the ability can be utilized by both defensive and offensive builds."
skills,Online:Eclipse,7.3.5,"* Living Dark (morph): Reduced the snare potency of this morph to 40%, down from 60% * Unstable Core (morph): Fixed an issue where this ability had a 100ms cooldown per effect, rather than the listed 1 second, which created situations where it was dealing significantly more damage than intended."
skills,Online:Eclipse,8.0.5,"* Living Dark (morph): This morph's heal no longer scales with stats and instead heals for a base of 2000 Health when it triggers. **Developer Comment: We're taking away some of the insane values of healing that this ability can have when stacking high stats, and instead taking a safer route with a flat value to ensure any role of Templar can still engage with the skill, but with less powerful results at the high end."
skills,Online:Eclipse,8.3.5,* Living Dark (morph): ** Fixed an issue where this ability's visuals could cause you to appear invisible in some cases. ** Fixed an issue where this ability's visual effects would persist in place when the target that used the ability would stealth or become invisible.
skills,Online:Elder Dragon,4.2.5,"* This passive ability now also increases the range of all instant-cast melee abilities 1 meter per rank, in addition to granting Health Recovery for each Draconic Power ability slotted. **Developer Comment: This change was made to help standardize the range of all DK melee attacks. It also matches the melee light attack range to the range of their abilities. This additional range helps distinguish melee DKs from other melee classes."
skills,Online:Elder Dragon,7.0.6,* Fixed an issue where this passive was not properly applying its range extension to the intended abilities.
skills,Online:Elder Dragon,9.0.5,"* This passive no longer extends the range of melee attacks by 2 meters, as this is now once again their standard range. * This passive now increases your Health Recovery by 129/259 per Draconic Power ability slotted. rather than 2/5% per ability."
skills,Online:Elder Dragon,11.0.5,"* This passive now increases your Health Recovery by 161/323 per Draconic Ability slotted, up from 129/258."
skills,Online:Elder Dragon,11.3.4,* Combat Refresh Overhaul. Dragonknight Functionality and Balance Update.
skills,Online:Elemental Barricade,3.0.5,"* Fixed an issue where ranking up a summon ability (Unstable Familiar, Summon Winged Twilight, Feral Guardian, etc.) would unsummon your pet."
skills,Online:Elemental Force,2.1.4,"* Changed this ability's bonus to be multiplicative instead of additive. * Increased the bonuses received from this passive to 50% and 100%. * Updated the tooltip wording so it no longer mentions ""spells""; this passive has always increased the chance for all attacks (including weapon enchants)."
skills,Online:Elemental Force,7.1.5,"* This passive now properly states it affects all Status Effect chances, rather than only Elemental Status Effects."
skills,Online:Elemental Storm,2.6.4,"* New Weapon Ultimates have been added to the game. Each Weapon skill line now has one Ultimate, and each Ultimate can be obtained by reaching Rank 50 in its respective Weapon skill line. Weapon Ultimates can be morphed as well!"
skills,Online:Elemental Storm,2.6.11,* Eye of the Storm: ** Fixed an issue where this morph's visual effects would not be displayed if the caster used Mist Form. ** Dealing damage with this morph will now remove the caster from Shadow Cloak and display a hostile red telegraph to enemy player characters.
skills,Online:Elemental Storm,2.7.5,"* Fixed an issue where this ability and its morphs could occasionally cause your ground-target reticle to become stuck and prevent you from using other abilities. * Reduced the damage for this ability and its morphs by 5%. * Reduced the damage done by this ability and the Eye of the Storm morph by 10%. The damage from Elemental Rage remains unchanged. **Developer Comments: The size of this ability coupled with the mobility of Eye of the Storm has made it extremely potent in PvP without allowing enough counterplay. Due to this, we've reduced the base damage but allow you to regain that damage by selecting the Elemental Rage morph. This is similar to previous changes we made to Force Shock and Uppercut - you'll now be choosing between extra damage or extra utility."
skills,Online:Elemental Storm,3.1.5,"* In an effort to reduce the visual effect noise in group combat situations, we've hidden most visual effects from persistent damaging area of effect abilities cast by your allies. Area of effect abilities that have a synergy, healing, or defensive component that can benefit you will still be visible, and area of effect abilities cast by enemies will also still be visible."
skills,Online:Elemental Storm,3.2.5,* Reduced the damage of this ability and the Eye of the Storm morph by approximately 12%. The damage on the Elemental Rage morph remains unchanged.
skills,Online:Elemental Storm,3.3.5,* Reduced the radius of this ability and its morphs to 8 meters from 10 meters.
skills,Online:Elemental Storm,4.0.5,* Elemental Rage: Fixed an issue where Fiery Rage was not increasing the damage dealt by this morph by 10%.
skills,Online:Elemental Storm,7.0.5,* Fixed an issue where this ability and its morphs were not considered Weapon abilities in some cases.
skills,Online:Elemental Talent,1.6.5,* The tooltip for this passive is now consistent across all its ranks.
skills,Online:Elemental Talent,4.3.5,"* Gain 4% Fire/Shock/Ice damage → Increases your Spell Damage by 258. ** Developer Comment: Previously, High Elves offered bonuses that weren't distinct enough from other races, so we decided to repurpose their Recovery passive into one that captured the race's belief in destiny or birth right (in this case, your class!) while tying it to their off-stat resource pool to showcase their knack for efficiency. Now when casting a class ability, they will retain or convert a portion of that cost and restore their lowest resource pool with the power of Alteration Magic. The Elemental Talent passive was also restricting which sorts of damage types and abilities could scale with it, so we converted it to a flat bonus of Spell Damage to allow all damage types, as well as healing, to gain effect."
skills,Online:Elemental Talent,6.3.5,"* This passive now also grants Weapon and Spell Damage, rather than only Spell Damage."
skills,Online:Emerald Moss,7.2.5,* Fixed an issue where the morphs of Healing Seeds were not properly contributing to this passive
skills,Online:Emerald Moss,11.0.5,"* Increased the healing done by Green Balance abilities to 2/5% per Green Balance ability slotted, up from 1/2%."
skills,Online:Emperor,2.2.4,* Tactician: Fixed an issue where this passive was not increasing your siege damage as described.
skills,Online:Emperor,2.3.5,* Tactician: Fixed an issue where this passive was not increasing the damage of Siege Weapons.
skills,Online:Emperor,2.4.5,* Tactician: Fixed an issue where this passive ability was increasing the damage of Siege Weapons against players and monsters.
skills,Online:Emperor,2.7.5,* Monarch: Fixed an issue where this passive ability was only increasing the healing received from your own heals instead of all heals.
skills,Online:Emperor,5.1.5,"* You can no longer generate Ultimate while in a transformation, such as Bone Goliath Transformation or Werewolf, while you are Emperor."
skills,Online:Encase,1.2.3,"* Restraining Prison: When this ability is removed from one player character, it no longer removes the graphics from your other targets."
skills,Online:Encase,1.3.3,* Restraining Prison: The tooltip for this ability now lists the snare duration.
skills,Online:Encase,1.6.5,* Reduced the cost of this ability by 15%. Each additional rank of the ability increases the cost reduction slightly. * Reduced the cost of the morphs of this ability to match the lowest cost tier for the base ability.
skills,Online:Encase,2.7.5,* Reduced the cost of this ability and its morphs by approximately 6%.
skills,Online:Encase,4.0.5,"* Restraining Prison: This morph no longer snares enemies. Instead, it now gives Major Vitality for 2 seconds, plus 1 second per enemy in the area."
skills,Online:Encase,5.0.5,"* Reduced the duration of the Immobilize from this ability and its morphs to 4 seconds from 4.5 seconds. * Shattering Prison (morph): Increased the damage of the explosion by approximately 82% to put in on par with other AoE instant hit abilities, such as Cleave or Impulse."
skills,Online:Encase,6.1.5,* This ability and its morphs now restore up to 66% of their ability costs if no targets are immobilized from the cast.
skills,Online:Encase,7.3.5,* Shattering Prison (morph): Fixed an issue where this ability's damage was not considered an Area of Effect in many cases.
skills,Online:Encase,9.3.5,"* This ability and its morphs now apply Major Maim to enemies for 10 seconds, in addition to attempting to Immobilize them for 4 seconds, rather than only Immobilizing enemies for 4 seconds and refunding Magicka if it failed to do so. * Reduced the base cost to 4050, down from 4320. Note the Major Maim does not require the target to be Immobilized to apply. ** Restraining Prison (morph): *** Renamed this morph to Vibrant Shroud. *** This ability now heals allies in the area with the same healing potency of Blessing of Protection, rather than attempting to Immobilize enemies. *** This morph will continue to apply Major Maim to enemies in the area for 10 seconds and will also apply Minor Vitality to allies who were healed by the ability for 10 seconds. *** Increased the cost to 4860, up from 4050. ** Shattering Prison (morph): *** Renamed this morph to Shattering Spines to avoid confusion with the Rune Prison naming convention. *** This morph’s damage now happens after its own distinct effect timer ends (not completes!) rather than when the Immobilize ends. This will allow the damage to apply to targets that were immune to the Immobilize effect and will also allow the ability to deal damage every time when cast. *** Increased the damage done of this morph by ~10% to make up for its delay. Developer Comment: We’ve gone back and made Encase a vastly more usable tool with less restrictions of where it can be used, similar to Aspect of Terror’s adjustments from previous updates. In addition to this, we’ve corrected many of the short comings of the morphs by ensuring Shattering can be used more as a damage ability for Area Effect situations, while focusing on enabling more support behavior for Sorcerers with the new Vibrant Shroud rework."
skills,Online:Enchanted,3.0.5,"* Fixed an issue where ranking up a summon ability (Unstable Familiar, Summon Winged Twilight, Feral Guardian, etc.) would unsummon your pet."
skills,Online:Enduring Rays,1.6.5,* This passive no longer increases the duration of Backlash.
skills,Online:Enduring Rays,2.3.5,"* This passive ability now only increases the duration of the Sun Fire, Eclipse, and Nova abilities. * Increased this passive ability's bonus to 15/30% more duration at Ranks I/II from 10/20%."
skills,Online:Enduring Rays,4.0.5,"* This passive ability now increases the duration of your Sun Fire, Eclipse, and Nova abilities by 2 seconds, instead of 15/30%. It now also increases the duration of the debuffs applied by Solar Flare and its morphs. **Developer Comments: This eliminates the extra fractional duration from some damage over time abilities that weren't actually getting extra damage. It also gives short abilities like Solar Barrage an additional tick."
skills,Online:Energized,2.3.5,"* Updated this passive ability's tooltip to indicate it increases all of your Shock Damage, and not just the damage of your Storm Calling abilities."
skills,Online:Energized,2.4.5,* This passive ability now also increases your Physical Damage done in addition to the Shock Damage done.
skills,Online:Entomb,3.0.5,"* Fixed an issue where ranking up a summon ability (Unstable Familiar, Summon Winged Twilight, Feral Guardian, etc.) would unsummon your pet."
skills,Online:Entropy,1.1.2,* Significantly decreased the cost and increased the damage for this ability and its morphs.
skills,Online:Entropy,1.2.3,* Fixed an issue where this ability's damage was erroneously scaling between Ranks I and II.
skills,Online:Entropy,1.3.3,* Updated the tooltip for this ability to more accurately display the amount of health restored.
skills,Online:Entropy,1.4.3,* Shadow Cloak: This ability is no longer removed by the following ticking damage abilities. ** Agony ** Bat Swarm ** Caltrops ** Cripple ** Entropy ** Fire Rune ** Necrotic Orb ** Path of Darkness ** Soul Tether ** Trap Beast ** Volley ** Wall of Elements ** All elemental procs
skills,Online:Entropy,1.5.2,* Fixed an issue where this ability wasn't displaying its projectile on every tick when returning health to the caster.
skills,Online:Entropy,1.6.5,* Entropy now grants you the Major Sorcery buff for 20 seconds when cast. * Increased the damage over time component of this ability by 20%.
skills,Online:Entropy,2.1.6,"* Fixed an issue where casting this ability was activating the cooldown for some consumables, such as food and potions."
skills,Online:Entropy,2.2.4,* Updated this ability's tooltip to state the duration of the Major Sorcery bonus.
skills,Online:Entropy,4.0.5,* Fixed an issue where you could dodge individual damage over time ticks from this ability and its morphs.
skills,Online:Entropy,5.1.5,"* Redesigned this ability and its morphs to operate as a DoT, rather than the strange HoT/DoT/Buff hybrid it previously was. * Increased the cost of these abilities to 2970 from 1620 at base. * Entropy and Degeneration no longer heal over time. * Increased the damage from all morphs by approximately 220%. * Decreased duration to 10 seconds from 12 seconds. Major Sorcery remains at 20 seconds, and fixed an issue where the Major Sorcery was not increasing in duration with the Everlasting Magic passive. * Structured Entropy: This morph no longer grants Max Health for slotting. Instead, it now heals you every 2 seconds for 10 seconds. * Degeneration: This morph no longer has a 15% chance to heal you when you deal Light or Heavy Attack damage to the target. Instead, it returns 100 Magicka when dealing Light or Heavy Attack Damage to the target while the DoT persists. Also reduced the cost of the ability as it ranks up, down to 2700."
skills,Online:Entropy,5.2.5,"* This ability and the Structured Entropy morph no longer grant Major Sorcery. * Decreased the damage dealt of all 3 versions of this ability by 40%. * Reduced the base cost of these abilities to 2700, down from 2970. * Degeneration (morph): ** This morph no longer grants Magicka back when hitting an enemy affected by the Damage over Time, but continues to grant Major Sorcery for its original duration."
skills,Online:Entropy,6.3.5,* Fixed an issue where this ability and its morphs could cause your next animation to hitch or jitter.
skills,Online:Entropy,8.1.5,"* Increased the duration of this ability and its morphs to 20 seconds, up from 10. * Reduced the damage per tick by approximately 23%. ** Structured Entropy (morph): Increased the coefficient of the healing portion of this morph by approximately 9% to match the damage coefficient."
skills,Online:Equilibrium,1.1.2,* Spell Symmetry: Increased the minimum health threshold required to use this ability.
skills,Online:Equilibrium,1.3.3,* Auriel's Shield: This item set no longer creates a damage shield when you damage yourself with abilities such as Equilibrium.
skills,Online:Equilibrium,1.6.5,* Slightly reduced the amount of Magicka gained per cast of Equilibrium. * Balance: This ability now applies the Major Fortitude buff for 20 seconds.
skills,Online:Equilibrium,2.4.5,"* Reduced the health cost for this ability and its morphs by 20%. The amount of Magicka gained in exchange remains unchanged. * Balance: In addition to the changes made to the base ability, we also redesigned this morph so it no longer grants the Major Fortitude buff for 17 seconds after casting; instead, it grants the Major Resolve and Major Ward buffs for 4 seconds after casting."
skills,Online:Equilibrium,2.7.5,* Balance: Increased the duration of the Major Resolve and Major Ward buffs granted by this morph to 20 seconds from 4 seconds.
skills,Online:Equilibrium,3.0.7,"* This ability and its morphs' Health to Magicka trade value is now determined by your character level, instead of scaling with your Max Health; it restores 3000 Magicka for 6000 Health at Rank IV. * This ability and its morphs now reduce all of your healing done and damage shields you create by 50% for 4 seconds, instead of preventing you from healing yourself. ** Developer Comments: This updated design to Equilibrium matches the direction for many changes that were made in Update 14 where resources restored by abilities are a flat value instead of scaling with your stats. We're making Equilibrium match the paradigm of being universally useful for all characters, instead of being primarily a tool for tanks to get a massive amount of Magicka back. Additionally, some players heavily rely on damage shields for survivability, so the healing penalty of this ability could be circumvented. It now affects all healing and damage shields done, but the value of the penalty has been reduced to compensate."
skills,Online:Equilibrium,5.1.5,"* Balance: The Major Ward and Resolve will now begin their duration at 22 seconds instead of 20 seconds. At Rank IV with 2 points committed into Everlasting Magic, the duration will be a glorious 30 seconds, rather than the unsightly 27.6 seconds. * Spell Symmetry: Increased the cost reduction granted from this ability to 33% from 28% Rank IV."
skills,Online:Equilibrium,6.3.5,* Fixed an issue where casting this ability could desync your Magicka bar.
skills,Online:Equilibrium,8.0.5,"* Fixed an issue where this ability and its morphs could not be cast if you had less than 6000 Health, even if the cost was less than 6000."
skills,Online:Equilibrium,10.0.5,"* Increased the base duration of this ability’s Major Resolve to 27-30 seconds based on rank, up from 22-25 seconds, now that Everlasting Magic has been adjusted. Overall this should result in a 1-2 second increase when combined."
skills,Online:Erudite's Rigor,12.0.5,"*Erudite’s Rigor: This passive upgrades Fatewoven Armor to apply Minor Cowardice on the attacker for 4 seconds, grant you and group members Major Vitality for 4 seconds, and to grant you 1 Ultimate per Crux you have when taking damage. These effects can occur once every 2 seconds."
skills,Online:Essence Drain,2.3.5,* This passive ability now also grants you the Major Mending buff for 1.5/3 seconds after completing a fully-charged Heavy Attack at Ranks I/II.
skills,Online:Essence Drain,7.1.5,"* Increased the duration of Major Mending from this passive to 2/4 seconds, up from 1.5/3 seconds. * This passive now heals a friendly target within 12 meters of the enemy you Heavy Attacked, up from 6 meters. * Increased the healing done to 25/50% of the damage done, up from 15/30%. * Fixed an issue where the passive could Critically Strike, despite the initial hit already being able to do that. No double crits allowed at the dinner table."
skills,Online:Eternal Mountain,11.3.4,* Combat Refresh Overhaul. Dragonknight Functionality and Balance Update.
skills,Online:Evasion,1.2.3,* This ability's triggered opacity effect will no longer prematurely disappear after killing an enemy.
skills,Online:Evasion,1.6.5,* Evasion now grants the Major Evasion buff for 17 seconds; the duration increases with each rank of the ability. * Elude: This ability now increases the duration of the Major Evasion buff for each piece of medium armor equipped. * Shuffle: This ability now has effects for its snare immunity and prevents you from being snared or immobilized in addition to granting the Major Evasion buff. The duration of the immunity is 0.5 seconds for each piece of Medium Armor equipped.
skills,Online:Evasion,2.3.5,* Elude: Fixed an issue where each recast of this morph would add additional time to the duration of the Major Evasion buff.
skills,Online:Evasion,4.2.5,* Reduced the cost of this ability and its morphs by 15%.
skills,Online:Evasion,5.1.5,"* Reduced the base cost of this ability to 3213 from 3672. * Elude: Each piece of Medium Armor now increases the duration of the Major Evasion by 2 seconds, up from 1 second. Elude also grants you Major Expedition whenever you take direct Area of Effect damage, based on each piece of Medium Armor worn. * Shuffle: Increased the snare and immobilization immunity granted per piece of Medium Armor worn to 1 second from 0.5 seconds."
skills,Online:Evasion,7.2.5,* Fixed an issue where casting this ability or its morphs could sometimes make your character appear invisible under very specific circumstances.
skills,Online:Everlasting Magic,10.0.5,"* This passive now increases the duration of Mages Guild duration abilities by 1/2 seconds, rather than 10/20%. ** Developer Comment: This change was done to fix truncation issues and reduce its potency with some of the abilities in the skill line."
skills,Online:Eviscerate,6.0.5,* Drain Essence ** This ability has been removed from the game and replaced with Eviscerate. ** All experience earned in Drain Essence has been transferred to Eviscerate. * Eviscerate (New Skill) ** This new skill is a direct damage melee attack that deals more damage based on your own missing Health. ** Blood for Blood (Morph 1) - Costs Health to use and increases the damage bonus based on your own missing Health. ** Arterial Burst (Morph 2) - Will always be a Critical Strike if you use it while under half Health.
skills,Online:Eviscerate,6.1.5,"* Blood for Blood (morph): ** Decreased the execute multiplier on this morph to 60%, down from 100%. ** This ability now ranks up in 5% execute scaling damage per rank, rather than scaling in 1.1% damage per rank. ** After casting this ability, you cannot be healed by allies for 5 seconds."
skills,Online:Eviscerate,9.3.5,* This ability and its morphs will now also apply the Hemorrhaging status effect.
skills,Online:Evocation,3.0.5,"* Swapped the Evocation and Recovery passives in the Skill Line window. * This is now a 2-point passive, originally 3-points. It now reduces the cost of your Magicka abilities by 1/2% per piece of Light Armor, down from 1/2/3%."
skills,Online:Evocation,4.2.5,"* This ability now also increases your Magicka Recovery by 2/4% per piece of Light Armor worn, in addition to reducing the cost of Magicka abilities by 1/2% per piece of Light Armor worn."
skills,Online:Executioner (skill),3.2.5,"* This passive ability no longer requires you to get the killing blow with an Assassination ability to trigger its resource return; it now has a 2-second grace period after damaging the enemy with an Assassination ability where it can still trigger the proc. It also now restores either Magicka or Stamina, whichever you have a higher maximum of, and restores that resource instantly instead of over 6 seconds. **Developer Comments:This passive ability will be more useful for tanks who weren't able to get killing blows, and stamina Nightblades who can now get stamina. It also makes the proc more reliable in multiplayer situation where multiple players attacking the enemy."
skills,Online:Executioner (skill),6.1.5,"* This passive now triggers whenever an enemies dies within 2 seconds of being damage by you, rather than requiring the damage to be an Assassination ability. * Removed the hidden 1ms cooldown. * Fixed an issue where this passive could fail to work with multiple Nightblades. * Fixed an issue where this passive was causing unnecessary message spam and ability applications to enemies."
skills,Online:Executioner (skill),6.2.5,"* This passive now restores 500/1000 Magicka and Stamina when it procs, rather than 938/1876 Magicka or Stamina depending on your highest maximum."
skills,Online:Expert Hunter,1.3.3,* The FX for this ability no longer persists on dead monsters.
skills,Online:Expert Hunter,1.4.3,"* Damage from Silver Bolts, Expert Hunter, and Trap Beast is now based on stamina and weapon damage instead of magicka and spell power."
skills,Online:Expert Hunter,1.5.2,* Camouflaged Hunter (morph): This ability now only applies to the first hit of the ability Twin Slashes. * Evil Hunter: This ability now highlights vampire player characters in Cyrodiil.
skills,Online:Expert Hunter,1.6.5,"* This ability now always provides you with the Major Weapon Crit buff. * This ability now lasts for 15 seconds and grants a 4% chance to deal additional damage to the target, with the chance increased to 15% against Daedra. * Damage over time and channeled abilities now have a chance to proc Expert Hunter on the first tick. * Camouflaged Hunter: This ability now makes it less likely that you will be detected by Daedra while stealthed."
skills,Online:Expert Hunter,2.1.4,"* This ability is no longer multiplied by the stealth critical damage bonus if it is used before entering stealth, it will now behave consistently if used before or after entering stealth. * The effects to sense evil have been moved to the torso area, with a larger version included for Titans. * Increased the internal cooldown for procs to 2.5 seconds from 1.5 seconds. * Camouflaged Hunter: This ability's bonus damage from stealth now scales off weapon damage/critical."
skills,Online:Expert Hunter,2.2.4,* Fixed an issue where this ability could proc off siege damage.
skills,Online:Expert Hunter,2.2.9,* Camouflaged Hunter: Fixed an issue where the stealth damage proc would occur multiple times in specific circumstances.
skills,Online:Expert Hunter,2.2.10,* Camouflaged Hunter: Continued to fix additional issues where this ability could proc multiple times when hitting with a dual wield heavy attack. We will have this fully addressed in a future patch.
skills,Online:Expert Hunter,2.2.11,* Camouflaged Hunter: Fixed an issue where this ability could proc multiple times with a Dual Wield Heavy Attack.
skills,Online:Expert Hunter,2.3.5,"* Fixed an issue where the weapon visual effects from abilities such as Grim Focus, Siphoning Strikes, and Expert Hunter could get visually detached from the weapon."
skills,Online:Expert Hunter,2.4.5,"* Expert Hunter: Redesigned this ability and its morphs so they no longer grant a small chance to deal additional bonus damage; instead, they can be activated to reveal hidden or invisible enemies in a 6 meter radius for 5 seconds, and prevents revealed enemies from returning to stealth for 3 seconds. ** These abilities will continue illuminate Undead, Daedra, and Werewolves and grant Major Savagery while slotted. * Camouflaged Hunter: In addition to the changes made to the base ability, this morph now also grants the Minor Berserk buff for 5/6/7/8 seconds after dealing a Critical Hit from crouch at Ranks I/II/III/IV. * Evil Hunter: In addition to the changes made to the base ability, this morph now also reduces the Stamina cost of Fighters Guild abilities by 25% while active."
skills,Online:Expert Hunter,4.1.5,"* A visual effect will now appear over your character's head when using Detection Potions, Magelight, or Expert Hunter to notify other players of your ability to see sneaking/invisible enemies."
skills,Online:Expert Hunter,5.1.5,"* Evil Hunter: ** Fixed an issue where this ability cost more than its original form. ** This morph no longer grants 25% reduced Stamina cost of Fighters Guild abilities. Instead, it grants up to 25% damage dealt with non-Ultimate Fighters Guild abilities. * Camouflaged Hunter: ** This ability will no longer costs more than the base form, and no longer grants Minor Berserk from successful sneak attacks. It now grants Minor Berserk from dealing Critical Damage from an enemy's flank. ** Decreased the duration of Minor Berserk to 5 seconds from 10 seconds at Rank IV."
skills,Online:Expert Hunter,6.0.5,* Fixed numerous issues with passives such as Banish the Wicked or Expert Hunter failing to recognize some enemies as Werewolves in the Wolfhunter DLC dungeons.
skills,Online:Expert Hunter,7.1.5,"* This ability and the Camouflaged Hunter morph now reveal hidden enemies within 8 meters of you, up from 6 meters. * All versions of this ability now check for hidden enemies every 500ms, instead of once every second, for more responsive catching of those slippery targets. * All versions of this ability now prevent stealth and invisibility for 4 seconds, up from 3 seconds. * The hidden passive from this ability and its morphs, Sense Evil, now only highlight player Werewolves and Vampires rather than any Undead, Daedra, or Werewolf creature. This change was done to better represent the targets your Skilled Tracker bonus works against. ** Evil Hunter (morph): This morph now also increases the radius of the reveal to 12 meters."
skills,Online:Expert Mage,1.6.5,* This passive ability has been changed. It now grants 2% Spell Power for each Sorcerer ability slotted instead of 10% reduced cost to lightning spells.
skills,Online:Expert Mage,2.1.4,* This passive now grants 1/2% weapon damage per Sorcerer ability slotted in addition to its previous effects.
skills,Online:Expert Mage,11.0.5,"* This passive now increases your Weapon and Spell Damage by 54/108 per Sorcerer ability slotted, instead of by 1/2% per Sorcerer ability slotted."
skills,Online:Expert Summoner,2.2.4,* Fixed an issue where this passive ability's speed bonus was not being applied when out of combat.
skills,Online:Expert Summoner,2.4.5,* Redesigned this passive ability so it now grants you 4/8% more maximum health whenever you have a Daedric Summoning pet active. * This passive ability's old bonuses are now baseline effects for your pets.
skills,Online:Expert Summoner,9.3.5,"* This passive now increases your Max Health by 5/10% while you have a summoned pet of any kind, up from 4/8% when you have a Daedric Summoning ability active. * This passive now also increases your Max Magicka and Stamina by 5/10% while you do not have a summoned pet of any kind. ** Developer Comment: We’re splitting this passive out to be more adaptive to the different build types we see Sorcerer players engage with. Much feedback over the years has noted that playing the class without pets can often feel very limiting and less powerful overall, so we’re attempting to add small bonuses for those lone wolf Sorcerers out there."
skills,Online:Expert Summoner,10.2.5,"* This passive now checks for permanent pets for its conditional effects, rather than any active pet. Note that non-Sorcerer based permanent pets will still count towards this check. ** Developer Comment: This change was mainly done to help clean up some of the inconsistencies in the Sorcerer pet versus non-pet builds we've seen - where many ""non-pet"" builds still use the Summon Storm Atronach ultimate, as it doesn't have the same stipulations and game play experiences as the other permanent pets like Summon Winged Twilight do. Now, calling in your Atronach to help you out won't add or take away any of the passive power from this particular passive, so it can properly grant its effects to the right builds."
skills,Online:Expert Summoner,11.0.5,"* This passive’s increase to your Max Magicka and Stamina no longer requires a permanent pet to be active to gain their benefits, but Max Health does still require this condition to be met."
skills,Online:Exploitation,1.6.5,"* This passive now provides nearby allies with the Minor Prophecy buff for 15 seconds at Rank I, and 30 second at Rank II."
skills,Online:Explosive Fortitude,3.0.5,"* Fixed an issue where ranking up a summon ability (Unstable Familiar, Summon Winged Twilight, Feral Guardian, etc.) would unsummon your pet."
skills,Online:Expunge,8.0.5,"* Hexproof (morph): ** Reduced the cost of this morph to 1670 at its final rank, down from 1880. ** The morph tooltip now properly states it reduces in cost as the ability ranks up."
skills,Online:Extinguishing Breath,3.0.5,"* Fixed an issue where ranking up a summon ability (Unstable Familiar, Summon Winged Twilight, Feral Guardian, etc.) would unsummon your pet."
skills,Online:Falcon's Swiftness,3.2.5,"* Deceptive Predator: This morph now increases the duration to 14 seconds, in addition to granting Minor Evasion. ** Developer Comments: This change helps compensate this morph with additional efficiency. Deceptive Predator's Minor Evasion only gives 5% dodge chance, while Bird of Prey's Minor Berserk gives 8% damage."
skills,Online:Falcon's Swiftness,4.2.5,"* Fixed an issue where part of the visual effects from this ability and its morphs was still visible to enemies even when you were hidden. * Bird of Prey: The Minor Berserk buff is now granted at all times while this morph is slotted. * Deceptive Predator: The Minor Evasion buff is now granted at all times while this morph is slotted. This morph no longer grants an increased duration to the active Major Expedition and Major Endurance buffs. ** Developer Comment: The goal of this change is to help reduce buff management for Wardens. You can now activate this ability reactively in situations where movement speed is needed, instead of having to keep the effect up 100% of the time. ** This ability now grants Major Expedition for a maximum of 4 seconds instead of 10 seconds. *** Developer Comment: Again, as noted previously, we want there to be variability in the positive and negative directions during combat. In Update 19, we adjusted snares down to a 4 second duration so an optimal damage rotation wouldn't include 100% up time on snares. In this update, we are adjusting Major Expedition buffs to be in line with the snare durations."
skills,Online:Falcon's Swiftness,5.0.5,"* Reduced the cost of this ability and its morphs to 2700 from 3511 at base. * This ability no longer grants Major Endurance. * Major Expedition now lasts 6 seconds, up from 4 seconds. Note this ability is now considered a ""rule breaker"", since it breaks the paradigm of Major Expedition lasting 4 seconds."
skills,Online:Falcon's Swiftness,8.1.5,* This ability and its morphs now also grant 4 seconds of snare and immobilization immunity after activating.
skills,Online:Fate Omen's Inspiration,3.0.5,"* Fixed an issue where ranking up a summon ability (Unstable Familiar, Summon Winged Twilight, Feral Guardian, etc.) would unsummon your pet."
skills,Online:Fate Realigned,12.0.5,"*Fate Realigned: This passive upgrades rank 2 of Implacable Outcome to also generate 3 Crux upon activation, and to grant 300 Weapon and Spell Damage for 25 seconds, up to once every 15 seconds."
skills,Online:Fatecarver,9.3.5,* Reduced the damage done by this ability and its morphs by ~7% per tick. ** Pragmatic Fatecarver (morph): *** Reduced the potency of the damage shield this morph offers by ~16%. *** Fixed an issue where the shield did not have a Max Health limit like other shields. The shield is now limited to 50% of your Max Health.
skills,Online:Fatecarver,11.0.5,"* Increased the cost of this ability and its morphs by 40%. Increased the damage of this ability and its morphs by ~8%. These abilities can now hit a maximum of 6 targets, rather than having no target cap."
skills,Online:Fear of the Unknown,3.0.5,"* Fixed an issue where ranking up a summon ability (Unstable Familiar, Summon Winged Twilight, Feral Guardian, etc.) would unsummon your pet."
skills,Online:Feed,8.0.5,* This synergy now heals you to full Health after successfully casting on a target and feasting upon their life essence. Delicious!
skills,Online:Feline Ambush,1.6.5,* This passive ability's tooltip now correctly reflects the Weapon Critical bonus it grants.
skills,Online:Feline Ambush,2.1.4,* Increased the Critical Strike bonus to 2/5/8% from 2/4/6%.
skills,Online:Feline Ambush,4.3.5,"* Increase Weapon Critical Chance by 8% → Feline Ambush: Increases your Critical Hit Damage and Healing by 10%. Reduces your detection radius in Stealth by 3m. ** Developer Comment: The Khajiit racial bonuses were the most under budget in terms of our stat density system, and as such, we wanted to make improvements on what they offered without making them the absolute best at one thing. Since the Khajiiti race has a lot of diversity ingrained in their culture, we wanted to capture the essence of that across the board by introducing a moderate bonus to all Max stats and recoveries, rather than just Stamina based ones. On top of this, we've reworked their Weapon Critical Chance bonus to their original passive, Critical Hit Damage, and allowed this bonus to affect Healing to help their bonuses affect all builds. By reverting the Chance into Damage and Healing, we can have a finer balance between all gameplay experiences since Critical Chance has a very polarizing disparity of performance between PvE and PvP engagements."
skills,Online:Feline Ambush,6.3.5,"* Increased the Critical Damage and Healing Done from this passive to 12%, up from 10%."
skills,Online:Feral Cruelty,12.0.5,"*Savage Strength -> Feral Cruelty: Increased the amount of Weapon and Spell Damage granted from this passive to 12/25%, up from 9/18%."
skills,Online:Feral Guardian,3.0.5,"* Fixed an issue where ranking up a summon ability (Unstable Familiar, Summon Winged Twilight, Feral Guardian, etc.) would unsummon your pet."
skills,Online:Feral Guardian,3.0.10,"* Permanently summoned pets, such as the Unstable Familiar or Feral Guardian, will now heal back to full health after exiting combat."
skills,Online:Feral Guardian,3.1.6,* Fixed an issue where the Guardian's Wrath and Guardian's Savagery abilities were not dealing their bonus execute damage if your Spell Damage and Weapon Damage were exactly the same.
skills,Online:Feral Guardian,3.2.5,"* Activating the Guardian's Wrath or Guardian's Savagery special ability will now grant your bear snare, immobilization, and crowd control immunity for 8 seconds. * Increased the Health of the bear summoned by this ability and its morphs to 25,000 from 20,000. **Developer Comments: This change should help the bear deal with CC while still allowing for counter play. We'll continue to make improvements in future updates. The latter change will also make the bear a little more resilient against incidental Area of Effect attacks, as well as against being focus-fired."
skills,Online:Feral Guardian,3.3.5,"* Fixed an issue where the Guardian's Wrath and Guardian's Savagery special attacks from this ability and its morphs could not hit some larger monsters, such as Saint Olms."
skills,Online:Feral Guardian,4.0.5,"* Fixed an issue where abilities that summon permanent pets, such as Summon Unstable Familiar or Feral Guardian, could allow you to have the pet summoned without the ability slotted on your bar. * Eternal Guardian: Fixed an issue where the bear's respawn would prevent you from resurrecting another player, and cause that player to be permanently unable to be resurrected until they relogged. **Known Issue: The bear's respawn should be less disruptive toward your ability to do other actions or cast other abilities, but may still interfere with resurrecting an ally or other abilities with cast and channel times."
skills,Online:Feral Guardian,4.2.5,"* Decreased the damage done by the bear summoned from this ability and its morphs by approximately 30%. **Developer Comment: We want Wardens to have more options with which Ultimate they select. Previously, if you didn't use the Feral Guardian Ultimate, your damage was lower than other classes. We have redistributed power from this skill into the Advanced Species passive so all abilities will deal more damage, including a different Ultimate if desired. Net DPS when using the Feral Guardian should be about the same, and DPS will go up if you were using a non-bear ultimate. * Nature's Grasp: This ability can now target your Feral Guardian and its morphs."
skills,Online:Feral Guardian,5.1.5,"* Fixed an issue where the grizzly's attacks could become desynced or stuck after using Crushing Swipe. This applies to all versions of the grizzly. This will result in higher damage per second for the grizzly, since it will be able to properly perform its next action more frequently."
skills,Online:Feral Guardian,6.0.5,* Fixed an issue where this summon could not be interrupted.
skills,Online:Feral Guardian,6.2.5,"* Fixed an issue where this Ultimate and morphs' special attack, Crushing Swipe, could fail to hit large monsters like Dragons or Titans."
skills,Online:Feral Guardian,8.0.5,"* Wild Guardian (morph): ** This morph now deals 10% more damage, up from 5%, to ensure it deals similar damage to Eternal Guardian when you take the Piercing Magic passive. ** This morph now converts the damage to Bleed Damage instead of Physical, and each attack applies the Hemorrhaging status effect. Wild."
skills,Online:Feral Guardian,8.1.5,"* The bear from this ultimate and morphs now attacks once every 2 seconds, instead of a mixture of timers. * Reduced the damage of the bear's passive attacks by approximately 19%. * Increased the cooldown of the Crushing Swipe attack to 8 seconds, up from 5, so it better lines up with CC immunity timers as this attack can stun enemies. * The active ability, Guardian's Wrath, now has a 700ms cast time for the bear (not your own cast!) so that it properly matches up with the attack animation and reduces the desync potential of the attack. ** Feral Guardian (morph): This morph now quintuples (5x) the status chance application of Hemorrhaging, instead of guaranteeing the effect, to reduce the ease of access of the status without investment into applying it. ** Eternal Guardian (morph): This morph now also increases the execute scaling of the special activate to 150%, up from 100%."
skills,Online:Feral Guardian,8.2.5,* Fixed an issue where the bear from this Ultimate and its morphs could get stuck in a loop of trying to cast Crushing Swipe repeatedly until it perished or was crowd controlled. It was just trying to make you proud.
skills,Online:Feral Guardian,10.2.5,* Fixed an issue where the morphs of this Ultimate could cause some monsters to reset if the bear engaged them before their owner did.
skills,Online:Fiery Breath,1.1.2,* Burning Breath: Fixed an issue where this ability was doing less damage than intended.
skills,Online:Fiery Breath,1.1.2,* Engulfing Flames: The tooltip for this ability now properly states that it deals increased damage per rank.
skills,Online:Fiery Breath,1.4.3,* Burning Breath: The armor reduction debuff from this ability will no longer stack. * Fixed an issue where Burning Breath IV wasn't dealing damage over time as it should.
skills,Online:Fiery Breath,1.6.5,"* Increased the damage over time effect applied to all ranks and morphs by approximately 30%. * Fiery Breath and its morph Engulfing Flames are now mitigated by your target's Direct Damage and Resist statistics. * Fixed an issue where the morphs of Fiery Breath were dealing their damage over time instantly, instead of waiting 2 seconds like the base ability. * The bonus damage an enemy takes from fire, applied by Engulfing Flames, will now properly factor into the damage from the first tick. * Burning Breath: This ability will now scale off of stamina and weapon power, and is mitigated by your target's armor. This ability now applies the Major Fracture debuff to your target."
skills,Online:Fiery Breath,2.0.8,* Fixed an issue where the fire graphic effect wasn't applying to enemies for Ranks II-IV of this ability.
skills,Online:Fiery Breath,2.3.5,* Burning Breath: Fixed an issue where the Major Fracture debuff applied by this ability was shorter than the duration of the damage over time effect.
skills,Online:Fiery Breath,2.4.5,"* Burning Breath: Renamed this morph to Noxious Breath. In addition, this morph now deals Poison Damage instead of Flame Damage. * Noxious Breath: This morph now has a new icon."
skills,Online:Fiery Breath,4.1.5,* World in Ruin: This ability now also increases the damage over time component of Fiery Breath and its morphs.
skills,Online:Fiery Breath,5.0.5,"* Increased the damage of the initial hit of this ability by 200% to be on par with our PBAoE standards. The base ability will now rank up in damage for the entire ability, rather than just the DoT."
skills,Online:Fiery Breath,5.1.5,* Increased the cost of this ability and its morphs to 2808 from 2700. * Decreased the DoT damage per tick by approximately 15%.
skills,Online:Fiery Breath,5.2.5,"*This ability and its morphs now last 10 seconds at base, up from 8 seconds. * Increased base cost to 3510, up from 2808. * Reduced the damage per tick of the Damage over Time portion of this ability by approximately 20%. * Engulfing Flames (morph): ** This ability's bonus Flame damage modifier now uses both your Spell Damage and your Max Magicka, rather than only Spell Damage, to allow for more builds to engage with the morph."
skills,Online:Fiery Breath,7.3.5,"* Engulfing Flames (morph): This morph's bonus damage taken now scales with a mixture of your Weapon and Spell Damage, rather than Spell Damage and Max Magicka. The cap is reached when your combined Weapon and Spell Damage is over 9000!"
skills,Online:Fiery Breath,8.0.5,"* Engulfing Flames (morph): Reduced the Flame Damage taken bonus on this morph to a maximum of 6%, down from 10%. The total sum of Weapon and Spell Damage needed to reach the cap remains the same."
skills,Online:Fiery Breath,8.1.5,"* Increased the duration of this ability and its morphs to 20 seconds, up from 10. * Reduced the damage per tick by approximately 17%."
skills,Online:Fiery Breath,9.3.5,"* Engulfing Flames (morph): This morph’s Flame Damage taken debuff now scales of the highest of your offensive stats, rather than an addition of your Weapon and Spell Damage. This will make the maximum value harder to reach for non-damage dealers overall, while remaining relatively unchanged for most damage-oriented builds."
skills,Online:Fiery Breath,11.0.5,* Reduced the base cost of this ability and the Engulfing Flames morph to 2984. ** Noxious Breath: This morph now also applies the Poisoned status effect to all enemies hit by the initial hit.
skills,Online:Fiery Breath,11.3.4,* Combat Refresh Overhaul. Dragonknight Functionality and Balance Update.
skills,Online:Fiery Flail,3.0.5,"* Fixed an issue where ranking up a summon ability (Unstable Familiar, Summon Winged Twilight, Feral Guardian, etc.) would unsummon your pet."
skills,Online:Fiery Grip,1.2.3,* This ability will no longer taunt monsters that already have an active taunt on them.
skills,Online:Fiery Grip,1.4.3,"* Revised the terrain around all keeps to reduce the potential for pulling an enemy friend onto keep walls using Fiery Grip or its morphs. * While you are within the walls of larger keeps (such as Fort Warden), the range of Fiery Grip and its morphs will be reduced."
skills,Online:Fiery Grip,1.6.5,"* If the target of Fiery Grip is unable to be pulled to you for any reason, you will now be pulled to the target. * Empowering Chains: This ability now grants you Empower for 5 seconds."
skills,Online:Fiery Grip,2.3.5,* Extended Chains' cost reduction and range increase effect is now a baseline effect for Fiery Grip. * This ability and its morphs will now grant you the Major Expedition buff for 2 seconds after casting. * This ability no longer attempts to pull you to the target if the target is immune to the pull. * Empowering Chains morph: This morph will now always pull you to the target instead of pulling the target to you. It will continue to grant the Major Empower buff after being pulled as a morph effect. * Extended Chains morph: **Renamed this morph to Unrelenting Grip. **This morph no longer attempts to pull you to the target if the target is immune to the pull. **This morph will now refund 100% of the ability's cost as Magicka if it fails to pull a target.
skills,Online:Fiery Grip,2.6.4,* Switched the position of this ability with the Lava Whip ability as seen in the skill line UI.
skills,Online:Fiery Grip,2.7.5,"* Increased the duration of the Major Expedition buff granted by this ability and its morphs to 6 seconds from 2 seconds. * This ability and its morphs can no longer be dodged. * Developer Comments: To improve Fiery Grip's reliability, we changed it so the projectile (and subsequent pull/push) cannot be dodged. This ensures that enemies using Roll Dodge or Major Evasion do not cause your Fiery Grip cast to be wasted, and makes the Empowering Chains morph (which pushes you to the target) behave consistently with other charge abilities. Since Fiery Grip is an unusual projectile due to being undodgable and unreflectable, its tooltip has been updated for additional clarity"
skills,Online:Fiery Grip,3.0.5,* Reduced the cost of this ability and its morphs by approximately 7%.
skills,Online:Fiery Grip,3.2.5,* Unrelenting Grip: Fixed an issue where this morph would not refund the ability's cost if it failed to pull in a target due to them blocking the attack.
skills,Online:Fiery Grip,4.0.5,"* Empowering Chains: This morph now grants you 2 stacks of the Empower buff, up from 1."
skills,Online:Fiery Grip,4.2.5,"* This ability now grants Major Expedition for a maximum of 4 seconds instead of 6 seconds. **Developer Comment: **In regards to movement speed, we want there to be variability in the positive and negative directions during combat. In Update 19, we adjusted snares down to a 4 second duration so an optimal damage rotation wouldn't include 100% up time on snares. In this update, we are adjusting Major Expedition buffs to be in line with the snare durations."
skills,Online:Fiery Grip,4.2.7,"* Fixed an issue where you could use ""pull"" abilities, such as Fiery Grip or Silver Leash, to move immovable monsters."
skills,Online:Fiery Grip,5.0.5,"* Increased the damage of this ability and its morphs by 20% to put it on par with our ""gap closer"" standards. * Improved the responsiveness of the pull speed from this ability to reduce situations where players were still CC'ed after the pull was complete."
skills,Online:Fiery Grip,6.0.5,"* Empowering Chains (morph): This ability now only grants 1 stack of Empower, rather than 2."
skills,Online:Fiery Grip,8.1.5,"* Empowering Chains (morph): Increased the duration of Empower granted from this morph to 10 seconds, up from 3."
skills,Online:Fiery Grip,8.3.5,"* Empowering Chains/Chains of Devastation: This morph now grants Major Berserk for 4 seconds after casting, rather than Empower, as Molten Armaments already grants it in a much more effect way. As such, this morph was renamed to better denote its effects. Such devastation was our intention."
skills,Online:Fiery Grip,11.3.4,* Combat Refresh Overhaul. Dragonknight Functionality and Balance Update.
skills,Online:Fire Rune,1.3.4,"* Scalding Rune: Fixed an issue where the damage-over-time from this ability would stack multiple times on the same enemy. We also fixed an issue where there were multiple copies of the FX playing after this ability was cast. * Might of the Guild: Fixed an issue with this passive where, when combined with using the ability Scalding Rune repeatedly, you could place many Runes down at one time."
skills,Online:Fire Rune,1.4.3,* Shadow Cloak: This ability is no longer removed by the following ticking damage abilities. ** Agony ** Bat Swarm ** Caltrops ** Cripple ** Entropy ** Fire Rune ** Necrotic Orb ** Path of Darkness ** Soul Tether ** Trap Beast ** Volley ** Wall of Elements ** All elemental procs * Fixed an issue where the explosion effects for this ability weren't playing when the ability triggered. * Scalding Rune: The damage-over-time effect for this ability no longer stacks.
skills,Online:Fire Rune,1.5.2,* Fixed an issue where this ability would play the explosion graphical effect over and over if an enemy got within range of the trap while behind a wall. * Volcanic Rune: This ability no longer creates multiple projectiles when cast back to back.
skills,Online:Fire Rune,1.6.5,* Updated the visual effects for Fire Run and both morphs.
skills,Online:Fire Rune,2.1.4,* Volcanic Rune: Fixed an issue where this ability could push targets to areas where they get stuck.
skills,Online:Fire Rune,2.2.4,"* Fixed an issue where several damage over time effects were not allowing multiple casters to apply their own stack. For example, previously if two player characters cast Scalding Rune at the same target, only one of those effects would apply damage over time to the target. This is now corrected for the following abilities: ** Cripple ** Trap Beast ** Scalding Rune ** Poison Arrow ** Burning elemental status effect ** Poisoned elemental status effect"
skills,Online:Fire Rune,2.7.5,* Increased the initial damage done by this ability and its morphs by approximately 11%. * Scalding Rune: Increased the damage of the Damage over Time component of this morph by an additional 33%.
skills,Online:Fire Rune,3.1.5,* This ability and its morphs are now hidden to enemy player characters.
skills,Online:Fire Rune,4.2.5,* Volcanic Rune: Fixed an issue where your character could slide on the ground after being knocked by this ability.
skills,Online:Fire Rune,5.1.5,"* Increased the damage of this ability and its morphs by 25% for the initial hit, and reduced the base cost to 3240 from 4050. * Scaling Rune: Increased the Damage over Time of this morph by approximately 115% per tick. * Volcanic Rune: This morph no longer increases the duration of the stun as the ability ranks up, but instead reduces the cost of the ability, down to 2970 at Rank IV."
skills,Online:Fire Rune,5.2.5,* Scalding Rune: ** Reduced the damage per tick of this morph by approximately 36%.
skills,Online:Fire Rune,6.2.5,"* Fixed an issue where this ability and its morphs' screen shake would multiply based on the amount of targets hit, causing your camera to violently shake."
skills,Online:Fire Rune,7.1.5,"* This ability and its morph's traps now last for 15 seconds after their delay, rather than 30 seconds."
skills,Online:Fire Rune,8.0.5,* Fixed an issue where the explosion from this ability and its morphs couldn't be seen by enemies.
skills,Online:Fire Rune,8.1.5,"* Scalding Rune (morph): ** Increased the duration of this morph's damage over time to 22 seconds, up from 12 seconds. ** Reduced the damage per tick by approximately 12%"
skills,Online:Firmness,3.0.5,"* Fixed an issue where ranking up a summon ability (Unstable Familiar, Summon Winged Twilight, Feral Guardian, etc.) would unsummon your pet."
skills,Online:Flame Skull,7.1.5,"* The bonus damage from this ability and morphs' third cast has now been built into their damage coefficients, rather than as a bonus modifier effect. This will clean up some calculation errors that result in less damage than intended when stacking multiple bonuses."
skills,Online:Flame Skull,9.0.5,"* Increased the damage bonus of the 3rd cast for this ability and its morphs to 50%, up from 20%."
skills,Online:Flame Skull,11.0.5,"* This ability and its morphs will now generate a corpse on their 3rd cast, near where the targeted enemy was. ** Venom Skull: The corpse generation for this effect has a 3 second cooldown to mitigate how easy it is to reach the summon/corpse limit."
skills,Online:Flame Skull,11.1.5,"* Resolved the issue where corpses generated from this ability and its morphs could not be replaced, causing you to quickly reach the summon limit and be unable to activate other summon abilities."
skills,Online:Flexibility,3.0.5,"* Fixed an issue where ranking up a summon ability (Unstable Familiar, Summon Winged Twilight, Feral Guardian, etc.) would unsummon your pet."
skills,Online:Flourish,11.0.5,"* Increased the Magicka and Stamina Recovery granted from this passive to 10/20%, up from 6/12%."
skills,Online:Flow,3.0.5,"* Fixed an issue where ranking up a summon ability (Unstable Familiar, Summon Winged Twilight, Feral Guardian, etc.) would unsummon your pet."
skills,Online:Flurry,1.2.3,* This ability now properly animates even if the first tick is dodged. * Increased the damage executed by the last hit by 10%.
skills,Online:Flurry,1.5.2,* Blinding Flurry: This ability now gives a 7% off balance chance per hit and increases in damage at all ranks instead of increasing this value on rank up. * Rapid Strikes: This ability now deals 2% increased damage per hit instead of increasing your attack speed.
skills,Online:Flurry,1.6.5,* Fixed an issue with the impact sounds on the abilities Flurry and Veiled Strike. * Uppercut and Flurry can no longer be interrupted. * Reduced the damage of this ability by 8%.
skills,Online:Flurry,2.4.5,"* Reduced the channel durations for this ability and its morphs to 0.6 seconds from 1.3 seconds, and also now hit 5 times instead of 6. * Reduced the overall damage and costs to compensate the above changes. * Note: The total DPS when using these abilities should remain unchanged. * Blinding Flurry: ** Renamed this morph to Bloodthirst. ** In addition to the changes made to the base ability, this morph has been redesigned so it now heals you for 60% of the damage done with the final hit. * Rapid Strikes: In addition to the changes made to the base ability, the increase in damage for each subsequent hit has been increased to 3% more damage, up from 2% more damage, to account for the decrease in total hits. ** Note: This morph continues to increase the damage of subsequent hits as a morph effect."
skills,Online:Flurry,2.7.5,* Adjusted the order of the Active Abilities in this skill line. They now unlock in the following order: ** Flurry ** Twin Slashes ** Whirlwind ** Blade Cloak ** Hidden Blade * You'll now hear an audio effect when Flurry and Slash strike their targets.
skills,Online:Flurry,5.0.5,"* Increased damage dealt from this ability and its morphs by approximately 21% to ensure it is in line with other single target ""spammable"" abilities."
skills,Online:Flurry,5.2.5,"* Reduced the damage dealt by this ability and its morphs by approximately 8% to ensure it does not eclipse other damage abilities, such as DoTs. * Bloodthirst (morph): ** Fixed an issue where the heal from this ability was not properly increasing by 1% of the damage dealt per rank."
skills,Online:Flurry,7.0.5,* The following abilities will now deal purely Bleed Damage rather than Physical Damage or a mix of Physical and Bleed Damage. ** Bloodthirst (morph of Flurry) ** Carve (morph of Cleave) ** Cutting Dive (morph of Dive) ** Pounce and morphs ** Trap Beast and morphs ** Twin Slashes and morphs * Bloodthirst (morph): Fixed an issue where the heal from this morph was not considered a Dual Wield ability or a Weapon ability.
skills,Online:Flurry,7.1.5,"* Bloodthirst (morph): This morph now heals for up to 33% of the damage done per hit, rather than up to 63% of the final hit's damage done. This will result in slightly more healing effectiveness and more responsive healing as well."
skills,Online:Flurry,8.1.5,"* This ability and its morphs now hit 4 times over a channel time of 800ms, rather than 5 times over 600ms. Their total damage remains relatively the same over their channel time. * These abilities now have completely new animations and visual effects to match their attack cadence. ** Rapid Strikes (morph): *** This morph now increases the damage done of the next hit by 5% per stack, up from 3%, resulting in approximately 2.5% more overall damage. *** Reduced the base cost to 2430, down from 2700. ** Bloodthirst (morph): Fixed an issue where the heal from this ability was considered Magicka rather than Stamina based."
skills,Online:Flurry,8.3.5,* Fixed an issue with this ability and its morphs where the damage and audio impacts appeared delayed and out of sync with its animation.
skills,Online:Flurry,9.0.5,"* Fixed an issue with this ability and its morphs where they could sometimes, ever so incredibly rarely, only hit 3 times when weaving in extremely rapid succession (we're talking within a 1ms time span).."
skills,Online:Focused Charge,1.2.3,* We have made this ability's tooltip clearer-it now states that it only stuns targets that are casting.
skills,Online:Focused Charge,1.6.5,"* Slightly reduced the post-global cooldown for this ability, making it feel more responsive."
skills,Online:Focused Charge,2.0.6,* Fixed an issue where you couldn't activate other abilities for a short time after using Focused Charge or its morphs. We also fixed an issue where the effects from this ability would get stuck on you.
skills,Online:Focused Charge,2.0.8,* It is no longer possible to become stuck in the charge pose after triggering this ability.
skills,Online:Focused Charge,2.3.5,* The damage from this ability and the Toppling Charge morph can now be dodged. Made some improvements to this ability and its morphs to prevent you from getting locked out of using other abilities.
skills,Online:Focused Charge,2.7.5,"* Increased the speed of the animation played by this ability and its morphs. **Developer Comments: Since there is already a waiting period on charge abilities as you move to close the gap, we have increased the speed of the ""leaping stab"" animation that happens once you finally reach your target. This should make ON:Focused Charge feel more responsive and allow you to more fluidly transition into other abilities after completing the charge."
skills,Online:Focused Charge,3.3.5,* Decreased the damage dealt by this ability and its morphs by approximately 18%.
skills,Online:Focused Charge,5.0.5,"* Reduced the damage dealt by this ability and the Toppling Charge morph by approximately 8% to put it on par with other ""gap closer"" abilities. * Explosive Charge (morph): Increased the damage dealt from this morph by approximately 15% to put it on par with our PBAoE ability standard, since this morph converts the attack into an AoE. * Toppling Charge (morph): Fixed an issue where this ability and the Explosive Charge morph could not be CC broken until the stagger completed if you were interrupted by the ability. This ability and its morphs will now always apply Off Balance to the target, rather than requiring them to be interrupted, since targets were automatically set Off Balance if interrupted anyway."
skills,Online:Focused Charge,7.3.5,"* Explosive Charge (morph): Fixed an issue where the damage from this ability could not be dodged, similar to Stampede or Brutal Pounce."
skills,Online:Focused Charge,9.0.5,"* This ability and its morphs now grant Major Protection for 4 seconds after reaching your target. ** Explosive Charge: This morph now also extends the duration of Major Protection to 10 seconds. **After the adjustments to Templar's damage to make sure they're more in line with other classes, we've seen them drop down in effectiveness in PvP situations in some areas. Rather than bloating out their damage again, we're trying to help enable them to stay in the fray longer and keep up the pressure by adding some defensive bonuses when they dive into foes, helping them go all in before needing to peel back and turtle up."
skills,Online:Focused Charge,10.2.5,"* Focused Charge: This ability and its morphs will now also taunt the enemy hit for 15 seconds. Increased the duration of Major Protection granted from this ability and the Toppling Charge morph to 7 seconds, up from 4. Increased the cost of all versions of this ability to 3780, up from 3510. ** Explosive Charge: This morph's taunt only applies to the first enemy hit. Increased the duration of the Major Protection granted to 15 seconds, up from 10, to match the taunt duration for easier management. ** Toppling Charge: This morph now ranks up in cost reduction, rather than 1.1% damage per rank. This results in retaining the 3510 cost from before, while reducing its damage by 3.3% at rank IV. Note to make up for this, the Major Protection lasts longer from the base duration increase! *** Developer Comment: We're attempting to help Templar tanks feel a bit more zealous as they jump into battle by adding a taunt to this ability and its morphs. Since these abilities don't really focus on damage, they've naturally been more beneficial for tanks to run, but didn't do enough to justify the bar slot. The added function of a taunt and extension of Major Protection will give another potential tool for how you wish to lead the charge as a tank, with a more class-appropriate feel as you spread the light anywhere you go."
skills,Online:Follow Up,1.5.2,* Replaced the Arcane Fighter passive with Follow Up. This will increase your damage by 5%/10% for 7 seconds after activating a fully charged heavy attack.
skills,Online:Follow Up,2.6.4,* Fixed an issue where you could proc this passive's bonus using unintended means.
skills,Online:Follow Up,9.1.5,"* This passive now increases your damage done with all two handed attacks by 5/10% for 4 seconds after completing a fully charged Heavy Attack, rather than increasing the damage of your next direct damage by 10% after completing a fully charged Heavy Attack."
skills,Online:Font of Power,12.0.0,"*This passive upgrades rank 2 of Exploitation to also activate off any Sorcerer ability, and to grant you 1% Weapon and Spell Damage for every 1750 Max Magicka or Stamina you have, whichever is higher, for 10 seconds."
skills,Online:Force Shock,1.1.2,* Increased the damage for this ability and its morphs.
skills,Online:Force Shock,1.2.3,* Force Pulse: This ability's Rank III tooltip now lists the correct damage value.
skills,Online:Force Shock,1.3.3,* Fixed an issue with this ability where the beam effect wasn't playing.
skills,Online:Force Shock,1.5.2,* Force Pulse: This ability's area damage can now critically hit. * Force Pulse Rank I: Fixed an issue where this ability didn't have a chance of proc'ing elemental status effects.
skills,Online:Force Shock,1.6.5,* Decreased the damage of this ability by 10%. * Force Pulse: Increased the area of effect damage dealt by this ability by 10%.
skills,Online:Force Shock,2.1.4,* Fixed an issue with this ability which prevented its bonus effect from applying to Concussed or Chilled enemies.
skills,Online:Force Shock,2.2.4,* Fixed an issue where this ability's shock and frost damage was delayed slightly after the fire damage.
skills,Online:Force Shock,2.7.5,"* Adjusted the order of the Active Abilities in this skill line. They now unlock in the following order: ** Force Shock ** Wall of Elements ** Destructive Touch ** Weakness to Elements ** Impulse * This ability and its morphs can no longer be reflected. Beam-type attacks cannot be reflected, but are able to be blocked."
skills,Online:Force Shock,4.3.5,* Fixed an issue where Major and Minor Evasion were affecting skills they should not have been. The following abilities and sets will no longer be reduced by Major and Minor Evasion's damage reduction: ** Force Pulse ** Overwhelming Surge ** Radial Uppercut ** Selene's ** Sheer Venom ** Shrouded Dagger's bounce damage ** Trap Beast and its morphs ** Unfathomable Darkness
skills,Online:Force Shock,5.1.5,"* Increased the damage of this ability and its morphs by approximately 11%. * Increased the chance to apply an Elemental Status Effect to 10% per hit from 3%, since each hit is a ""Direct Damage"" attack. * Crushing Shock: This ability no longer ranks up in damage, but instead decreases in cost, down to 2430 at Rank IV. * Force Pulse: This morph no longer ranks up in damage of the initial hits, but instead ranks up in the cleave damage it deals. Also increased the damage of the cleave attack by approximately 172%."
skills,Online:Force Shock,7.1.5,"* This ability and its morphs can now once again be reflected. Once upon a time, a special rule was made for these abilities to not be, as it interacted poorly with charged based reflect skills such as ye old Reflective Scales, which have been clipped. Therefore, this behavior is irrelevant and inconsistent."
skills,Online:Force Siphon,1.1.3,* Siphon Spirit: This ability no longer generates ultimate. This is a temporary fix until we can resolve an issue where the ability generates more ultimate than intended.
skills,Online:Force Siphon,1.2.3,* This ability no longer generates ultimate.
skills,Online:Force Siphon,1.6.5,* Increased the bonus effectiveness on the caster provided by this ability to 150% from 100%.
skills,Online:Force Siphon,2.1.4,* The heal and visual effects from this ability can no longer be dodged.
skills,Online:Force Siphon,2.2.4,* Fixed an issue where the heal from this ability could proc off siege damage.
skills,Online:Force Siphon,2.7.5,"* This ability and its morphs no longer heal for a flat value of Health whenever you deal damage to the target. Instead, they apply Minor Lifesteal to a target. * Siphon Spirit: This morph no longer restores 1% of your Maximum Magicka when you deal damage to the target. Instead, it also applies Minor Magickasteal to the target."
skills,Online:Force Siphon,5.1.5,"* This ability and its morphs no longer have a cast time or a cost since they are purely debuff skills, such as Weakness to Elements. * The duration of this ability now begins at 18 seconds which ranks up to 24 seconds, and both morphs will rank up to 30 seconds in total. * Fixed an issue where these abilities would aggro your target. * Quick Siphon: Since there is no cast time, this ability gains a new morph effect! Triggering the Minor Lifesteal debuff will also grant the activator Minor Expedition for 4 seconds."
skills,Online:Forceful,1.5.2,* This passive now applies splash damage to two targets instead of one.
skills,Online:Forceful,3.0.5,"* This passive ability now deals splash damage to 3 targets, up from 2, and the splash damage has been increased to 25/50% from 13/25%. **Developer Comment: This change will improve the area of effect damage of Two Handed builds by giving them similar splash damage to Lightning Staves. Two Handed builds will have stronger Light Attack splash damage, while Lightning Staves will still have the strongest Heavy Attack splash damage."
skills,Online:Forceful,3.2.5,"* The damage dealt by this passive ability will no longer double dip in damage modifiers, and will no longer critically strike."
skills,Online:Forceful,8.1.5,"* Increased the splash damage of this passive to 50/100% of damage done with Light and Heavy Attacks, up from 25/50%."
skills,Online:Fortress,2.4.5,* Increased the block cost reduction from this passive ability to 18/36% at Ranks I/II from 15/30%.
skills,Online:Fortress,2.5.5,"* Fixed an issue where this passive ability was erroneously reducing the cost of all weapon abilities, instead of only One Hand and Shield abilities."
skills,Online:Fortress,5.1.5,* Increased the cost reduction bonus from this passive to 7/15% from 5/10% to match our Stamina weapon standards.
skills,Online:Frost Cloak,4.0.5,* Fixed an issue where this ability and its morphs would not apply their Major Resolve and Major Ward buffs to you if other allies were nearby. It now always applies those buffs to you and the closest 5 allies.
skills,Online:Frost Cloak,7.3.5,"* Ice Fortress (morph): Increased the duration of this morph to 25 seconds, up from 24, for slightly easier alignment of ability timers."
skills,Online:Frost Cloak,8.0.5,"* Expansive Frost Cloak (morph): Expanded the radius of this morph to 36 meters, up from 28."
skills,Online:Frost Cloak,8.1.5,"* Ice Fortress (morph): Increased the duration of this morph to 30 seconds, up from 25."
skills,Online:Frozen Armor,8.1.5,"* Increased the amount of Armor granted from this passive to 495/990 per Winter's Embrace skill slotted, up from 250/500."
skills,Online:Frozen Armor,11.0.5,"* Increased the Armor granted from this passive to 620/1240 per Winter's Embrace ability slotted, up from 445/990."
skills,Online:Frozen Colossus,5.0.9,"* Fixed an issue where this ability and its morphs had a 1-second delay before they displayed a hostile telegraph to enemy players. It will now display a hostile circle telegraph in the area the colossus is going to smash, the moment the ability is cast."
skills,Online:Frozen Colossus,5.1.5,* Pestilent Colossus: Reduced the escalating damage bonus each hit this morph deals. The total adjustment will result in an approximate 5% damage reduction.
skills,Online:Frozen Colossus,5.2.5,"* Increased the total duration of Major Vulnerability to 8 seconds, up from 5. Enemies hit by Major Vulnerability cannot be affected again for 20 seconds after it applies, to prevent situations where this debuff could be kept up indefinitely by rotating an army of Necromancers."
skills,Online:Frozen Colossus,6.1.5,"* Pestilent Colossus (morph): Fixed an issue where the damage from this Ultimate could be dodged, despite being a player-sourced Area of Effect attack."
skills,Online:Frozen Colossus,6.2.5,"* Removed this Ultimate and the morphs' Major Vulnerability invulnerability. * Increased the duration of Major Vulnerability applied from these to 12 seconds per hit, up from 8. This will increase the total duration to 15 seconds per cast."
skills,Online:Frozen Colossus,6.3.5,* Fixed an issue where this Ultimate and its morphs could return as Damage over Time in some cases.
skills,Online:Frozen Colossus,7.2.5,* Fixed an issue where this ability and its morphs could hit targets outside of its line of sight.
skills,Online:Frozen Colossus,9.1.5,"* Reduced the cost of this Ultimate and its morphs to 175, down from 225. * Increased the damage per hit of all versions by approximately 11%. ** Pestilent Colossus (morph): This morph now also always guarantees the Diseased status effect on each hit. ** Glacial Colossus: This morph now also extends the duration of Major Vulnerability to 17 seconds per hit, up from 12. *** This Ultimate has been significantly reigned in after Major Vulnerability became less outright potent and more accessible from other actions in the game, causing the Ultimate to no longer instill the same fear it once did. In order to help rectify this and give some much-needed love to Necromancers' ability to bring death to their foes, we've made it easier to cast with a significant cost reduction and added a small damage bonus to boot. We've also tried to add some more distinction between these morphs; Pestilent now reinforces additional damage and makes it harder for your foes to bounce back with healing, while Glacial brings a slow and bitter end to those who try to weather the cold by extending the Major Vulnerability duration."
skills,Online:Frozen Gate,3.0.8,* You can no longer use Frozen Gate to pull other players into spawn locations in Imperial City. You can also no longer cast Nature's Grasp abilities to get back into respawn locations.
skills,Online:Frozen Gate,3.1.5,* Fixed a grammatical error in this ability's tooltip.
skills,Online:Frozen Gate,3.2.5,"* This ability and its morphs now allow you to have up to 3 gates active at a time, up from 1. Its initial spawning visual effects are now visible to enemies. **Developer's Comments: Frozen Gate is meant as a flavorful analogue to Fiery Grip. Allowing multiple traps at a time lets you throw it down on several enemies at the same time, then have them all get pulled to you. Clever players can anticipate where enemies will be and put traps down even before they get there. * Fixed an issue where the visual effects of the Frozen Retreat synergy from this ability and its morphs would linger on your character for an extended period of time."
skills,Online:Frozen Gate,3.3.5,"* Frozen Retreat: Fixed an issue where the synergy from this morph would fail to teleport you if you had an ally targeted with your reticle. * Frozen Retreat synergy: ** Also grants Major Expedition for 8 seconds after teleporting. ** Renamed to ""Icy Escape""."
skills,Online:Frozen Gate,4.0.5,* Aldmeri Dominion Wardens can no longer use Frozen Gate on other player characters to pull them into their spawn location in the Memorial District. * This ability and its morphs now deal Frost Damage to the enemy when the trap is triggered.
skills,Online:Frozen Gate,5.0.5,"* This ability no longer becomes cheaper as it ranks up. The base cost remains 2970 at all ranks, rather than decreasing to 2701 on the morphs. * The duration has been streamlined to 30 seconds on all morphs. * This ability now ranks up in damage, but has had its base damage reduced to our PBAoE standard attack. Rank IV of each morph will reach the same damage as before."
skills,Online:Frozen Gate,5.1.5,"* Icy Escape: Fixed an issue where this synergy was not being properly recognized by conditional bonuses, such as ""When activating a synergy""."
skills,Online:Frozen Gate,6.3.5,* Fixed an issue where the damage from this ability and its morphs could return as Damage over Time in some cases.
skills,Online:Frozen Gate,7.1.5,"* This ability and its morphs' traps now last 15 seconds, rather than 30 seconds. * Fixed an issue where in some cases, these abilities could remove themselves before their timer ran out."
skills,Online:Frozen Gate,10.1.6,* Reduced the placement range on this ability and its morphs to 22 meters (down from 28 meters) so they can no longer be augmented by range enhancing effects
skills,Online:Fungal Forage,3.0.5,"* Fixed an issue where ranking up a summon ability (Unstable Familiar, Summon Winged Twilight, Feral Guardian, etc.) would unsummon your pet."
skills,Online:Fungal Growth,3.2.5,* Fixed an issue where some of the visual effects of this ability and its morphs were not aligned with the actual location of the healing cone.
skills,Online:Fungal Growth,4.3.5,* Soothing Spores: Fixed an issue where this morph was using your Spell Critical instead of your Weapon Critical.
skills,Online:Fungal Growth,5.3.4,"* Fixed an issue where the visual effects for this ability could display at incorrect angles. As a result of this fix, however, it will no longer conform to terrain. * Enchanted Growth (morph): Fixed an issue where the visual effects of this morph would not refresh if the ability was recast early."
skills,Online:Fungal Growth,7.3.5,* Increased the healing of this ability and its morphs by 12.5% to meet the Area of Effect burst heal standards. Its cost remains the same since is covers significantly less area than the others.
skills,Online:Fungal Growth,10.0.5,* Fixed an issue where some player abilities were not properly respecting line of sight checks. This includes the following: ** Blessing of Protection and morphs ** Fungal Growth and morphs ** Obsidian Shield and morphs
skills,Online:Gallant Blitz,3.0.5,"* Fixed an issue where ranking up a summon ability (Unstable Familiar, Summon Winged Twilight, Feral Guardian, etc.) would unsummon your pet."
skills,Online:Ghostly Evasion,3.0.5,"* Fixed an issue where ranking up a summon ability (Unstable Familiar, Summon Winged Twilight, Feral Guardian, etc.) would unsummon your pet."
skills,Online:Gift of Magnus,4.3.5,* Gain 10% Max Magicka → Increases your Max Magicka by 2000.
skills,Online:Glacial Obstinance,12.0.0,"*Glacial Obstinance: This passive upgrades Bond with Nature to also trigger off activating Winter's Embrace abilities, and causes the effect to grant you 15% Weapon and Spell Damage for 10 seconds if you are at full Health after the heal."
skills,Online:Glacial Presence,5.3.4,"* This passive now also increases your Critical Damage against enemies, and Critical Healing against allies who have been recently afflicted with the Chilled status effect."
skills,Online:Glacial Presence,8.2.5,"* This passive now increases the damage done by your Chilled status effect based on a value determined by your highest offensive stats, rather than adding 10% Critical Damage and Healing to recently Chilled targets. **Developer Comment: It didn't feel right having two passives that essentially did the same thing (between this and Advanced Species). As such, we're making Glacial Presence grant a bonus damage modifier that scales with your Offensive stats. This way, we don't need to worry too much about tankier builds getting a lot of power out of this passive, while helping the generic damage of the class go up when utilizing their kit and rewarding them even more if they are focused on Frost Damage as a whole. We're not too concerned about the potential Critical Healing loss here either since the requirement of an ally recently being Chilled was only applicable in PvP, where Warden healers specifically will be losing this small bit of power."
skills,Online:Glacial Presence,9.3.5,"* Reduced the potency of this passive by ~50%, as the Chilled status effect received a huge increase. Overall, this will result in a ~6% damage increase between both these changes."
skills,Online:Glacial Presence,10.2.5,"* This passive now increases the chance of applying the Chilled status effect from any source, rather than only Winter’s Embrace abilities."
skills,Online:Glacial Presence,11.0.5,"* This passive now increases your chances of applying the Chilled status effect by 125/250%, up from 100/200%. Adjusted the scaling of the damage done bonus to 10.55% of the higher of your Weapon or Spell Damage, rather than 10% of your Weapon or Spell Damage and 1% of your Max Magicka or Stamina."
skills,Online:Gnash,12.0.5,"*Piercing Howl -> Gnash: This ability and its morphs have been completely reworked into a melee (7m) driven double bite attack, rather than a 10m projectile howl attack. The ability now scales with.525 of your Weapon or Spell Damage and.065 of your Magicka or Stamina twice, rather than a singular 1.3125 and.125 scaling attack. The initial hit deals Physical Damage, while the second hit deals Bleed Damage. Both attacks have a 10% chance of applying their respective status effects. The second hit happens after.4s (no cast time, so it can be animation canceled with no loss) and deals 125% bonus damage to targets under 25% Health. If 1 or more stacks of Blood Hunger are active, the initial hit deals 25% bonus damage and 1 stack is consumed. Reduced the cost of this ability and its morphs to 765, down from 2869. **Howl of Agony -> Bloody Gnash: This morph now adds a 50% chance when benefiting from Blood Hunger to not consume a stack. This morph also upgrades the 2nd hit to always apply the Hemorrhaging status effect. Increased the execute scaling of the 2nd hit to 200%. This morph no longer increases damage done against Off Balance targets or reduces in cost as it ranks up. **Howl of Despair -> Rip and Tear: This morph upgrades the 1st hit to always apply the Sundered status effect, as well as inflicting Major Breach to the target for 12-15 seconds. The second hit heals you for.2066 of your Max Health (and ranks up by 1.1% per rank) if it hits. Blood Hunger’s 25% increase applies to the healing effect for this morph, rather than the base damage. This morph no longer grants access to Feeding Frenzy, as it has been moved to Roar. Developer Comment Werewolves have finally learned to put their jaws to use with this new spammable, rending flesh from their foes with a much more brutal two part attack - gone are the days of angrily yelling your opponents to death. Gnash operates as both your standard fare single target spammable and an execute both in one, helping make up for the Werewolf’s bar space deficit while leaning into their fantasy of masters of the hunt. A hunter who cannot finish off their prey often returns empty handed after all. This helps Werewolves become significantly more terrifying to low health foes, while giving them reason to stick closer to their enemies and make use of their speed boosts in melee range. The morphs once again split with more diversity, granting two utility driven effects that can both lead to more damage, but with more of an option between damage or survivability. The previous iteration of ""terrified"" has also been reworked to Blood Hunger, which has slightly more interaction across their kit, while also being easier to use."
skills,Online:Gore,3.0.5,"* Fixed an issue where ranking up a summon ability (Unstable Familiar, Summon Winged Twilight, Feral Guardian, etc.) would unsummon your pet."
skills,Online:Grace,4.2.5,"* Recovery: Renamed this ability to Grace. ** This ability's old effects have been merged into the Evocation passive. ** It now reduces the effectiveness of snares applied to you by 1/2/4% per piece of Light Armor worn, and reduces the cost of Sprint by 1/2/3% per piece of Light Armor worn. ***Developer Comment: We want Light and Medium armor to have a mobility advantage over Heavy Armor without using penalties to make Heavy Armor feel slow. Medium Armor already has faster sprinting, while Light Armor wearers now can sprint for longer and also isn't affected by snares as strongly."
skills,Online:Grand Healing,1.2.4,* Fixed an issue where using this ability would significantly reduce your game's performance. This fix will help alleviate the sudden FPS drop some of you encountered after we released v1.2.3.
skills,Online:Grand Healing,1.3.3,* This ability now shows green ring on the ground when cast by an ally in Cyrodiil.
skills,Online:Grand Healing,1.4.3,* Healing Springs: This ability now restores magicka from up to 3 allies instead of 6.
skills,Online:Grand Healing,5.1.5,"* Converted this ability into a true AoE HoT, rather than a hybrid spammable hybrid HoT. * Increased the duration from 3 seconds to 8 seconds, but you may only have 1 active at a time. * Reduced the healing per tick by approximately 44%. * Reduced cost to 2808 from 3510. * Healing Springs: This ability now grants 30 Magicka every time it heals an ally, rather than restoring 330 Magicka for up to 3 allies healed by the initial hit. This will result in a higher return if you hit all 6 targets for the full duration, but will require more coordination to obtain. * Illustrious Healing: This ability continues to increase the duration. The new duration is 9 seconds, which ranks up to 12 seconds at Rank IV. It also increases the healing of the ability per tick by 50%."
skills,Online:Grand Healing,7.1.5,* Healing Springs (morph): Removed the visual effects for the Magicka restore on this ability to help reduce visual clutter.
skills,Online:Grand Healing,8.1.5,"* This ability and its morphs now last for 10 seconds, up from 8. * Increased the heal per tick by approximately 9%. ** Illustrious Healing (morph): *** This morph now adds 5 seconds to the duration of the effect, up from 4. *** This morph no longer increases in healing done. ** Healing Springs (morph): This morph now increases your Magicka Recovery by up to 15 for every target healed, stacking up to 20 times, rather than restoring up to 30 Magicka for every target healed."
skills,Online:Grave Grasp,6.1.5,"* This ability has received significant improvements to its functionality and now does the following: ** The first area now snares enemies hit by 30%, down from 50%. ** The second area now immobilizes enemies hit for up to 4 seconds, rather than snaring them. ** The final area now stuns enemies hit for up to 3 seconds, rather than snaring them. ** Each area continues to apply Minor Maim. *** Ghostly Embrace (morph): This morph now increases the duration of all negative effects applies from this ability, rather than adding an Immobilize to each field, as that is now a base line experience. *** Empowering Grasp (morph): This morph's Empower now lasts for the full 5 second duration, rather than being consumed on use."
skills,Online:Grave Grasp,8.1.5,"* This ability and its morphs' Minor Maim now last for 10 seconds, up from 5. ** Ghostly Embrace (morph): Increased the duration of Minor Maim on this morph to 15 seconds, up from 7. ** Empowering Grasp (morph): *** Increased the duration of Empower granted from this morph to 10 seconds, up from 5. *** The Empower for pets now increases their damage and healing potency by a flat 1000, rather than 40%. The Empower can now target Blastbones as well."
skills,Online:Grave Grasp,10.1.5,"* Ghostly Embrace (morph): This morph now also deals damage equal to half of a normal area effect spammable attack to enemies in each patch. The ability now ranks up in 1.1% damage per rank, rather than adding.333ms to each negative effect per rank. ** Developer Comment: We're adding some additional damage sources outside of the Necromancer's Gravelord skill line to help inject some contextual options for damage production, without harming their utility. While this ability won't outweigh some purely damage oriented skills, with proper aiming and placement, the ability to hit the same enemy with multiple patches allows for some powerful damage scaling that can contextually out-perform other ability options."
skills,Online:Grave Grasp,10.2.5,"* Ghostly Embrace (morph): This morph now deals Frost Damage, rather than Magic Damage. This morph no longer applies Minor Maim on each hit, and its areas now apply new effects instead of their original crowd control-oriented effects. The first area now guarantees the Chilled status effect (which also applies Minor Maim) instead of snaring enemies. The second area now applies a Frost Damage over time effect for 5 seconds, similar to Burning Talons or Acrid Spray, rather than Immobilizing enemies. The final area now generates a corpse if at least one enemy was hit, rather than stunning enemies. Fixed an issue where this morph’s damage was not properly receiving many positive modifiers such as Critical Damage bonuses. ** Developer Comment: Last update we shook up this morph to try and add some love to the damage dealing Necromancer, but we ran did not really iterate on its full-bore damaging effect. Instead of having a hybrid damage/control ability, we're reworking this morph to focus mainly on damage and leaving the other morph for control and utility. This new functionality should help add some more power to the ability and make it more satisfying, while also helping it become more of a mainstay in high density encounters or even as a short form maintenance damage over time to fill in the gaps in rotation for those bonafied Blasted Blightbones lovers. The corpse generation should also help get a few more corpses on the field from a range, as the corpse is placed under the enemy's feet - making it great for lining up the perfect Shocking Siphon at the back of the enemy lines."
skills,Online:Grave Grasp,11.0.5,"* Empowering Grasp: This morph now improves the Minor Maim to Major Maim against enemies, rather than increasing your summoned creature's damage by 1000. ** Developer Comment: This morph has always struggled to find an impactful place for the buff effect, mainly due to how your Necromantic summons tend to stick to your far sides, making the aiming mini game feel more frustrating than satisfying. Additionally, with sub-classing here, this effect would've needed extreme simplification and reduction to prevent it from creating problematic combinations - especially since the skill line does not have any pets to summon. We're simply moving forward with a morph that further improves the core functionality for tanks, since that's the focus of the skill line as a whole."
skills,Online:Green-Keeper's Hide,12.0.0,"*Green-Keeper's Hide: This passive reduces your damage taken by 3% for every status effect on your attacker, up to a maximum of 15%."
skills,Online:Grim Focus,1.6.5,"* Haste: This ability has been removed, and replaced by the new ability Grim Focus. * Grim Focus: This ability has replaced Haste in the Assassination tree. Any experience gained in Haste will now apply to Grim Focus. ** When Grim Focus is activated, all weapon attacks will do additional damage for 20 seconds. Using light attacks or heavy attacks while the effect is active will grant a charge. When you gain eight charges, Grim Focus changes to Assassin's Will. *Assassin's Will: This ability allows you to fire a spectral projectile at your target, dealing magic damage."
skills,Online:Grim Focus,2.0.1,* This ability now only requires 7 light and/or heavy attacks to trigger Deadly Throw. * This ability will now always play visual effects while it's active so you know when the ability needs to be refreshed. * Fixed some visual issues with the spectral bow.
skills,Online:Grim Focus,2.3.8,* Fixed an issue where the Assassin's Will proc from this ability could be interrupted.
skills,Online:Grim Focus,2.4.5,"* Relentless Focus: This morph's spectral bow proc has been renamed to ""Assassin's Scourge"", and now deals Disease Damage instead of Magic Damage."
skills,Online:Grim Focus,2.7.5,* The Assassin's Will proc from this ability and the Merciless Resolve morph now only scales with your Spell Damage and Maximum Magicka stats. * Relentless Focus: ** The Assassin's Scourge proc from this morph now only scales with your Weapon Damage and Maximum Stamina stats. ** The initial cast of this morph now costs Stamina instead of Magicka. ** Fixed an issue where the Assassin's Scourge proc from this morph was being mitigated off the target's Spell Resistance instead of their Physical Resistance.
skills,Online:Grim Focus,3.0.5,"* You can now fire multiple Assassin's Will or Assassin's Scourge bow procs from a single cast of this ability and its morphs. * Increased the amount of Light or Heavy Attacks needed to obtain an Assassin's Will or Assassin's Scourge bow proc to 5 attacks from 4. * Merciless Resolve: Reduced the duration of the snare from this morph's Assassin's Will bow proc to 3 seconds from 5 seconds. **Developer Comments: Allowing you to fire multiple Assassin's Will procs from a single cast of Grim Focus should streamline the ability usage by eliminating the need to recast it early. We've increased the amount of attacks needed to obtain a proc slightly, but the net result should be an increase in Nightblade DPS with the extra global cooldowns."
skills,Online:Grim Focus,3.2.5,"* The Assassin's Will and Assassin's Scourge procs from this ability and its morphs no longer have a 100ms cast time, but the speed of the projectile has been reduced by approximately 10%. * Relentless Focus: Fixed an issue where this morph could not be cast while silenced."
skills,Online:Grim Focus,3.3.5,"* Grim Focus: The stacks you build towards the bow proc for this ability and its morphs will now remain if you recast the ability early, or if the ability expires. The partial stacks are removed if you exit combat. **Developer Comment: This change makes the ability effectiveness more consistent among players of different skill levels. It still rewards more skilled play, but is less punishing when someone makes a mistake."
skills,Online:Grim Focus,3.3.7,"* This ability and its morphs will now generate stacks towards the Assassin's Will and Scourge procs when you begin the Light or Heavy Attack against the enemy target, rather than when the Light or Heavy Attack successfully hits its target."
skills,Online:Grim Focus,4.0.5,* Merciless Resolve: Fixed an issue where the snare from this morph would not apply to a target that blocked the damage.
skills,Online:Grim Focus,4.1.5,* Merciless Resolve: Removed the snare from this ability.
skills,Online:Grim Focus,4.2.5,"* Fully-Charged Heavy Attacks now grant 2 stacks towards the spectral bow proc for this ability and its morphs. * The spectral bow proc is no longer free, and costs half the amount of a regular Grim Focus. **Developer Comments: This ability was too productive for the amount of damage and effective resource management it provided, and was another part of the reason that Nightblade DPS was too high. * Fixed an issue where you could generate stacks towards the spectral bow proc through unintended means. * Added a brief minimum travel time to the Assassin's Will proc of this ability and its morphs. **Developer Comment: This change was made to ensure you have a brief window to react to this powerful attack when the caster uses it in close combat quarters."
skills,Online:Grim Focus,5.0.5,"* Removed the Minor Berserk buff from this ability and its morphs. ** The spectral bow now heals for 33% of the damage dealt if you are within 7 meters of the target when firing it. ** Fixed an issue where this ability and its morphs would continue to persist after logging off. ** Reduced the minimum travel time on this ability and its morphs to 250ms from 450ms. ** This ability and its morphs will now reduce your damage taken by 3% for each Light or Heavy Attack you use, up to 5 times. Note that this bonus will persist even if the Grim Focus buff fades from you, as it is tethered to the amount of stacks you had while the buff was active. This effect will be consumed when you use your stacks by firing the spectral bow or when you leave combat. *** Developer Comment: The goal of this change is to alleviate some of the pains that were brought up where this ability required a cost and global to activate, but only enabled you to participate in a mini-game before you were able to be rewarded, unlike any other skill in the game. The initial intent was to remove the overloaded nature of this ability where it granted you more passive damage, but then also granted you more burst damage. Now, the focus has shifted for this ability to be tangible with multiple play styles, and can be used by tanks, damage dealers, or even healers with the bonuses it provides. We went with damage mitigation in order to help reinforce the desire to gain the healing from this skill, and wanted to avoid granting more flat damage or resource management. ** Merciless Resolve (morph): Now increases healing done to 50%. ** Relentless Focus: Increased the duration to 30 seconds from 20 seconds. Additionally, this morph no longer grants Minor Endurance. *** Developer Comment: Nightblades traditionally, while masters of high single target damage and a wide toolkit, were given too many potent tools on skills they'd continue using even without added bonuses. We've removed the Minor Berserk bonus from this ability since its overall performance is roughly where it should be comparatively to other abilities, and we've introduced a healing bonus to it to help the Nightblade class gain access to more high-risk staying power. Now, the caster will want to ensure their target hasn't prepared themselves with defenses, otherwise the heal will return an unsubstantial amount. Additionally, they must be in the range of their opponent where they are most susceptible to risk."
skills,Online:Grim Focus,5.1.5,* Grim Focus: ** Fixed an issue where the spectral bow from this ability and its morphs could consume all of your stacks even if you failed to fire the projectile. ** Reduced the amount of mitigation the stacking bonus of these abilities provides to 2% from 3%.
skills,Online:Grim Focus,5.2.5,"* Increased the base duration of this ability and its morphs to 40 seconds, up from 20 seconds. * Removed the minimum travel time of the bow proc from these abilities since they are slower than other projectiles, such as Crystal Fragments or Snipe. * Relentless Focus (morph): ** This morph now lasts 60 seconds at Rank IV instead of 30 seconds."
skills,Online:Grim Focus,6.1.5,"* This ability and its morphs now grant 2% Critical Damage and Healing per stack, rather than reducing your damage taken by 2% per stack, in order to help this ability feel more aggressive and assassination oriented. * Stacks removed from these abilities after ending combat will now only be removed in PvP zones, rather than all the time, fixing numerous issues where you could lose all stacks generated where you appeared to still be in combat."
skills,Online:Grim Focus,7.2.5,"* This ability and its morphs now grant 60 Weapon and Spell Damage per stack, rather than 2% Critical Damage and Healing per stack. **Developer Comment: This change was done to ensure the class does not lose too much of its healing potency and self-sufficiency from the original conversion where it granted Critical Damage and Healing since Critical Potency has a cap as well, and having this bonus often felt like a loss in group content."
skills,Online:Grim Focus,7.3.5,"* Grim Focus: Fixed an issue where the override for this ability and the morph, Assassin Will, was 30 meters instead of the standard 28."
skills,Online:Grim Focus,10.3.5,* Merciless Resolve (morph): Fixed an issue where this morph's stacks would not clear after leaving combat while Battle Spirit was active.
skills,Online:Grim Focus,11.0.5,"* This ability and its morphs can now stack up to 10 times, rather than up to 5. These abilities now no longer permanently glow while slotted, and instead only glow while you have 1 or more stacks of the ability. This means the glow will remain if stacks remain unspent - but can be easily solved by using the ability or simply reslotting it to remove the stacks. The days of endless permaglow are over. ** We're allowing for over-generating stacks for this ability, so missing activation on the final stack don’t severely reduce the effectiveness of this ability - which adds up over the course of the fight. Now it allows for more wiggle room, letting you chamber up to 2 shots if you reach max stacks - which also allows for more creative use as well. This should also allow for the ability to fit into more play styles, especially for Heavy Attack builds that lost a stack of this ability every time they reached the cap."
skills,Online:Grim Focus,11.1.5,"* This ability and its morphs now grant Major Prophecy and Savagery (12% Critical Chance) for slotting on either bar. These abilities no longer grant increasing Weapon and Spell Damage per stack. Additionally, these abilities now play their special sound effects when reaching their activation conditions. ** Relentless Focus: This morph now ranks up in cost reduction, since there is no Weapon and Spell Damage granted per stack any longer. Instead, this morph reduces the number of stacks needed to activate the ability to 4, down from 5."
skills,Online:Guard (skill),1.6.5,"* Guard (new ability) ** This new ability will intercept all projectiles that are targeted at allies near you, and when toggled, will also drain your target's stamina while active. ** Mystic Guard: Your allies gain the Minor Vitality buff. ** Stalwart Guard: Using this ability will slow your stamina drain."
skills,Online:Guard (skill),2.1.4,"* Relocated this ability to Rank 5 in the Support tree, from Rank 10."
skills,Online:Guard (skill),2.3.5,"* This ability and its morphs no longer drain Stamina every second they are toggled on. They will continue to charge an upfront Stamina cost, charge Stamina for each intercepted attack, and disable Stamina Recovery while active. * Fixed an issue where this ability and its morphs would not reliably intercept projectiles."
skills,Online:Guard (skill),2.4.5,"* Redesigned this ability and its morphs so they no longer intercept projectiles around you; instead, they are now single target abilities that can be cast on an ally to tether to them. While tethered, 30% of the damage they take is redistributed to you. ** The tether can be broken by recasting the spell or moving more than 15 meters away from them. ** Also fixed an issue where this ability and its morphs were not correctly interacting with the Meritorious Service item set bonus or the Magicka Aid passive. * Mystic Guard: This morph will now grant you and the tethered ally the Minor Vitality buff. * Stalwart Guard: This morph will now grant you and the tethered ally the Minor Force buff."
skills,Online:Guard (skill),2.5.5,* Fixed an issue where this ability and its morphs could be cast on friendly NPCs and Assistants.
skills,Online:Guard (skill),2.7.5,"* Stalwart Guard: Fixed an issue where the permanent Minor Force buff from this morph was removing other, temporary sources of Minor Force."
skills,Online:Guard (skill),5.0.5,"* Fixed numerous issues with this ability and its morphs. ** The transferred damage can no longer be mitigated a second time by the transfer target's mitigation or damage reduction. The damage is only mitigated once, from the initial target's mitigation and damage reduction. ** The transferred damage is now correctly attributed to the attacker, and no longer attributed to the initial target. It will no longer scale erroneously with the initial target's damage bonuses. ** The transferred damage will now retain the same damage type of the initial attack, instead of always being Physical Damage. Note that Oblivion Damage still cannot be transferred."
skills,Online:Guard (skill),5.1.5,* Reduced the base cost to activate this ability and its morphs to 3672 from 4320 since they were missing the 15% Stamina cost reduction standard.
skills,Online:Guard (skill),8.3.5,* Fixed an issue where this ability and morphs' transferred damage was able to trigger other conditional requirements.
skills,Online:Harnessed Quintessence,10.3.5,"* This passive now increases your Weapon and Spell Damage by 142/284 when you are restored Magicka or Stamina, instead of by 2/5%."
skills,Online:Haste (Companion),3.0.5,"* Fixed an issue where ranking up a summon ability (Unstable Familiar, Summon Winged Twilight, Feral Guardian, etc.) would unsummon your pet."
skills,Online:Hasty Retreat,2.1.4,"* This passive now grants the Major Expedition buff for 1 second/2 seconds instead of a 30% movement speed bonus. We also increased this ability's duration to 2.5 seconds at Rank I from 1 second, and 5 seconds at Rank II from 2 seconds."
skills,Online:Hasty Retreat,4.2.5,* This ability now grants Major Expedition for a maximum of 4 seconds instead of 5 seconds.
skills,Online:Hawk Eye,1.2.3,* Poison Arrow damage-over-time ticks now benefit from this passive ability.
skills,Online:Hawk Eye,1.5.2,* This passive now has a unique icon.
skills,Online:Hawk Eye,2.3.5,"* This passive ability has been redesigned, and no longer increases the damage of your Bow abilities against off-balance enemies. It now increases the damage of your Bow abilities by 2/5% for 4 seconds after each successful Light or Heavy Attack, stacking up to 3 times."
skills,Online:Hawk Eye,2.7.5,"* Increased the amount of times this passive ability can stack to 5 times from 3 times. It continues to increase your damage with Bow abilities by 2/5% per stack. * Increased the duration of the buff granted by this passive to 5 seconds from 4 seconds. **Developer Comments: Increasing Hawk Eye's duration makes it easier to maintain the buff stacks, therefore improving Bow DPS in PvE. The duration is still short enough to reward players using a pure Bow-focused playstyle, without buffing builds that only use Bow to throw down Volley and Poison Arrow."
skills,Online:Haze of Cinders,3.0.5,"* Fixed an issue where ranking up a summon ability (Unstable Familiar, Summon Winged Twilight, Feral Guardian, etc.) would unsummon your pet."
skills,Online:Healing Ritual,1.1.2,* Ritual of Rebirth: Increased the self-healing on this Healing Ritual morph.
skills,Online:Healing Ritual,1.2.3,"* Ritual of Rebirth: This ability now heals you (the caster) for the same value as the other morph, Lingering Ritual."
skills,Online:Healing Ritual,1.3.3,* Both morphs of Healing Ritual now increase in heal value as they rank up.
skills,Online:Healing Ritual,1.6.5,* Increased the heal value from this ability by approximately 70%.
skills,Online:Healing Ritual,2.3.5,"* Reduced the cast time for this ability and its morphs by 25%, and reduced the healing done by 25%. * Fixed an issue with this ability and its morphs where the visual effects would linger on your hands after casting."
skills,Online:Healing Ritual,2.7.5,"* This ability and its morphs no longer heal the casting Templar for an additional 30%. * Lingering Ritual: ** Renamed this morph to Hasty Prayer. ** This morph no longer applies a small burst of healing after 8 seconds. Instead, it allows you to move and cast the ability at full speed. * Ritual of Rebirth: This morph no longer decreases the cast time of the ability by.2 seconds. Instead, it now fires an additional single-target heal after the cast is complete to one ally outside the ability's normal radius. **Developer Comment: The change to Ritual of Rebirth and Lingering Ritual improves the mobility of Templar healers and meshes better with our high mobility gameplay."
skills,Online:Healing Ritual,3.2.5,"* Reduced the cast time of this ability and its morphs to 1.2 seconds from 1.5 seconds. **Developer Notes: We wanted this ability to feel unique from the Destruction Staff ability Impulse, and require less casts when in area of effect situations."
skills,Online:Healing Ritual,4.0.5,* This ability and its morphs no longer have a cast time; they are now instant cast abilities that heal for the same amount. Their costs have been increased to 7290 Magicka from 3780 Magicka. * Hasty Prayer: This morph now grants Minor Expedition to you and your allies for 5 seconds.
skills,Online:Healing Ritual,4.1.5,* Ritual of Rebirth: Fixed an issue where you could dodge the secondary heal from this ability.
skills,Online:Healing Ritual,6.1.5,"* Reduced the cost of this ability and its morphs to 5265, down from 7290. *Decreased the healing of these abilities by approximately 25%. This will set a new AoE heal spammable standard, where the healing and cost are 50% more than an AoE damage spammable counterpart, which we will monitor and adhere other abilities to in a future update."
skills,Online:Healing Ritual,6.2.5,"* Ritual of Rebirth (morph): Fixed an issue where this heal was targeting the ally furthest from you within its range, rather than prioritizing allies who need the heal."
skills,Online:Healing Ritual,8.1.5,"* Hasty Prayer (morph): Increased the duration of Minor Expedition granted from this morph to 10 seconds, up from 5."
skills,Online:Healing Ritual,11.0.5,* This ability and its morphs no longer ignore line of sight.
skills,Online:Healing Seed,3.1.5,* Fixed a grammatical error in the tooltip of this ability and its morphs. * Budding Seeds: This morph can now be cast even if you have an enemy targeted in your reticle.
skills,Online:Healing Seed,3.3.5,* Reduced the cost of this ability and its morphs by approximately 28%.
skills,Online:Healing Seed,4.0.5,* Fixed a rare issue where this ability and its morphs could fail to heal you and your allies in the area of effect.
skills,Online:Healing Seed,5.0.5,"* Corrupting Pollen: This ability no longer applies Major Defile to enemies for 4 seconds inside (which allowed it to bypass the 6 player target cap). Instead, up to 6 enemies inside will be properly afflicted with Major Defile, which will cease once the ability ends or they leave the radius."
skills,Online:Healing Seed,5.1.5,"* Budding Seeds: This morph now also introduces a Heal over Time while the Area of Effect grows. If the ability is consumed early, this Heal over Time is also consumed."
skills,Online:Healing Seed,6.1.5,"* Healing Seed: The synergy from this ability and its morphs no longer count as a Green Balance skill, as synergies are not meant to be enhanced by their respective skill line's passives; they are activated by allies and not the caster themselves. ** Budding Seeds (morph): *** Fixed an issue where the animation for recasting this ability could force its animation after a delay, rather than skipping its animation if you were already preoccupied. *** Fixed an issue where the heal from this ability could happen twice in some very specific situations."
skills,Online:Healing Seed,7.3.5,"* Made some back-end improvements to this ability and its morphs to improve performance. * Fixed an issue where the synergy granted from this ability and its morphs, Harvest, was not playing visual or sound effects. ** Corrupting Pollen (morph): This ability now prioritizes lowest health enemies with Major Defile. Ragweed season is coming."
skills,Online:Healing Seed,8.0.5,"* Corrupting Pollen (morph): This morph now also applies Minor Cowardice to enemies in the area, to help it gain some viability in PvE areas."
skills,Online:Healing Seed,8.1.5,* Budding Seed (morph): Increased the healing per tick of this morph by approximately 3%.
skills,Online:Healing Seed,8.2.5,"* Budding Seeds (morph): Fixed an issue where the final heal from this ability was centered on the caster, rather than the Area of Effect."
skills,Online:Healing Seed,8.2.6,* Budding Seed (morph): Fixed an issue where this morph's heal on end or recast could return improperly based on the number of targets in the area.
skills,Online:Healing Tides,10.3.5,"* This passive now increases the Healing Done per Crux by 2/4%, up from 1/3% per Crux."
skills,Online:Health Avarice,11.0.5,"* This passive now increases your Healing Taken by 1/3% per Bone Tyrant ability slotted, up from 1/2%."
skills,Online:Heavy Weapons,1.2.3,"* This passive ability now scales based on weapon damage instead of spell damage. It also no longer ticks for zero damage at low levels, and Rank I's axe damage modifier will now properly be weaker than that of Rank II."
skills,Online:Heavy Weapons,1.5.2,"* Bleed: Fixed an issue where this passive couldn't critical strike when you had an axe equipped. * This passive now causes axes to deal bleed damage over 6 seconds instead of 10. * Increased the damage per tick, though the total damage dealt remains unchanged. * This passive now causes maces to ignore 10%/20% of your target's armor."
skills,Online:Heavy Weapons,2.3.5,* Fixed an issue where the Axe Bleed proc from this passive ability was triggering 100% of the time.
skills,Online:Heavy Weapons,4.1.5,* Fixed an issue where the axe bleed would not stack when multiple players used it against the same enemy.
skills,Online:Heavy Weapons,4.3.5,* Reduced the bleed applied from the Axe version of this passive by approximately 12%. * Increased the increased damage bonus from the Sword version of this passive to 6%.
skills,Online:Heavy Weapons,5.1.5,"* The axe bleed from this ability now ticks every second instead of every 2 seconds, and has had its total damage increased by approximately 24%."
skills,Online:Heavy Weapons,5.3.4,* Fixed an issue where the bleed from this passive was not consistent with its proc condition.
skills,Online:Heavy Weapons,6.3.5,"* Reworked this passive to grant the following bonuses: ** Axes now grant 4/8% Critical Damage and Healing Done, rather than having a chance to apply a Bleed. ** Maces now grant 1650/3300 Armor Penetration, rather than ignoring 10/20% of the target's Physical Resistance. ** Swords now grant 142/284Weapon and Spell Damage, rather than increasing Damage Done by 3/6%."
skills,Online:Heavy Weapons,7.0.5,* This passive now increases your Critical Damage done with axes by 6/12% rather than Critical Percent by 4/8%.
skills,Online:Helping Hands,3.0.5,* This passive ability now restores Stamina based on your character level instead of your Max Stamina.
skills,Online:Helping Hands,5.3.4,"* This passive no longer triggers off Stamina costing Earthen Heart abilities, namely being Stonefist and Stone Giant. ** Developer Comment: While the numbers previously balanced themselves out with the higher cost on Stonefist but the return of this passive, it made using the ability early or when low on resources overly penalizing. We've opted to simply reduce the cost to a normal amount and implement an exclusion so it doesn't interact with this passive, resulting in less polarizing experiences with the ability."
skills,Online:Helping Hands,8.3.5,"* This passive now requires the ability cost of what triggered it to be greater than the restored amount of Stamina, to prevent situations where you could gain more Stamina than you had spent as Magicka. * Rank 1 of the ability now shares the same value as Rank 2, but has a cooldown of 2 seconds rather than once every cast. * Increased the restored amount of Stamina to 1120, up from 990. **Developer Comment: There are currently a myriad of ways to use this passive in unintended ways, allowing for situations where you can essentially get infinite Stamina. Many have cleverly paired cost reduction with Ash Cloud when we changed the ability to cost per tick, and while we appreciated this clever interaction, it's ultimately invalidating the need of Stamina resource management for the class in the tank role. We're adjusting this passive to only work when you've spent more resources than it can generate, and we're slightly bumping up the Stamina restore so this doesn't create a situation of an overall nerf."
skills,Online:Helping Hands,11.3.4,* Combat Refresh Overhaul. Dragonknight Functionality and Balance Update.
skills,Online:Hemorrhage,1.6.5,* This passive now provides the Minor Force buff for 20 seconds to all allies whenever you crit.
skills,Online:Hidden Blade,1.1.2,"* Flying Blade: ** Increased the cost of Flying Blade. It now has the same cost as Hidden Blade. ** Those who have spent Skill Points in the Flying Blade passive will have those points returned to their overall skill point pool. You may place those Skill Points back in this ability if you wish, or invest them elsewhere."
skills,Online:Hidden Blade,1.6.5,* Shrouded Daggers: This ability is now capable of a critical strike when you successfully perform a sneak attack.
skills,Online:Hidden Blade,2.4.5,"* Increased the amount of time this ability and its morphs provide the Major Brutality buff to 20 seconds from 10 seconds. * Shrouded Daggers: In addition to the changes made to the base ability, the two dagger bounces of this morph now deal 20% additional damage per bounce from the initial damage, increased from dealing a flat 50% of the initial damage."
skills,Online:Hidden Blade,2.6.4,* Shrouded Daggers: Fixed an issue where this morph would not bounce the daggers if the dagger damage was the killing blow.
skills,Online:Hidden Blade,2.7.5,"* Adjusted the order of the Active Abilities in this skill line. They now unlock in the following order: ** Flurry ** Twin Slashes ** Whirlwind ** Blade Cloak ** Hidden Blade * Shrouded Daggers: Reduced the cost of this morph to match its base ability, Hidden Blade."
skills,Online:Hidden Blade,4.1.5,* Flying Blade: Reduced the snare duration from this ability and its morphs to 4 seconds.
skills,Online:Hidden Blade,4.3.5,* Fixed an issue where Major and Minor Evasion were affecting skills they should not have been. The following abilities and sets will no longer be reduced by Major and Minor Evasion's damage reduction: ** Force Pulse ** Overwhelming Surge ** Radial Uppercut ** Selene's ** Sheer Venom ** Shrouded Dagger's bounce damage ** Trap Beast and its morphs ** Unfathomable Darkness
skills,Online:Hidden Blade,5.0.5,* Removed the snare from this ability and its morphs. * Flying Blade: Increased the damage dealt from this morph by 10%
skills,Online:Hidden Blade,5.1.5,"* Reworked this ability from a ranged spammable into a utility skill. * Increased the cost to 3780 from 2970. * Reduced their range to 22 meters from 28 meters. * Reduced the damage dealt by approximately 25%. * These abilities will now interrupt the target if they were casting an attack. * Shrouded Daggers: ** This ability no longer deals increased damage per bounce, but can interrupt any target hit. ** This ability now only marks the initial target, instead of any enemy hit with the bounce. Each hit deals our AoE damage standard. * Flying Blade: This morph allows you to reactivate the ability free of cost on a marked target, which causes you to jump to the target and gain Major Brutality for 30 seconds. This ability is off the global cooldown as well."
skills,Online:Hidden Blade,7.3.5,"* This ability and its morphs now also grant Major Sorcery. ** Flying Blade (morph): *** The base version of this skill now also grants Major Brutality and Sorcery after casting, rather than only after using the teleport version. *** Increased the damage of the teleport version by 50% to better reward its use."
skills,Online:Hideous Clarity,10.3.5,"* This passive now restores both Magicka and Stamina, instead of just the highest of your max resources."
skills,Online:Highborn,2.5.5,"* This passive ability has been renamed to ""Highborn."" Also, in addition to the current benefit it now increases your experience gained by 1%."
skills,Online:Hircine's Bounty,1.5.2,* Added some new werewolf abilities: ** Hircine's Bounty: This ability is a large heal that costs magicka. ** Infectious Claws: This ability instantly deals damage to all enemies in front of you and causes disease damage over time. ** Piercing Howl: This ability deals high damage and stuns your enemy.
skills,Online:Hircine's Bounty,4.1.5,"* This ability and its morphs now heal based on your Max Health; Hircine's Bounty and Hircine's Rage heal for 45% of your Max Health, while Hircine's Fortitude heal for 60% of your Max Health. ** Hircine's Rage: This morph now grants Major Brutality for 20 seconds."
skills,Online:Hircine's Bounty,5.1.5,"* Increased the cost of this ability and its morphs by 25%. * Reduced the healing to 37.5% of your Max Health from 45% of your Max Health, which is 25% stronger than the standard 30%. * Hircine's Rage: Increased the duration of the Major Brutality to 30 seconds from 20 seconds at its final rank. * Hircine's Fortitude: This morph is now 25% stronger in heal potency compared to the base, which will result in an approximate 16% reduction in healing compared to the previous value."
skills,Online:Hircine's Bounty,6.0.5,"* Casting this ability while at full Health now restores Stamina. While this ability or its morphs are slotted, you passively gain Major Brutality. ** Hircine's Rage (morph): Casting this ability at full Health now grants Major Berserk for 6 seconds, but also causes you to take additional damage. ** Hircine's Fortitude (morph): This ability now also increases your Health and Stamina Recovery by a small percent of the Healing caused (with a cap), as well as continuing to increase the base healing of the ability."
skills,Online:Hircine's Bounty,6.2.5,"* Roar and Hircine's Bounty: These abilities now always apply their Major Buffs while slotting, rather than only while in Werewolf form. This will fix issues where slotting these abilities outside of Werewolf form could prevent you from gaining their effects from any source. ** Hircine's Rage (morph): This morph now increases your damage taken by 8 to 5% depending on rank, down from 23 to 20%."
skills,Online:Hircine's Bounty,6.3.5,"* Hircine's Fortitude (morph): Reduced the Health and Stamina Recovery cap of this morph to 333, down from 666."
skills,Online:Hircine's Bounty,8.0.5,"* Hircine's Fortitude (morph): This morph now grants Minor Endurance and Fortitude for 20 seconds after casting, rather than a unique amount of Health and Stamina Recovery based on the healing caused for 6 seconds. * Hircine's Rage (morph): ** This morph now also reduces the ability cost to 5063, down from 5737. ** Increased the duration of the Major Berserk and damage taken to 10 seconds, up from 6."
skills,Online:Hircine's Bounty,12.0.5,"*Hircine’s Bounty: Reduced the healing of this ability by 8%. Reduced the cost of this ability and its morphs to 4320, down from 5737. This ability and Hircine’s Rage now restore 10% of your Max Stamina, increasing by 1% for every 1% current Health you have (up to a maximum of 20% Stamina) after the heal, rather than granting 2700-3000 Stamina if you were at full Health before the healing went off. **Hircine’s Fortitude: Reduced the healing of this morph by ~19%. This morph now increases the Stamina restored to 12% of your Max Stamina at base, increasing by 1% for every 1% current Health you have (up to 24% Max Stamina). This morph now adds Major Vitality while slotted, rather than granting Minor Fortitude and Endurance for 20 seconds after activating. **Hircine’s Rage: This morph now heals based on your Offensive stats, rather than Max Health. The healing is ~17% weaker than a traditional burst heal such as Rushed Ceremony. This morph now increases your damage done and taken for 17-20 seconds by up to 12%, based on how high your current Health percent is, rather than applying Major Berserk and increasing your damage taken by 10-7% for 10 seconds if you were at full Health while casting. This morph also generates double Fury on activation and adds Minor Berserk while slotted. Developer Comment We're toning down how much raw healing this ability and its morphs can do while simultaneously adding more purpose to the button press for resource management for tanks or in PvP encounters. Now rather than being a binary heal vs restore, it will grant both, and will reward you in similar situations - granting more resources while at higher Health. Hircine's Fortitude sees a decrease in the initial healing, but gains the potential to be healed significantly more while in groups or using other effects and morphs, helping out the tankier paths, while Hircine's Rage continues to focus on the offensive nature but with a healthier balance as both the bonuses and the punishments degrade as you weaken while also healing more effectively for damage dealers."
skills,Online:Holy Ground,3.0.5,"* Fixed an issue where ranking up a summon ability (Unstable Familiar, Summon Winged Twilight, Feral Guardian, etc.) would unsummon your pet."
skills,Online:Hunter's Eye,4.3.5,"* Stealthy: Reduces detection Radius by 3m and Increases Damage Done in Stealth by 10% → Hunter's Eye: Increases your Stealth detection radius by 3m. After you use Roll Dodge you gain 10% Movement Speed for 6 seconds and a bonus to Physical and Spell Penetration of 1500 for the duration. ** Developer Comment: Previously if you weren't able to utilize Stealth, you lost a large portion of effectiveness that Wood Elves provided, so we've put the bulk of their power into their flat bonuses to Stamina and recovery. We also wanted to have more of a distinct play pattern on how Wood Elves and Khajiit both engaged with Stealth, so we've repurposed Wood Elves' passive into one that deals with turning their proficiency of Stealth into a proficiency of hunting Stealthed targets. Additionally, since Stealth is not always engaged with at the same rate across the game, we added a small boon to when you activate Roll Dodge to help enhance mobility and offensive turning power in order to slip to safety or reposition for an unexpected attack."
skills,Online:Hunter's Eye,6.3.5,"* The Movement Speed and Armor Penetration granted from this passive no longer require you to Roll Dodge to gain, and instead are permanent effects. * Decreased the Movement Speed bonus to 5%, down from 10%. * Decreased the Armor Penetration granted to 950, down from 1500."
skills,Online:Hurricane Visage,3.0.5,"* Fixed an issue where ranking up a summon ability (Unstable Familiar, Summon Winged Twilight, Feral Guardian, etc.) would unsummon your pet."
skills,Online:Icy Aura,11.0.5,"* This passive now causes attackers in melee range to receive a stack of Winter's Bite for 1.5/3 seconds, up to 5 stacks max. Attackers at 5 stacks are afflicted with Major Maim for 1.5/3 seconds. This passive no longer reduces the effectiveness of snares against you by 7/15%."
skills,Online:Igneous Armor,3.0.5,"* Fixed an issue where ranking up a summon ability (Unstable Familiar, Summon Winged Twilight, Feral Guardian, etc.) would unsummon your pet."
skills,Online:Illuminate,1.6.5,"* This passive now provides nearby allies with the Minor Sorcery buff for 10 seconds at Rank I, and 20 seconds at Rank II, when a Dawns Wrath ability is activated."
skills,Online:Imbue Weapon,4.1.5,"* Fixed an issue where this ability and its morphs were removing you from sneak when cast. * Fixed an issue where this ability and its morphs were not playing their visual effects or audio if you were unarmed. * Crushing Weapon (morph): Fixed an issue where this would heal based on the damage done from the Light Attack, and not the damage done by Crushing Weapon itself."
skills,Online:Imbue Weapon,4.2.5,* Decreased the cost of this ability and the Crushing Weapon morph by 5%. * Elemental Weapon (morph): Increased the cost of this morph by 10%.
skills,Online:Imbue Weapon,4.3.5,"* The resource return from failing to consume this ability will now only return a portion of the resources, rather than all of them. This was done to fix an issue where you could get more resources back than you had originally casted it with, when used in tandem with sources of cost reduction."
skills,Online:Imbue Weapon,5.0.5,* Elemental Weapon (morph): Fixed an issue where there wasn't an equal chance to apply each status effect.
skills,Online:Imbue Weapon,6.0.5,"* Crushing Weapon (morph): This morph's heal now ranks up by 1% value of the damage done per rank, rather than 1.1% healing done per rank."
skills,Online:Imbue Weapon,7.1.5,"* Crushing Weapon (morph): This morph now applies Major Breach to the target hit for 6 seconds, rather than healing for 25% of the damage caused, to help ensure the thing being crushed wasn't your dreams."
skills,Online:Imbue Weapon,7.3.5,"* This ability and its morphs now all cost 2700, rather than 2715 for their Stamina versions and 3122 for its Magicka morph. **Developer Comment: These abilities originally met these values on their launch, but due to the overwhelming amount of use they saw at the time, they were increased to reach the same relative cost of other spammables. Now that many spammables in the game have received some tweaks since then to further incentivize their use, we're comfortable moving these back to a cheaper cost for those players who want a lower cost spammable at the expense of class or weapon skill line synergy."
skills,Online:Imbue Weapon,8.1.5,* This ability and its morphs now removes stealth and invisibility after casting.
skills,Online:Impaling Shards,3.1.5,"* In an effort to reduce the visual effect noise in group combat situations, we've hidden most visual effects from persistent damaging area of effect abilities cast by your allies. Area of effect abilities that have a synergy, healing, or defensive component that can benefit you will still be visible, and area of effect abilities cast by enemies will also still be visible."
skills,Online:Impaling Shards,4.2.5,* Fixed an issue where the visual effects of this ability and its morphs did not persist for the full duration of the effect.
skills,Online:Impaling Shards,5.0.5,"* Fixed an issue where this ability and its morphs were being removed before dealing their last tick of damage. * Fixed an issue where these abilities were being calculated as Direct Damage rather than Damage over Time. * Updated the tooltips of these abilities to mention their increased chance to apply the Chilled Status Effect. * Impaling Shards and Gripping Shards: Increased the damage dealt by these abilities by 30% to put them on par with other AoE DoTs, such as Winter's Revenge. * Winter's Revenge (morph): Fixed an issue where this morph could snare enemies through walls."
skills,Online:Impaling Shards,5.1.5,"* Increased the cost of this ability and its morphs to 4536 from 3510, and increased the damage per tick by approximately 9%. * Winter's Revenge (morph): Decreased the damage per tick by approximately 29%."
skills,Online:Impaling Shards,5.2.5,* Winter's Revenge (morph): ** Increased the damage of this morph by approximately 44%. This will allow it stand out from other Damage over Time abilities.
skills,Online:Impaling Shards,8.1.5,"* Reduced the damage per tick of this ability and Gripping Shards by approximately 25%. ** Gripping Shards (morph): Reduced the cost of this morph to 2970, down from 3240. ** Winter's Revenge (morph): *** Decreased the damage per tick of this morph by approximately 55%. *** This morph now deals 30% more damage if you cast it with a Destruction Staff equipped, to help it stand out more for the spell caster focused Wardens."
skills,Online:Impeccable Shot,3.0.5,"* Fixed an issue where ranking up a summon ability (Unstable Familiar, Summon Winged Twilight, Feral Guardian, etc.) would unsummon your pet."
skills,Online:Imperial Mettle,4.3.5,* Conditioning: Gain 10% Max Stamina → Imperial Mettle: Increases your Max Stamina by 2000.
skills,Online:Implosion,2.4.5,"* Disintegrate: ** Renamed this passive ability to Implosion. ** This passive ability now also grants all Physical Damage you deal a chance to instantly pulverize low health enemies, dealing additional Physical Damage to them. ** Updated this passive's tooltip to indicate what the health threshold is for it to trigger. * Fixed an issue where this passive ability could not critically strike."
skills,Online:Implosion,2.4.8,* Fixed an issue where the Physical Damage proc from Rank I of this passive ability was always firing.
skills,Online:Improved Hiding,2.6.2,* Fixed an issue where skill points spent in this passive ability were being removed.
skills,Online:Impulse,1.1.2,"* Increased the Magicka cost of Impulse and its morphs. * If you have spent skill points in the Impulse ability, you will have those points returned to your overall skill point pool. They can be re-spent in this ability, or invested elsewhere."
skills,Online:Impulse,1.2.3,"* When an enemy is damaged first by this ability, the target(s) will now display a hit reaction."
skills,Online:Impulse,1.5.2,* Reduced the radius of this ability to 6 meters from 8 meters. The tooltip for this ability also now lists the correct radius. * Elemental Ring: Fixed an issue where this ability's damage over time wasn't triggering Destruction Expert. * Pulsar: Lower ranks of this ability no longer remove the debuff created by higher ranks of Pulsar.
skills,Online:Impulse,1.6.5,"* Pulsar: This ability now applies the Minor Mangle buff to the target for 30 seconds, and the duration increases with each rank of the ability."
skills,Online:Impulse,2.2.4,* Fixed an issue where the visual effect for the health reduction would not affect the enemy health bar backgrounds. The enemy health bar backgrounds will now shrink appropriately.
skills,Online:Impulse,2.6.4,* Fixed an issue where Rank 1 of this ability could not critically strike.
skills,Online:Impulse,2.7.5,"* Adjusted the order of the Active Abilities in this skill line. They now unlock in the following order: ** Force Shock ** Wall of Elements ** Destructive Touch ** Weakness to Elements ** Impulse * Elemental Ring: This morph no longer adds a small Damage over Time component to the ability. Instead, it allows you to cast the ability at a ground-targeted location up to 28 meters away."
skills,Online:Impulse,3.1.5,"* Added new icons for each of the elemental variants of Destructive Touch, Wall of Elements, and Impulse."
skills,Online:Impulse,3.2.5,* Elemental Ring: Fixed an issue where this morph was not causing alchemical poisons to proc.
skills,Online:Impulse,4.0.5,* Pulsar: Fixed an issue where Rank 1 of Flame Pulsar was not applying Minor Mangle to enemies hit.
skills,Online:Impulse,4.1.5,* Pulsar: Fixed an issue where this ability was only applying Minor Mangle to one target.
skills,Online:Impulse,4.2.5,* Increased the damage done by this ability and its morphs by approximately 25%.
skills,Online:Impulse,5.1.5,"* Reduced the duration of the Minor Mangle this ability applied to 7 seconds from 30 seconds, which ranks up to 10 seconds. This morph now also increases the chance of applying the elemental type's status effect to 15%, instead of the base 5%."
skills,Online:Impulse,6.2.5,"* Each elemental type of this ability and its morphs have gained new functionality. ** Flame Impulse now deals bonus damage that scales based on missing health if the target hit was burning. ** Frost Impulse now applies Minor Protection to up to 6 group members for 6 seconds. ** Shock Impulse now deals 5% more damage for each enemy hit, up to 30%."
skills,Online:Impulse,7.0.5,"* The Flame variants of this ability and its morphs now better describe the behavior. * Fixed an issue where the tooltip cost of Impulse and its morphs were 3510 without the ability slotted. Their actual cost is 3780, which updates when you apply the ability to your bar with a Destruction Staff equipped."
skills,Online:Inexorable Descent,12.0.0,"*This passive upgrades Landslide to also grant 1% potency to damage and healing done, and damage shield strength per stack."
skills,Online:Infectious Claws,1.5.2,* Added some new werewolf abilities: ** Hircine's Bounty: This ability is a large heal that costs magicka. ** Infectious Claws: This ability instantly deals damage to all enemies in front of you and causes disease damage over time. ** Piercing Howl: This ability deals high damage and stuns your enemy.
skills,Online:Infectious Claws,1.6.5,* Slightly adjusted the animation for this ability so it no longer gets clipped by a light attack.
skills,Online:Infectious Claws,2.1.4,* Claws of Anguish: Fixed an issue where the healing debuff was stacking with other healing debuffs. * Claws of Life: This ability will no longer have both damage and healing reduced by Battle Spirit; the healing will not be reduced to avoid a double penalty.
skills,Online:Infectious Claws,2.2.4,* Claws of Life: Fixed an issue which was preventing the first heal tick from having an effect.
skills,Online:Infectious Claws,4.0.5,* Infectious Claws: Fixed an issue where you could dodge this ability and its morphs. * Claws of Anguish (morph): Fixed an issue where the Major Defile debuff applied by this morph was not reducing Health Recovery.
skills,Online:Infectious Claws,5.0.5,* Increased the damage of the initial hit of this ability and its morphs by approximately 36% to put it in line with our PBAoE standards.
skills,Online:Infectious Claws,5.1.5,* Increased the cost of this ability and its morphs to 3442 from 3240. * Increased the damage of the initial hit by 25%. * Reduced the Damage over Time of these abilities by approximately 11% per tick.
skills,Online:Infectious Claws,5.2.5,"* This ability and its morphs now immediately apply the Diseased status effect to enemies hit, and do Disease Damage rather than a hybrid of Physical and Disease Damage. * Decreased the damage per tick of these abilities by approximately 40%. * Claws of Life (morph): ** This morph now heals for 100% of the damage caused, instead of 50%. This will still result in an overall reduction, since the base damage has been reduced."
skills,Online:Infectious Claws,8.1.5,"* This ability and its morphs now last for 20 seconds, up from 10. * Reduced the damage per tick by approximately 17% ** Claws of Life (morph): Reduced the amount of healing based on damage done from this morph to 66%, down from 100%, since it can instantly apply in an Area of Effect and provide significantly more healing than other morphs of its like. ** Claws of Anguish (morph): This morph now causes the entire ability to apply the Diseased status effect, rather than only the initial hit. Decay and rot!"
skills,Online:Infectious Claws,12.0.5,"*Infectious Claws -> Rending Claws: This ability and the Claws of Life morph have been adjusted to deal Physical Damage on their initial hit and Bleed Damage for their over time effect, rather than dealing Disease Damage on both hits. Reduced the initial hit’s Weapon and Spell Damage scaling by 20%, and increased its Magicka and Stamina scaling by 4%. The damage over time now lasts for 10 seconds, down from 20. Increase the Weapon and Spell Damage scaling by ~92% and the Magicka and Stamina scaling by ~150%. This ability and its morphs now have a target cap of 6, rather than hitting all enemies. The initial hit now has a 15% chance of applying Sundered and the damage over time has a 5% chance of applying Hemorrhaging, rather than the initial hit applying Diseased and the damage over time having a 1%. **Claws of Anguish -> Claw Fury: This morph has been reworked into a channeled attack that deals direct Physical Damage over 4.8 seconds, hitting up to 6 enemies closest to you in a 7m cone with a 90 degree arc up to 13 times. Claw Fury generates Fury and a stack of Blood Hunger, up to once every second while dealing damage with the ability. Claw Fury scales with 0.488093 Weapon or Spell Damage and 0.060431 Magicka or Stamina per tick, and increases by 25% for each stack of Blood Hunger you have. When Claw Fury ends in any capacity, all stacks of Blood Hunger are removed. **Claws of Life -> Bloodclaws: This morph now heals for 40% of the initial hit damage done, rather than not healing at all on the initial hit. The damage over time now heals you for ~6.2% of your Max Health when damaging an enemy, rather than healing you for 66% of the damage done. Adjusted the rank up progression to 1.1% for the initial hit and 1.1% healing done for the healing from the damage over time. Developer Comment We're generically buffing this skill to now be a full power area effect attack and damage over time effect, rather than reducing the damage of the area effect from the damage over time. As such we're gently peeling back some of the cleave damage of the initial hit, while greatly increasing the damage over time potential in all capacities, so this ability feels more like 2 separate abilities, rather than 1 blended ability. Werewolves have finally also washed their damn hands, moving them away from Disease damage in the kit, instead focusing in on Physical and Bleed to help make a more savage and brutal experience. Additionally, we're splitting the morph diversity to either add more healing for both damage and bruiser builds and a rework morph that functions similarly to something like Engulfing Dragonfire, helping Werewolves who'd rather focus on cleaving foes down. Claw Fury is slightly weaker than the traditional Gnash focused build in single target, but comes out ahead in encounters with multiple enemies packed together."
skills,Online:Inferno,1.6.5,"* This ability has completely changed. It can now be toggled, has no cost, and deals no area of effect damage. Instead, when toggled on, Inferno will fire a projectile at the nearest target within 15 meters while in combat. In addition, Inferno provides the Major Prophecy buff while active. * Flames of Oblivion: This ability now provides the same effect as Inferno, as well as providing the Major Savagery buff while active. * Sea of Flames: This ability provides the same effect as Inferno, in addition to restoring Magicka to you whenever an enemy is killed by one of the projectiles. * Updated the visual effects for Inferno and both morphs."
skills,Online:Inferno,2.3.5,"* This ability and its morphs are no longer toggle abilities; instead, they will grant their Critical Strike rating benefit as long as they are slotted. * The ability can be activated to summon an aura of flames for 15 seconds, which launches a fireball at an enemy every 5 seconds. * The fireball has been changed to deal direct damage instead of damage over time. * Increased the damage from the fireball by 15%. * Note: The Flames of Oblivion morph will continue to grant the Weapon Critical Strike rating while slotted as a morph effect. * Sea of Flames: This morph has been renamed to Cauterize, and will now summon an Aura of Cauterizing Flames, launching a fireball at an ally to heal them instead of an enemy to damage them."
skills,Online:Inferno,2.7.5,* Fixed an issue where this ability and its morphs would display an incorrect Spell Critical Strike Chance percentage on your character UI after swapping weapons.
skills,Online:Inferno,2.7.8,* Magelight: Fixed an issue where this ability and the Inferno morphs were stacking with each other. You will now only gain 10% increased Spell Critical if both abilities are slotted on your bar.
skills,Online:Inferno,3.0.5,* Reduced the cost of this ability and its morphs by approximately 33%.
skills,Online:Inferno,3.0.7,* Flames of Oblivion: Fixed an issue where the Major Savagery buff granted by this morph was stacking with other sources of Major Savagery.
skills,Online:Inferno,3.2.5,"* Cauterize: Increased the speed of the projectile from this morph by approximately 50%, and the projectile can now target the casting Dragonknight. **Developer's Comments:We wanted to make this ability more universally useful in both group and solo play. Additionally, we sped up the projectile to minimize situations where allies would die before the life-saving heal arrived."
skills,Online:Inferno,4.0.5,* Increased the range of the heal from this morph to 28 meters from 15 meters.
skills,Online:Inferno,5.0.5,"* This ability and its morphs now operate like the Flames of Oblivion morph, where they will scale with your highest offensive stats. Also increased the power of these abilities by 5%. ** Flames of Oblivion (morph): This morph no longer exclusively adds the dynamic scaling mechanism. Instead, the morph retains the gaining of Major Savagery, and hits 1 additional enemy."
skills,Online:Inferno,7.2.5,"* This ability and the Cauterize morph now grant both Major Prophecy and Savagery, rather than only Prophecy. ** Flames of Oblivion (morph): This morph now launces 3 fire balls, up from 2, since it ""lost"" part of its unique morph function."
skills,Online:Inferno,9.0.5,* Fixed an issue where the visual effects from this ability and its morphs would not disappear when their owner became undetectable with sources such as sneak or invisibility.
skills,Online:Inferno,10.2.5,"* Cauterize: This morph now heals up to 4 nearby allies every 3 seconds, rather than healing 1 nearby ally every 5 seconds. Reduced the healing per tick by ~33%, resulting in a ~11% increase in healing per second with the new faster tick rate. Increased the cost to 3240, up from 2160. ** Developer Comment: Cauterize has been a tool meant to help Dragonknight gain some healing for themselves and allies, but the ability always felt like it helped themselves more than their friends. In efforts to improve the healing capabilities of the class in group content, we're making some slight adjustments to make the healing closer to something like an AoE HoT, while retaining the unique feel the base ability introduces. The faster tick rate should help ensure the ability more regularly adds reliably healing, instead of erratic burst healing (that usually healed too late by the time you needed it). Due to the increase in healing per second and additional allies healed, we're also reducing its effectiveness at being able to be spammed for a powerful burst heal with a lower cost, so it'll be less effective for solo healing in a pinch, but more reliable for solo healing in the sense that nearby allies are less likely to ""steal"" the heal, and more steady healing overall."
skills,Online:Inferno,11.3.4,"*This ability and the original Flames of Oblivion morph now fire a massive wave of flame in an 8 meter radius, rather than firing a limited number of fire balls to enemies in a 15 meter radius. This removes the original target cap of the abilities. Increased the cost to 4050 per activation, up from 2160 to account for the new area melting potential. Reduced the chance of applying the Burning Status effect to 5%, down from 10%, to account for these changes. **Incinerate (originally Flames of Oblivion): This morph now deals 10% more damage and has a 15% base chance of applying Burning, now that the morph can no longer increase the target count."
skills,Online:Infest,3.0.5,"* Fixed an issue where ranking up a summon ability (Unstable Familiar, Summon Winged Twilight, Feral Guardian, etc.) would unsummon your pet."
skills,Online:Inhale,1.1.2,* This ability's initial life drain morphs can now hit a maximum of three targets. This also applies to Inhale's morphs.
skills,Online:Inhale,1.6.5,"* Increased the damage dealt by this ability by 30%. The damage increases with each rank for the first four ranks, and then remains constant for both morphs. The explosion from this ability and its morphs now does fire damage; the inhalation still does Magic damage."
skills,Online:Inhale,2.3.5,"* Increased the exhale damage (the second hit) from this ability and the Draw Essence morph by 40%. The Deep Breath morph has had its exhale damage increased by 16% to match this value. * This ability and its morphs now hits 6 targets, increased from 3 targets, and follows standard area of effect damage guidelines for additional targets. * Increased the cost of this ability and its morphs by 6%. * Deep Breath: This morph no longer increases the damage of the exhale damage (the second hit) due to the baseline damage increases for Inhale, described below. It will continue to interrupt targets on the inhale (the first hit) as a morph effect. * Draw Essence: This morph will now restore 10% of the ability's cost as Magicka per target hit with the exhale instead of restoring Magicka based on the damage dealt."
skills,Online:Inhale,3.0.5,* Reduced the cost of this ability and its morphs by approximately 6%.
skills,Online:Inhale,5.0.5,"* Increased the damage of the initial hit of this ability and its morphs by 25%. * Increased the damage of the delayed explosion by approximately 7%. This was done to adhere the ability to our AoE standards. Note the initial hit of the abilities is half of the AoE standard, because it heals for 100% of the damage caused, which takes it to that standard. * Removed the 6 target cap for the heal, interrupt, and resource restore for this ability. Note this puts this ability into the ""rule breaker"" category."
skills,Online:Inhale,6.1.5,"* Deep Breath (morph): This morph's explosion now deals 25% more damage. The initial hit no longer ranks up by 1.1% damage per rank, but the final hit now does. * Draw Essence (morph): This morph now heals for up to 147% of the damage done, up from 100%, and ranks up by 1% per rank. The final explosion of this ability no longer increases by 1.1% damage per rank."
skills,Online:Inhale,8.1.5,"* Reduced the cost of this ability and its morphs to 3510, down from 4050. **Originally, this was higher in cost to account for the fact that its initial hit damaged and healed, but since these values are each half of an Area of Effect based attack, it wasn't gaining additional ability functionality (which dictates cost) so we're easing it back to make up for this oversight."
skills,Online:Inhale,11.3.4,* Combat Refresh Overhaul. Dragonknight Functionality and Balance Update.
skills,Online:Ink-Scribe's Verve,12.0.5,*Ink-Scribe's Verve: This passive enables you to generate a Crux and to grant you and group members Major Force for 10 seconds when you heal or overheal a total of 100000 Health while in combat.
skills,Online:Inner Fire,1.2.3,* This ability is now capable of critical strikes.
skills,Online:Inner Fire,1.5.2,* You will no longer be revealed by the following abilities while Shadow Cloak is active: ** Restoration Staff light attacks ** Inner Fire ** Cripple
skills,Online:Inner Fire,1.5.5,* Fixed an issue where the taunt immunity from this ability and its morphs was being applied after only two taunts. It will now apply after three taunts within ten seconds.
skills,Online:Inner Fire,1.6.5,"* Increased the range on this ability to 28 meters from 15 meters, and slightly raised the cost of the ability. * Radiate (synergy): Doubled the base damage dealt by this synergy, and it will now cast instantly instead of being channeled. * Inner Rage: Increased the chance that the synergy will become available to 35% from 15%. * Inner Beast: This ability now costs Stamina instead of Magicka."
skills,Online:Inner Fire,2.3.5,* The Radiate synergy from this ability and its morphs now requires the synergy user to target the enemy afflicted with Inner Fire to activate it. We also increased the damage from the Radiate synergy by 11%.
skills,Online:Inner Fire,3.3.5,* Radiate (synergy): ** The prompt is now only visible to allies positioned further than 18 meters away from the taunted enemy.
skills,Online:Inner Fire,4.2.5,* Inner Beast: Fixed an issue where you could not cast this morph while you were silenced.
skills,Online:Inner Fire,4.3.5,"* Inner Fire and Trapping Webs: The Synergies granted from these abilities and their morphs now have a minimum range of 12 meters to activate, instead of 18 meters. (Rejoice, as you no longer need to sprint back and forth from varying ranges like an Olympian to activate these bonuses!) ** Developer Comment: While we want to have differences in the Synergies that melee and ranged build have access to, we realized that many ranged builds still found themselves getting closer to their targets in order to use powerful abilities such as Wall of Elements or other shorter ranged abilities. The new range should now better reward teetering between melee and ranged distances."
skills,Online:Inner Fire,5.1.5,"* Reduced the cost of this ability and its morphs to 2700 from 4051, and increased the chance of applying the synergy to 50% from 25% for this and the Inner Beast morph. * Inner Beast: This morph now also causes your target to take 5% more damage from you while the taunt persists, and added the Stamina cost reduction to this morph, taking the cost to 2295. * Inner Rage: This morph now guarantees the synergy, instead of increasing the chance. * Radiate: This synergy now has a 1 second delay on its activation, and reduced the damage of the DoT by approximately 11%."
skills,Online:Inner Fire,7.1.5,"* This ability and morphs will now only apply their unique visuals if the synergy successfully applied to the target. * Fixed an issue where Inner Fire and Rage were placing an extra negative effect on targets. ** Inner Beast (morph): *** Increased this morph's damage taken bonus on the target to 7% at base, up from 2%, to better enable the very few bruiser-tanks out there that were utilizing this skill. *** This ability's damage taken bonus now only works against non-player characters."
skills,Online:Inner Fire,9.3.5,"* Reduced the cost of this ability and the Inner Rage morph to 1620, down from 2700. * Reduced the damage of this ability and the Inner Rage morph by 10%, and adjusted their damage type to Flame Damage rather than Magic Damage. * Fixed an issue where activating these abilities would not cause you to face your target, which also fixed an issue where these abilities could frequently cancel Light Attack inputs. * The Radiate synergy from all these abilities is now guaranteed, rather than having a 50% chance to apply from some, and the synergy no longer has the minimum range of 12 meters to activate. ** Inner Beast (morph): Increased the damage of this morph by 80%, making it equal to other ranged spammable attacks. This morph now applies Minor Vulnerability and Minor Maim to the target, rather than a unique damage taken from the caster debuff. ** Inner Rage (morph): This morph now allows up to 3 allies to activate the Radiate synergy, rather than causing it to be guaranteed, since it’s now always guaranteed. *** Developer Comment: We’re cleaning up this ability and its morphs to fit better into their roles and usability, by removing some of their older gameplay behaviors with random chances. While we’re not opposed to random chance, we believe that a role that focuses on bringing stability should offer benefits that are inducive to that nature. In addition to this, we’re cleaning up some behavior we’ve seen with Inner Beast, where sometimes Damage Dealers are taking the morph to increase their overall DPS and causing some conflict in group content with actual tanks. Inner Beast is intended for tanks that don’t want to sacrifice too much damage so they can play more like a bruiser, so we’re shifting the damage bonus to the ability itself. This will allow those builds to treat this as their spammable and their taunt, rather than creating a weird situation where the ability can also be used to buff your overall damage."
skills,Online:Insatiable Hunger,12.0.5,"*Devour -> Insatiable Hunger: This synergy now has a minor grace period for movement, allowing you to move slightly before and after activating it without causing the cast to be interrupted. Note that this grace period is NOT the same as the resurrection ability update that lets you move while casting it, and instead exists to give a small amount of time to let your momentum end if you cast it while moving. Increased the healing per tick to 20% of your Max Health, up from 8% (resulting in a 100% Heal over the total duration, up from 40%, or a 150% increase). Each tick now grants 15 Ultimate, rather than 3 seconds of Werewolf timer. Activating this synergy will disable the cost to maintain Werewolf Transformation for 12 seconds, rather than disabling the cost of maintaining only while channeling it. This passive will also trigger Fury generation each tick if you are a Werewolf Berserker, even if you are outside of combat."
skills,Online:Internal Conflict,3.0.5,"* Fixed an issue where ranking up a summon ability (Unstable Familiar, Summon Winged Twilight, Feral Guardian, etc.) would unsummon your pet."
skills,Online:Intimidating Presence,2.4.5,* This passive ability now also reduces the cost of Fighters Guild abilities by 20%.
skills,Online:Iron Skin,11.3.4,* Combat Refresh Overhaul. Dragonknight Functionality and Balance Update.
skills,Online:Judgment's Brand,12.0.0,This passive upgrades rank 2 of Burning Light to increase your damage done with Templar abilities by 1250 (625 against players) for 3.1 seconds after activating.
skills,Online:Juggernaut,1.6.5,* This passive now grants a 0.5% increase in max health per piece of heavy armor worn. All other bonuses on this passive have been removed.
skills,Online:Juggernaut,2.4.5,* Increased the amount of maximum health this passive grants per piece of Heavy Armor to 1/2% at Ranks I/II from 0.5/1%.
skills,Online:Keen Eye: Reagents,4.1.5,* Alchemy's Keen Eye will now illuminate giant clams seen on the shores of Summerset.
skills,Online:Kindle,3.0.5,"* Fixed an issue where ranking up a summon ability (Unstable Familiar, Summon Winged Twilight, Feral Guardian, etc.) would unsummon your pet."
skills,Online:Lacerate,2.6.4,"* New Weapon Ultimates have been added to the game. Each Weapon skill line now has one Ultimate, and each Ultimate can be obtained by reaching Rank 50 in its respective Weapon skill line. Weapon Ultimates can be morphed as well!"
skills,Online:Lacerate,2.6.6,* Fixed an issue with this ability and its morphs where the impact visual effects were not synced with the animation. * Fixed an issue with this ability and its morphs where the ability animation was not overriding Light Attacks and Heavy Attacks.
skills,Online:Lacerate,2.7.5,* All animations and visual effects will now display properly when using this Ultimate.
skills,Online:Lacerate,3.1.8,"* Fixed an issue where this Ultimate would not proc the effects from ""On Ultimate Use"" item sets, such as Witchman's Armor."
skills,Online:Lacerate,3.2.5,* Thrive in Chaos: Fixed an issue where some of the visual effects of this morph were persisting longer than their actual duration. We also fixed an issue where this morph was displaying incorrect icons in your bufftrackers.
skills,Online:Lacerate,4.1.5,* Fixed an issue where this ability and its morphs could sometimes heal you based on damage dealt from other abilities happening at the same time.
skills,Online:Lacerate,4.2.7,* All damage from Lacerate and its morphs can no longer proc Weapon Enchantments or poisons.
skills,Online:Lacerate,5.1.5,"* Increased the size of this ability and the Rend morph to 8x8 meters from 8x7 meters. * Fixed an issue where the heal from all of these abilities could critically strike. * Thrive in Chaos: ** Reduced the base damage done bonus per target hit to 3% from 5%. ** This morph no longer increases in damage by 1.1% per rank on the DoT, but instead increases the damage done bonus per target hit by 1% per rank. ** This morph also converts the attack into a conal attack, which covers a much larger area."
skills,Online:Lacerate,6.3.5,"* Thrive in Chaos: This morph's hit box now more accurately matches its visual effects, resulting in a significant Area of Effect increase."
skills,Online:Lacerate,7.0.5,* Fixed an issue where this ability and its and morphs were not considered Weapon abilities in some cases.
skills,Online:Lacerate,9.3.5,* This Ultimate and its morphs now also apply the Hemorrhaging status effect each tick.
skills,Online:Last Gasp,11.0.5,"* This passive now increases your Max Health by 1206/2412, up from 625/1250."
skills,Online:Lava Whip,1.2.3,* Flame Lash: Increased the damage and healing for this ability's activated follow-up attack. * Molten Whip: This ability's slotted passive only applies to Ardent Flame skill line abilities instead of all fire damage.
skills,Online:Lava Whip,1.6.5,"* Updated the tooltip for this ability to note the cooldown to set an enemy off balance. * Flame Lash: The follow up attack that is part of this ability now works on any off-balance target, stuns off-balance targets, and has a new icon."
skills,Online:Lava Whip,2.0.3,* Molten Whip: Fixed an issue where this ability wasn't providing increased damage to Ardent Flame ability morphs that use Stamina.
skills,Online:Lava Whip,2.6.4,* Switched the position of this ability with the Fiery Grip ability as seen in the skill line UI.
skills,Online:Lava Whip,2.7.5,"* Increased the damage from this ability and its morphs by 5%. **Developer Comment: We wanted Lava Whip to hit harder since it's a melee attack without increasing the overall PvE DPS of Dragonknights. To accomplish this, we reduced the bonuses from Standard of Might by 5% and increased Lava Whip by 5%. This gives Magicka Dragonknights a bit more pressure in PvP without increasing their PvE damage."
skills,Online:Lava Whip,3.0.5,* Reduced the cost of this ability and its morphs by approximately 10%.
skills,Online:Lava Whip,3.3.5,* Flame Lash: The Power Lash attack from this morph now has a 3 second cooldown. * This ability and its morphs no longer have a cooldown when they can set the enemy target Off Balance. Striking a stunned or immobile enemy will always set them Off Balance. * Flame Lash: Fixed an issue where the Power Lash attack from this morph could not be dodged.
skills,Online:Lava Whip,4.2.5,"* Decreased the range of this ability and its morphs to 5 meters from 8 meters. * Flame Lash: Removed the stun from the Power Lash special attack. **Developer Comment: We want all classes to be intentional about when they land stuns on the enemy, and not have it coupled with an already highly damaging attack. * Power Lash: The Power Lash special attack is no longer free, and now costs half the amount of a regular Flame Lash. **Developer Comment: Because this ability could be used multiple times against off balance targets, it provided too much of a resource sustain bonus. To alleviate the issue, we set its cost to that of other proc abilities like Crystal Fragments."
skills,Online:Lava Whip,5.0.5,"* Reduced the cost of this ability and its morphs by 5% to put it in line with other melee ""spammables"". **Molten Whip (morph): Reworked this ability so it no longer grants a passive bonus to Weapon and Spell Damage while slotted. Instead, this passive grants access to Seething Fury, a 33% damage bonus to your next Molten Whip cast and increase of 125 Weapon and Spell Damage every time you activate an Ardent Flame ability that isn't Molten Whip. This bonus can stack up to 3 times, lasts 5 seconds, and will refresh in duration every time it is applied to you. ***Developer Comment: The previous Molten Whip was under budgeted in terms of total power compared to Flame Lash, and rather than reducing that morph, we wanted to bring this one up to par. Additionally, we like how Flame Lash has the potential to disrupt a static rotation in combat, so we wanted to add a diverse bonus that would allow for you to engage in different ways. Now, the caster can decide to simply follow a normal rotation, or attempt to save up for a heavy hitting attack after building up stacks. Please note however, this will operate similarly to the previous Molten Whip where your bonus will only be active on the bar that it is slotted on."
skills,Online:Lava Whip,5.1.5,* Molten Whip: Reduced the stacking Spell Damage bonus from this passive to 75 at Rank IV from 125.
skills,Online:Lava Whip,5.3.4,"* Flame Lash (morph): The special attack from this ability, Power Lash, can now also be cast on enemies that are Immobilized."
skills,Online:Lava Whip,6.3.5,* Molten Whip (morph): Fixed an issue where the Weapon and Spell Damage from this passive did not appear in your character sheet.
skills,Online:Lava Whip,7.2.5,"* This ability and its morphs now scale off your highest offensive stats, rather than exclusively Magicka based stats. May this finally end the fiery and age-old debate over getting a Stamina Whip, as this is our version of it. ** Flame Lash (morph): *** Fixed an issue where this morph did not apply Off Balance to targets who were Immobilized but not already Off Balance. *** The override ability, Power Lash, now heals immediately rather than over 2 seconds, but its total healing per cast has been reduced by approximately 43%. However, Power Lash no longer has a 3 second cooldown. Ballerinas are back. ** Molten Whip (morph): Seething Fury now lasts 10 seconds per stack, up from 5 seconds, to help it feel way less stressful to use in a rotation and allow for activation of burst at the perfect moment. **Developer Comment: Magicka Dragonknight's morph options for Lava Whip currently feel too similar as they both increase the damage of the spammable and deal with 3 second cadences. Molten Whip now stands out more as a build-up to a deadly burst attack with its more gracious time period to activate for the perfect opportunity, while Flame Lash doubles down in the sustained pressure path, giving the Dragonknight moments to relentlessly batter their opponent down with reckless abandon."
skills,Online:Lava Whip,8.1.5,"* Molten Whip (morph): ** This morph now causes the ability to split the cost to half Stamina and half Magicka. ** Reduced the stacking damage bonus to Molten Whip to 20% per stack, down from 33%. ** Increased the Weapon and Spell Damage per stack to up to 100, up from 75. ** The Weapon and Spell Damage portion of Seething Fury is no longer consumed when using Molten Whip. ** Increased the duration of Seething Fury to 15 seconds, up from 10 seconds, to help it be easier to keep up with the new duration timers of Fiery Breath and Searing Strike. **Developer Comment: To help this ability become more available to hybrid builds, we've opted to take a very unique route with the ability where the cost is now split evenly between Magicka and Stamina. In doing so, we hope to see more unique interactions with the skill as well as aiding more Stamina-focused Dragonknights in sustaining the skill."
skills,Online:Lava Whip,8.3.5,"* Molten Whip: Fixed an issue where this morph could fail to activate many conditional requirements that stated, ""when casting an ability that costs Magicka or Stamina"". Note that conditional requirements that require only a Stamina ability specifically will still not fire, as this ability is predominantly Magicka oriented."
skills,Online:Lava Whip,11.3.4,"*Lava Whip: This ability and the Flame Lash morph now generate 5 stacks of their empowered forms for 20 seconds. Increased the damage by 40% to account for less casts. Overall, this should make both versions of the ability much easier to use in a rotation, rather than feeling like you must choose between uptime of other abilities and the super sick flip whip. These abilities no longer set Immobilized or Stunned enemies Off Balance. (We've sourced Off Balance on a new passive you'll read about later in a different skill line.) **Flame Lash:This morph now grants 14% damage done, halving against players, for 45s after spending all stacks of Power Lash, if you are a Dragonknight.The healing now activates on both versions of the ability, rather than only the empowered. The healing now happens on activation, rather than dealing damage. **Molten Whip: This morph continues to rework the ability into a more self-contained building effect, Seething Fury now grants 5% damage done and 2% damage done to players per stack if you are a Dragonknight, rather than grating granting Weapon and Spell Damage per stack regardless of class."
skills,Online:Lava Whip,12.0.5,"*Flame Lash: This morph no longer grants increased damage done after consuming all charges, as we have recontextualized damage into the Class Mastery system. *Molten Whip: This morph no longer grants increased damage done per stack, as we have recontextualized damage into the Class Mastery system."
skills,Online:Lead from the Front,12.0.0,*This passive upgrades rank 2 of The Storm Voice to also apply Major Berserk and Protection for 1 second per 15 Ultimate spent to you and group members within 28m of you.
skills,Online:Life Absorption,3.0.5,"* Fixed an issue where ranking up a summon ability (Unstable Familiar, Summon Winged Twilight, Feral Guardian, etc.) would unsummon your pet."
skills,Online:Life Mender,2.1.4,* Increased the bonus healing received from this passive to 3/6/9 from 2/4/6.
skills,Online:Life Mender,2.5.5,"* This passive now grants a 1/3/5% bonus to both healing done and healing received, instead of a 3/6/9% bonus to only healing done."
skills,Online:Life Mender,4.3.5,"* Gain 5% Healing Done and Received → Life Mender: Increases your Healing Done by 6%. ** Developer Comment: Previously, Argonians were mathematically twice as good as some races. We wanted all races to stand out, yet still allow for choice of playstyle. Their focus is now on their natural healing capabilities, as well as their ability to prolong and stay in a fight. Now they have more stats in regards to what the goal of the race is, while they'll have less in other areas that weren't in line with that vision."
skills,Online:Life Siphon,3.0.5,"* Fixed an issue where ranking up a summon ability (Unstable Familiar, Summon Winged Twilight, Feral Guardian, etc.) would unsummon your pet."
skills,Online:Light Weaver,6.1.5,"*This passive has been updated so healing an ally under 50% of any Restoring Light ability restores 1 / 2 Ultimate, rather than restoring 1 /2 Ultimate when healing an ally under 60% health with Healing Ritual. *This passive no longer extends the duration of Restoring Aura."
skills,Online:Light Weaver,6.3.5,*Fixed an issue where this passive did not properly grant its stated Armor when you were channeling Rite of Passage or its morphs
skills,Online:Light Weaver,9.0.5,"*Fixed an issue where this passive's Ultimate could apply to the caster, rather than only allies, as its tooltip states."
skills,Online:Light Weaver,11.0.5,"*This passive now causes you to automatically block all attacks at no cost for 2 seconds when you start any channel or cast time ability, up to once every 30/15 seconds. This passive no longer grants 16500/33000 Armor while channeling Rite of Passage. This passive will not attempt to activate if you already have a form of automatic Block active, such as Shield Wall. ** Developer Comment: We're swapping this passive's defensive function from a highly niche and ineffective armor bonus while using the Ultimate of this skill line, to a far more useful and unique defensive bonus. This works with any channeled or cast time ability (including Heavy Attacks!) in hopes it becomes more interesting for defensive builds. The Light protects!"
skills,Online:Lightning Form,1.2.3,* This ability now deals damage at every tick.
skills,Online:Lightning Form,1.6.5,* Lightning Form now lasts for 15 seconds and grants you the Major Resolve and Major Ward buffs. * Thundering Presence: This ability now starts at 20 seconds and increases in duration by one second with each rank. * Boundless Storm: This ability now grants the Major Expedition buff for 6 seconds.
skills,Online:Lightning Form,2.3.5,* Thundering Presence: Fixed an issue where recasting this morph would cause the effects to disappear.
skills,Online:Lightning Form,2.4.5,"* Thundering Presence: ** Renamed this morph to Hurricane. ** Redesigned this morph so it now increases the size and damage of the periodic effect the longer it is active, increasing up to 225% more damage and up to 9 meters in size. ** This morph now deals Physical Damage instead of Shock Damage."
skills,Online:Lightning Form,2.6.4,* Boundless Storm: Fixed an issue where this morph's visual effects were not all displaying properly when hit by the Serpent Fang monster's Poison Arrow Spray ability. * Hurricane: Fixed an issue where this morph did not gain any benefits as it increased in rank. It now deals slightly more damage as it ranks up.
skills,Online:Lightning Form,2.7.5,"* Fixed an issue where part of the visual effects for this ability and its morphs were not being displayed correctly when it was recast. * Hurricane (Lightning Form morph): This morph now deals 10% more damage each tick, down from 15% more damage each tick. The final tick deals 150% more damage as a result, down from 225%. ** Developer Comment: The Hurricane ability provides Major Resolve, Major Ward, Minor Expedition, and AoE damage in a large radius. This ability over-performs relative to other class defensive abilities like Spiked Armor. Stamina Sorcerer damage was also high, so adjusting the damage on this ability brings the Stamina Sorcerer more in line with other abilities."
skills,Online:Lightning Form,3.1.5,"* In an effort to reduce the visual effect noise in group combat situations, we've hidden most visual effects from persistent damaging area of effect abilities cast by your allies. Area of effect abilities that have a synergy, healing, or defensive component that can benefit you will still be visible, and area of effect abilities cast by enemies will also still be visible."
skills,Online:Lightning Form,4.2.5,"* This ability now grants Major Expedition for a maximum of 4 seconds instead of 7.5. ** Developer Comment: As noted above, we want there to be variability in the positive and negative directions during combat. In Update 19, we adjusted snares down to a 4 second duration so an optimal damage rotation wouldn't include 100% up time on snares. In this update, we are adjusting Major Expedition buffs to be in line with the snare durations."
skills,Online:Lightning Form,4.3.5,"* Boundless Storm: Reduced the cost of this ability and its morphs by approximately 34%. ** Developer Comment: After the recent changes to sourcing of Major Expedition, the morph Boundless Storm highlighted a problem of this ability where its cost was far too high for the operational power that it provided. We've based the new cost to be more in line with other sources of Major Ward and Resolve. In turn, this has brought Boundless Storm to a much healthier state where the short duration of the Major Expedition can be offset with a lesser cost, so that recasting earlier is a valid choice."
skills,Online:Lightning Form,5.0.5,"* Boundless Storm (morph): This morph now grants the 4 seconds of Major Expedition immediately, rather than starting at 2.5 seconds and ranking up as the ability progresses. This ability's damage will now get 1.1% stronger per rank, ending in a 3.3% damage increase at Rank IV."
skills,Online:Lightning Form,7.3.5,"* This ability and its morphs now last 20 seconds at base, up from 15, to properly match the standard duration of Armor buff abilities. ** Boundless Storm (morph): *** This morph now ranks up to 30 seconds at rank up, up from 23. *** This morph no longer ranks up in 1.1% damage done per rank. ** Hurricane (morph): *** The Area of Effect from this morph now grows at 8 and 15 seconds, rather than 6 and 11. *** Reduced the damage bonus per tick to 8%, down from 10%. The total damage bonus will reach 160% at max stacks, up from 150%, resulting in slightly more damage."
skills,Online:Lightning Form,8.0.5,* Boundless Storm (morph): Fixed an issue where this ability's visual effects were not in sync with their combat effects.
skills,Online:Lightning Form,8.1.5,"* This ability and its morphs now tick once every 2 seconds, rather than once every second. * Increased the damage per tick by 100%. ** Hurricane (morph): This morph now increases in damage by 12% per tick, up from 8%. Along with the frequency adjustment, this will reduce the total maximum to 120%, down from 160%."
skills,Online:Lightning Form,11.0.5,* Hurricane (morph): The final damage tick of this morph no longer loses the ramping damage bonus.
skills,Online:Lightning Splash,1.2.3,* Edited the tooltip so it more accurately reflects the damage dealt.
skills,Online:Lightning Splash,1.5.2,* Liquid Lightning: Fixed an issue where this ability was unintentionally doing extra damage to the first and second hit.
skills,Online:Lightning Splash,1.6.5,"* Increased the duration to 6 seconds from 4 seconds. * Reduced the Synergy range for this ability. Activating the Synergy no longer removes lightning. * The Synergy damage now has the potential to scale off of stamina/power. * Fixed an issue that allowed the synergy to be used repeatedly if no enemies were nearby. * Liquid Lightning: Increased this ability's duration to ten seconds, and removed the additional damage from the first hit."
skills,Online:Lightning Splash,2.3.5,* Increased the activation range from the Conduit synergy from this ability and its morphs to 3.5 meters from 2.5 meters.
skills,Online:Lightning Splash,4.0.5,* Lightning Flood: This morph now also increases the damage done by approximately 15%.
skills,Online:Lightning Splash,5.0.5,* Increased the duration of this ability and its morphs to 8 seconds from 6 seconds. * Liquid Lightning (morph): This morph now lasts 12 seconds to retain the extra 4 seconds of duration increase. * Lightning Flood (morph): Increased the damage of this morph by 5%.
skills,Online:Lightning Splash,5.1.5,"* Decreased the cost of this ability and its morphs to 3024 from 3510, and decreased the damage per tick by approximately 37%. * Liquid Lightning: This morph no longer increases in damage per rank and now lasts 9 seconds, ranking up to 12 seconds at Rank IV."
skills,Online:Lightning Splash,5.2.5,"* Increased the base duration of this ability and its morphs to 10 seconds, up from 8. * Increased the base cost to 4950, up from 3024. * Reduced the damage per tick by approximately 20%."
skills,Online:Lightning Splash,5.3.4,"* Reduced the cost of this ability and its morphs to 3780, down from 4950."
skills,Online:Lightning Splash,7.0.5,"* Removed visual and sound effects from each of the following ground effects' ticks to reduce battlefield clutter and noise: ** Graveyard and morphs ** Lightning Splash and morphs ** Nova and morphs * The following abilities have received significant adjustments to how the server handles their behavior, reducing messages sent between the client and server and reducing the total amount of Area of Effect events occurring. This will largely have little to no effect on their gameplay other than improving their response time to entering or leaving the Area of Effect. In some rarer cases, it will reduce the interaction with sets that proc off application of buffs or debuffs, since you will no longer repeatedly apply these effects to targets inside the area every tick, but rather for the duration the target is inside the area. Their synergies (when applicable) have also been updated to be far more reliable to activate when in the area and they will no longer persist for a short duration after each tick, allowing you to activate them in cases where they could fail or were already used, going on cooldown with no effect, or gaining their effects despite already being used. ** Blood Altar and morphs *** In an instance where Blood Feast and Blood Funnel are both available, Blood Feast will now always take priority as it is stronger than Blood Funnel. ** Bone Totem and morphs ** Boneyard and morphs ** Cleansing Ritual and morphs ** Both morphs of Dragonknight Standard *** This will also fix an issue where the morphed version of this ability failed to properly fire its synergy, Shackle, when activated. ** Lightning Splash and morphs ** Necrotic Orbs and morphs ** Negate Magic and morphs ** Nova and morphs ** Rune Focus and morphs ** Spear Shards and morphs"
skills,Online:Lightning Splash,7.2.5,* Fixed an issue where the base ability was ending too soon and missing an extra tick of damage.
skills,Online:Lightning Splash,8.1.5,"* Reduced the damage per tick by approximately 20%. * These abilities now properly tick one final time before ending. * Reduced the cost to 2970, down from 3780. ** Liquid Lightning (morph): This morph now increases the duration by 5 seconds, down from 10 seconds."
skills,Online:Lightning Splash,8.3.5,* Conduit: Increased the damage of this synergy by 20% to ensure it stands up to other synergies' power when accounting for the fact that it also only does damage.
skills,Online:Lightning Splash,9.3.5,"* Increased the radius size of this ability and its morphs by an additional 2 meters, as they were significantly smaller than other class-based Area of Effect Damage over Time abilities with no real power justification for doing so."
skills,Online:Lightning Splash,11.0.5,* This ability and its morphs’ synergy can now be self synergized.
skills,Online:Living Vines,5.3.4,* Fixed an issue where you would slowly turn to your target receiving the cast if they ran out of your field of vision while activating. You will now immediately snap to their direction and cast the ability.
skills,Online:Long Shots,1.2.3,* This passive ability's bonus is now applied to enemies greater than 40 meters away.
skills,Online:Long Shots,2.6.5,"* Fixed an issue where Rank 2 of this passive ability was increasing all damage done instead of only Bow ability damage done, and was also granting a higher damage done bonus than described on the tooltip."
skills,Online:Long Shots,9.1.5,"*This passive now increases your damage done by 2/5% against enemies within 15 meters of you and increases your Critical Chance by 657/1314 against enemies that are further than 15 meters from you, rather than increasing your damage done with Bow attacks by 6/12% based on how far away you are *Renamed this passive to ""Vinedusk Training"" to accurately adjust its implications to its new functionality, with a flavorful lore twist. **Developer Comment: In order to help Bows feel more like additional tools for your character rather than their own isolated play style, we're expanding out this bonus two-fold to help it become a more viable option for different builds. Since this passive previously only enhanced other Bow attacks, it created situations where the weapon heavily dissuaded you to use other skills, making it feel restrictive rather than additive. By opening the bonus to work with any attack, we hope to help it feel more like other weapons as a way to synergize and play off your other actions. In addition, this passive's mini game was creating situations that heavily punished many different encounters both in PvP and PvE, where you had to maximize your range at all times from the target. By granting two individual bonuses for close range and further range, we can help enable more consistent power to the weapon, each with their own advantages, without creating frustrating game play experiences that further harmed synergy with other actions like class skills or group coordination."
skills,Online:Lotus Flower,3.0.8,"* This ability and its morphs will now critically strike based on your highest critical strike rating, instead of only your Spell Critical rating."
skills,Online:Lotus Flower,3.2.5,"* This ability and its morphs will now restore health on partially-charged Heavy Attacks, equal to the amount of health restored on Light Attacks."
skills,Online:Lotus Flower,5.0.5,* Increased the radius of the heal from this ability and its morphs to 28 meters from 12 meters to aid in better distributing the healing potential to group members.
skills,Online:Lotus Flower,7.3.5,"* Reduced the cost of this ability and its morphs to 1350, down from 2970. * The base ability now grants Major Prophecy and Savagery while active. ** Green Lotus (morph): This morph now increases the number of targets healed to 2, up from 1. It also increases the healing of the Light Attack portion to 1500, up from 1320, and the Heavy Attack portion to 4500, up from 3960, at rank 4. ** Lotus Blossom (morph): This morph now increases the duration of the effects to 60 seconds at rank 4, up from 20."
skills,Online:Lotus Flower,11.0.5,"* Decreased the healing done from fully-charged Heavy Attacks from this ability and its morphs to be 2.3 times stronger than the Light Attack value, rather than 3 times stronger, resulting in a ~23% healing reduction."
skills,Online:Low Slash,1.3.3,* Crippling Slash: This ability now has a visual effect to indicate that your target is immobilized.
skills,Online:Low Slash,1.5.2,* Low Slash: This ability now reduces enemy damage by 15%. * Crippling Slash: This ability now adds 5 Ultimate on hit. * Deep Slash: This ability now hits up to three enemies.
skills,Online:Low Slash,1.6.5,"* All ranks and morphs of Low Slash now apply the buff Minor Maim for 12 seconds. * Crippling Slash: This ability now applies the buff Minor Heroism for 8 seconds, as well as the buff Minor Maim for 12 seconds."
skills,Online:Low Slash,3.3.5,"* Fixed an issue where the snare from this ability and its morphs could be blocked. * Reduced the duration of the snare applied by this ability and its morphs to 4 seconds from 12 seconds. **Developer Comment: Powerful snares should have a short duration, while weaker snares should have a long duration; Low Slash fell outside of this ruleset and needed to be adjusted. We have plans to do a more comprehensive pass on snare durations in the future."
skills,Online:Low Slash,4.0.5,* Deep Slash: Fixed an issue where this morph would fail to apply Minor Maim to the primary target if it hit more than one enemy.
skills,Online:Low Slash,5.1.5,"* Reduced the damage dealt from this ability and the Heroic Slash morph by approximately 31%. These two abilities will also no longer snare targets. * Heroic Slash: The Minor Heroism granted from this morph will now last 12 seconds, up from 9 seconds, to better match the duration of the other bonuses. * Deep Slash: ** This ability now hits all targets in a 6 meter radius of your target, instead of only 2 targets in a 5 meter radius. ** This morph now deals the same damage to all targets hit, and deals our AoE damage standard. ** This morph also retains the 30% snare."
skills,Online:Low Slash,9.0.5,"* This ability and morphs' secondary effects now last 15 seconds, up from 12."
skills,Online:Lunar Blessings,4.3.5,"* Stealthy: Reduce detection radius by 3m and Increase damage from Stealth by 10% → Lunar Blessings: Increases your Max Health, Magicka, and Stamina by 825."
skills,Online:Lunar Blessings,6.3.5,"* Increased the Max Health, Magicka, and Stamina granted from this passive to 915, up from 825."
skills,Online:Magelight,1.4.3,* Fixed an issue where the UI wasn't updating the Spell Critical Strike rating when it was being activated near an enemy.
skills,Online:Magelight,1.4.4,* This ability will now reveal enemies to the caster instead of removing stealth or invisibility from the enemy.
skills,Online:Magelight,1.6.5,"* Magelight now grants you the buff Major Spell Crit when toggled on, instead of revealing stealthed enemies. * Radiant Magelight (morph): This ability now reveals all enemies within 12 meters of the caster, and reduces the amount of damage nearby allies will take from stealth attacks. We also edited the tooltip to clarify that it's active, you are immune to stuns from stealth attacks. * Inner Light (morph): This ability now increases your maximum Magicka by 5% instead of reducing your maximum Magicka when the ability is toggled on."
skills,Online:Magelight,2.1.4,* Clarified the tooltip for this ability to indicate that only your available Magicka for casting spells is reduced by 5%. Your maximum Magicka value remains the same; your Magicka bar will simply only recover to 95% instead of 100%. We also fixed an issue so Magelight will now always visually appear in all areas. * Might of the Guild: This passive no longer triggers when activating Magelight.
skills,Online:Magelight,2.2.4,* Inner Light: The Magelight from this ability will now disappear when the Magelight setting is set to off in the Settings menu.
skills,Online:Magelight,2.3.5,"* Revealing an enemy from stealth or invisibility with abilities such as Revealing Flare or Magelight now prevents that enemy from casting stealth or invisibility for the duration, rather than letting them re-enter stealth or invisibility but still be visible. * This ability and its morphs are no longer toggle abilities; instead, they will grant their Critical Strike rating benefits as long as they are slotted (similar to Expert Hunter). * Magelight can now be activated to summon a mote of magelight which exposes hidden or invisible enemies in a 6 meter radius for 5 seconds, and prevents revealed enemies from returning to stealth for 3 seconds. * This ability and the Radiant Magelight morph no longer decrease your maximum Magicka, due to the toggle changes noted above. * The Radiant Magelight morph will continue to prevent you from being stunned by stealth attacks, and will reduce damage from stealth attacks while slotted as a morph effect. Activating it also increases the radius of the activated reveal to 12 meters, and reduces the cost. * The Inner Light morph will continue to increase your maximum Magicka while slotted. * Might of the Guild: This passive ability can now proc the Empower buff from Magelight and its morphs."
skills,Online:Magelight,2.7.5,* Activating this ability while you have a Restoration Staff equipped will no longer break its animations. * Fixed an issue where the permanent Major Prophecy buff from this ability and its morphs was removing other temporary sources of Major Prophecy.
skills,Online:Magelight,2.7.8,* Fixed an issue where this ability and the Inferno morphs were stacking with each other. You will now only gain 10% increased Spell Critical if both abilities are slotted on your bar.
skills,Online:Magelight,3.0.5,"* Radiant Magelight (morph): ** This morph no longer passively reduces your damage taken by sneak attacks. It continues to passively prevent the stun from sneak attacks. ** Reduced the cost of this morph by approximately 10%. *** Developer Comments: Due to the reduction of sneak attack damage against other player characters, it is no longer necessary for Radiant Magelight to reduce their damage further. This prevents situations where using a sneak attack would actually do less damage than a normal attack. We've reduced the cost on this morph to make it more attractive relative to Inner Light."
skills,Online:Magelight,4.1.5,"* A visual effect will now appear over your character's head when using Detection Potions, Magelight, or Expert Hunter to notify other players of your ability to see sneaking/invisible enemies."
skills,Online:Magelight,7.1.5,"* This ability and the Inner Light morph now reveal hidden enemies within 8 meters of you, up from 6 meters. * All versions of this ability now check for hidden enemies every 500ms, instead of every second, for more responsive catching of those slippery targets. * All versions of this ability now prevent stealth and invisibility for 4 seconds, up from 3 seconds."
skills,Online:Mages' Fury,1.1.2,"* Endless Fury: This ability now restores magicka if the secondary explosion kills an enemy, in addition to the initial bolt."
skills,Online:Mages' Fury,1.2.3,* Endless Fury: Fixed an issue where this ability was not properly restoring magicka when it landed the killing blow on an enemy.
skills,Online:Mages' Fury,1.5.2,* This ability's explosion can no longer be reflected.
skills,Online:Mages' Fury,1.6.5,* Endless Fury: Increased the base value of the magicka regeneration by 25%. Fixed an issue where this ability was exploding multiple times; it is no longer endless!
skills,Online:Mages' Fury,2.4.5,"* This ability and its morphs will now be more responsive when proccing their execute damage explosion. * This ability and its morphs now proc their execute damage explosion when the target is at or below 20% Health, instead of only below 20% Health. * This ability and its morphs have had some minor visual FX improvements made and bugs fixed."
skills,Online:Mages' Fury,3.2.5,* Fixed an issue where multiple players could not maintain the execute explosion debuff on the same target.
skills,Online:Mages' Fury,4.1.5,* Fixed an issue where dodging this ability and its morphs would still apply the execute explosion debuff to you.
skills,Online:Mages' Fury,4.1.6,* Fixed an issue where Mages' Fury and its morphs could be cast - with no actual damage - when out of Magicka.
skills,Online:Mages' Fury,4.2.5,* Fixed an issue where this ability could be cast on corpses. * Fixed an issue where the execute explosion would sometimes not trigger correctly when the target fell below 20% Health. * Fixed an issue where casting this ability would aggro monsters before actually dealing damage. * Fixed an issue where you could cast this ability on a target you did not have line of sight on. * Fixed an issue where using this ability was not counting towards the Expert Mage passive.
skills,Online:Mages' Fury,5.0.5,"* Mages' Wrath (morph): ** Increased the damage of the Area of Effect damage of this ability and its morphs by 20% to put it on par with our other executes. ** Fixed an issue where this ability's detonation was able to be dodged, despite the initial hit also being able to be dodged. Now if the initial hit lands on the target, they will not be able to dodge the detonation. * Endless Fury (morph): This ability now returns Magicka if the target died within 5 seconds of taking damage, rather than only if this ability gained the killing blow. Also increased the amount of Magicka return by approximately 10%."
skills,Online:Mages' Fury,7.0.5,* Fixed an issue where the execute components of this ability and its morphs were missing rank up progression. Each version of the ability will gain a total of 3.3% damage for the execute's single target and Area of Effect component.
skills,Online:Mages' Fury,8.0.5,"* Endless Fury (morph): Reduced the cost of this morph to 2160, down from 2430 to help reinforce the idea that you are able to endlessly cast it."
skills,Online:Mages' Fury,8.3.5,"* Increased the size of the Area of Effect portion of this ability and its morphs to 5 meters, up from 4. * Fixed an issue where the execute damage from these abilities were not properly labeled as an execute. ** Mages' Wrath (morph): This morph now deals its execute damage to all targets nearby, rather than dealing an initial hit and a smaller amount of damage to nearby targets. This will result in an approximate 129% damage increase of the Area of Effect, while also causing the ability to appear under the same ability ID for combat logs."
skills,Online:Mages' Fury,11.0.5,"* This ability and its morphs now last for 2 seconds, down from 4. ** Developer Comment: We're tuning down the grace period of the infamous ""auto execute"" ability both in anticipation for subclassing and to tone down the Sorcerer's ability to easily secure kills, especially when they themselves aren't the ones always earning it. Since the class has been given plenty of other effective increases to their kit over the years, we're much more confident in this iteration of the ability to ensure it still feels significantly different and unique to other executes, while being a bit less effective at being a guaranteed death sentence."
skills,Online:Magicka Aid,1.6.5,* Fixed an issue where the extra Magicka recovery granted by this passive ability was not working properly with Guard and Revealing Flare.
skills,Online:Magicka Aid,2.0.5,* Cleanse: Fixed an issue where this ability wasn't increasing magicka regeneration from the Support passive Magicka Aid.
skills,Online:Magicka Aid,4.3.5,* Purge: Fixed an issue where this ability and its morphs did not properly benefit from the Magicka Aid passive of this skill line.
skills,Online:Magicka Controller,2.3.5,* Fixed an issue where this passive ability was not dynamically updating the stats on the Character UI when you added Mages Guild abilities to your skill bar.
skills,Online:Magicka Detonation,1.6.5,"* Magicka Detonation (new ability) ** Using this new ability will place a bomb on your target. After 4 seconds, the bomb will explode dealing high area of effect damage. This ability has a 2 second cast time. ** Inevitable Detonation: This ability will deal area of effect damage if dispelled. ** Proximity Detonation: This ability, cast upon yourself, will blow up and damage all nearby enemies after 4 seconds."
skills,Online:Magicka Detonation,2.1.4,"* This ability now adds bonus damage for the amount of targets hit by it with 5% per target, up to a maximum of 25%. * Proximity Detonation: This ability is now an instant cast. We also increased the detonation time to 8 seconds, and reduced the damage by 28% to compensate."
skills,Online:Magicka Detonation,2.1.6,* Shadow Cloak: Fixed an issue where you were not being hit by some area of effect abilities while Shadow Cloak was active. The following abilities will now correctly damage a Shadow Cloaked target: ** Dark Talons ** Inhale ** Ash Cloud ** Volley ** Arrow Spray ** Magicka Detonation ** Caltrops
skills,Online:Magicka Detonation,2.3.5,"* Reduced the damage from this ability and its morphs by 15%. * Increased the amount of additional damage per hit to 10% additional damage per target hit from 5% * Increased the cap for the bonus damage to a total of 100% more damage done, from 25% more damage done. * Inevitable Detonation (Magicka Detonation morph): Fixed an issue where this morph's effect could not be purged or cleansed. It will continue to detonate immediately when it is removed early."
skills,Online:Magicka Detonation,2.4.5,"* Reduced the damage of this ability and its morphs by 45%. They now deal 25% additional damage per target hit, up from 10%, and cap that bonus damage up to a total of 250% more damage done, up from 100% more damage done. The net result should be significantly less damage to 1 target, and slightly less damage to 10 targets. * Proximity Detonation: Fixed an issue where the red telegraph circle from this ability was remaining at the last seen spot the enemy player was before they became invisible. It will now also be invisible when the enemy player is invisible."
skills,Online:Magicka Detonation,3.3.5,* Reduced the cast time of this ability and the Inevitable Detonation morph to 1.5 seconds from 1.8 seconds.
skills,Online:Magicka Detonation,5.1.5,* Reduced the cast time of this ability and the Inevitable Detonation morph to 1 second from 1.5 seconds. * Increased the damage of all morphs by approximately 7% to ensure they deal our AoE damage standard. * Reduced the base cost of all morphs to 3510 from 4050. * Removed the maximum limit to the target scaling of these abilities so they may actually combat large groups of enemies for their intended design.
skills,Online:Magicka Detonation,7.1.5,"* Reduced the base damage of this ability and its morphs by approximately 60%, but increased the scaling per target to 100%, up from 25%. The abilities will now deal less damage than a normal Area of Effect spammable until it hits 3 or more targets. * Updated the tooltip to state the scaling works on the initial target as well. This should reduce the potency of the skill against smaller groups, while still retaining its high damage against large ones."
skills,Online:Magicka Detonation,7.3.5,* Proximity Detonation (morph): Fixed an issue where this morph was not properly scaling with your Max Stamina if it was higher than your Max Magicka.
skills,Online:Magicka Flood,1.2.3,* This ability now correctly increases your maximum magicka.
skills,Online:Magicka Flood,11.0.5,"* This passive now increases your Max Magicka and Stamina by 3/6% when you have a Siphoning ability slotted, rather than increasing your Max Magicka by 4/8% when you have a Siphoning ability slotted."
skills,Online:Magicka Mastery,4.3.5,"* Gain 3% Magicka Cost Reduction → Reduces the Magicka cost of your abilities by 7%. ** Developer Comment: The Breton race is meant to showcase the alternative side of attunement to magic, with their ability to weave spells for prolonged periods of time. Their previous cost reduction bonus was being eclipsed by other races' bonuses, so we wanted it to stand out more as their main focus. In addition to this, Bretons had a large bulk of their efficiency split between sustain and Spell Resistance, which made them feel less focused in one core theme. We've adjusted their Spell Resistance passive to be slightly less impactful, and added some additional recovery to make them the true masters of sustain of Magicka, similar to the choice between Redguard and Orc of sustain versus raw damage."
skills,Online:Magma Armor,1.1.3,* Reduced the duration of this ability.
skills,Online:Magma Armor,1.3.3,* This ability no longer stacks if you recast it before the duration expires. We also fixed an issue where this ability was doing 10x damage than intended.
skills,Online:Magma Armor,1.5.2,"* Increased the damage dealt by this ability by 30%. The damage increases with each rank for the first four ranks, and then remains constant for both morphs. The explosion from this ability and its morphs now does fire damage; the inhalation still does Magic damage."
skills,Online:Magma Armor,1.6.5,"* Magma Shell: Reduced this ability's Synergy radius to 2.5 meters, and increased the strength of the shield produced by the Synergy to 100% of your maximum health from 85%."
skills,Online:Magma Armor,2.3.5,"* Magma Shell: ** This morph no longer grants a synergy to allies for a powerful damage shield; instead, it automatically applies the damage shield on nearby allies when the ability is used. ** Increased the radius of the shield application to 8 meters from 5 meters."
skills,Online:Magma Armor,2.4.5,* Corrosive Armor: This morph now deals Poison Damage instead of Flame Damage. It now also has a new icon.
skills,Online:Magma Armor,5.0.5,"* Earthen Heart: Adjusted the duration of these skills so that their final ranks land on integers rather than fractions when you have Rank 2 of Eternal Mountain. This has resulted in the following duration changes: ** Magma Armor & morphs: Increased to 12 seconds from 10.8 seconds ** Molten Weapons & morphs: Previously 39.6 seconds, adjusted so Igneous Weapons is now 42 seconds & Molten Armaments is 36 seconds ** Obsidian Shield & morphs: Increased to 8 seconds from 7.2 seconds ** Petrify & morphs, Ash Cloud & morphs: no change ** Stonefist & morphs: Decreased to 3 seconds from 3.6 seconds"
skills,Online:Magma Armor,5.1.5,"* Corrosive Armor: ** The penetration granted from this ability now only applies to the ability itself, and Direct Damage attacks or channeled attacks like Flurry. ** If you would like more insight on this change, please read the developer comment under the Two Handed Onslaught changes, which has similar adjustments."
skills,Online:Magma Armor,7.1.5,* Corrosive Armor (morph): ** This Ultimate now grants Offensive Penetration rather than only Physical Penetration. ** Fixed an issue where the penetration check on direct damage for this morph was not consistent with other sources.
skills,Online:Magma Armor,11.0.5,"* This Ultimate and Magma Shell now also disable Ultimate generation while they are active. Additionally, these Ultimates are no longer removed when clicking their effect in the character sheet."
skills,Online:Magma Armor,11.3.4,* Combat Refresh Overhaul. Dragonknight Functionality and Balance Update.
skills,Online:Malacath's Vengeance,5.3.4,"* Updated this ability to better match its visual effects, resulting in a 700ms cast time. This will fix numerous issues where this ability could cause health desyncs or hit targets who had appeared to dodge."
skills,Online:Malevolent Offering,3.2.5,"* Agony: This ability and its morphs is now an ally-targeted spell that heals them over time and costs Health to cast instead of Magicka. We also renamed this ability to Malevolent Offering. * Malefic Wreath (Agony morph): This morph now grants Minor Mending when it deals damage to you, and has been renamed to Healthy Offering. * Prolonged Suffering (Agony morph): This morph now decreases the health cost, and has been renamed to Shrewd Offering. **Developer Notes:This redesign of Agony and its morphs gave us an opportunity to create a new ability more in-line with the theme of Siphoning. It helps Nightblades fulfill the healing role in a unique way, and synergizes with the other Siphoning abilities that let you steal health like Strife or Siphoning Strikes. You can then transfer that health to your allies."
skills,Online:Malevolent Offering,3.3.5,* Reduced the health cost of this ability and the Healthy Offering morph to 4925 from 6751. * Shrewd Offering: Reduced the health cost of this morph to 4320 from 5940.
skills,Online:Malevolent Offering,4.0.5,"* This ability and its morphs now smart heal an ally in front of you instantly, instead of healing a specific target over time. Each cast of these abilities will place a damage over time effect on you that drains your health over 8 seconds. * Fixed an issue where your character could get stuck in the animation of this ability and its morphs."
skills,Online:Malevolent Offering,7.2.5,"* This ability and its morphs now have an upfront Magicka cost of 3510 and a residual Health cost of 1080 over 3 seconds, rather than a Health cost based on a mixture of your Spell Damage and Max Magicka over 8 seconds. * These abilities can now target yourself and allies, rather than only allies. * Reworded the tooltip for these skills, now with 100% more edge factor, to help you get the blood dripping when using the skill. ** Shrewd Offering (morph): This ability now ranks up in cost reduction rather than 1.1% healing done, and its base cost has been reduced to 3240. The residual Health cost also lasts 1 second less causing it to drain less Health, to ensure its total cost is reduced to the expected level. **Developer Comment: For a long time, these abilities have had relatively low engagement due to the fact that they costed purely Health and hurt the user more the higher their stats were, making it both deadly and un-advantageous to run in situations where you needed to stay alive. In addition, the health cost had low interplay with mechanics - such as cost reduction - and made it difficult to play around, leaving its core concept unsatisfying and untapped. We've decided to switch this ability over to a Dual Cost skill with the brunt of its cost being on the Magicka side of things, and the rest of it filled in with Health (it equals the base 4590 burst heal cost that skills such as Rushed Ceremony have when you add them up!). In addition, we've allowed the heal to be self-targetable so the healer can keep themselves up in a situation of need and giving the class a much-needed reactive self-heal. Overall, we hope this helps the skill stand out as something unique and thematic to the class, with less overall restrictions and punishment on the caster."
skills,Online:Malevolent Offering,8.1.5,"* Healthy Offering (morph): Increased the duration of Minor Mending to 10 seconds, up from 8."
skills,Online:Malevolent Promise,12.0.0,"*Malevolent Promise: This passive upgrades rank 2 of Corpse Consumption to mark the closest non-player enemy to you with death's touch for 6 seconds whenever you consume a corpse, which allows you to use a corpse consuming ability against them. This can occur once every 2 seconds. Consuming or replacing this effect triggers rank 2 of Death Gleaning."
skills,Online:Mark Target,1.2.3,* Reaper's Mark: This ability's weapon and spell damage buff no longer stacks with itself - the duration of the damage buff will now just refresh upon each kill.
skills,Online:Mark Target,1.5.2,* This ability has a new first-person graphical effect.
skills,Online:Mark Target,1.6.5,"* This ability now grants the Major Breach and Major Fracture buffs. * Removed the penalty from this ability. * This ability can now be cast on any target. * Reduced the cost of this ability by approximately 50%, and reduced the duration to 20 seconds. * Piercing Mark: The duration of this ability now scales with ability ranks up to a maximum of 30 seconds. This ability now correctly reveals Vampire players who are using Clouding Swarm. * Reaper's Mark: This ability now grants the Major Berserk buff for 8 seconds after the target is killed."
skills,Online:Mark Target,4.2.5,* Piercing Mark: Decreased the duration of the detection effect to 5 seconds from 30 seconds. The duration of the Major Fracture and Breach effects remain unchanged.
skills,Online:Mark Target,4.3.5,* Updated the Death Recap hint for this ability to more accurately describe its functionality.
skills,Online:Mark Target,5.0.5,"* Removed the cost from this ability and its morphs. This was done to make it more comparable to abilities, such as Weakness to Elements, that only apply a debuff to their target."
skills,Online:Mark Target,5.1.5,"* This ability and the Reaper's Mark ability are now considered 1 negative effect, instead of 3. Piercing Mark will count as 2, due to the Reveal aspect. The conditional ""if the target dies"" bonuses from this ability and its morphs will no longer proc when using on pets."
skills,Online:Mark Target,6.3.5,"* Fixed an issue where this ability and morphs' sourcing of Major Breach would be removed if the ability was recast while still actively on a target. This effect will now be considered 2 negative effects instead of 1 - one for Major Breach and another for the Mark that grants the caster resources if the marked target dies, similar to other abilities that apply multiple effects, such as Power of the Light."
skills,Online:Mark Target,8.0.5,"* Piercing Mark (morph): ** Fixed an issue where the heal from this morph was lower than the base ability. ** Increased the duration of the effects to 60 seconds at rank IV, up from 30."
skills,Online:Mark Target,8.1.5,"* This ability and its morphs now once again cost 2700 Magicka, rather than having no cost. * These abilities will now heal you to full Health when a marked enemy dies, to sweeten the risk reward gameplay. This heal ignores Battle Spirit but does not ignore other healing reductions or bonuses. ** Reaper's Mark (morph): Increased the duration of Major Berserk granted to 10 seconds, up from 5, since the morph no longer increases the healing done as that would be unnecessary."
skills,Online:Martial Training,4.3.5,"* Exhilaration: Gain 9% Stamina Recovery → Martial Training: Reduces the cost of your Weapon abilities by 8%, and reduces the effectiveness of Snares applied to you by up to 15%."
skills,Online:Masque of Torment,3.0.5,"* Fixed an issue where ranking up a summon ability (Unstable Familiar, Summon Winged Twilight, Feral Guardian, etc.) would unsummon your pet."
skills,Online:Master Assassin,1.2.3,* This passive ability now increases spell power in addition to weapon power. Its stun duration increase has also been added to the tooltip.
skills,Online:Master Assassin,6.1.5,"* This passive's Weapon and Spell Damage is now granted to your damaging attacks against enemies you are flanking, rather than granting a universal amount while sneaking or invisible. * The Weapon and Spell Damage is now a flat 129/258, rather than granting 5/10% of your current amount."
skills,Online:Master Assassin,6.2.5,"* This passive now increases your Physical and Spell Penetration against targets you are flanking by 1487/2974, rather than your Weapon and Spell Damage against them by 129/258. **Developer Comment: While this passive is now in a much better place regarding its accessibility and use cases from Update 27, the class was performing a bit too well in high end PvE DPS. With the adjustment to Penetration, you can expect a little more damage in non-optimized PvE and PvP encounters against high mitigation targets, while tuning back some of their scaling in high end PvE content and specialized gank builds in PvP."
skills,Online:Master Assassin,11.0.5,"* This passive now increases your Critical Chance by 3.3/6.6% against enemies you flank, rather than increasing your Offensive Penetration by 1487/2974 against enemies you flank. This passive no longer extends the duration of stun from Sneak. ** Developer Comment: We're changing the reward for flanking enemies to something less difficult to build around, as Penetration tends to be a stat that is most helpful when it is consistent. The bonus is now a % chance effect, helping it feel more like an additional reward you want to get when you can, rather than a flat power increase that creates the sensation you're losing power when conditions are not met."
skills,Online:Master Ritualist,1.1.2,"* Decreased this ability's resurrection cast speed bonus. * Those who have spent Skill Points in the Master Ritualist passive will have those points returned to their overall skill point pool. You may place those Skill Points back in this ability if you wish, or invest them elsewhere."
skills,Online:Master of the Chase,12.0.5,"*Pursuit -> Master of the Chase: This passive’s bonus to Heavy Attack resource restore now only occurs at rank 2, as it is largely irrelevant for most play styles after the cost reduction changes and cuts down on performance."
skills,Online:Maturation,4.2.5,"* The Minor Toughness granted by this passive now applies even if the target was completely over-healed, and its duration has been increased to 10/20 seconds from 5/10 seconds. **Developer Comment: The goal of this change is to ensure that all types of Wardens now have the ability to bring Minor Toughness to the group."
skills,Online:Medicinal Use,1.6.6,* Medicinal Use will no longer occasionally disappear from player characters who have died.
skills,Online:Medicinal Use,2.4.7,* Fixed the Medicinal Use passive so it once again improves the duration of consumed potions.
skills,Online:Medicinal Use,2.7.5,"* Fixed an issue where the tooltip duration for potions would not change after acquiring the ""Medicinal Use"" passive."
skills,Online:Meditate,5.1.5,* Slightly reduced the healing and resource return from this ability and its morphs to land on whole numbers. * Introspection: Increased the healing of this ability by approximately 5%.
skills,Online:Mend Wounds,4.1.5,* Fixed an issue where the Light Attack heal over time from this ability could cause health desyncs.
skills,Online:Mend Wounds,5.0.5,"* Revamped this ability and its morphs. ** The Light and Heavy Attacks no longer trigger the Global Cooldown and can be weaved with other abilities. ** No longer cost resources to Light or Heavy Attack with this ability toggled. ** Light Attack now heals instantly for the same amount that a Light Attack would damage an enemy. ** Heavy Attack still channels and heals every second, but has been reduced to be the same scaling of other weapon's heavy attacks. It now restores Magicka every time it successfully heals an ally. ** Mend Spirit (morph): This morph now applies its Major Ward and Resolve to the target healed for 5 seconds, regardless of whether it was a Light or Heavy Attack. *** Developer Comment: Previously, this ability attempted to offer healers a new way to engage with their Light and Heavy Attacks, but it came at the cost of activating other abilities at the same frequency as their normal weapons' allowed them. With this new interaction, it will allow healers to choose between dealing damage or healing allies with their Light and Heavy Attacks, or even a mix of both. We will closely monitor this ability and see if the community would like to see more or less of these unique role-based game play elements in the future."
skills,Online:Mend Wounds,5.2.5,"* Fixed many issues with the animation of the Heavy Attack of this ability and its morphs. You can no longer attempt and fail to heal the wildlife (critters) of Tamriel with the Heavy Attack from these abilities, for their frail bodies cannot handle the power you wield. This also fixes an issue where your character would erratically convulse when attempting to channel these abilities on a target you couldn't actually target."
skills,Online:Mend Wounds,6.0.5,* Fixed an issue where Heavy Attacks could fail to chain properly after using this ability. * Fixed an issue where you could still get Magicka from heavy attacking a target with this ability without actually healing them.
skills,Online:Mend Wounds,7.3.6,* Fixed an issue where this ability and its morphs could cause you to be disconnected when attempting to target a target dummy. Who was the real target?
skills,Online:Mending,1.6.5,"* This passive now grants your Restoring Light heals a bonus based on the amount of missing health on the target of the heal. This can be up to a 5% bonus at Rank I, or up to a 10% bonus at Rank II."
skills,Online:Mending,2.1.4,* Fixed an issue where this passive was not applying the full percentage bonus.
skills,Online:Mending,2.2.4,"* Slightly adjusted the bonus healing functionality for this passive, which will progressively scale up as your health decreases, up to a 10% healing bonus at low health."
skills,Online:Mending,3.0.5,"* This passive ability now increases the healing done by Restoring Light abilities by 6/12% based on the target's missing health, up from 5/10%."
skills,Online:Mending,11.0.5,"* This passive now increases all of your healing done up to 13% based on your target's missing health, rather than only increasing your Restoring Light ability's healing done up to 12% based on their missing health."
skills,Online:Mending Incantation,3.0.5,"* Fixed an issue where ranking up a summon ability (Unstable Familiar, Summon Winged Twilight, Feral Guardian, etc.) would unsummon your pet."
skills,Online:Metalworking,4.1.5,"* Updated the base-rank icons for Metalworking, Tailoring, Woodworking, and Solvent Proficiency to match the facing of subsequent ranks."
skills,Online:Meteor,1.1.2,* Increased the area-of-effect damage for this ability's Ice Comet and Shooting Star morphs. * Fixed an issue where Meteor wasn't properly applying a crowd-control immunity to after knocking back the enemy target.
skills,Online:Meteor,1.2.3,"* This ability will now always deal its area-of-effect damage, even if blocked."
skills,Online:Meteor,1.3.3,"* Using this ability no longer causes health bar desyncs, and the morphs from this ability now list proper damage values in their tooltips."
skills,Online:Meteor,1.6.5,"* Reduced the cost of Meteor to 200 Ultimate. * This ability now deals full damage to all targets in the area of impact, and knocks affected targets into the air instead of knocking them back. * After impact, Meteor will leave an area of scorched ground that deals high damage for 10 seconds. * The knockback from this ability will now affect targets when the meteor hits, rather than before it hits. * Ice Comet: Increased the snare component of this ability to 85%. In addition, this morph will deal 10% more damage on initial impact than Meteor. * Updated the visual effects for Meteor and both morphs."
skills,Online:Meteor,2.0.1,"* Fixed an issue where some abilities, such as Meteor, were causing large amounts of fall damage when used against targets on ledges."
skills,Online:Meteor,2.1.4,* Shooting Star: Fixed and issue where this ability would not grant Ultimate if the target was killed.
skills,Online:Meteor,2.3.5,* Fixed an issue where the knockbacks from abilities such as Meteor or Dragon Leap could cause you to take excessive fall damage. * This ability and its morphs can no longer be reflected. We also fixed an issue where the damage over time from this ability would appear at the wrong location when cast on a moving target. * Ice Comet: Reduced the movement speed reduction effect of this morph to a 50% snare from 85%.
skills,Online:Meteor,2.3.7,* Fixed an issue where you could use multiple knockback abilities (such as Meteor) on monsters to cause them to become stuck in the air.
skills,Online:Meteor,3.2.5,* Shooting Star: Fixed an issue where this morph could be cast on dead enemies.
skills,Online:Meteor,4.2.5,* Fixed an issue where the morphs of this ability would cause your character to slide on the ground when knocked back.
skills,Online:Meteor,5.1.5,"* Removed the 6 person target cap from this ability and its morphs, since it covers a smaller area than the standard AoE Ultimates. * Reduced the Damage over Time from this ability by approximately 13% per tick, but increased the duration so it will end on a beautiful whole number when you have 2 points into Everlasting Magic. * Fixed an issue where this ability and its morphs would fail to deal damage if your character died after casting it. * Ice Comet: This morph will no longer rank up snare duration on the targets hit by the initial hit, but instead will increase in total damage dealt by 1.1% per rank. The 10% damage increase of this ability now also applies to the DoT as well."
skills,Online:Meteor,5.3.4,* Shooting Star (morph): This ability will no longer grant Ultimate for hitting corpses.
skills,Online:Might of the Guild,1.3.4,"* Fixed an issue with this passive where, when combined with using the ability Scalding Rune repeatedly, you could place many Runes down at one time."
skills,Online:Might of the Guild,1.6.5,"* Might of the Guild now has a 50% change to grant Empower at Rank I, and a 100% chance to grant Empower at Rank II."
skills,Online:Might of the Guild,2.1.4,* Lightning Splash: This ability and its morphs will no longer incorrectly trigger the Mages Guild passive Might of the Guild. * This passive no longer triggers when activating Magelight.
skills,Online:Might of the Guild,2.3.5,* This passive ability can now proc the Empower buff from Magelight and its morphs.
skills,Online:Mist Form,1.0.7,* The Elder Scroll beacon effect will no longer vanish when the carrier uses the vampire ability Mist Form. * Reduced the movement speed bonus of the ability Mist Form.
skills,Online:Mist Form,1.2.3,* This ability can no longer be interrupted.
skills,Online:Mist Form,1.3.3,* Fixed an issue where the arrow would still be visible when you activate Mist Form with a bow equipped.
skills,Online:Mist Form,1.5.2,"* Fixed an issue where this ability was reducing combat magicka regeneration, but not idle regeneration."
skills,Online:Mist Form,2.4.5,"* This ability and its morphs now remove previously applied snares and immobilizations, in addition to making you immune to any new ones while active. * Increased the cost of this ability and its morphs by approximately 5%. * Updated the tooltip for this ability and its morphs to indicate it has always disabled your Magicka Recovery while active. * Poison Mist: ** Renamed this morph to Baleful Mist. ** In addition to the changes made to the base ability, this morph now ticks and deals damage every second instead of every 1.5 seconds, causing it to deal damage 1 additional time over its duration. ** This morph now deals Magic Damage instead of Poison Damage."
skills,Online:Mist Form,2.6.11,* Eye of the Storm (Elemental Storm morph): ** Fixed an issue where this morph's visual effects would not be displayed if the caster used Mist Form.
skills,Online:Mist Form,4.0.5,* Fixed an issue where this ability and its morphs were not granting you immunity to the immobilize from poisons.
skills,Online:Mist Form,5.1.5,"* Reduced the base cost of this ability and its morphs to 5130 from 5940. * This ability now lasts 4 seconds at base. * This ability now ranks up in cost reduction, taking the base cost to 4860 at Rank IV. * Elusive Mist: Fixed an issue where the Major Expedition from this ability would persist even after casting the channeled effect. * Baleful Mist: ** This ability no longer ranks up in cost reduction, but instead gains 1.1% damage per rank. ** Increased the frequency of damage to 0.5 seconds from 1 second, but decreased the damage of the DoT by approximately 30% per tick."
skills,Online:Mist Form,6.0.5,"* Fixed numerous issues relating to persistent visuals disappearing when using this ability or its morphs. * This ability has been moved to the 5th Skill in the Skill Line. * All experience earned in Mist Form has been preserved. * This ability is now a toggle ability, draining your Magicka every second while it is toggled on. It still requires you to channel it while it is toggled on, so you cannot use other abilities while in Mist Form. * Elusive Mist (Morph 1) - This morph remains unchanged, and grants you Major Expedition while in the form. * Blood Mist (Morph 2) - This new morph deals damage to enemies around you and heals for the damage caused."
skills,Online:Mist Form,6.1.5,"* Fixed an issue where speed ribbons would appear while channeling this ability, which applied to an invisible husk of your old form before you twisted it to gain unholy powers."
skills,Online:Mist Form,6.3.5,"* Fixed an issue where this ability and its morphs would cancel themselves while falling. * Fixed an issue where these abilities could fail to grant proper CC immunity in some cases. * Fixed an issue where attempting to use this ability after using a cast time ability would cause you to enter and immediately leave the form. * Fixed an issue where you could unintentionally gain the benefit of certain sets while channeling this ability or its morphs. This ability and its morphs now also disable your Health, Magicka, and Stamina Recovery while channeling, rather than just Magicka. **Developer Comment: Currently, Mist Form and its morphs are proving to be far too powerful at helping players reset fights in their favor, gaining tremendous damage mitigation while also recovering their resources to get back in the fight, making Vampires incredibly frustrating to fight against. While we want to give the playstyle another tool to disengage from a fight until they have a better opportunity to attack, the current ability is just too strong at doing that. We've targeted the ability to regenerate Health and Stamina while in this state to make it harder to stay in the form perpetually, and to make sure that pressure applied to a player beforehand is less easily recuperated."
skills,Online:Mist Form,7.2.5,"* This ability and morphs' damage reduction now only works against player attacks, rather than any attack, to prevent it from invalidating many threats in PvE encounters. **This ability has been growing in popularity as a one-size-fits-all problem solver to many challenges in PvE areas that attempt to push the player to adjust their strategies, leading to many situations that trivialize difficulty or enforce the idea that players must be a vampire to do content. Mist Form is meant to be used as a disengagement tool, and the current iteration is currently enabling it to be used as a stand-your-ground ability in PvE. Moving forward, we are restricting the damage reduction to PvP to help stave off damage as you retreat, while removing it as an outright defensive tool in PvE."
skills,Online:Mist Form,7.2.7,* Fixed an issue where this ability's damage reduction did not work against all incoming player attacks.
skills,Online:Mist Form,8.3.5,"* This ability and its morphs are no longer a toggled ability that reduce your damage taken from players or grant crowd control immunity while active. Instead, they now teleport you to the position of your cursor, up to a maximum of 15 meters away, and reduce your damage taken from the next 3 projectiles by 100% while teleporting. Casting any of these abilities will increase the cost of the ability by 33% for 4 seconds. The base cost is now 4050 per cast, which reduces to 3780 at rank IV of the base ability. ** Elusive Mist (morph): This morph now grants Major Expedition and Major Evasion for 4 seconds after reappearing, rather than just Major Expedition. ** Blood Mist (morph): *** This morph now causes you to deal damage around you and heal for 45% of the damage caused once every 2 seconds over 20 seconds after activating the ability, rather than once every second while active. *** Increased the damage per tick by approximately 9%. **Developer Comment: This skill has been a wild ride for the past 8 years and while we tried to preserve the original skill as much as we could with the rework, we've run into far too many issues with how the skill was used and how it operated, and its current iteration doesn't have enough use between all gameplay types. While it was a widely used skill and could be a lot of fun to play with, it was creating many unhealthy gameplay implications in both PvE and PvP and was being used in ways that didn't feel very Vampiric in nature. We've decided to go back to the drawing board to hit on what the original skill was trying to evoke in terms of feel and use. To try and retain the element of slipping into mist and evading attacks, we've shifted the skill into more of a movement-oriented ability, rather than a pure utility and defensive one, causing you to slip into mist temporarily to evade projectiles and make a hasty retreat or engage. The morphs still focus on the same options as well, where Elusive Mist doubles down on the slippery nature of the skill with bonuses and mitigation, while Blood Mist continues to reward those blood thirsty play styles with life steal. Also be wary of those pesky Fighters Guild attackers! They know how to get around all of these nasty new tricks."
skills,Online:Molten Weapons,1.5.2,"* When a second Dragonknight casts this ability, a first caster of the ability no longer loses their caster ability bonus."
skills,Online:Molten Weapons,1.6.5,"* This ability will no longer buff allies. Instead, activating Molten Weapons will increase your heavy attack damage by 40% for 7 seconds. The duration increases with each additional rank. * Igneous Weapons: Using a heavy attack while this ability is active will increase its duration by one second. * Molten Armaments: This ability now increases the extra damage against low health targets. * Slightly reduced the cost of Molten Weapons and its morphs."
skills,Online:Molten Weapons,2.3.5,"* This ability and its morphs now applies a 30 second Major Sorcery buff for you and nearby allies. * Igneous Weapons: This morph will now grant you and your allies the Major Brutality buff for 30 seconds, in addition to the Major Sorcery buff. * Molten Armaments: ** This morph now increases your own fully-charged Heavy Attack damage by 40% for 30 seconds in addition to granting the Major Sorcery buff. ** This morph will now apply the fully-charged Heavy Attack damage bonus to Lightning and Restoration Staves."
skills,Online:Molten Weapons,2.4.8,* Weapon effects such as Molten Armaments will no longer appear incorrectly on certain weapons after weapon swapping.
skills,Online:Molten Weapons,4.2.5,* Igneous Weapons: Fixed an issue where this morph did not improve as it ranked up. It will now increase by 1 second per rank.
skills,Online:Molten Weapons,4.3.5,"* Abilities that provide Major Buffs that are not associated with healing or damage will now apply to a maximum of 12 targets. Below are the following abilities affected by this change: ** Frost Cloak & morphs now affect 12 targets instead of 6 ** Molten Weapons & morphs now affect 12 targets instead of 6 ** Rapid Maneuvers & morphs now affect 12 targets instead of 24 ** War Horn & morphs now affect 12 targets instead of 24 **Developer Comment: Due to the structure of our group sizes and targeting systems in place, we wanted a healthier balance in terms of how abilities hit targets. Previously, many abilities only hit 6 players (such as Molten Weapons or Frost Cloak), while other abilities hit 24 players (Rapids or Warhorn) which left a large disparity in their performance in how groups engaged with them. We used the Trial group size as a healthy medium since it was in the middle of 4-player dungeon content and large-scale warfare in Cyrodiil. Please note that we consider abilities that heal or do damage as higher impact, thus their additional affixes will continue to only hit 6 targets for the time being."
skills,Online:Molten Weapons,5.0.5,"* Earthen Heart: Adjusted the duration of these skills so that their final ranks land on integers rather than fractions when you have Rank 2 of Eternal Mountain. This has resulted in the following duration changes: ** Magma Armor & morphs: Increased to 12 seconds from 10.8 seconds ** Molten Weapons & morphs: Previously 39.6 seconds, adjusted so Igneous Weapons is now 42 seconds & Molten Armaments is 36 seconds ** Obsidian Shield & morphs: Increased to 8 seconds from 7.2 seconds ** Petrify & morphs, Ash Cloud & morphs: no change ** Stonefist & morphs: Decreased to 3 seconds from 3.6 seconds"
skills,Online:Molten Weapons,5.2.5,"* This ability and its morphs now grant Major Brutality and Sorcery at base. * Igneous Weapons (morph): ** This morph now increases the duration further to 42 seconds at Rank I, up from 32. It also increases the radius to 36 meters, up from 28 meters. * Molten Armaments (morph): ** Fixed numerous issues where the Heavy Attack damage bonus from this morph was not applying to attacks it previously had, such as Restoration Staves or your Off-Hand Dual Wield attacks."
skills,Online:Molten Weapons,5.3.4,* Molten Armaments (morph): Fixed an issue where the Major Brutality granted from this ability could fail to apply to group members in certain situations.
skills,Online:Molten Weapons,7.0.5,* Molten Armaments (morph): Fixed an issue where this ability could fail to apply some of its buffs to group members.
skills,Online:Molten Weapons,7.1.5,* Fixed an issue where you could not cast this ability or its morphs on nearby neutral enemies.
skills,Online:Molten Weapons,8.1.5,"* Igneous Weapons (morph): This morph now extends the duration of the effects to up to 60 seconds, up from 45. * Molten Armaments (morph): This morph now grants the caster Empower for the duration of the effect, rather than increasing the damage of their Heavy Attacks by a unique value."
skills,Online:Molten Weapons,11.3.4,* Combat Refresh Overhaul. Dragonknight Functionality and Balance Update.
skills,Online:Momentum,1.1.2,* Rally: Increased the self-healing amount granted at the end of this ability.
skills,Online:Momentum,1.5.2,"* This ability now gives a flat 20% bonus to power instead of increasing over time. * This ability will now heal you while it's active, and the duration has been increased to 30 seconds. * Rally: This ability now gains an increased heal value over time, instead of healing for a flat value. This ability can also be activated at any time to instantly heal you."
skills,Online:Momentum,1.5.4,* Fixed an issue where the heal from this ability could be blocked or dodged.
skills,Online:Momentum,1.6.5,"* All ranks and morphs of Momentum now all apply the Major Brutality buff. * Forward Momentum: Reduced the cost of this ability. This ability also now prevents you from becoming snared or immobilized, and lasts for 3.5 seconds at Rank IV. * Rally: Fixed an issue where casting Rally while crouching and hidden will no longer guarantee you to proc a critical heal."
skills,Online:Momentum,2.3.5,* Fixed an issue with this ability and the Forward Momentum morph where the heal over time would always critically strike if the caster was crouched. * Rally: Fixed an issue where the final heal value from this morph would sometimes be significantly lower than intended.
skills,Online:Momentum,2.4.5,* Forward Momentum: Increased the duration of the snare and immobilization immunity provided by this morph to 5/6/7/8 seconds at Ranks I/II/III/IV from 2/2.5/3/3.5 seconds.
skills,Online:Momentum,2.7.5,* Adjusted the order of the Active Abilities in this skill line. They now unlock in the following order: ** Uppercut ** Critical Charge ** Cleave ** Reverse Slash ** Momentum ***Developer Comment: This change is aimed at newer players. Our intention for this weapon line and the ones below is getting players into the habit of using their primary damage ability as soon as possible.
skills,Online:Momentum,4.2.5,* Forward Momentum: Reduced the duration of the snare immunity from this ability to 4 seconds from 8 seconds.
skills,Online:Momentum,4.3.5,* Fixed an issue where the healing from this ability and its morphs were unintentionally procing melee attack-related requirements.
skills,Online:Momentum,5.1.5,"* Reduced the duration of this ability and its morphs to 20 seconds from 30 seconds. * Reduced the cost to 3780 from 4050. * This ability and its morphs will no longer apply a heal over time to you, but instead will grant Minor Endurance for the duration of the Major Brutality. * Forward Momentum: This morph now reduces in cost as the ability ranks up. * Rally: Increased the baseline heal from this ability by 100%, but reduced the maximum scaling bonus to 300% from 564%. The heal will now require the full 20 second duration to reach the maximum bonus, instead of reaching its maximum bonus 70% of the way through."
skills,Online:Momentum,5.2.5,* Fixed an issue where the animation of this ability would fail to display if you had a longer source of Major Brutality on your character.
skills,Online:Momentum,7.0.5,* Rally (morph): ** Fixed an issue where this ability's initial cast was not considered a heal in some cases. ** Made numerous improvements to this ability's stacking heal bonus to reduce the cases where the bonus to the heal would remain or be lost in cases where it shouldn't.
skills,Online:Momentum,7.3.5,"* This ability and its morphs now also grant Major Sorcery for their duration. ** Forward Momentum (morph): *** Increased the final cost of this ability to 3240, up from 2700. *** Increased the duration of Major and Minor buffs provided from this ability to 40 seconds, up from 20."
skills,Online:Mountain's Blessing,1.6.5,"* This passive now also grants all allies within 30 meters the buff Minor Brutality for 10 seconds at Rank I, or 20 seconds at Rank II. This passive ability now grants three Ultimate every six seconds at Rank II."
skills,Online:Mountain's Blessing,2.3.5,"* This passive ability now grants the Minor Brutality buff any time an Earthen Heart ability is activated. The Ultimate gain portion of the passive still can only be granted while you are in combat, and the tooltip has been updated to convey this."
skills,Online:Mountain's Blessing,11.3.4,* Combat Refresh Overhaul. Dragonknight Functionality and Balance Update.
skills,Online:Mystic Fortress,3.0.5,"* Fixed an issue where ranking up a summon ability (Unstable Familiar, Summon Winged Twilight, Feral Guardian, etc.) would unsummon your pet."
skills,Online:Nature's Gift,3.1.5,* Updated this passive ability's tooltip to indicate its cooldown.
skills,Online:Nature's Gift,11.0.5,"* Increased the Magicka or Stamina restored from this passive to 138/277, up from 125/250."
skills,Online:Nature's Grasp,3.0.8,* You can no longer use Frozen Gate to pull other players into spawn locations in Imperial City. You can also no longer cast Nature's Grasp abilities to get back into respawn locations.
skills,Online:Nature's Grasp,3.1.5,* Fixed an issue where this ability and its morphs could be cast on certain critters.
skills,Online:Nature's Grasp,3.1.6,* Removed an erroneous tooltip from the Nature's Grasp Suppression effect from the list of Active Effects.
skills,Online:Nature's Grasp,3.2.5,"* Increased the range of this ability and its morphs to 28 meters from 22 meters. **Developer's Comments:Increasing this to match the range of other heal abilities in the game makes it easier to use and target allies who are spread out. * Bursting Vines: Increased the projectile speed for this morph by 100%, and increased the heal from this morph by 10%. **Developer's Comments: As this is a burst heal, we've significantly increased the travel speed to help it fulfill the role of saving a low-health ally. It heals for less than Rushed Ceremony, but has a cheaper cost."
skills,Online:Nature's Grasp,4.0.5,"* This ability and the Nature's Embrace morph now grant 3 Ultimate when the healing over time completes. * Bursting Vines: This morph now grants 10 Ultimate when used on an ally under 60% Health, and added a 4 second cooldown."
skills,Online:Nature's Grasp,4.2.5,* This ability can now target your Feral Guardian and its morphs.
skills,Online:Nature's Grasp,5.0.5,"* This ability and its morphs now scale with your highest offensive stats, rather than just your Max Magicka and Spell Damage."
skills,Online:Nature's Grasp,5.1.5,* Decreased the heal over time for this ability and its morphs by approximately 24% per tick. * Bursting Vines: Increased the burst heal by approximately 13%.
skills,Online:Nature's Grasp,7.3.5,"* Reduced the healing from this ability and the Nature's Embrace morph by 10%. ** Bursting Vines (morph): Reduced the healing from this morph by 25% to ensure it is not stronger than other burst heal abilities, such as Rushed Ceremony."
skills,Online:Nature's Grasp,8.1.5,* Reduced the healing per tick of this ability and Nature's Embrace by approximately 33%.
skills,Online:Near-Death Experience,11.0.5,"* This passive now increases your Critical Chance with healing based on your targets' missing Health by up to 6/12%, down from 10/20%."
skills,Online:Necrotic Orb,1.3.3,* Activating the Intensify synergy no longer makes all Energy Orbs (Necrotic Orb morph) in the area explode.
skills,Online:Necrotic Orb,1.4.3,* Shadow Cloak: This ability is no longer removed by the following ticking damage abilities. ** Agony ** Bat Swarm ** Caltrops ** Cripple ** Entropy ** Fire Rune ** Necrotic Orb ** Path of Darkness ** Soul Tether ** Trap Beast ** Volley ** Wall of Elements ** All elemental procs
skills,Online:Necrotic Orb,1.6.5,* Increased the damage per tick dealt by this ability by 30%. * Energy Orb: This ability now heals allies instead of damaging enemies. Activating the Synergy for this morph triggers a power area of effect heal and destroys the orb. * Updated the visual effects for Necrotic Orb.
skills,Online:Necrotic Orb,2.1.4,"* Fixed an issue with this ability and its morphs that was allowing multiple player characters to use the synergy of a single orb. Now, only one synergy can be activated for each orb. This ability can now also travel further over hilly terrain."
skills,Online:Necrotic Orb,2.2.4,* Energy Orb: Fixed an issue where you could unintentionally trigger the synergy multiple times per single cast.
skills,Online:Necrotic Orb,2.2.5,"* Adjusted several abilities to improve overall game performance. Affected abilities will now tick less frequently, but deal more damage such that overall damage should remain constant. The affected abilities include: ** Blazing Spear ** Consuming Darkness and its morphs ** Eruption ** Lightning Splash and its morphs ** Necrotic Orb and its morphs ** Path of Darkness and its morphs ** Radiant Destruction and its morphs"
skills,Online:Necrotic Orb,2.2.7,"* Fixed several minor issues for the following abilities, based on the adjustments made in patch v2.2.5: ** Blazing Spear: Decreased the damage values, which were previously higher than intended. ** Eruption: Enemies in the area of effect will now always be snared. ** Path of Darkness: The caster in the area of effect will now always receive the Major Expedition buff. ** Necrotic Orb and its morphs: Decreased the damage and healing values, which were previously higher than intended."
skills,Online:Necrotic Orb,2.3.5,* Fixed an issue with the synergies of this ability and its morphs not scaling with the synergy user's highest statistics. * Energy Orb: Fixed an issue where you were able to block the healing synergy from this ability.
skills,Online:Necrotic Orb,3.0.5,"* Necrotic Orb: The synergy from this ability and its morphs now restore Stamina or Magicka to the synergy-user, whichever resource pool is larger. The amount restored is now based on your character level instead of your Max Resource. The synergy also has a shared cooldown with the Spear Shards synergy. ** Developer Comments: This allows classes other than Templars to bring a powerful resource restore synergy to the group as a substitute to Spear Shards. * Mystic Orb: This morph now increases the damage the orb deals."
skills,Online:Necrotic Orb,3.1.5,* Fixed an issue where the cooldown buff from Spear Shards and Necrotic Orb's synergy had different names.
skills,Online:Necrotic Orb,3.3.5,* Combustion and Healing Combustion (synergies) ** Fixed an issue where using the synergy would not explode the closest orb to you.
skills,Online:Necrotic Orb,5.1.5,"* Reduced the base cost of this ability and its morphs to 3780 from 4590. * Reduced the damage per tick of this ability and the Mystic Orb morph by approximately 13%, but it can now deal damage every half second instead of every second. * You can only have 1 orb active at a time. * Decreased the speed to 2 meters per second from 3 meters per second to help it deal damage or heal targets more reliably as the orb passes them. * Energy Orb: Increased the healing per tick of this ability by approximately 20% since the morph only converted functionality, without necessarily improving it. * Healing Orbs: Increased the healing per tick of this ability by approximately 7%, and fixed an issue where allies affected by the Heal from this ability were unable to take damage from Necrotic or Mystic Orbs from some players. * Combustion and Healing Combustion (synergies): These synergies will no longer remove their parent abilities when activated. This means a single orb can now provide a synergy to anyone in its path, and will not be removed for other players once it is activated. ** Developer Comment: Traditionally a synergy, when activated, removes the ability to activate the synergy for further allies, but keeps its parent object so the caster does not lose effectiveness for being a team player, as seen with abilities such as Spear Shards. In the case of Necrotic Orb and its morphs, due to their mobile existence and skill shot nature, we wanted to better reward anyone able to move or aim to react to these abilities properly, and allowed them to have an ally synergize them as long as they are not on cooldown for the synergy type."
skills,Online:Necrotic Orb,7.0.5,"* The following abilities have received significant adjustments to how the server handles their behavior, reducing messages sent between the client and server and reducing the total amount of Area of Effect events occurring. This will largely have little to no effect on their gameplay other than improving their response time to entering or leaving the Area of Effect. In some rarer cases, it will reduce the interaction with sets that proc off application of buffs or debuffs, since you will no longer repeatedly apply these effects to targets inside the area every tick, but rather for the duration the target is inside the area. Their synergies (when applicable) have also been updated to be far more reliable to activate when in the area and they will no longer persist for a short duration after each tick, allowing you to activate them in cases where they could fail or were already used, going on cooldown with no effect, or gaining their effects despite already being used. ** Blood Altar and morphs *** In an instance where Blood Feast and Blood Funnel are both available, Blood Feast will now always take priority as it is stronger than Blood Funnel. ** Bone Totem and morphs ** Boneyard and morphs ** Cleansing Ritual and morphs ** Both morphs of Dragonknight Standard *** This will also fix an issue where the morphed version of this ability failed to properly fire its synergy, Shackle, when activated. ** Lightning Splash and morphs ** Necrotic Orbs and morphs ** Negate Magic and morphs ** Nova and morphs ** Rune Focus and morphs ** Spear Shards and morphs * This ability and its morphs now tick once every second, rather than every half second. * Increased the damage per tick of this ability and the Mystic Orbs morph by approximately 16%. * Decreased the travel speed of the orb so it's easier to land multiple ticks on low mobility enemies. This will be an overall DPS loss, getting these abilities closer to other AoE DoTs in power. Note these will still be stronger than most other DoTs due to having higher variance of performance, especially in high mobility in encounters. * Fixed an issue where the AoE size of the synergy from this ability and its morphs were 7 meters instead of 8 meters. ** Healing Orbs (morph): Increased the healing per tick of this morph by approximately 38%. This will result in less total healing overall but will still be stronger than most other AoE HoTs due to its mobile nature."
skills,Online:Necrotic Orb,8.1.5,"* Reduced the damage per tick by approximately15%. * Reduced the cost of Necrotic Orb and the Mystic Orb morph to 2970, down from 3780. * Increased the movement speed to 1.2 meters per second, up from 1 meter per second. ** Mystic Orb (morph): This morph now increases your Health, Magicka, and Stamina Recovery by up to 100 while its active, rather than increasing the damage done by 20%. ** Energy Orb (morph): *** This morph retains its original duration, movement speed, tick rate, and cost. *** This morph now ticks 1 extra time over its duration. *** Reduced the healing per tick by less than 1%."
skills,Online:Negate Magic,1.3.3,* The abilities Hardened Ward and Negate Magic no longer share the same icon.
skills,Online:Negate Magic,1.4.3,* Negate Magic cast by NPCs will now remove buffs that you cast upon them.
skills,Online:Negate Magic,1.6.5,"* This Ultimate ability now removes enemy-placed effects when it is initially cast instead of constantly for the entire duration of the ability. * Reduced the cost of this ability by 10%. * Suppression Field: This ability has been redesigned, and now applies the Minor Protection buff to your allies inside the field. * Absorption Field: This ability has been redesigned. Allies who pass through the field now gain the buffs Major Expedition, Major Intellect, Major Fortitude, and Major Endurance for 12 seconds. * Several monster abilities that could not be previously dispelled by the Sorcerer ability Negate Magic can now be dispelled. This includes the following: ** Angof - Angof's Reach ** Battlemage - Ice Cage ** Flame Atronach - Lava Geyser ** Frost Atronach - Chilling Aura ** Gargoyle - Lava Geyser ** Lich - Defiled Ground, Soul Cage ** Nereid - Water Geyser ** Scamp - Rain of Fire ** Spider Daedra - Lightning Storm ** Thunder Bug - Thunderstrikes ** Titan - Soul Flame ** Wispmother - Rain of Wisps"
skills,Online:Negate Magic,2.3.5,* Fixed an issue where this ability and its morphs would not apply crowd control immunity to monsters at the end of their stun durations.
skills,Online:Negate Magic,2.4.5,"* Absorption Field: Redesigned this morph so it now heals you and your allies standing within the area of effect, in addition to stunning or silencing enemies. * Suppression Field: Redesigned this morph so it now damages enemies standing within the area of effect, in addition to stunning or silencing enemies. Also fixed an issue where the damage from this morph could not critically strike."
skills,Online:Negate Magic,2.6.4,"* Monsters stunned by Negate Magic are now stunned for 3 seconds, up from 0.6 seconds. ** Negate Magic no longer affects objects outside the area indicated by its telegraph. ** Negate Magic now correctly removes dispellable area effects. ** Negate Magic now displays an area indicator, and requires a line of sight to cast. ** The silence from Negate Magic now displays a visual effect so you can tell you are silent."
skills,Online:Negate Magic,3.0.5,* Silence no longer stops Watchers from attacking.
skills,Online:Negate Magic,4.0.5,* Increased the duration of this ability and its morphs to 12 seconds from 10 seconds. **Developer Comments: This was done to make up for the fact that the Persistence passive was redesigned (details below) and no longer affects this iconic Ultimate ability. The net effect is the total duration will remain unchanged.
skills,Online:Negate Magic,5.0.5,* Fixed an issue where this ability would fail to continue suppressing Area of Effect abilities inside of the area. * Updated the tooltip to better describe the function of this Ultimate.
skills,Online:Negate Magic,7.0.5,"* The following abilities have received significant adjustments to how the server handles their behavior, reducing messages sent between the client and server and reducing the total amount of Area of Effect events occurring. This will largely have little to no effect on their gameplay other than improving their response time to entering or leaving the Area of Effect. In some rarer cases, it will reduce the interaction with sets that proc off application of buffs or debuffs, since you will no longer repeatedly apply these effects to targets inside the area every tick, but rather for the duration the target is inside the area. Their synergies (when applicable) have also been updated to be far more reliable to activate when in the area and they will no longer persist for a short duration after each tick, allowing you to activate them in cases where they could fail or were already used, going on cooldown with no effect, or gaining their effects despite already being used. ** Blood Altar and morphs *** In an instance where Blood Feast and Blood Funnel are both available, Blood Feast will now always take priority as it is stronger than Blood Funnel. ** Bone Totem and morphs ** Boneyard and morphs ** Cleansing Ritual and morphs ** Both morphs of Dragonknight Standard *** This will also fix an issue where the morphed version of this ability failed to properly fire its synergy, Shackle, when activated. ** Lightning Splash and morphs ** Necrotic Orbs and morphs ** Negate Magic and morphs ** Nova and morphs ** Rune Focus and morphs ** Spear Shards and morphs * The morphs of this ability now tick every 1 second instead of 500ms. * Increased the potency of their ticks by 103.3% to ensure their DPS/HPS remains almost the same, as well as fixing an issue where their values were missing rank up progression built into them. * Scrolling Combat Text now properly displays successful silences with these abilities."
skills,Online:Negate Magic,7.0.6,* Fixed an issue where this Ultimate and morphs' dispel failed to target most Area of Effects.
skills,Online:Negate Magic,9.0.5,"* Fixed an issue with this Ultimate and its morphs where they could not dispel another version of themselves. Previously, Negate Magic would only dispel Absorption Field or Suppression Field but fail to dispel an enemy Negate Magic, or any permutation where the Ultimates were of the same version. Now, any version of these Ultimates will actively dispel any version of the Ultimates they are placed on if they are sourced from enemies."
skills,Online:Nocturnal Inspiration,12.0.0,"*This passive upgrades rank 2 of Hemorrhage to have a chance equal to your Weapon Critical chance to grant you 2 Ultimate, up to once every 3 seconds."
skills,Online:Nothing Wasted,12.0.0,"*Nothing Wasted: This passive upgrades rank 2 of Corpse Consumption to also grant a stack of Nothing Wasted for 12 seconds every time you consume a corpse, up to 10 stacks max. Nothing Wasted increases your Max Health and Weapon and Spell Damage by 2% per stack. If the stacks reach their full duration, they instead lose 3 stacks and refresh, rather than losing all stacks."
skills,Online:Nova,1.2.3,"* This ability can now deal critical strikes, and the damage-per-tick has been increased by 20%. * Solar Disturbance: This ability now scales in damage from ranks I-IV, and now snares your targets by 60% at all ranks."
skills,Online:Nova,1.6.5,"* Fixed several issues where some area of effect abilities weren't prioritizing targets that were far away from the caster, instead of targets closest to the caster. ** The bonus damage done will apply to the 6 targets closest to the center of the sun for placed area of effect abilities, such as Nova. * Decreased cost of this ability and its Morphs to 250 Ultimate from 300 Ultimate. * Supernova: Decreased the synergy activation range to 2.5 meters. * Solar Prison: Increased the damage dealt by this ability by about 17%. * Solar Disturbance: Increased the snare component of this ability to 65% from 60%."
skills,Online:Nova,2.3.5,* Reduced the effects and visual light intensity for this ability and its morphs. * Increased the damage from the Supernova and Gravity Crush synergies by 16%. * Increased the activation range for the Supernova and Gravity Crush synergies to 3.5 meters from 2.5 meters.
skills,Online:Nova,3.0.5,* This ability now applies Major Maim instead of reducing the target's damage by 30%. * Decreased the time it takes for the nova to land for this ability and its morphs to 0.5 seconds from 0.75 seconds. **Developer Comments: The power level of this ability didn't justify it having such a long delay. We've shortened the time it takes for it to land to make it easier to hit moving targets.
skills,Online:Nova,4.0.5,* Solar Disturbance: This morph now increases the duration of the Major Maim debuff it applies to 4 seconds.
skills,Online:Nova,5.3.4,* This ability and its morphs now have a negative telegraph so you can properly tell if the heavens are being called down to protect you or smite you. * Fixed an issue where this ability's damage did not properly generate hit reactions against enemies.
skills,Online:Nova,7.0.5,"* Removed visual and sound effects from each of the following ground effects' ticks to reduce battlefield clutter and noise: ** Graveyard and morphs ** Lightning Splash and morphs ** Nova and morphs * The following abilities have received significant adjustments to how the server handles their behavior, reducing messages sent between the client and server and reducing the total amount of Area of Effect events occurring. This will largely have little to no effect on their gameplay other than improving their response time to entering or leaving the Area of Effect. In some rarer cases, it will reduce the interaction with sets that proc off application of buffs or debuffs, since you will no longer repeatedly apply these effects to targets inside the area every tick, but rather for the duration the target is inside the area. Their synergies (when applicable) have also been updated to be far more reliable to activate when in the area and they will no longer persist for a short duration after each tick, allowing you to activate them in cases where they could fail or were already used, going on cooldown with no effect, or gaining their effects despite already being used. ** Blood Altar and morphs *** In an instance where Blood Feast and Blood Funnel are both available, Blood Feast will now always take priority as it is stronger than Blood Funnel. ** Bone Totem and morphs ** Boneyard and morphs ** Cleansing Ritual and morphs ** Both morphs of Dragonknight Standard *** This will also fix an issue where the morphed version of this ability failed to properly fire its synergy, Shackle, when activated. ** Lightning Splash and morphs ** Necrotic Orbs and morphs ** Negate Magic and morphs ** Nova and morphs ** Rune Focus and morphs ** Spear Shards and morphs * The synergy from this Ultimate and the Solar Disturbance morph, Supernova, now stuns enemies for 3 seconds, up from 2.5 seconds. * Removed the target cap for the damage, Major Maim, and Synergy Damage + Stun on all versions of these Ultimates. * Fixed an issue where Major Maim from these Ultimates was applying twice, resulting in more damage reduction than intended. ** Solar Prison (morph): *** The synergy from this morph, Gravity Crush, now has the proper radius of 8 meters instead of 10. *** Increased the damage of this synergy by approximately 14%. ** Solar Disturbance (morph): *** Reduced the base cost of this morph to 225, down from 250. *** This Ultimate now ranks up in duration of the Major Maim applied to enemies, rather than damage done. *** Major Maim now lasts 7 seconds at base and ranks up to 10 seconds, rather than 4 seconds at all ranks."
skills,Online:Nova,7.3.5,* Fixed an issue where this Ultimate and its morphs would fail to apply its ground effects if cast more than 20 meters away from yourself.
skills,Online:Obsidian Shield,1.2.3,* Igneous Shield: **This ability now increases the healing you deal to allies for 5 seconds instead of increasing your shield value. **This ability's healing buff no longer stacks.
skills,Online:Obsidian Shield,1.4.3,* Fragmented Shield: This ability now only deals area damage around the caster instead of all allies.
skills,Online:Obsidian Shield,2.3.5,* Obsidian Shield: Igneous Shield's increased damage shield effect is now a baseline effect for Obsidian Shield. **Note: The Igneous Shield morph will continue to grant you the Major Mending buff as a morph effect.
skills,Online:Obsidian Shield,2.4.5,"* Reduced the duration of this ability and its morphs to 6 seconds from 20 seconds. * Fragmented Shield: In addition to the changes made to the base ability, we also increased the damage this morph deals when the shield expires or is removed by 30%."
skills,Online:Obsidian Shield,3.0.5,* Igneous Shield: Decreased the duration of the Major Mending buff granted by this morph to 2.5 seconds from 6 seconds. **Developer Comment: Major Mending is an extremely potent buff category for healing. The ease at which you are able to maintain it creates a system where only extreme damage can kill you because your health bar rapidly swings from near-empty to full. Adjusting the uptime on Igneous Shield's Major Mending means you will need to think more tactically about when to use your healing abilities. We have made similar changes to other classes with this goal in mind; access to the Major Mending buff is now much rarer. * Obsidian Shard: Fixed an issue where the friendly heal from this morph could be dodged.
skills,Online:Obsidian Shield,3.0.7,"* Reduced the strength of the damage shield you apply to allies to 10% of your max health, down from 15%. * Increased the strength of the damage shield you apply to yourself by 200%. The total shield value on yourself should remain unchanged after these changes. **Developer Comment: Dragonknights stacking Max Health could create extremely powerful damage shields on multiple allies at the same time, making some encounters easier than intended. We've kept the damage shield strength on the casting Dragonknight the same, while making it less effective on allies."
skills,Online:Obsidian Shield,4.0.5,"* This ability now grants you Major Mending for 2.5 seconds as a baseline effect, but no longer grants you a stronger damage shield that absorbs 200% more damage. In addition, we've also made adjustments to both morphs: * Igneous Shield: This morph now grants you a stronger damage shield that absorbs 200% more damage. * Fragmented Shield: This morph now increases the duration of Major Mending to 4.5 seconds."
skills,Online:Obsidian Shield,4.2.5,"* Reduced the health scale of this ability and its morphs to 8% from 10%, and reduced the shield bonus for the caster of Igneous Shield from 200% bonus to 150% bonus. **Developer Comment: With these changes, Obsidian Shield and its morphs should be roughly equivalent in power as they previously were, now that armor applies to them. * Fragmented Shield: Fixed an issue where recasting this morph would not fully refresh the damage shield value."
skills,Online:Obsidian Shield,5.0.5,"* Earthen Heart: Adjusted the duration of these skills so that their final ranks land on integers rather than fractions when you have Rank 2 of Eternal Mountain. This has resulted in the following duration changes: ** Magma Armor & morphs: Increased to 12 seconds from 10.8 seconds ** Molten Weapons & morphs: Previously 39.6 seconds, adjusted so Igneous Weapons is now 42 seconds & Molten Armaments is 36 seconds ** Obsidian Shield & morphs: Increased to 8 seconds from 7.2 seconds ** Petrify & morphs, Ash Cloud & morphs: no change ** Stonefist & morphs: Decreased to 3 seconds from 3.6 seconds"
skills,Online:Obsidian Shield,8.0.5,"* Fragmented Shield (morph): Increased the duration of Major Mending granted from this morph to 6.667 seconds at base, up from 5 seconds. Don't worry though, it'll reach a nice whole number when you have your Eternal Mountain passive maxed out."
skills,Online:Obsidian Shield,11.3.4,* Combat Refresh Overhaul. Dragonknight Functionality and Balance Update.
skills,Online:On Guard (Companion),3.0.5,"* Fixed an issue where ranking up a summon ability (Unstable Familiar, Summon Winged Twilight, Feral Guardian, etc.) would unsummon your pet."
skills,Online:Opportunist,2.5.5,"* Light Armor Affinity: This passive ability has been renamed to ""Opportunist."" Also, in addition to the current benefit it now increases your Alliance Points gained by 1%."
skills,Online:Overload,1.2.3,* Significantly increased the light attack damage and cost for this ability. Ride the lightning! * Power Overload: This no longer uses the same ability bar as the werewolf.
skills,Online:Overload,1.3.3,* You will now turn to face your target when attacking with this ability. We also fixed an issue where your weapon would occasionally still appear in your hands while this ability was active.
skills,Online:Overload,1.6.5,* Reduced the initial cost of Overload and its morphs to 75 Ultimate from 125 Ultimate. * Increased the damage of Overload light attacks by 50%. * Reduced the rank up bonus damage for this ability from 3% to 1%. * Overload and Power Overload will now properly scale their damage off Weapon Damage and Stamina in the event that they are higher than Spell Power and Magicka. * Shrouded Armor: Fixed an issue where you could toggle Overload on and off repeatedly to heal yourself for large amounts with this item set. The heal on this item set now has a short cooldown.
skills,Online:Overload,2.3.5,* Power Overload: Fixed an issue where Rank IV of this morph was not gaining a damage bonus.
skills,Online:Overload,4.1.5,* Fixed an issue where the Heavy Attack from this ability and its morphs could not proc Weapon Enchantments or Poisons. * Added an error message when trying to weapon swap as a Werewolf or with Overload active.
skills,Online:Overload,4.2.5,"* This ability and its morphs no longer grant a third ability bar when toggled on. * Weapon abilities can now be used while in Overload mode, and are no longer hidden. * You can no longer generate any Ultimate while this ability is toggled on. * You can now toggle this on when you have 25 Ultimate or more, previously 75 Ultimate. * Light and Heavy Attacks are now off the global cooldown and can be woven with other abilities. * Decreased the damage of the Light Attack by approximately 50%. * Increased the damage of the Heavy Attack by approximately 60%. * Power Overload: This morph now specifies the bonus range and radius for the Light and Heavy Attacks. **Developer Comment: We want Sorcerers to feel like they have access to their full arsenal while in Overload mode. This ability is updated to better integrate with other abilities. As soon as you Overload light attack you can cast an ability, just like the light attacks of any other weapon set."
skills,Online:Overload,4.3.5,* Your weapon will no longer be visible while you are casting a Light or Heavy Attack while this ability or its morphs are toggled on. * Fixed an issue where these abilities' Heavy Attacks would not benefit from Ultimate cost reduction. * Energy Overload: Fixed an issue where the Magicka return from this morph would fail to fire if the ability was reflected.
skills,Online:Overload,5.0.5,* This ability and its morphs will now properly scale with Staff Expert in the Champion Point system. Also updated the tooltip for this ability and its morphs to better describe functionality. * Power Overload: Increased the damage dealt of Light and Heavy Attack override by 10% to improve the morph distinction.
skills,Online:Overload,5.1.5,* The hitbox for these ability's Heavy Attack will now properly update when fighting Dragons. * Fixed an issue where the Heavy Attack augment from these abilities was not gaining the 70% damage increase from Heavy Attacking Off-Balance enemies. * The Heavy Attack from this ability and its morphs can no longer be interrupted.
skills,Online:Overload,5.3.4,"* Fixed an issue where toggling this ability would dismount you, and updated many sets to properly key off Overload and its morphs where they stated they required Heavy Attacks."
skills,Online:Overload,6.0.5,"* Fixed numerous visual issues with this Ultimate and its morphs, such as causing your weapons to appear hidden longer than intended, or some cases where the effects could get stuck on your character. Casting any other Ultimate while this Ultimate or its morphs are toggled on will now cause this Ultimate to untoggle. * Energy Overload (morph): Fixed an issue where the Magicka restore from this morph would fire even if your Light or Heavy Attack failed to deal damage."
skills,Online:Overload,6.3.5,* Fixed an issue where the Heavy Attack from this Ultimate and its morphs could return as Damage over Time in some cases.
skills,Online:Overload,7.1.5,* Light Attacks from this Ultimate and morphs now break Stealth when cast. There is nothing sneaky about lobbing giant bolts of lightning at your foes.
skills,Online:Overload,8.0.5,"* Energy Overload (morph): This morph now restores up to 1200 Magicka and Stamina, rather than up to 1192 Magicka. The restore now happens any time you use the Light or Heavy Attacks, rather than only when they deal damage."
skills,Online:Overload,8.3.5,* Fixed an issue where this Ultimate and its morphs would not remove themselves when Heavy Attacking with just enough Ultimate for 1 tick.
skills,Online:Overload,10.2.5,* Fixed an issue where using a Heavy Attack while this Ultimate or its morphs were active could become stuck if cast while attempting to Sprint.
skills,Online:Padomaic Sprint,6.2.5,"* This passive now triggers whenever you kill an enemy with the Blade of Woe, rather than whenever you kill a citizen. This means it will now work on non-civilian type enemies if you use the Blade of Woe, but will no longer proc off kills on civilians with non-Blade of Woe means. In addition to these changes, this passive will now have significantly less performance implications than before."
skills,Online:Panacea,2.6.4,"* New Weapon Ultimates have been added to the game. Each Weapon skill line now has one Ultimate, and each Ultimate can be obtained by reaching Rank 50 in its respective Weapon skill line. Weapon Ultimates can be morphed as well!"
skills,Online:Panacea,3.0.5,* Eyes of Mara: Fixed an issue where this item set was not reducing the cost of Panacea and its morphs.
skills,Online:Panacea,3.2.5,* Increased the cost of this ability and its morphs to 125 Ultimate from 100.
skills,Online:Panacea,5.0.5,"* Light's Champion (morph): This ability no longer grants Major Protection. In adjustment to this morph, the duration of the Major Force granted will now increase by 1 second for each rank of the morph, going from a duration of 5 seconds to 8 seconds at Rank IV. ** Developer Comment: Previously, this Ultimate felt like it did the job of both morphs of the base ability, Panacea, too well since it offered both offensive and defensive power. Now, Life Giver will continue to cover raw defensive power with more healing potential, while Light's Champion focuses more on offensive power with the Major Force."
skills,Online:Panacea,5.3.4,"* Life Giver (morph): Fixed an issue where casting this ability would fail to trigger events that required ""when applying a damage shield"" since the ability automatically casts a shield."
skills,Online:Panacea,7.0.5,* Fixed an issue where this Ultimate and its morphs were not labeled as healing abilities on their initial cast.
skills,Online:Panacea,7.1.5,* Life Giver (morph): ** Fixed an issue where there was a short window of time where all spells could cost nothing after activating this ability. ** Fixed an issue where this morph could fail to be recognized as a Restoration Staff ability in some rare cases.
skills,Online:Parallel,3.0.5,"* Fixed an issue where ranking up a summon ability (Unstable Familiar, Summon Winged Twilight, Feral Guardian, etc.) would unsummon your pet."
skills,Online:Path of Darkness,1.1.3,* Increased the damage of this ability.
skills,Online:Path of Darkness,1.2.3,"* This ability can now be seen by all other player characters. Also fixed an issue where it was ticking more times than intended on a target. * Refreshing Path: This ability will now heal your allies, and the healing done has been slightly increased."
skills,Online:Path of Darkness,1.4.3,* Shadow Cloak: This ability is no longer removed by the following ticking damage abilities. ** Agony ** Bat Swarm ** Caltrops ** Cripple ** Entropy ** Fire Rune ** Necrotic Orb ** Path of Darkness ** Soul Tether ** Trap Beast ** Volley ** Wall of Elements ** All elemental procs
skills,Online:Path of Darkness,1.6.5,* Reduced the initial cost of this ability by approximately 10%. * Increased the damage from each tick by 50%. This ability also provides the Major Expedition buff while inside the area of effect. * Twisting Path: Increased the damage of this ability by 33%. * Refreshing Path: Increased the heal amount of this ability by 33%.
skills,Online:Path of Darkness,2.3.5,"* This ability and its morphs now continue to grant the Major Expedition buff for up to two seconds after leaving the path. * Increased the damage of this ability and the Refreshing Path morph by 25%. * Refreshing Path: Reduced the time this morph continues to heal yourself and allies to 2 seconds after leaving the path, down from 3 seconds. * Twisting Path: Increased the damage of this ability by 20%."
skills,Online:Path of Darkness,2.7.5,"* Adjusted the order of the Active Abilities in this skill line. They now unlock in the following order: ** Veiled Strike ** Shadow Cloak ** Path of Darkness ** Aspect of Terror ** Summon Shade ***Developer Comment: The goal of this change was to make sure early skills in the trees are simpler and more damage focused. * Increased the damage of this ability and the Refreshing Path morph by 25%. * Twisting Path: Increased the damage of this morph by 32%. **Developer Comments: The goal of this change was to ensure there was an interesting choice between morphs. You can choose to either have more damage, or add a heal component."
skills,Online:Path of Darkness,3.0.5,* Twisting Path: Increased the damage of this morph by approximately 11%
skills,Online:Path of Darkness,3.1.5,"* In an effort to reduce the visual effect noise in group combat situations, we've hidden most visual effects from persistent damaging area of effect abilities cast by your allies. Area of effect abilities that have a synergy, healing, or defensive component that can benefit you will still be visible, and area of effect abilities cast by enemies will also still be visible. * Twisting Path: Fixed an issue where this morph was not being considered a damage over time effect."
skills,Online:Path of Darkness,3.2.5,* Fixed an issue where some of the visual effects from this ability and its morphs were not aligned with the actual location of the path.
skills,Online:Path of Darkness,4.0.5,"* Reduced the damage and healing done by this ability and Refreshing Path morph by approximately 5%, and reduced the damage done by the Twisting Path morph by approximately 9%."
skills,Online:Path of Darkness,4.2.5,"* This ability no longer deals damage. It now grants Major Expedition to you and your allies on the path, and for up to 2 seconds after leaving it. * Twisting Path: This morph now adds damage. The damage value is the same as what is currently on Live. * Refreshing Path: This morph now adds healing. The healing value is equal to the damage value of Twisting Path. **Developer Comment: This change to Path of Darkness is aimed at helping each class bring something unique to the party."
skills,Online:Path of Darkness,5.1.5,"* Twisting Path: Decreased the damage per tick of this ability by approximately 14%. * Refreshing Path: ** Fixed an issue where this ability could heal you twice per tick after the first heal applied. ** Increased the healing per tick by approximately 29%. Note the heal will be stronger than Twisting's damage potential, because Twisting also gains increased area coverage."
skills,Online:Path of Darkness,5.2.5,* Twisting Path (morph): Increased the damage per tick of this morph by approximately 50%.
skills,Online:Path of Darkness,5.2.7,"* Fixed an issue where this ability would change its Area of Effect based on summoned due to inheriting ownership. It now always heals in the area it displays, regardless if you summon minions to do your bidding."
skills,Online:Path of Darkness,5.3.4,* Fixed an issue where the visual effects from this ability could persist longer than intended.
skills,Online:Path of Darkness,6.2.5,* Refreshing Path (morph): Fixed an issue where the visuals from this ability's heal could last much longer than intended.
skills,Online:Path of Darkness,7.2.5,* Twisting Path (morph): This ability's damage now scales dynamically with the highest of your offensive stats.
skills,Online:Path of Darkness,7.3.5,"* Made some back-end improvements to this ability and its morphs to improve performance. ** Refreshing Path (morph): This ability now heals 1 less time over its duration as a result of the back-end adjustments mentioned above, but its total healing has been increased to ensure no changes in overall power have been made."
skills,Online:Path of Darkness,8.0.5,* Refreshing Path (morph): This morph now also grants Minor Endurance and Intellect for 4 seconds each tick.
skills,Online:Path of Darkness,8.1.5,"* This ability and its morphs now apply their effects instantly, rather than after a delay. ** Twisting Path (morph): *** Reduced the damage per tick of this morph by approximately 38%. *** Reduced the cost to 2700, down from 3510. ** Refreshing Path (morph): Reduced the healing per tick by approximately 35%."
skills,Online:Path of Darkness,8.2.5,* Fixed an issue with this ability and morphs' Major Expedition where the visual effects could flicker and cause client performance issues.
skills,Online:Path of Darkness,9.0.5,"* The effects from this ability and its morphs will now apply more consistently, rather than having different behaviors for line-of-sight rules across them."
skills,Online:Penance of Lorkhaj,3.0.5,"* Fixed an issue where ranking up a summon ability (Unstable Familiar, Summon Winged Twilight, Feral Guardian, etc.) would unsummon your pet."
skills,Online:Penetrating Magic,2.3.5,* This passive now grants Spell Penetration to the caster's weapon enchantment procs if they are enchanted on an equipped Destruction Staff.
skills,Online:Penetrating Magic,2.6.4,* Fixed an issue where this passive ability's Spell Penetration bonus was not applying to Wall of Elements.
skills,Online:Penetrating Strikes,8.2.0,* Updated Isobel's Penetrating Strikes ability to share the same animation as Biting Jabs. This ability now hits 3 times instead of 4 but maintains the same total damage done.
skills,Online:Perennial Bloom,3.0.5,"* Fixed an issue where ranking up a summon ability (Unstable Familiar, Summon Winged Twilight, Feral Guardian, etc.) would unsummon your pet."
skills,Online:Perigean Armor,3.0.5,"* Fixed an issue where ranking up a summon ability (Unstable Familiar, Summon Winged Twilight, Feral Guardian, etc.) would unsummon your pet."
skills,Online:Persistence,1.1.2,* Fixed an issue this passive ability. It now properly increases the duration of the Rune Prison ability.
skills,Online:Persistence,4.0.5,* This passive now reduces the cost of your next Magicka or Stamina ability used within 4 seconds by 7/15% after you block an attack.
skills,Online:Persistence,11.0.5,"* This passive now reduces the cost of your next Health, Magicka, or Stamina ability after blocking by 9/18%, up from 7/15%."
skills,Online:Petals of the Hunter,3.0.5,"* Fixed an issue where ranking up a summon ability (Unstable Familiar, Summon Winged Twilight, Feral Guardian, etc.) would unsummon your pet."
skills,Online:Petrify,1.1.2,* The enemy target's health regeneration bonus while they were affected by Petrify and its morphs has been removed.
skills,Online:Petrify,1.2.3,* This ability now damages enemies when the effect ends.
skills,Online:Petrify,2.4.5,* Fossilize: ** Reduced the duration of the root applied from this morph after the disorient ends to 3 seconds at all ranks from 2.5/3/3.5/4 seconds at ranks I/II/III/IV respectively. ** Fossilize now deals slightly more damage as it ranks up. ** Updated the visual effects for the root from this morph to be more visually obvious.
skills,Online:Petrify,3.2.5,"* This ability and its morphs are no longer 30-second disorients. Instead, they are 2.5 second stuns that cannot be blocked or dodged, and they can be placed on multiple targets. We also reduced the cost of this ability and its morphs by approximately 23%. * This ability and its morphs can no longer be cast on a crowd-control immune enemy. * Reduced the range of this ability and its morphs to 8 meters from 15 meters. **Developer Comments: Because group gameplay in ESO is focused around large combat situations, having an entire crowd control ability that could be negated by an ally's area of effect attack didn't fit. We've maintained the current advantages of it being a disorient (such as going through Block and Roll Dodge), but now allow attacks against the target.::We wanted to differentiate Petrify from Stonefist because now, they both stun enemies. The cost reduction and lack of damage make Petrify more utility-focused, while Stonefist deals more damage but requires more Magicka.::Additionally, the last change helps further differentiate the Petrify and Stonefist abilities, and makes it more risky for the Dragonknight to apply Petrify's instant, unavoidable crowd control on an enemy."
skills,Online:Petrify,3.2.7,* Fixed an issue where the following abilities and their morphs could not be cast against blocking enemies: ** Eclipse ** Petrify ** Rune Prison
skills,Online:Petrify,3.2.8,* Fixed an issue where the following abilities (and their associated morphs) could not be cast against an enemy player with the Shield Wall ability active: ** Eclipse ** Petrify ** Rune Prison
skills,Online:Petrify,3.3.5,* Shattering Rocks: Fixed an issue where Rank IV of this morph was not setting secondary targets Off Balance.
skills,Online:Petrify,4.0.5,"* Shattering Rocks: This morph has been redesigned so that when the stun ends, it causes the enemy's next attack to heal their target."
skills,Online:Petrify,4.2.5,* Fixed an issue where you could still attempt to cast abilities like Petrify or Rune Prison against enemies that were immune to crowd control from the Unstoppable ability or Unstoppable potions. * Shattering Rocks: Updated the tooltip of this morph to indicate it deals damage.
skills,Online:Petrify,5.1.5,"* Increased the cost of this ability and its morphs to 4050 from 2970. * This ability no longer ranks up in cost reduction, but instead ranks up in 1.1% damage per rank. * Reduced the range of this ability and its morphs to 7 meters from 8 meters. * Shattering Rocks (morph): Fixed an issue where the heal from this ability was missing a previous rank up, which will result in an approximate 3% increase in the healing."
skills,Online:Petrify,6.3.5,"* Shattering Rocks (morph): This morph now heals you when the stun ends on the enemy, rather than causing the enemy's next attack to heal their target. This will also fix numerous issues where the heal belonged to the attacker and used their stats rather than yours."
skills,Online:Petrify,8.1.5,"* This ability and its morphs now deal Flame Damage, rather than Magic Damage."
skills,Online:Petrify,11.3.4,* Combat Refresh Overhaul. Dragonknight Functionality and Balance Update.
skills,Online:Piercing Arrow,3.0.5,"* Fixed an issue where ranking up a summon ability (Unstable Familiar, Summon Winged Twilight, Feral Guardian, etc.) would unsummon your pet."
skills,Online:Piercing Cold,5.2.5,"* Increased the bonus damage of this passive to 5/10%, up from 3/6%."
skills,Online:Piercing Cold,8.2.5,"* This passive now increases your damage done by 1/2% which increases to 6/12% while wielding an Ice Staff, rather than increasing your Magic and Frost Damage by 5/10%. **This passive was creating issues with morph choices in the class, as Wardens have a healthy mix of damage types outside of Magic and Frost. Many morphs that are meant to focus on damage are either close to or even eclipsed by the more utility driven morphs that retain Magic Damage, and the lack of more DPS focused Ice Damage abilities (since they are predominantly made for tanks or utility) create a situation where this passive isn't helping the unique identity of Ice Mages keep up with other play styles. By shifting the focus of the passive over to generic damage that contextually gets stronger for the audience the passive is made for, we hope to help bring that playstyle up a bit more."
skills,Online:Piercing Cold,10.1.5,"* Reworked this passive to grant varying effects based on your Max Health to better align with the passive being for tanks, while continuing to offer something for damage dealers. This passive now grants Piercing Cold for 6 seconds when you deal Frost Damage, up to once every 6 seconds. If you have 30,000 or more Max Health, Piercing Cold increases the damage you block by 6/12%. If you have less than 30,000 Max Health, it grants you 4/8% damage done. ** Developer Comment: We're re-evaluating this passive to reduce the restrictions it places on builds, while simultaneously making sure we offer a tank-oriented bonus for the tanking-based skill line. In addition to this, we're ensuring the bonuses are less likely to inject offensive power in PvP scenarios, as the Warden is already consistently finding success at dealing damage while remaining tanky. The damage bonuses are less than the previous iteration of this passive since its significantly less restrictive to damage build paths, and the previous update also added more damage to their kit as well in form of Betty Netch."
skills,Online:Piercing Cold,11.0.5,"*This passive now increases your Frost Damage by 7/15% and the amount of damage you can block by 4/8% permanently. This changes from the previous effect where whenever you deal Frost Damage you gain Piercing Cold for 6 seconds which increases the amount of damage you can block by 6/12% if your Max Health is above 30,000, or increased your damage done by 4/8% if you did not. ** Developer Comment: We're simplifying this passive to be less of the if/or case now that subclassing is here, making this less disruptive to use but more specialized to the frosty ones out there. We’ve bloated the values to be significantly higher than other passives like Energized or World in Ruin due to the highly limited amount of Ice Damage that’s available, and we’ll continue to monitor this value as that changes over time."
skills,Online:Piercing Howl,1.5.2,* Added some new werewolf abilities: ** Hircine's Bounty: This ability is a large heal that costs magicka. ** Infectious Claws: This ability instantly deals damage to all enemies in front of you and causes disease damage over time. ** Piercing Howl: This ability deals high damage and stuns your enemy.
skills,Online:Piercing Howl,1.6.5,* Feeding Frenzy (synergy): The Synergy prompt for this ability will now properly disappear when you can no longer use it.
skills,Online:Piercing Howl,4.1.5,"* This ability and its morphs no longer stun the target. * Decreased the cost of this ability and its morphs to 3510 Stamina from 4050. * Updated the visual effects for this ability and its morphs. * Howl of Despair: The synergy now grants the ally Empower for all Light Attacks for 5 seconds. Previously, it granted 10% more Light and Heavy Attack damage for 15 seconds."
skills,Online:Piercing Howl,5.1.5,"* Reduced the cost of this ability to 2869 from 3510, and reduced the damage dealt by approximately 14%. * Howl of Agony: This morph no longer ranks up in 1.1% damage, but instead increases the damage dealt on a Feared target, up to 33%."
skills,Online:Piercing Howl,6.0.5,"* This ability and its morphs now deal 10% more damage to enemies who are facing you. ** Howl of Agony (morph): Decreased the damage bonus of this morph to 25%, down from 33%, but it now also works on enemies who are facing you."
skills,Online:Piercing Howl,7.3.5,* Howl of Agony (morph): Fixed an issue where this ability's bonus damage to the target facing you could fail to work in many situations.
skills,Online:Piercing Howl,8.1.5,* Fixed an issue where this ability and its morphs were not properly updating their facing requirements to your current target.
skills,Online:Piercing Howl,8.3.5,"* Feeding Frenzy (morph): This synergy now grants Minor Force and Empower for 10 seconds, rather than only Empower for 5 seconds. * Howl of Despair (morph): This morph now allows the caster to self-synergize Feeding Frenzy."
skills,Online:Piercing Howl,10.0.5,"* This ability and its morphs no longer deal 10% bonus damage to enemies that are facing them, and instead deal 10% bonus damage to enemies that are Terrified. ** Howl of Agony (morph):This morph now adds an additional 10% bonus damage to off balance enemies, stacking up to 20% when they are also Terrified, rather than dealing 25% to enemies that are facing you or are feared. This morph now also ranks up with cost reduction, rather than ranking up the bonus damage effect. ** Howl of Despair (morph): Extended the duration of the buffs granted by Feeding Frenzy to 20 seconds, up from 10. *** Developer Comment: We've heard the howling from Werewolf players that have been struggling to engage with these abilities' bonus effects, so we're changing things up to allow for more interaction between PvE and PvP playstyles, while simultaneously adding more reasons to use all of your Werewolf abilities, or work together with other Werewolves to set the pack up for success."
skills,Online:Piercing Howl,12.0.5,"*Piercing Howl -> Gnash: This ability and its morphs have been completely reworked into a melee (7m) driven double bite attack, rather than a 10m projectile howl attack. The ability now scales with.525 of your Weapon or Spell Damage and.065 of your Magicka or Stamina twice, rather than a singular 1.3125 and.125 scaling attack. The initial hit deals Physical Damage, while the second hit deals Bleed Damage. Both attacks have a 10% chance of applying their respective status effects. The second hit happens after.4s (no cast time, so it can be animation canceled with no loss) and deals 125% bonus damage to targets under 25% Health. If 1 or more stacks of Blood Hunger are active, the initial hit deals 25% bonus damage and 1 stack is consumed. Reduced the cost of this ability and its morphs to 765, down from 2869. **Howl of Agony -> Bloody Gnash: This morph now adds a 50% chance when benefiting from Blood Hunger to not consume a stack. This morph also upgrades the 2nd hit to always apply the Hemorrhaging status effect. Increased the execute scaling of the 2nd hit to 200%. This morph no longer increases damage done against Off Balance targets or reduces in cost as it ranks up. **Howl of Despair -> Rip and Tear: This morph upgrades the 1st hit to always apply the Sundered status effect, as well as inflicting Major Breach to the target for 12-15 seconds. The second hit heals you for.2066 of your Max Health (and ranks up by 1.1% per rank) if it hits. Blood Hunger’s 25% increase applies to the healing effect for this morph, rather than the base damage. This morph no longer grants access to Feeding Frenzy, as it has been moved to Roar. Developer Comment Werewolves have finally learned to put their jaws to use with this new spammable, rending flesh from their foes with a much more brutal two part attack - gone are the days of angrily yelling your opponents to death. Gnash operates as both your standard fare single target spammable and an execute both in one, helping make up for the Werewolf’s bar space deficit while leaning into their fantasy of masters of the hunt. A hunter who cannot finish off their prey often returns empty handed after all. This helps Werewolves become significantly more terrifying to low health foes, while giving them reason to stick closer to their enemies and make use of their speed boosts in melee range. The morphs once again split with more diversity, granting two utility driven effects that can both lead to more damage, but with more of an option between damage or survivability. The previous iteration of ""terrified"" has also been reworked to Blood Hunger, which has slightly more interaction across their kit, while also being easier to use."
skills,Online:Piercing Javelin,1.1.2,* Aurora Javelin: Fixed an issue where Aurora Javelin was adding less damage than the intended additional 40%.
skills,Online:Piercing Javelin,1.6.5,"* Binding Javelin: This ability now scales off stamina and weapon power, and now also costs stamina."
skills,Online:Piercing Javelin,2.3.5,* Increased the range of this ability and its morphs to 28 meters from 20 meters.
skills,Online:Piercing Javelin,2.7.5,"* Increased the speed of the projectile fired by this ability and its morphs by 40%. * Binding Javelin: ** Fixed an issue where Rank III of this morph had a 20 meter range instead of a 28 meter range. ** Reduced the cost of this morph by approximately 20%. *** Developer Comments: As all Weapon skill lines have a 20% Stamina cost reduction passive, we also included this reduction with class Stamina morphs. Binding Javelin and Biting Jabs were missed when this initially happened. Fixing this bug and giving these abilities their correct costs helps Stamina Templar with some of the sustain issues they were having."
skills,Online:Piercing Javelin,3.0.5,"* Increased the knockback range of this ability and its morphs to 8 meters from 5 meters. ** Developer Comments: Increasing the knockback distance of these abilities gives them a stronger niche from other crowd control abilities, and also opens up more opportunities for using that knockback with deadly results in areas with treacherous terrain (such as Battlegrounds)."
skills,Online:Piercing Javelin,4.2.5,* Binding Javelin: This morph now knocks the enemy down instead of knocking them back. ** Developer Comment: This change was made to help ensure Stamina melee builds are able to continue to hit their targets after activating Binding Javelin.
skills,Online:Piercing Javelin,5.0.5,"* Increased the duration of the stun granted from this ability and its morphs to land on a beautiful, whole number. This means the base ability and Aurora Javelin will now stun for 2 seconds rather than 1.8, while Binding will last 4 seconds rather than 3.5. * Aurora Javelin (morph): Fixed an issue where you couldn't hit the damage bonus cap without utilizing range increasing passives. Now, it will get 2% stronger for every 1 meter between you and the target, up to 40% at 20 meters."
skills,Online:Piercing Javelin,5.2.5,"* Reduced the range from this ability and its morphs to 22 meters, down from 28, to ensure they follow the function of other abilities such as Scatter Shot or Fiery Grip. * These abilities will now ignore the target's Physical or Spell Resistance to ensure they have a unique auxiliary effect. * In efforts to improve performance, the visual effects from some player abilities have been updated. These changes focus on which players can see specific parts of a visual effect, and when the visual effects should be removed from view. This is an ongoing process that will be maintained over time. Note that the caster of these abilities will not see much change, if any, while allies will see much less of the visual intensity. The following abilities have received adjustments: ** Radial Sweep and morphs ** Aurora Javelin ** Puncturing Strikes and morphs ** Sun Shield and morphs"
skills,Online:Piercing Javelin,9.0.5,"* Focused Charge: This ability and its morphs now grant Major Protection for 4 seconds after reaching your target. ** Explosive Charge: This morph now also extends the duration of Major Protection to 10 seconds. *** Developer Comment: After the adjustments to Templar’s damage to make sure they’re more in line with other classes, we’ve seen them drop down in effectiveness in PvP situations in some areas. Rather than bloating out their damage again, we’re trying to help enable them to stay in the fray longer and keep up the pressure by adding some defensive bonuses when they dive into foes, helping them go all in before needing to peel back and turtle up."
skills,Online:Piercing Spear,1.2.3,* This passive now adds a melee critical strike in addition to a spell critical strike when using spear abilities.
skills,Online:Piercing Spear,1.6.5,"* This passive now provides increased critical damage when a spear ability is slotted, instead of increased critical hit."
skills,Online:Piercing Spear,2.3.6,* Fixed an issue where this passive ability was not applying after relogging or zoning into a new area.
skills,Online:Piercing Spear,4.0.5,"* This passive ability now only affects Critical Damage, and does not affect Critical Healing."
skills,Online:Piercing Spear,5.3.6,* Fixed an issue where this passive did not work against blocking targets.
skills,Online:Piercing Spear,10.2.5,"* Updated this passive to notify that its bonuses only work with players, as NPCs do not “block” as players do."
skills,Online:Piercing Spear,11.0.5,"* Buffed this passive's increase to Critical Damage and damage done to blocking players to 6/12%, up from 5/10%"
skills,Online:Platings Expertise,4.1.5,"* Significantly reduced the amount of Boosters needed to improve the quality of Jewelry. ** At maximum rank of Plating Expertise, it now takes only a single piece of Terne Plating to go from white to green, two Iridium Platings to go from green to blue, three Zircon Platings to go from blue to purple, and only 4 Chromium Platings to go from purple to gold."
skills,Online:Poison Arrow,1.2.3,* Increased the damage-over-time for this ability by 50%.
skills,Online:Poison Arrow,1.5.2,* Increased the damage over time for this ability by approximately 30%. We also fixed an issue where this ability couldn't critical strike. * Poison Injection: This ability now starts dealing bonus damage on targets under 50% health instead of 35% health.
skills,Online:Poison Arrow,2.4.5,"* Fixed an issue where you were able to block the damage over time from various player abilities, such as Poison Arrow or Unstable Flame. * Increased the damage over time from this ability and its morphs by 12%. * Fixed an issue where this ability and its morphs were not applying their damage over time to targets that blocked or absorbed the damage."
skills,Online:Poison Arrow,2.6.4,* Poison Injection: Fixed an issue where this morph's bonus damage to low-health targets was applying to equipped Poisons and the Poisoned status effect.
skills,Online:Poison Arrow,2.7.5,* Adjusted the order of the Active Abilities in this skill line. They now unlock in the following order: ** Snipe ** Volley ** Magnum Shot ** Arrow Spray ** Poison Arrow
skills,Online:Poison Arrow,3.1.7,"* Poison Injection: This morph will now recalculate its damage over time each time it ticks. This fixes the issue where the execute damage was not updating as the target gained or lost health, but also means the tick value can increase or decrease if your stats change while it's active. **Known Issue: Poison Injection will currently consume the Cruel Flurry enchantment bonus but will not gain the benefit from it."
skills,Online:Poison Arrow,4.2.7,* The Damage over Time from Poison Arrow and its morphs can no longer proc Weapon Enchantments or poisons
skills,Online:Poison Arrow,5.1.5,* Increased the cost to 2700 from 2430 on all morphs. * Decreased the initial hit damage by approximately 17% on all morphs. * Increased the damage over time portion on all morphs by approximately 78% per tick. * Venom Arrow: This ability now ranks up in cost reduction rather than 1.1% damage; the final base cost is 2430. * Poison Injection: Reduced the total execute multiplier of this morph to 100% from 260%.
skills,Online:Poison Arrow,5.2.5,"* Decreased the damage per tick of this ability and its morphs by approximately 50%. * Poison Injection (morph): The execute function of this morph now applies to the entire skill, rather than only the Damage over Time."
skills,Online:Poison Arrow,5.3.4,"* Fixed an issue where this ability and its morphs would cancel any previous cast ability, such as cast times or channels. * Poison Injection (morph): Fixed an issue where the initial hit of this ability was not considered an execute by many proc conditions, such as Sheer Venom."
skills,Online:Poison Arrow,7.3.5,* Venom Arrow (morph): This morph now grants Major Brutality and Sorcery for 10 seconds after casting.
skills,Online:Poison Arrow,8.1.5,"* This ability and its morphs now last for 20 seconds, up from 10. ** Poison Injection (morph): Increased the execute scaling of this morph to 120%, up from 100%."
skills,Online:Potency Improvement,1.1.2,* Updated the icons for Enchanting passive skills Aspect Improvement and Potency Improvement to more closely match their associated runestone shapes.
skills,Online:Pounce,1.5.2,"* This ability now deals more damage, and can now be cast while silenced. * Brutal Pounce: This ability now deals 50% of the initial hit to nearby enemies. * Feral Pounce: ** This ability only increases the werewolf duration if you are 10 meters or more from your target. ** This ability now properly increases the werewolf timer when used. ** Updated the tooltip to note that it only adds Ultimate when traveling at least 10 meters."
skills,Online:Pounce,3.0.5,* Fixed an issue where this ability and its morphs were not applying the charge snare to the target enemy.
skills,Online:Pounce,3.3.5,* Decreased the damage dealt by this ability and its morphs by approximately 16%.
skills,Online:Pounce,4.0.5,"* Brutal Pounce: This morph now deals full damage to the primary target and partial damage to secondary targets, rather than hitting the primary target twice with partial damage. The total damage dealt remains unchanged. * Brutal Pounce: Fixed an issue where this morph would stun any secondary target, even if they were not already Off Balance."
skills,Online:Pounce,4.1.5,* This ability and its morphs no longer stun the target if they were already set Off Balance.
skills,Online:Pounce,5.1.5,* Decreased the base cost for this ability and its morphs to 4016 from 4050. * Brutal Pounce: The AoE damage dealt from this morph now deals the same damage as the initial hit.
skills,Online:Pounce,5.3.4,* Fixed an issue where this ability would fail to properly animate the leap. This will result in more time for defenders to respond to the attack as well.
skills,Online:Pounce,6.0.5,"* This ability now becomes Carnage for 5 seconds after casting it, which allows you to quickly rend your target, causing them to Bleed for 10 seconds with an aggressive execute scaling bonus. ** Brutal Pounce (morph): Carnage now overrides to Brutal Carnage, converting it into a conal attack. Each time an enemy is hit by Brutal Carnage, you gain extra Weapon Damage up to a maximum of 6 times. ** Feral Pounce (morph): Dealing damage with the initial hit or the override Feral Carnage, grant Stamina in addition to extending the time you stay in Werewolf form."
skills,Online:Pounce,6.1.5,"* Added additional fail safes for this ability and its morphs to help reduce situations where you could become locked out after using the Carnage Override. ** Brutal Pounce (morph): Fixed an issue where this ability's damage was split into two attacks, rather than a singular attack of Area of Effect damage."
skills,Online:Pounce,6.3.5,* Brutal Pounce (morph): Fixed an issue where Brutal Carnage's Damage over Time was not properly inheriting the damage increase from Carnage's rank up progression. This will result in approximately 3.3% damage increase of this morph's bleed.
skills,Online:Pounce,7.0.5,* The following abilities will now deal purely Bleed Damage rather than Physical Damage or a mix of Physical and Bleed Damage. ** Bloodthirst (morph of Flurry) ** Carve (morph of Cleave) ** Cutting Dive (morph of Dive) ** Pounce and morphs ** Trap Beast and morphs ** Twin Slashes and morphs
skills,Online:Pounce,7.1.5,"* The following passives and player abilities now grant hybrid stats to help improve their viability and accessibility to off-meta builds, because we love them too: ** Agility: Now grants equal Weapon and Spell Damage. ** Balanced Warrior: *** Now grants 660/1320 Armor, rather than 1320/2640 Spell Resistance. *** Now grants equal Weapon and Spell Damage values. ** Brutal Carange's bonus: Now grants equal Weapon and Spell Damage values. ** Concentration: Now grants equal Offensive Penetration. ** Dexterity: Now increases Critical Damage and Healing Done per piece worn, up to 2% at the final rank, rather than Weapon Critical (as Prodigy now grants Weapon Critical as well) ** Flawless Dawnbreaker's bonus: Now grants equal Weapon and Spell Damage values. ** Prodigy: Now grants equal Critical Chance. ** Savage Strength: Now grants equal Weapon and Spell Damage values. ** Scaled Armor: Now grants 825/1650 Armor rather than 1320/3300 Spell Resistance. ** Slayer: Now grants equal Weapon and Spell Damage values."
skills,Online:Pounce,7.3.5,"* Fixed an issue where this ability and its morphs' override abilities, Carnage, could be dodged and blocked despite being Damage over Time."
skills,Online:Pounce,9.3.5,* This ability and its morphs initial hit will now always apply the Hemorrhaging status effect.
skills,Online:Pounce,12.0.5,"*Pounce and Carnage: These abilities and their morphs now dynamically update themselves based on your distance from your target, rather than requiring you to activate Pounce and then locking you into activating Carnage for 5 seconds after. Pounce is only available when you are greater than 7 meters to a target, while Carnage takes over when you are 7 meters or closer to a target. Note that this will result in only Carnage displaying on your hot bar when you hover over it outside of the skill system, as you are the context of the target. Your skill book will always display Pounce. Reduced the cost of Pounce and its morphs to 1071, down from 4016. Adjusted the damage of Pounce to.63 Weapon or Spell Damage and.078 Magicka or Stamina, rather than.7875 and.075. Reduced the cost of Carnage and its morphs to 995, down from 2008. Adjusted the damage per tick to 0.095455 Weapon or Spell Damage and.0118182 Magicka or Stamina, rather than.098438 and.009375. Increased the base duration to 12 seconds, up from 10. **Brutal Pounce and Carnage: Increased the radius of these abilities to 7 meters, up from 5. Brutal Carnage’s damage over time now stacks up to 3 times, increasing by 10 seconds per stack, rather than granting stacking Weapon and Spell Damage when hitting enemies. **Feral Pounce and Carnage: This morph now grants 200 Stamina each time either portion of the ability deals damage, rather than granting 100 Stamina and 1 second of Werewolf timer. Whenever either version of this morph deals damage, it will also trigger Fury generation (in addition to the Fury generated for activating it), up to once every 4 seconds. This allows Feral Pounce to generate it twice per cast, and Feral Carnage to generate Fury up to 3 times over its duration. Developer Comment We're making this ability and its 2 forms significantly more straight forward to use by having them automatically update to the effect you need in the moment. When you need to close the distance, the Pounce variant of the ability will take over and allow you to leap to your enemy, while the Carnage variant will be available when you're within melee range of your foe. We're also slightly adjusting the morph differences to be less about raw damage versus utility and going into two forms of utility, both of which have the potential for damage. Brutal Pounce and Carnage remain better for area of effect damage and Carnage saves on global cooldowns, letting you experience a more simplified rotation (especially helpful if you plan on using one of the reworked morphs of Rending Claws), while Feral Pounce aids in Stamina management through block and helps you activate Rampage more frequently, which grants a large damage steroid."
skills,Online:Pound of Flesh,12.0.0,"*Pound of Flesh: This passive grants you a 1% chance when taking damage to restore 10% Health and 5% of your missing Stamina, up to once every second. This chance increases by 1% for every 1% missing Health you have. **If you have 50% Health, you'd have a 51% chance to activate this passive when taking damage."
skills,Online:Power Bash,1.1.2,* Fixed an issue where the Reverberating Bash morph was not properly reducing Spell Damage. * Fixed an issue where Reverberating Bash was reducing Spell and Weapon Damage before the disorient effect ended.
skills,Online:Power Bash,1.2.3,* Reverberating Bash: This ability now correctly reduces enemy spell power.
skills,Online:Power Bash,1.5.2,* Power Slam: This ability now increases the stun duration on rank up instead of disorient duration. * Reverberating Bash: This ability now reduces healing taken by 40% for 8 seconds; this effect applies even if your target is stun immune.
skills,Online:Power Bash,1.6.5,* Power Slam: The tooltip for this ability will now display the correct stun duration. * Reverberating Bash: This ability now applies the buff Major Defile for 10 seconds.
skills,Online:Power Bash,2.3.5,* Reverberating Bash: Fixed an issue where you could not reliably use Break Free against the stun from this ability and its morphs.
skills,Online:Power Bash,2.4.5,"* The disorient from this ability and the Reverberating Bash morph has been removed, but the stun has been increased to 3 seconds, up from 2 seconds. * Power Slam: This morph has been redesigned. It deals significantly increased damage, but it no longer stuns your target. Blocking an attack increases the damage of your next Power Slam even further."
skills,Online:Power Bash,2.7.5,* Fixed an issue where this ability and its morphs could not proc Weapon Enchantments or Poisons.
skills,Online:Power Bash,4.1.5,* Reverberating Bash: Decreased the duration of the Major Defile debuff to 4 seconds from 10 seconds.
skills,Online:Power Bash,5.1.5,"* This ability is now considered a ""spammable"" attack, and adjustments have been made to properly place it in that category. * This ability no longer stuns at base. * Increased the damage dealt by all versions of this ability by approximately 94%. * Reduced the cost to 2700 from 3780. * Reverberating Bash (morph): ** This morph retains the stun, with a max duration of 3 seconds, but it no longer applies Major Defile to the target. ** The initial hit damage is now halved, and it will deal the other half of the damage when the stun ends. If the target is CC immune, it will not gain the other half of the damage. * Power Slam (morph): Reworked the passive this ability grants. ** The Passive granted is now called Resentment, because you're an angry person when you get hit. ** Resentment activates after blocking any attack, and grants you 5% additional damage on your next Power Slam attack. This bonus stacks up to 10 times lasts 5 seconds, but you can only gain 1 stack every 250ms, to match the cooldown of block's cost cadence."
skills,Online:Power Bash,7.3.5,"* The damage from this ability and its morphs' are now considered Bash damage and interrupts casting targets. This means the damage will increase with bonuses to Bash, as well as triggering events that require you to deal Bash damage. It will not, however, inherit cost reduction bonuses to Bash. ** Power Slam (morph): The bonus from this ability, Resentment, no longer stacks up to 10 times. It now simply increases the damage of your next Power Slam by 33%. **Developer Comment: In efforts to inject some life into an incredibly niche play style, we've significantly amped up the viability of Bash builds by giving them a true spammable. We are aware of how much power is behind Bash builds, however, so we'll be keeping a close eye on this functionality and see if we need to tone down the base damage to make up for its ability to stack with new bonuses."
skills,Online:Power Bash,8.0.5,"* Power Slam (morph): This morph's passive, Resentment, now reduces the cost of your next Power Slam by up to 50%, rather than increasing its damage by 33%."
skills,Online:Pressure Points,1.3.3,* The tooltip for this ability no longer reports an incorrect value when multiple assassination values are slotted.
skills,Online:Pressure Points,1.6.5,* The tooltip for this passive ability has been adjusted to display only your current critical strike rating bonus.
skills,Online:Pressure Points,2.3.5,* Fixed an issue where this passive ability was granting less Critical Strike Chance than intended.
skills,Online:Pressure Points,11.0.5,"* Increased the Critical Chance rating from this passive to 1.25/2.5% per Assassination ability slotted, up from 1/2% per ability."
skills,Online:Prism,1.1.2,* Fixed an issue where the Prism passive wasn't properly adding Ultimate when the Dawn's Wrath ability was cast.
skills,Online:Prism,1.6.5,"* This passive now grants additional Ultimate (only while gaining Ultimate) after casting Dawn's Wrath abilities. This passive also now grants 2 Ultimate every six seconds at Rank I, and 3 Ultimate at Rank II."
skills,Online:Prodigy,7.1.5,"* The following passives and player abilities now grant hybrid stats to help improve their viability and accessibility to off-meta builds, because we love them too: ** Agility: Now grants equal Weapon and Spell Damage. ** Balanced Warrior: *** Now grants 660/1320 Armor, rather than 1320/2640 Spell Resistance. *** Now grants equal Weapon and Spell Damage values. ** Brutal Carange's bonus: Now grants equal Weapon and Spell Damage values. ** Concentration: Now grants equal Offensive Penetration. ** Dexterity: Now increases Critical Damage and Healing Done per piece worn, up to 2% at the final rank, rather than Weapon Critical (as Prodigy now grants Weapon Critical as well) ** Flawless Dawnbreaker's bonus: Now grants equal Weapon and Spell Damage values. ** Prodigy: Now grants equal Critical Chance. ** Savage Strength: Now grants equal Weapon and Spell Damage values. ** Scaled Armor: Now grants 825/1650 Armor rather than 1320/3300 Spell Resistance. ** Slayer: Now grants equal Weapon and Spell Damage values."
skills,Online:Protective Scale,1.4.3,"* Fixed an issue where this ability was charging magicka and stamina for each ability reflected, and reflected projectiles would occasionally not do any damage."
skills,Online:Protective Scale,1.5.2,* Fixed an issue where health bars could become desynced when reflecting bow attacks with this ability active.
skills,Online:Protective Scale,1.6.5,* This ability and all its morphs will now reflect a maximum of four projectiles. * Reflective Plate (morph): This ability now provides the buff Minor Ward for 20 seconds. The duration increases with each rank.
skills,Online:Protective Scale,2.3.7,* Fixed an issue where spell reflection abilities (such as Reflective Scale) would charge the reflecting player the resource costs of that spell.
skills,Online:Protective Scale,3.2.5,"* Increased the duration of this ability and it morphs to 6 seconds from 4 seconds. **Developer Comments: This new duration is consistent with similar abilities, such as Crystallized Shield or damage shields, and allows Dragonknights to maintain better uptime with less resources spent and global cooldowns used."
skills,Online:Protective Scale,3.3.5,* Fixed an issue where recasting this ability and its morphs would not refresh the amount of projectile reflections allowed.
skills,Online:Protective Scale,4.0.5,* Reflective Plate: This morph now removes all snare effects from you when you cast the ability.
skills,Online:Protective Scale,4.1.5,* Reflective Plate: This ability now also grants 2 seconds of immunity to snare and immobilization effects.
skills,Online:Protective Scale,5.0.5,"* Renamed this ability to Protective Scale. * Converted the reflect function into a 50% damage reduction from projectiles. This happened to all 3 versions of the ability. ** Dragon Fire Scale (morph): This ability no longer increases damage of reflected attacks, since it can no longer reflect. Incoming projectiles will now cause you to launch a fiery orb at the attacker that deals Flame Damage. Effect can occur once every half second. ** Reflective Plate: Renamed this ability to Protective Plate. No other changes were made to the ability's functionality. ** Developer Comment: Previously, reflects were allowing for extremely unhealthy gameplay that granted the caster an effective 100% damage mitigation on top of the ability to return harmful damaging or controlling effects back at their caster. Additionally, the target requirement made this ability extremely polarizing in performance, going from absolute denial of ranged attacks, to offering little effective power when being bombarded with multiple projectiles. We will be closely monitoring the performance of this ability in both operational power and mathematical balance."
skills,Online:Protective Scale,5.3.4,* This ability now grants damage mitigation to abilities more appropriately described in the tooltip.
skills,Online:Protective Scale,6.1.5,* Fixed an issue where this ability and its morphs' animation was reversed.
skills,Online:Protective Scale,8.1.5,"* Protective Plate (morph): Increased the duration of the Snare and Immobilization immunity to 4 seconds, up from 2."
skills,Online:Protective Scale,11.3.4,* Combat Refresh Overhaul. Dragonknight Functionality and Balance Update.
skills,Online:Provoke,3.0.5,"* Fixed an issue where ranking up a summon ability (Unstable Familiar, Summon Winged Twilight, Feral Guardian, etc.) would unsummon your pet."
skills,Online:Psychic Lesion,9.3.5,"* Reduced this passive’s increase to applying status effects to 55%, down from 75%, to make up for the status effect buffs in this update."
skills,Online:Puncture,1.5.2,* Reduced the cost of this ability by approximately 30%. * Ransack: This ability now provides armor if used while blocking.
skills,Online:Puncture,1.6.5,* Puncture now applies the buff Major Fracture for 12 seconds. * Ransack: This ability now applies the buff Minor Resolve for 12 seconds. * Pierce Armor: This ability now applies the buff Major Spell Shatter for 12 seconds.
skills,Online:Puncture,5.1.5,"* Reduced the damage dealt by this ability and its morphs by approximately 37%, but reduced the cost to 1350 from 1701. * Increased the duration of the Major Fracture to 15 seconds from 12 seconds to match the taunt duration. * Ransack: This morph no longer grants Minor Ward and Resolve. Instead, it grants Minor Protection for 15 seconds. * Pierce Armor: The Major Breach from this morph now also lasts 15 seconds."
skills,Online:Puncture,5.2.5,* Ransack (morph): ** Fixed an issue where the Minor Protection granted from this ability was additive rather than multiplicative.
skills,Online:Puncture,6.2.5,* This ability now applies Major Breach rather than Fracture. ** Pierce Armor (morph): This morph now applies Minor Breach as well.
skills,Online:Puncturing Strikes,1.1.3,"* Reduced the post global cooldown on this ability, and slightly increased the cost."
skills,Online:Puncturing Strikes,1.2.3,"* Increased the overall damage for this ability by 10%, and increased the damage to the closest target from 100% to 110%. The bonus damage to the closest target will no longer randomly deal double the intended damage. * Rank III and Rank IV and the final hit now play impact sounds. * Puncturing Sweep: This ability will now heal you based on the damage done."
skills,Online:Puncturing Strikes,1.6.5,"* Reduced the cost of this ability by 25%. * Increased the single target damage to 140% from 110%. This ability also now applies CC immunity. * Fixed a minor effects issue with this ability and its morphs. * Biting Jabs: This ability can now scale off stamina and weapon power, and now also provides the Major Savagery buff."
skills,Online:Puncturing Strikes,2.3.5,"* Abilities that heal based on their damage done (Strife, Puncturing Sweeps, Surge, etc.) will now properly calculate their heal values when the damage is fully or partially absorbed. * This ability and its morphs no longer knockback and apply crowd control immunity to the nearest enemy on the final hit; instead, they now snare that enemy by 70% for two seconds. * Puncturing Sweep: Decreased the heal amount from this morph to 35% of the damage dealt from 40%."
skills,Online:Puncturing Strikes,2.7.5,* Biting Jabs: ** Reduced the cost of this morph by approximately 20%. ** The damage from this morph can no longer be dodged. *** Developer Comments: Changed as part of our overall Area of Effect consistency pass as described earlier.
skills,Online:Puncturing Strikes,3.3.5,"* Reduced the Movement Speed penalty while casting or channeling an ability to a 25% penalty from 50%. ** Melee cast time and channeled abilities (Uppercut, Puncturing Strikes, etc.) and some ranged abilities (Rapid Fire) are still exceptions to this rule and allow you to move at full speed. * When an ability is interrupted, it is now put on a 3-second cooldown where it cannot be used. ** Melee cast time and channeled abilities (Uppercut, Puncturing Strikes, etc.), Ultimate abilities (Soul Strike, Rite of Passage, etc.), and Heavy Attacks are still exceptions to this rule and cannot be interrupted. * Refactored the damage done by this ability and its morphs so it works more intuitively with damage taken bonuses on the enemy. Previously, Puncturing Strike's bonus damage to the closest enemy would be additive with damage taken bonuses, such as Minor Vulnerability. This will result in increased damage on targets with Minor Vulnerability. * Increased the width of the damage area of this ability and its morphs by 1 meter. It now hits targets in an 8x6 rectangle in front of you (8 meters long, 6 meters wide), previously 8x5. **Developer Comment: This change will help Templars land jabs more consistently, particularly while strafing."
skills,Online:Puncturing Strikes,4.0.5,"* Puncturing Sweep: Increased the healing done by this morph to 40% of the damage done from 35%. ** Developer Comments: This puts Templar healing while damaging more in line with other classes, and takes into account they don't have Major Mending active at all times."
skills,Online:Puncturing Strikes,4.2.5,"* Increased the damage dealt to the closest target by approximately 8%, which also applies to its morphs. ** Developer Comment: This damage increase should now have this ability and its morphs more in line with other spammable abilities accounting for the fact that channeling results in less Light Attacks and enchantment procs. We want to make sure Melee builds are adequately rewarded for the extra amount of risk they are undertaking. *While channeling this ability and its morphs, your character will now always orient the direction of the area of effect towards your reticle. This also allows you to turn and damage enemies with these abilities while you are rooted."
skills,Online:Puncturing Strikes,4.2.8,"* Fixed an issue where spamming cast time or channeled abilities, such as Puncturing Strikes or Dark Flare, would cause a delay to occur between each cast of those abilities."
skills,Online:Puncturing Strikes,5.0.5,* Reduced the channel time for this ability and its morphs from to 1 seconds from 1.1 seconds. Praise the sun for whole numbers!
skills,Online:Puncturing Strikes,5.1.5,"* Reduced the base cost of this ability and its morphs to 2700 from 2952. Biting Jabs retains the 15% cost reduction. * This ability and its morphs will now use an older version of camera controls, predating the adjustments with Murkmire. This was done to prevent many of the errors occurring explicitly with gamepad mode."
skills,Online:Puncturing Strikes,5.2.5,"* This ability and its morphs will now snare the nearest enemy hit by 40% every time it deals damage, rather than snaring the nearest enemy hit by 70% on the final hit. * This ability and its morphs will now properly be considered Direct Damage attacks rather than a hybrid of Direct Damage and Damage over Time. Note that some item sets may still erroneously trigger from the attack, and will be fixed in a future update. * Updated the visual effects of this ability to better sync up with its attacks."
skills,Online:Puncturing Strikes,6.1.5,"*Reduced the tick frequency of this ability and its morphs to 333ms, down from 300ms, to better sync its damage with its animation. ** Puncturing Sweeps (morph): Fixed an issue where the heal from this ability was based on the damage of the initial hit, rather than the amount of damage done to each individual target, resulting in a significant reduction to healing when hitting multiple targets. With this fix, we'll be keeping a close eye on the Templar's ability to stay in the thick of the fight."
skills,Online:Puncturing Strikes,7.3.5,"* Biting Jabs (morph): This morph now grants Major Brutality and Sorcery for 10 seconds after casting, rather than Major Savagery for 8, as Sun Fire already grants Major Savagery and Prophecy now."
skills,Online:Puncturing Strikes,8.1.5,"* This ability and its morphs now hit 3 times over a channel time of 800ms, rather than 4 times over 1 second. * Implemented new animations and visual effects to match the attack cadence. * Reduced the cost of this ability and the Puncturing Sweeps morph to 2295, down from 2700. * Reduced the overall damage of the primary attack by approximately 21% since this ability no longer incurs a DPS loss while weaving within the 1 second global cooldown window. * Increased the damage of the Area of Effect hits by approximately 7%. * Reduced the duration of the snare to 0.5 seconds per hit, down from 1 second. ** Puncturing Sweeps (morph): *** Reduced the healing of this morph to 33%, down from 40%. *** Fixed an issue where this morph was only healing up to 5 times in large target count encounters, instead of the intended 6 times. ** Biting Jabs: This morph now also increases the damage of the Area of Effect portion of the attack by 25%, in addition to the base 7% damage increase."
skills,Online:Puncturing Strikes,11.0.5,"* Puncturing Strikes: This ability and its morphs now deal damage to the 6 closest enemies, rather than having no target. These abilities no longer deal normal damage to the closest enemy and then deal lesser damage to other enemies hit. They now deal full damage to all targets hit (up to the new cap of 6). Each enemy is snared, rather than only the first. *** Developer Comment: With subclassing now in place, we're placing a target cap on this ability in efforts to prevent it from becoming too dominant. We're also removing the reduced damage against the other nearby enemies hit, so it still stands out as a unique and powerful skill that serves a purpose - focusing on immense cleave damage, but now with a limit so it doesn’t invalidate other area of effect abilities outright. ** Puncturing Sweep: Reduced the healing done by this morph to 25% of the damage done, down from 33%. This will result in less healing against one enemy, while being almost the same against 2, and increasing greatly at 3+ enemies. Note that the heal from this morph was always capped at 6 enemies hit, so that part remains unchanged. ** Biting Jabs: This morph now has an increased chance per hit (10% per enemy, rather than 3%) to apply Sundered, rather than increasing the damage of the lesser hit, as it now deals full damage to all targets."
skills,Online:Purge,1.2.3,* This ability's name will now display its rank.
skills,Online:Purge,1.5.2,* This ability now has new first-person graphical effects.
skills,Online:Purge,1.6.5,"* Efficient Purge: The tooltip for this ability now displays the correct duration at all ranks. * Cleanse (morph): ** The particle effects for this ability will now properly display when you use it. ** The healing from this ability now only applies if a negative effect is removed from a target. ** Slightly reduced the value that Cleanse heals allies for to 15%, 16%, 17%, and 18% of their maximum health from 18%, 19%, 20%, and 21%."
skills,Online:Purge,2.0.5,"* Cleanse: Fixed an issue where this ability wasn't increasing magicka regeneration from the Support passive Magicka Aid. * Known Issue: Cleanse does not currently work properly specifically for Rank I, and will be fixed in a future patch."
skills,Online:Purge,2.3.5,"* Reduced the amount of targets this ability and its morphs affect to a maximum of 6 targets, previously 20 targets. * Increased the radius of this ability and its morphs to 18 meters from 12 meters. * This ability and its morphs now only affect your group, instead of any friendly nearby ally. * Efficient Purge: Increased the cost of this ability by 32%."
skills,Online:Purge,2.3.10,* Fixed an issue where the bonuses from this ability and its morphs would affect group members at any distance instead of within an 18 meter radius.
skills,Online:Purge,2.3.11,* Cleanse: Fixed an issue where this morph was not healing every group member who had a negative effect cleansed from them.
skills,Online:Purge,3.0.5,* Shatter Soul (Soul Assault morph): Fixed an issue where Rank IV of this morph could be removed by Purge.
skills,Online:Purge,3.2.5,* Fixed an issue where the buff applied by this ability and its morphs that reduced the duration of negative effects could stack.
skills,Online:Purge,4.3.5,"* Fixed an issue where this ability and its morphs did not properly benefit from the Magicka Aid passive of this skill line. * Fixed an issue where these abilities would not trigger requirements for ""when purging an ally"". You are totally purging your allies."
skills,Online:Purge,5.1.5,"* This ability and its morphs no longer reduce the duration of incoming negative effects. * Increased the amount of negative effects instantly removed per cast to 3 from 2. * This ability now ranks up in cost reduction, leading to a base cost of 7830 at Rank IV. * Efficient Purge: This ability will now cost 5400 at Rank IV, rather than 5130. * Cleanse: This morph no longer heals for 15% of the target's Max Health if a negative effect was removed from them, but instead heals for 7-10% of their Max Health per negative effect removed."
skills,Online:Purge,5.2.5,* Reduced the healing per negative effect of this morph to 5% at Rank IV from 10%.
skills,Online:Pursuit,1.5.2,* This passive now increases stamina gained from heavy attacks.
skills,Online:Pursuit,2.1.4,"* Fixed an issue with this passive which made Rank I of the ability only return an additional 50 Stamina per heavy attack, rather than 50%."
skills,Online:Pursuit,2.7.5,* Fixed an issue where this passive ability was being removed when your character died.
skills,Online:Pursuit,4.1.5,* This ability now also increases your Movement Speed by 15/30%. ** Note: This bonus was moved from a baseline effect of Werewolf Transformation to this passive.
skills,Online:Pursuit,4.1.5,"* Updated the tooltip of this passive to better reflect the actual math behind how this passive interacts with other bonuses. Previously, the values looked to be much more impactful than you actually got, so we reduced the bonus to your Heavy Attack resource restore to 25/50% at Ranks I and II respectively, down from 50/100% on the tooltip, so the actual restore matches with it. * Fixed an issue where this bonus was not properly scaling with the Off Balance bonus, and it will now grant the intended return."
skills,Online:Pursuit,12.0.5,"*Pursuit -> Master of the Chase: This passive’s bonus to Heavy Attack resource restore now only occurs at rank 2, as it is largely irrelevant for most play styles after the cost reduction changes and cuts down on performance."
skills,Online:Quick Fix,3.0.5,"* Fixed an issue where ranking up a summon ability (Unstable Familiar, Summon Winged Twilight, Feral Guardian, etc.) would unsummon your pet."
skills,Online:Radial Sweep,1.2.3,* Empowering Sweep: This Ultimate ability now gives 15% damage reduction and +4% damage reduction for each target hit instead of increasing your armor.
skills,Online:Radial Sweep,1.6.5,"* Radial Sweep and all morphs are now a player-based area of effect attack that will also deal damage every 2 seconds for 6 seconds, to enemies within 5 meters."
skills,Online:Radial Sweep,2.3.5,* Increased the radius of this ability and its morphs to 6 meters from 5 meters. * Crescent Sweep: Increased the bonus to the initial hit provided by this morph to 66% more damage dealt from 33%. * Empowering Sweep: Increased the duration of the damage reduction provided by this morph to 10 seconds from 8 seconds.
skills,Online:Radial Sweep,2.7.5,* The damage from this ability and its morphs can no longer be dodged. ** Developer Comments: Changed as part of our overall Area of Effect consistency pass as described earlier.
skills,Online:Radial Sweep,4.2.5,"* Empowering Sweep: This morph now deals Physical Damage instead of Magic Damage, and also now grants Major Protection for 6 seconds, plus 1 second for each target hit. * Crescent Sweep: ** This morph now deals Magic Damage instead of Physical Damage. ** This morph now applies the frontal cone damage bonus to the initial hit and all subsequent ticks (was previously the initial hit only), but the damage bonus has been reduced to a 60% bonus from 66%. *** Developer Comment: As stamina builds already have a bursty option with Dawnbreaker, we wanted Magicka Templars to have access to a similar option with Crescent Sweep. The change to Magicka damage, along with the increased overall damage, will now provide that option. Keep in mind this still requires targets to be in front of you when it hits!"
skills,Online:Radial Sweep,5.0.5,"* Increased the radius of this ability and its morphs to 8 meters from 6 meters. * Empowering Sweep (morph): Redesigned this morph to offer damage, rather than survivability. The damage pulse after the initial hit now lasts 6 seconds at base, but is increased by 2 seconds for each enemy hit, up to a maximum of 6 enemies. It also now grants Empower for the duration, rather than Major Protection. ** Developer Comment: The Templar has many Ultimates that operate defensively already in their other skill lines (Major Maim from Nova, Major Protection from Remembrance), and we found their toolkit for offensive moments wasn't being given enough opportunity. Back in Update 20, we adjusted Crescent Sweep to deal Magic Damage and introduced a bonus mechanism where enemies hit in a cone in front of you took bonus damage. We wanted the Physical Damage morph to also enable damage, but through alternative means. Now, the entire ability's duration will scale based on enemies hit, and will also grant Empower for the duration."
skills,Online:Radial Sweep,5.2.5,"* In efforts to improve performance, the visual effects from some player abilities have been updated. These changes focus on which players can see specific parts of a visual effect, and when the visual effects should be removed from view. This is an ongoing process that will be maintained over time. Note that the caster of these abilities will not see much change, if any, while allies will see much less of the visual intensity. The following abilities have received adjustments: ** Radial Sweep and morphs ** Aurora Javelin ** Puncturing Strikes and morphs ** Sun Shield and morphs"
skills,Online:Radial Sweep,6.1.5,"*This ultimate and its morphs now have a minor cast time to help better sync their damage and animation, as well as adding more time for counter play to react."
skills,Online:Radial Sweep,8.3.5,"* Empowering Sweep/Everlasting Sweep: ** Increased the duration of the pulsing Damage over Time to 10 seconds at base, up from 6 seconds. ** This morph no longer grants Empower, as Solar Flare and its morphs already grant this buff. As such, the name has been adjusted to prevent confusion."
skills,Online:Radiant Destruction,1.6.5,"* Blinding Light: The ability Blinding Light has been removed, and replaced with Radiant Destruction. * Radiant Destruction: ** This new ability has replaced Blinding Light. Any experience you had in Blinding Light will automatically apply to Radiant Destruction. ** Radiant Destruction is a channeled, magicka-based beam with a range of 28 meters and a duration of 3 seconds. It does moderate damage against enemies, but that damage increases against targets who are low in health. ** Radiant Glory: This ability heals the caster for 20% of the amount of damage dealt by the ability. ** Radiant Oppression: This ability deals more damage depending on how much unspent magicka you have. A caster with 100% magicka will receive a 40% bonus to the damage from this ability."
skills,Online:Radiant Destruction,1.6.6,* Fixed an issue where this ability was scaling too quickly when your target was below 50% health.
skills,Online:Radiant Destruction,2.0.1,"* Shadow Cloak: Fixed an issue where this ability wasn't removing channeled damage abilities, such as Radiant Destruction."
skills,Online:Radiant Destruction,2.0.4,"* Radiant Oppression: Fixed an issue where this ability was getting the full 40% damage bonus, regardless of caster's magicka value."
skills,Online:Radiant Destruction,2.0.5,* This ability now cancels if the enemy moves out of your line of sight.
skills,Online:Radiant Destruction,2.3.5,"* Fixed an issue where channeled attacks (such as Radiant Destruction), Restoration and Lightning Staff Heavy Attacks could be avoided by dodge rolling. Channeled attacks cannot be dodged. * Fixed an issue where the execute bonus damage from this ability would not apply if multiple Templars were channeling these abilities on the same target."
skills,Online:Radiant Destruction,2.7.5,"* Decreased the damage from this ability and its morphs by approximately 21%. **Developer Comment: The damage of Radiant Destruction was so high that players were able to cast this on targets with high health values and still deal effective damage. This change makes it more important to use the ability at the correct time. In PvP, other players now have more time to react, and in PvE the rotation requires using multiple abilities for a longer period of time."
skills,Online:Radiant Destruction,3.3.5,* Radiant Oppression: Fixed an issue where the execute bonus damage and Magicka bonus damage from this morph were not multiplicative with each other. This fix will result in higher damage done with this morph.
skills,Online:Radiant Destruction,4.1.5,* Increased the maximum bonus execute damage dealt by this ability and its morph to 480% from 330%.
skills,Online:Radiant Destruction,4.2.5,"* Decreased the channel time for this ability and its morphs to 1.8 seconds from 2.8 seconds; the damage done has been decreased by approximately 15% and cost by approximately 35%. The total damage per second and cost per second should remain relatively unchanged. **Developer Comment: This change allows the Templar more opportunities to integrate damage over time effects into their rotation during the execute phase, while retaining the powerful level of Radiant Destruction. The reduction of time spent casting should help Templars' execute phase feel more engaging for the caster since they can now devote more time to maintaining other abilities."
skills,Online:Radiant Destruction,7.1.5,"* Fixed an issue where both morphs of this ability had scaling coefficients with less significant figures than intended, resulting in some very minor lost damage. ** Radiant Oppression (morph): This morph no longer increases the damage done of the ability based on your current Magicka, but instead increases the damage scaling of the execute multiplier to 500%. This should retain roughly the overall maximum power of the morph, but with far less micromanagement."
skills,Online:Radiant Destruction,8.1.5,* Radiant Destruction: Increased the base damage of this ability and its morphs by approximately 23% to ensure it stands up to execute abilities when looking at their ability to be more frequently weaved with.
skills,Online:Radiant Destruction,9.2.5,"* Radiant Glory (morph): This morph now also grants Magicka restore when it deals damage, which is based on the missing health of the enemy, up to a maximum of 480 per tick."
skills,Online:Radiant Destruction,10.1.5,* Fixed an issue where this ability and its morphs’ visuals would appear to spill out and reflect on yourself when the abilities triggered the Overcharged status effect on the enemy target.
skills,Online:Radiant Destruction,11.0.5,"* Increased the time this ability can be channeled to 3.8 seconds, up from 1.8 seconds, to reduce the need to constantly activate the skill. This ability and its morphs now cost 1080 Magicka per tick, rather than having an upfront cost of 2950 - to ensure it drains resources closer to other execute abilities, while still remaining cheaper than others since it's far more restrictive. Increased the damage per tick of this ability and its morphs by ~16%. Adjusted the execute scaling to now start at 33% Health and gaining up to 500% bonus damage, rather than starting at 50% Health and gaining up to 480% bonus damage. This ability and its morphs are now dodgeable, in efforts to help prevent it from being a complete death sentence at low health in PvP areas. *** Developer Comment: Now that subclassing is here, we're adjusting some numbers and functionality on this execute to give it more defined strengths and weaknesses in hopes that it doesn't eclipse other execute options. The higher commitment time and cost per tick should ensure it has slightly more risks with channeling it. The base damage is increasing for cleaner math, while the execute scaling is being adjusted so it doesn't outright beat other executes, while retaining the power fantasy of melting very low health enemies. Lastly, we're making this execute dodgeable as an exception, to improve some of the counterplay in PvP. ** Radiant Glory: This morph now reduces the base cost to 648 per tick, rather than restoring a small chunk of Magicka per tick based on missing Health. Decreased the healing done to 15% of the damage done per tick, down from 17%. ** Radiant Oppression: This morph now causes the execute scaling to begin at 40% Health, rather than increasing the execute scaling bonus damage by 20%."
skills,Online:Raging Storm,3.0.5,"* Fixed an issue where ranking up a summon ability (Unstable Familiar, Summon Winged Twilight, Feral Guardian, etc.) would unsummon your pet."
skills,Online:Rapid Fire,2.6.4,"* New Weapon Ultimates have been added to the game. Each Weapon skill line now has one Ultimate, and each Ultimate can be obtained by reaching Rank 50 in its respective Weapon skill line. Weapon Ultimates can be morphed as well!"
skills,Online:Rapid Fire,2.7.5,* The bow and arrow used for this ability will now point in the same direction.
skills,Online:Rapid Fire,3.0.5,* Updated the visual effects on this ability and the Toxic Barrage morph. * Fixed an issue where this ability and the Toxic Barrage morph would ignore line of sight.
skills,Online:Rapid Fire,4.0.5,"* This ability and the Toxic Barrage morph now grant you crowd control immunity while you are channeling them. **Developer Comments: This puts these abilities more in line with the Soul Strike ability, which provides similar protections. We don't want players to activate an Ultimate and have it easily and immediately negated."
skills,Online:Rapid Fire,4.2.7,* The residual Damage over Time from Toxic Barrage can no longer proc Weapon Enchantments or poisons.
skills,Online:Rapid Fire,5.0.5,* Ballista: Fixed an issue where the damage from this ability could cause health desyncs to occur under certain circumstances.
skills,Online:Rapid Fire,5.1.5,"* Increased the channeled damage from this ability and the Toxic Barrage morph by approximately 11%, and reduced channel time to 4 seconds from 4.1 seconds. * Toxic Barrage: Removed the delay and reduced damage of the DoT by approximately 6% so it properly deals half the damage of the channeled attack. * Ballista: Reduced the duration of the turret to 5 seconds from 5.5 seconds, and fixed an issue where it was double dipping in rank progression. This will result in a minor damage decrease."
skills,Online:Rapid Fire,5.2.5,"* Ballista (morph): Updated the tooltip of this ability to show its true range, to prevent confusion in areas where you could increase your range yet fail to actually increase the range of the ability."
skills,Online:Rapid Fire,5.3.4,* Ballista (morph): Fixed an issue where this ability could continuously break the caster's invisibility.
skills,Online:Rapid Fire,6.1.5,"* Toxic Barrage (morph): ** Fixed an issue where the Damage over Time from this attack would apply to the target, even if they dodged all instances of damage. ** The poison will now apply on each tick, but with a delay of 1 second to ensure it does not deal damage until they have stopped taking damage from the ability. ** Fixed an issue where this portion of the ability could not stack from multiple players."
skills,Online:Rapid Fire,7.0.5,* Toxic Barrage (morph): Fixed an issue where the Damage over Time from this Ultimate failed to apply to targets that blocked the attack.
skills,Online:Rapid Fire,10.0.5,"* Fixed an issue with this Ultimate and the Toxic Barrage morph where the visual effects could become stuck on a target even after the ability was cancelled. * Fixed an issue where these two abilities also shot a phantom arrow, dealing 10 instances of damage, despite only shooting 9 arrows maximum. The total damage per cast has remained relatively untouched (some minor rounding may result in < 1% changes). ** Toxic Barrage (morph): Increased the Damage over Time effect to match the new damage per shot by ~11%, now that it applies one less tick."
skills,Online:Rapid Maneuver,1.1.2,* Charging Maneuver: This ability now properly adds Weapon Damage.
skills,Online:Rapid Maneuver,1.2.4,* Fixed an issue where this ability was not working while mounted. We also fixed an issue where using this ability would reduce your game's performance when hitting multiple targets.
skills,Online:Rapid Maneuver,1.6.5,"* This ability now grants the Major Expedition buff. * This ability and its morphs can now be cast while mounted. * Charging Maneuver: This ability now grants the Minor Expedition Increase buff for 8 seconds after attacking an enemy. * The duration of both morphs from this ability now increases with the level of the ability, up to a maximum of 23 seconds."
skills,Online:Rapid Maneuver,2.1.4,* Fixed an issue which was causing this ability to trigger the Mountain's Blessing passive.
skills,Online:Rapid Maneuver,2.1.6,* Fixed an issue which prevented Rank 1 of this ability from affecting movement speed while you were on your mount.
skills,Online:Rapid Maneuver,2.3.5,"* This ability and its morphs now also remove their bonuses whenever you cast a friendly ability on an ally, as well as a damaging ability on an enemy. * Increased the duration of this ability and its morphs to 30 seconds from 20 seconds. * This ability and its morphs now only affect your group, instead of any friendly nearby ally. * Reduced the maximum amount of targets this ability and its morphs can affect to 24 targets, previously an infinite amount of targets."
skills,Online:Rapid Maneuver,2.3.10,* Fixed an issue where the bonuses from this ability and its morphs would affect group members at any distance instead of within a 20 meter radius.
skills,Online:Rapid Maneuver,3.3.5,* Fixed an issue where the buff from this ability and its morphs would be removed if you used Shadow Cloak near monsters or NPCs.
skills,Online:Rapid Maneuver,4.3.5,"* Rapid Maneuvers & morphs now affect 12 targets instead of 24 ** Developer Comment: Due to the structure of our group sizes and targeting systems in place, we wanted a healthier balance in terms of how abilities hit targets. Previously, many abilities only hit 6 players (such as Molten Weapons or Frost Cloak), while other abilities hit 24 players (Rapids or Warhorn) which left a large disparity in their performance in how groups engaged with them. We used the Trial group size as a healthy medium since it was in the middle of 4-player dungeon content and large-scale warfare in Cyrodiil. Please note that we consider abilities that heal or do damage as higher impact, thus their additional affixes will continue to only hit 6 targets for the time being. * This ability and its morphs will no longer provide immunity to snares or immobilizes. * Retreating Maneuvers: This morph will no longer remove current snares or immobilizes, and will instead grant affected allies a bonus that reduces their damage taken from behind by 15%. ** Developer Comment: After the changes to Major Expedition in Update 20, we wanted to make sure all abilities that provided the buff were given the same pass, yet Rapid Maneuvers was left untouched. We wanted to spend more time fleshing out a new identity for this ability, while still retaining the unique group play it enabled. Since the removal of snares and immobilizes is such a powerful tool, we removed that function from this skill since it was allowing large groups to ignore incorporating those types of abilities in their individual builds. We repurposed Retreating Maneuvers for something that was strictly defensive, as the name implied, so you'll now take less damage when being attacked from the backside as you reposition or retreat."
skills,Online:Rapid Maneuver,5.1.5,"* Reduced the cost of this ability and its morphs to 6885 from 8100 for the 15% Stamina cost reduction standard. * This ability and its morphs will no longer remove themselves if you take an action, such as healing or damage. * Reduced the duration of the Major Expedition granted to 8 seconds from 30 seconds at Rank IV. Note it will continue granting Major Gallop for 30 seconds. * Retreating Maneuver: This ability no longer ranks up in duration. * Charging Maneuver: ** This morph no longer grants Minor Expedition after the Major Gallop ends or is reapplied. Instead, it grants the Minor Expedition bonus alongside the Major Expedition bonus. ** This ability no longer ranks up in duration, but instead reduces in cost. ** Fixed an issue where Minor Expedition was ignoring range requirements, and applying to allies in lands far, far away."
skills,Online:Rapid Maneuver,6.3.5,"* This ability and its morphs no longer grant Major Gallop on cast since it is no longer necessary. * Reduced the cost of this ability to 6426, down from 6885. * Fixed an issue where casting this ability's morphs would fail on nearby innocents if the setting ""Prevent Attacking Innocents"" was turned on."
skills,Online:Rapid Mending,2.4.5,"* This passive ability no longer increments its bonuses with each piece of Heavy Armor, and now requires 5 pieces or more of Heavy Armor to be worn. * Increased the healing taken bonus to 4/8% * This ability now increases the amount of resources your Heavy Attacks restore by 25/50% at Ranks I/II."
skills,Online:Rapid Mending,2.5.5,* Fixed an issue where this passive ability's Heavy Attack resource restore bonus was applying even when you did not have 5 pieces of Heavy Armor equipped.
skills,Online:Rapid Mending,2.7.5,"* This passive now increases the amount of resources your Heavy Attacks restore by 12/25% from 25/50%. **Developer Comments: Part of the counterplay against a Heavy Armor enemy is to stop attacking them for a short period (to drop their Wrath stacks and not trigger their Constitution passive), but Rapid Mending made it so they could still restore a significant amount of resources, even if you were trying to avoid them. Reducing this should ensure Heavy Armor is more about constantly taking damage to maximize its strengths."
skills,Online:Rapid Mending,3.2.5,"* This passive ability no longer increases the amount of resources your Heavy Attacks restore, as that effect has been moved to the new Revitalize passive. It continues to increase your healing received by 4/8%. **Developer Notes:We want each of the three armor types to have unique trade-offs. Heavy Armor's main advantage is its increase to survivability, while the disadvantage is its lower damage and healing power. To emphasize this distinction, we've removed the Wrath passive."
skills,Online:Rapid Rot,5.2.5,"* Increased the damage bonus for this passive to 15%, up from 10%."
skills,Online:Rapid Rot,8.1.5,"* This passive now increases your damage done with Damage over Time effects by 5/10%, down from 7/15%."
skills,Online:Razor Cape,3.0.5,"* Fixed an issue where ranking up a summon ability (Unstable Familiar, Summon Winged Twilight, Feral Guardian, etc.) would unsummon your pet."
skills,Online:Reach,1.1.2,* Reach I: Fixed an issue where Reach I was granting slightly more range than was intended. Rank II remains unchanged.
skills,Online:Reach,4.0.5,"* This skill now properly applies only in areas of Keeps, Resources, Outposts, Districts and Scroll Temples."
skills,Online:Reach,4.2.5,"* This ability now only affects abilities that have a 28 meter range or more, previously 15 meters."
skills,Online:Reanimate,5.3.4,* Fixed an issue where this ability and its morphs would not trigger events that required Resurrections to proc.
skills,Online:Reanimate,9.3.5,"* Animate Blastbones (morph): This morph now only spawns Blighted Blastbones, rather than spawning the version of the ability you’ve morphed, as there is little benefit from having multiple skeletons activate from Sacrificial Bones or Grave Lord’s Sacrifice."
skills,Online:Rebate,1.1.2,* Fixed an issue with this ability. It will now properly recover magicka when your Summoned Winged Twilight is killed.
skills,Online:Rebate,1.2.3,"* Updated this ability's tooltip to state that pets restore magicka when they die, or when you unsummon them."
skills,Online:Rebate,1.6.5,"* Fixed an issue where this ability was not restoring magicka when a Daedric pet was de-summoned or died, and the magicka restore from this passive now scales with your level instead of your maximum magicka."
skills,Online:Rebate,2.7.5,* Fixed an issue where Rank II of this passive was restoring less Magicka than intended for player characters at Level 50.
skills,Online:Rebate,5.1.5,* Fixed an issue where this passive would dismount you if it procced.
skills,Online:Rebate,6.1.5,"* This passive now restores 150/300 Magicka or Stamina (determined by what the ability cost) when one of your Daedric Summoning non-Ultimate abilities end, rather than restoring Magicka when your Daedric Summoning pets died or were unsummoned."
skills,Online:Rebate,11.0.5,"* This passive now restores 185/371 Magicka or Stamina when a non-Ultimate Daedric Summoning ability ends, up from 150/300."
skills,Online:Recipe Improvement,1.1.2,* Corrected a minor issue with this passive skill's icon.
skills,Online:Recipe Improvement,2.6.4,"* Recipes in Cyrodiil, the Imperial City, and Dungeons now drop based on your rank in the Recipe Improvement passive."
skills,Online:Recovery,1.2.3,* Recovery II: Fixed a typo with this passive ability's tooltip.
skills,Online:Recovery,3.0.5,"* Swapped the Evocation and Recovery passives in the Skill Line window. * This is now a 3-point passive, originally 2-points. It now increases your Magicka Recovery by 2/3/4% per piece of Light Armor, instead of 2/4%."
skills,Online:Recovery,4.2.5,"* Recovery: Renamed this ability to Grace. ** This ability's old effects have been merged into the Evocation passive. ** It now reduces the effectiveness of snares applied to you by 1/2/4% per piece of Light Armor worn, and reduces the cost of Sprint by 1/2/3% per piece of Light Armor worn. ***Developer Comment: We want Light and Medium armor to have a mobility advantage over Heavy Armor without using penalties to make Heavy Armor feel slow. Medium Armor already has faster sprinting, while Light Armor wearers now can sprint for longer and also isn't affected by snares as strongly."
skills,Online:Red Diamond,3.3.5,* Fixed an issue where this passive ability would display a generic icon in your buff trackers when it triggered.
skills,Online:Red Diamond,4.3.5,"* 10% Chance on Melee Attack to heal for 6% of Max Health → When you deal Direct Damage, you restore 333 Health, Magicka, and Stamina. This effect has a 5 second cooldown. It also will reduce the cost of all abilities by 3%. ** Developer Comment: We were relatively happy with the performance of the Imperial races previously, but wanted to improve Red Diamond to stand out and be more accessible across different play styles. Now even on non-offense oriented builds, you'll still be able to get a bit of a bonus out of it with the cost reduction. We also wanted to split the previous amount of Health over all 3 resources so all build types could engage with it, instead of being purely survival based."
skills,Online:Red Diamond,6.3.5,"* This passive no longer restores Health, Magicka, and Stamina whenever you deal Direct Damage. *Increased the cost reduction for all abilities to 6%, up from 3%."
skills,Online:Refreshing Shadows,1.2.3,"* This passive ability is now always active, and no longer requires you to use another ability."
skills,Online:Refreshing Shadows,2.1.4,"* Adjusted this ability from 15/30% Stamina recovery to 7/15% Stamina, Health and Magicka recovery. We also fixed an issue which caused this passive to not increase health regeneration."
skills,Online:Regeneration,1.1.2,* Mutagen: Fixed an issue where this ability's heal was not applying to targets under 20% health.
skills,Online:Regeneration,1.2.4,* Fixed an issue where using this ability would significantly reduce your game's performance.
skills,Online:Regeneration,2.1.4,* Mutagen: Fixed an issue where the extra heal for allies below 20% health was only applying on the initial cast.
skills,Online:Regeneration,2.3.5,* Mutagen: Fixed an issue where the secondary heal that fires when the target goes below 20% Health could not critically strike.
skills,Online:Regeneration,2.3.10,"* Fixed an issue where you were able to cast some abilities, such as Regeneration, without respect to the global cooldown."
skills,Online:Regeneration,2.7.5,* Fixed an issue where this ability and its morphs were not correctly prioritizing low-health targets that did not already have the Heal over Time applied.
skills,Online:Regeneration,5.1.5,"* Increased the healing per tick by approximately 98%, but reduced duration to 10 seconds. It now only hits 1 ally per cast. * Increased cost to 2700 from 2160. * Rapid Regeneration: This morph now doubles the frequency but halves the duration. * Mutagen: This morph no longer attempts to grant affected targets a burst heal and purge if they were under 20% Health after the heal triggered. It will now instead heal up to 2 additional targets in your radius, and is called Radiating Regeneration to better showcase its ability to diverge to targets. ** Developer Comment: This change was done to better help healers grant high mobility targets healing with the skill, and to tone down the incredibly powerful ability to come back from the brink of death passively."
skills,Online:Regeneration,8.1.5,* Reduced the healing per tick of this ability and its morphs by 40%. ** Rapid Regeneration (morph): This morph now also increases healing done by up to 50% on targets under 100% Health.
skills,Online:Rejuvenation (Companion),3.0.5,"* Fixed an issue where ranking up a summon ability (Unstable Familiar, Summon Winged Twilight, Feral Guardian, etc.) would unsummon your pet."
skills,Online:Remedy Cascade,10.3.5,* This ability and its morphs now properly prioritize the lowest health allies in the area.
skills,Online:Render Flesh,5.1.5,* Fixed an issue where the Befouled star from the Shadow tree was applying to the Minor Defile from this ability and its morphs.
skills,Online:Rending Claws,12.0.5,"*Infectious Claws -> Rending Claws: This ability and the Claws of Life morph have been adjusted to deal Physical Damage on their initial hit and Bleed Damage for their over time effect, rather than dealing Disease Damage on both hits. Reduced the initial hit’s Weapon and Spell Damage scaling by 20%, and increased its Magicka and Stamina scaling by 4%. The damage over time now lasts for 10 seconds, down from 20. Increase the Weapon and Spell Damage scaling by ~92% and the Magicka and Stamina scaling by ~150%. This ability and its morphs now have a target cap of 6, rather than hitting all enemies. The initial hit now has a 15% chance of applying Sundered and the damage over time has a 5% chance of applying Hemorrhaging, rather than the initial hit applying Diseased and the damage over time having a 1%. **Claws of Anguish -> Claw Fury: This morph has been reworked into a channeled attack that deals direct Physical Damage over 4.8 seconds, hitting up to 6 enemies closest to you in a 7m cone with a 90 degree arc up to 13 times. Claw Fury generates Fury and a stack of Blood Hunger, up to once every second while dealing damage with the ability. Claw Fury scales with 0.488093 Weapon or Spell Damage and 0.060431 Magicka or Stamina per tick, and increases by 25% for each stack of Blood Hunger you have. When Claw Fury ends in any capacity, all stacks of Blood Hunger are removed. **Claws of Life -> Bloodclaws: This morph now heals for 40% of the initial hit damage done, rather than not healing at all on the initial hit. The damage over time now heals you for ~6.2% of your Max Health when damaging an enemy, rather than healing you for 66% of the damage done. Adjusted the rank up progression to 1.1% for the initial hit and 1.1% healing done for the healing from the damage over time. Developer Comment We're generically buffing this skill to now be a full power area effect attack and damage over time effect, rather than reducing the damage of the area effect from the damage over time. As such we're gently peeling back some of the cleave damage of the initial hit, while greatly increasing the damage over time potential in all capacities, so this ability feels more like 2 separate abilities, rather than 1 blended ability. Werewolves have finally also washed their damn hands, moving them away from Disease damage in the kit, instead focusing in on Physical and Bleed to help make a more savage and brutal experience. Additionally, we're splitting the morph diversity to either add more healing for both damage and bruiser builds and a rework morph that functions similarly to something like Engulfing Dragonfire, helping Werewolves who'd rather focus on cleaving foes down. Claw Fury is slightly weaker than the traditional Gnash focused build in single target, but comes out ahead in encounters with multiple enemies packed together."
skills,Online:Rending Claws,12.0.6,*The Werewolf's Claw Fury damage impacts no longer cause silent audio. Sounds should now play as expected.
skills,Online:Resist Affliction,2.5.5,* Increased the Max Stamina bonus provided by this passive to 2/4/6% from 1/2/3%.
skills,Online:Resist Affliction,4.0.5,* Updated this ability's tooltip to indicate it grants immunity to the Poisoned and Diseased status effects.
skills,Online:Resist Affliction,6.3.5,"* This passive no longer grants immunity to the Poisoned status effect, and once again grants an equal amount of Disease Resistance."
skills,Online:Resist Flame,4.0.5,* Updated this ability's tooltip to indicate it grants immunity to the Burning status effect.
skills,Online:Resist Flame,4.3.5,* Gain 3% Max Magicka and 2079 Flame Resistance → Increases your Flame Resistance by 2310. You are immune to the Burning status effect.
skills,Online:Resist Flame,6.3.5,"* This passive no longer grants immunity to the Burning status effect. * Increased the Flame Resistance to 4620, up from 2310."
skills,Online:Resist Frost,2.1.4,* Increased the maximum health bonus to 3/6/9% from 1/2/3%.
skills,Online:Resist Frost,4.0.5,* Updated this ability's tooltip to indicate it grants immunity to the Chill status effect.
skills,Online:Resist Frost,4.3.5,* Gain 9% Max Health and 2079 Cold Resistance → Increases your Max Health by 1000 and your Cold Resistance by 2310. You are immune to the Chilled status effect.
skills,Online:Resist Frost,6.3.5,"* This passive no longer grants immunity to the Chilled status effect. * Increased the Frost Resistance to 4620, up from 2310."
skills,Online:Resolute Defense,12.0.0,"*This passive increases the amount of damage you can block by 6% every second you remain Bracing, up to 30%. Blocking has a 20% chance to restore 500 Stamina, up to once every 250ms."
skills,Online:Resolve,8.1.5,"* Fixed an issue where this passive's bonus Armor could fail to contribute to abilities or effects that used Physical or Spell Resistance to scale in many cases, as it was looking at your current target's information to derive its values rather than always your own."
skills,Online:Resourceful,2.1.4,"* Increased the bonus Health, Magicka and Stamina restore upon consuming a potion to 2/5/8% from 2/4/6%."
skills,Online:Resourceful,2.2.4,* The swim speed bonus from this ability will now properly apply if you purchase the passive while swimming.
skills,Online:Resourceful,2.3.5,"* Increased the amount of Health, Magicka, and Stamina restored from this passive to 4/8/12% at Ranks I/II/III from 2/5/8%."
skills,Online:Resourceful,2.5.5,"* This passive ability has been renamed to ""Resourceful."" Also, it no longer increases your swimming speed by 50%. It now increases your Max Magicka by 1/2/3%, and continues to restore 4/8/12% of your Max Health, Magicka, and Stamina whenever you drink a potion."
skills,Online:Resourceful,3.0.5,"* This passive ability now restores Health, Magicka, and Stamina based on your character level instead of your Max Resource. ** Developer Comments: This will be a buff for each particular resource if your maximum is below 38,500 and a nerf if it is above."
skills,Online:Resourceful,4.3.5,"* Gain 3% Max Magicka and restore 4620 Health, Magicka, and Stamina when you drink a potion → Increases your Max Magicka by 1000. Restore 4000 Health, Magicka, and Stamina when you drink a potion."
skills,Online:Resourceful,6.3.5,"* This passive now also grants 1000 Max Stamina. * Reduced the resources restored to 3125, down from 4000."
skills,Online:Resourceful,9.0.5,* Fixed an issue where the heal from this passive was not considered a proc.
skills,Online:Restoration Master,1.6.5,* This passive will now only increase healing done with Restoration Staff abilities.
skills,Online:Restoring Aura,1.1.3,* Radiant Aura: Fixed an issue where this ability could prevent you from swapping weapon sets.
skills,Online:Restoring Aura,1.2.3,* Repentance: This ability's beam effect no longer plays a second time if you re-approach the corpse after going out-of-range.
skills,Online:Restoring Aura,1.5.8,* Repentance: Fixed a remaining issue where the effects from this ability would not clear after you resurrected.
skills,Online:Restoring Aura,1.6.5,"* Restoring Aura now grants you the buffs Minor Fortitude, Minor Intellect, and Minor Endurance when the ability is slotted into the ability bar. When the ability is activated, it provides Major Fortitude and Major Endurance."
skills,Online:Restoring Aura,2.0.1,"* This ability no longer removes major buffs from allies, such as Major Fortitude granted by Green Dragon Blood."
skills,Online:Restoring Aura,2.3.5,"* Radiant Aura: This morph now grants you and your allies the Major Intellect buff upon activation, as well as having an increased radius as a morph effect."
skills,Online:Restoring Aura,2.7.5,"* Restoring Aura: Redesigned this ability and the Radiant Aura morph so they continue to grant the Minor Recovery buffs (Minor Fortitude, Minor Endurance, and Minor Intellect) while slotted. Activating this ability also now applies Minor Magickalsteal to all enemies in a 12 meter radius around you. * Radiant Aura: This morph now increases the radius of the Minor Magickasteal to 25/26/27/28 meters."
skills,Online:Restoring Aura,3.0.5,"* Repentance: This morph now restores Health and Stamina based on your character level instead of your Max Resource. It also only restores Stamina to the casting Templar, but continues to restore Health to the casting Templar and his allies. **Developer Comments: This will be a buff if your Maximum Stamina is below 29,700 and a nerf if it is above."
skills,Online:Restoring Aura,4.2.5,* Repentance: Different Templars can now repent the same corpse.
skills,Online:Restoring Aura,5.0.5,* Repentance: This morph will now grey out and become unable to cast if there are no corpses around you.
skills,Online:Restoring Aura,5.1.5,* Fixed an issue where the Minor Endurance and Intellect from this ability and its morphs were stacking with other sources.
skills,Online:Restoring Aura,8.1.5,"* Restoring Aura: This ability and the Radiant Aura morph now grant Minor Endurance, Fortitude, and Intellect to you and nearby allies for 20 seconds, rather than applying Minor Magickasteal to enemies. It still will passively grant these buffs for slotting the ability as well. ** Radiant Aura (morph): This morph now also extends the duration of its effects to 60 seconds."
skills,Online:Restoring Tether,5.1.5,"* This ability and its morphs no longer have a resource cost, and now scale off your highest offensive stats. * Decreased the healing per tick by approximately 14%. * Mortal Coil: Reduced the Stamina return per tick to 35 from 79 at Rank IV."
skills,Online:Restoring Tether,5.3.4,"* Due to many mechanical issues with the Necromancer's engagement with corpses and targeting of corpses, the following changes have been made in hopes to alleviate some of these shortcomings: ** Blastbones and its morphs' corpses will now last 6 seconds, rather than 5 seconds. ** Skeletal Mage and Spirit Mender and their morphs' corpses will now last 10 seconds, rather than 5 seconds. ** Improved the targeting areas from all tether abilities, and will now link to the corpse closest to your reticle from a much larger radius. **Developer Comment: The goal of these changes is to help reduce situations where tether abilities do not grab a corpse in high combat load, as well as making it easier for Necromancers to feel in control of the amount of corpses on the field when utilizing their corpse generating abilities."
skills,Online:Restoring Tether,6.1.5,* Fixed an issue where casting a tether ability could sometimes cause your character to turn around and face the opposite direction you were facing.
skills,Online:Restoring Tether,7.3.5,* Restoring Tether (morph): ** Fixed an issue where this ability and its morphs' ally healing were considered single target instead of Area of Effect in some cases. ** The heal from all of these abilities and their tooltips will now properly be tracked as Area of Effect.
skills,Online:Restoring Tether,8.0.5,"* Mortal Coil (morph): This morph now increases your Health, Magicka, and Stamina Recovery by up to 150 while it is active, rather than restoring up to 1260 Stamina over its duration."
skills,Online:Restoring Tether,8.1.5,"* This ability and its morphs now tick once every 0.666 seconds, down from once every 0.333ms. * Increased the healing per tick by approximately 81%."
skills,Online:Restoring Tether,10.0.5,"* Increased the healing per tick of this ability and its morphs by ~14% so they are closer to stationary Over Time effects, rather than being treated as a halfway between stationary and sticky Over Time effects."
skills,Online:Reusable Parts,5.2.5,"* Increased the cost reduction granted from this passive to 25/50%, up from 12/25%."
skills,Online:Reusable Parts,11.0.5,"* This passive now reduces the cost of your next Necromantic summon by 33/66%, up from 25/50%."
skills,Online:Revealing Flare,1.6.5,"* Revealing Flare (new ability) ** This new ability will cast a projectile to travel to a specified location, which will reveal all enemies within 10 meters. ** Lingering Flare (morph): The area of effect will persist for 4 seconds after the ability is cast. ** Scorching Flare (morph): Using this ability will place a damage over time on any revealed enemies."
skills,Online:Revealing Flare,2.1.4,"* Increased the travel speed of this ability's projectile, and reduced the cost of the ability by approximately 15%. * Scorching Flare (morph): Increased the damage of this ability by 125%."
skills,Online:Revealing Flare,2.3.5,* This ability and its morphs now snare any enemy revealed from stealth or invisibility by 50% for 3 seconds. * Reduced the time this ability and its morphs prevent a revealed enemy from returning to stealth or invisibility to 3 seconds from 8 seconds.
skills,Online:Revealing Flare,2.7.5,* Reduced the cost of this ability and its morphs by 50%.
skills,Online:Revealing Flare,5.1.5,"* Adjusted this ability to behave more closely to other reveals, such as Magelight or Expert Hunter. * The flare now lingers in the area where cast for 5 seconds, rather than being instantaneous. * Increased the base cost to 5400 from 1889, which ranks down to 5130. * Lingering Flare: This ability now lasts 7 seconds, down from 8, and ranks up in duration to 10 seconds at Rank IV. * Scorching Flare: ** Renamed this ability to Blinding Flare. ** This ability no longer damages enemies revealed, but now stuns revealed enemies for 2 seconds, which ranks up to 4 seconds at Rank IV."
skills,Online:Revealing Flare,7.1.5,"* This ability and its morphs now prevent stealth and invisibility for 4 seconds, up from 3 seconds. * This ability and its morphs now passively grant Major Protection while slotted to ensure they do not feel lackluster to slot when not actively trying to deny stealth or invisibility, similarly to Magelight or Expert Hunter granting Major buffs."
skills,Online:Reveler,2.5.5,"* Two Handed Weapon Expertise: This passive ability has been renamed to ""Reveler."" Also, in addition to the current benefit it now increases the duration of any consumed drink by 15 minutes."
skills,Online:Reverse Entropy,3.0.5,"* Fixed an issue where ranking up a summon ability (Unstable Familiar, Summon Winged Twilight, Feral Guardian, etc.) would unsummon your pet."
skills,Online:Reverse Slash,1.3.3,* Executioner: The tooltip for this ability now reports the correct damage when you don't have a target.
skills,Online:Reverse Slash,1.5.2,"* Reverse Slice: Increased the area damage of this ability by approximately 100%, and it can now hit up to 6 targets."
skills,Online:Reverse Slash,2.4.5,"* Executioner: Redesigned this morph so it no longer passively increases the damage of all Two Handed abilities while slotted; instead, it increases the scaling bonus damage to low health targets to a maximum of 335/340/345/350% more damage at Ranks I/II/III/IV, increased from 300%. * Reverse Slice: Increased the splash damage percentage from this morph to 59/61/63/65% at Ranks I/II/III/IV from 41/42/43/44%."
skills,Online:Reverse Slash,2.7.5,* Adjusted the order of the Active Abilities in this skill line. They now unlock in the following order: ** Uppercut ** Critical Charge ** Cleave ** Reverse Slash ** Momentum ***Developer Comment: This change is aimed at newer players. Our intention for this weapon line and the ones below is getting players into the habit of using their primary damage ability as soon as possible.
skills,Online:Reverse Slash,3.0.5,* Reduced the cost of this ability and its morphs by approximately 27%.
skills,Online:Reverse Slash,3.1.5,"* The bonus damage dealt by execute abilities, such as Assassin's Blade or Reverse Slash, now works more intuitively with global damage done bonuses, such as Mighty or Minor/Major Berserk. Execute bonus damage is now multiplicative with global damage bonuses instead of additive. * Fixed an issue where this ability and its morphs would grant slightly less than a 300% damage bonus against a target at 1% Health."
skills,Online:Reverse Slash,5.1.5,* Executioner: Increased the execute multiplier of this ability to 400% from 350%.
skills,Online:Reverse Slash,5.2.5,"* Reverse Slice (morph): ** Fixed an issue where the AoE damage of this ability could critically strike. Since the initial hit can already critically strike, this was effectively allowing the attack to double crit, contributing to a tremendous power spike."
skills,Online:Reverse Slash,6.1.5,* Reverse Slice (morph): Fixed an issue where the splash damage of this ability was double hit by Battle Spirit.
skills,Online:Reverse Slash,7.0.5,* Reverse Slice (morph): Fixed an issue where the Area of Effect component of this ability was not considered a Two Handed ability or Weapon ability.
skills,Online:Reverse Slash,7.3.5,"* Reverse Slice: Increased the cost of this ability and its morphs to 2430, up from 2160. ** Executioner (morph): This morph no longer ranks up in 1.1% damage done per rank and instead reduces the cost per rank. ** Reverse Slash (morph): This morph's splash damage now ranks up to 100% of the original hit, up from 78% at rank 4."
skills,Online:Reverse Slash,8.0.5,"* Reverse Slice (morph): This morph no longer deals damage based on its initial hit and instead deals damage to all targets around the initial. **Developer Comment: This will allow the Area of Effect damage to be increased and decreased by bonuses, and to be calculated separately per target. It will also fix the issue where the damage continuously became weaker as it cascaded outwards, being diminished by each target's defenses."
skills,Online:Reverse Slash,9.3.5,"* Executioner (morph): This morph now deals Bleed Damage, rather than Physical Damage. This was done to help additional sources of the damage type enter the game, to help balance out ways to apply status effects."
skills,Online:Revitalize,3.2.5,"* Wrath: This passive ability has been replaced with the Revitalize passive, which increases the resources your Heavy Attacks restore by 12/25%. * Rapid Mending: This passive ability no longer increases the amount of resources your Heavy Attacks restore, as that effect has been moved to the new Revitalize passive. It continues to increase your healing received by 4/8%. **Developer Notes: We want each of the three armor types to have unique trade-offs. Heavy Armor's main advantage is its increase to survivability, while the disadvantage is its lower damage and healing power. To emphasize this distinction, we've removed the Wrath passive."
skills,Online:Rite of Passage,1.1.2,"* Slightly increased in healing done. * The Remembrance morph now gives allies 20% damage reduction at all ranks, rather than scaling from 16% up to 20%."
skills,Online:Rite of Passage,1.2.3,* This Ultimate ability is now capable of critical strikes and will make you immune to crowd-control while channeling it. * Remembrance: The damage reduction buff now perists for the duration of the channel. The tooltip has been updated to reflect this.
skills,Online:Rite of Passage,1.4.3,* You will now be immune to interrupt effects while channeling this ability.
skills,Online:Rite of Passage,1.5.2,* Fixed an issue where the Focused Healing passive wasn't being applied to Rite of Passage healing.
skills,Online:Rite of Passage,1.6.5,"* Reduced the cost of this ability to 125 Ultimate. * Increased the radius of this ability to 20 meters from 12 meters. * This ability now launches projectiles to the allies it heals. * Remembrance: This ability now correctly reduces incoming damage for both the caster and their allies, and the damage reduction now scales properly across all ranks."
skills,Online:Rite of Passage,2.0.3,"* This ability will now heal player characters with the lowest health in the area, rather than those closest to the caster."
skills,Online:Rite of Passage,2.3.5,"* In order to prevent visual issues or issues where the channel would end prematurely, this ability and its morphs can no longer be cast in mid-air. * Focused Healing: This passive ability now grants you the Major Mending buff while standing in your own Cleansing Ritual, Rune Focus, or Rite of Passage area effects and for up to 2/4 seconds after leaving them at Ranks I/II, instead of granting you 15/30% more healing to allies standing in your own Cleansing Ritual, Rune Focus, or Rite of Passage."
skills,Online:Rite of Passage,2.7.5,"* Fixed an issue where the friendly heal from some abilities (Rite of Passage, Blood Craze, etc.) could be dodged."
skills,Online:Rite of Passage,3.0.5,"* This ability now grants the caster Major Protection for 10 seconds at Rank IV instead of giving allies 20% damage reduction. * Sacred Ground: This passive ability now grants Minor Mending instead of Major Mending when you are standing in your Cleansing Ritual, Rune Focus, or Rite of Passage areas of effect. **Developer Comments: With a similar goal to reducing uptime on Major Mending as noted with the Igneous Shield change, Templars having 100% uptime on Major Mending by just standing within their areas of protection is stronger than we'd like and is one of the reasons they are the most desirable healer in endgame situations. We've changed the bonus to Minor Mending instead, but have increased the bonus from the Mending passive to compensate slightly."
skills,Online:Rite of Passage,5.0.5,"* Practiced Incantation: Fixed an issue where this ability was increasing the heal by 1 per rank, rather than 1.1%"
skills,Online:Rite of Passage,6.0.5,"* Fixed an issue where this ability could not be block cancelled after beginning it, despite its morphs being able to."
skills,Online:Rite of Passage,8.0.5,"* Practiced Incantation (morph): This morph now allows you to move at a reduced rate while channeling it, rather than being unable to move at all."
skills,Online:Ritual of Salvation,3.0.5,"* Fixed an issue where ranking up a summon ability (Unstable Familiar, Summon Winged Twilight, Feral Guardian, etc.) would unsummon your pet."
skills,Online:Roar,1.3.3,* This ability now correctly calculates its power bonus based on the number of targets that get hit.
skills,Online:Roar,1.5.2,* Fixed an issue where this ability didn't cost resources if it didn't hit any targets. * Ferocious Roar: Fixed an issue where enemies affected by this ability would begin sliding before the disorient ended.
skills,Online:Roar,1.6.5,* Rousing Roar: This ability now grants the Major Brutality buff for 5 seconds.
skills,Online:Roar,2.0.8,* Rousing Roar: Fixed an issue that was preventing Rousing Roar from hitting the correct number of allies. It will now always hit six friendly targets.
skills,Online:Roar,2.4.5,* Fixed an issue where the fear from this ability and its morphs was not applying CC-immunity at the end of its duration.
skills,Online:Roar,2.7.5,* Rousing Roar: Increased the duration of the Major Brutality buff provided by this morph to 20/21/22/23 seconds from 4/4.3/4.7/5 seconds.
skills,Online:Roar,3.1.5,* Fixed an issue where this ability and its morphs were not displaying a debuff icon for their off-balance effect.
skills,Online:Roar,4.1.5,"* This ability and its morphs are now instant-cast, previously 1 second. * This ability and its morphs can now fear up to 6 targets, previously 3 targets. * This ability and the Rousing Roar morph no longer set enemies Off Balance. * Ferocious Roar: This morph now sets feared targets Off Balance. * Rousing Roar: This morph has been renamed to Deafening Roar, and now applies Major Fracture for 10 seconds to feared targets."
skills,Online:Roar,5.1.5,"* Increased the cost of this ability to 4304 from 4163. * Reduced the radius to 6 meters from 8 meters. * Increased the duration of the fear to 4 seconds from 3.3 seconds at Rank IV. All morphs now last 4 seconds in total duration. * Deafening Roar: This ability now properly applies Major Fracture to up to 6 enemies, regardless if they were feared or not. * Ferocious Roar: This ability now ranks up in cost reduction, rather than Fear duration. The final base cost is now 4034."
skills,Online:Roar,6.0.5,"* This ability now also causes enemies to become Off Balance for 7 seconds. While slotted, this ability and its morphs passively grant Major Savagery. ** Deafening Roar (morph): This morph now also applies Minor Maim to enemies for its duration. ** Ferocious Roar (morph): This morph now increases your Heavy Attack speed by 33% for its duration."
skills,Online:Roar,6.1.5,* Ferocious Roar (morph): Fixed an issue where the attack speed from this ability was applying to things other than Heavy Attacks.
skills,Online:Roar,6.2.5,"* Roar and Hircine's Bounty: These abilities now always apply their Major Buffs while slotting, rather than only while in Werewolf form. This will fix issues where slotting these abilities outside of Werewolf form could prevent you from gaining their effects from any source."
skills,Online:Roar,8.0.6,* Deafening Roar (morph): Fixed an issue where this morph was not applying Off Balance to enemies.
skills,Online:Roar,10.0.5,"* This ability and the Ferocious Roar morph now apply a unique debuff called ""Terrified"" to enemies they hit for 10 seconds. Terrified doesn't do anything outright other than pl ace a tracking effect on enemies, to help Werewolves mark their prey. ** Deafening Roar (morph): This morph now grants Major Protection for slotting, rather than Major Prophecy and Savagery. While slotted, it also causes your Heavy Attacks to taunt enemies for 15 seconds. *** Developer Comment: Since our fix to Tormentor, some Werewolves have been barking up a storm at the loss of their way to pounce into the tank scene. We're adding some love back to the mix with a simple way to gain a taunt, while simultaneously differentiating the morphs here further for those who wish to lead the pack versus those who just want to go berserk."
skills,Online:Roar,10.1.5,* Deafening Roar (morph): Fixed an issue where this morph’s taunt could apply to multiple targets at once.
skills,Online:Roar,12.0.5,"*Roar: This ability and its morphs now have a 350ms cast time before they apply their effects to help better line up their animations to their outcomes, fixing issues where you would be feared before even seeing an animation. Increased the radius to 10 meters, up from 7. Reduced the cost to 1071, down from 4303. This ability and its morphs now apply a stack of Blood Hunger for 30 seconds, stacking up to 4 times. Blood Hunger empowers Gnash (previously Piercing Howl) and Claw Fury (previously Claws of Anguish) to deal additional damage. These abilities no longer apply Terrified (this is effectively an easier to use form of that mechanic, with more interplay within their kit). This ability and its morphs are now home of the Feeding Frenzy synergy, rather than being placed on the Howl of Despair morph. Feeding Frenzy is granted to up to 12 nearby allies for 10 seconds within the radius of your Roar. Feeding Frenzy now lasts for 30 seconds, up from 20, and increases damage done by 6% instead of granting Empower (the synergy continues to grant Minor Force as well). **Deafening Roar: This morph now applies Major Maim and Cowardice to enemies hit for 12-15 seconds, rather than Major Breach and Minor Maim for 7-10 seconds. The passive slot for this morph now grants Major Evasion and Minor Protection, rather than Major Protection (as this was moved to Pack Leader). Purchasing this morph will automatically upgrade your Gnash and morphs (the rework of Piercing Howl) to also taunt the enemy if the ability was cast while Bracing, making taunting more deliberate and less dangerous compared to the previous slot passive of Heavy Attacking to taunt. **Ferocious Roar: This morph now also applies Major Courage to you and 11 nearby allies for 20 seconds, allows you to use your own synergy, and grants 2 stacks of Blood Hunger on cast, rather than increasing the speed of your Heavy Attacks by 33%. Developer Comment We're making Roar and its morphs the home of the Feeding Frenzy synergy in efforts to make the effect more easily accessible, while also adding a little incentive to bringing the pack to groups with the unique damage bonus. Additionally, we're improving the Terrified mechanic into Blood Hunger, which can now stack for multiple uses, helping reward a more diverse rotation in PvE and PvP, while also being easier to use at a baseline. Blood Hunger isn't completely exclusive to Roar either, as the effect can now be referenced by other morphs, for those who are looking to sink their teeth into more complicated rotations. This should help keep the Werewolf experience simpler, but with some added forms of mastery for those who find themselves hungering for more."
skills,Online:Robustness,2.1.4,"* Removed the Robust passive, and replaced it with Robust Constitution. This will increase your Health regeneration by 6/13/20% and Stamina regeneration by 3/6/10%."
skills,Online:Robustness,2.5.5,"* Robust Constitution: This passive ability has been renamed to ""Nimble."""
skills,Online:Robustness,4.3.5,* Nimble: Gain 20% Health Recovery and 10% Stamina Recovery → Robustness: Increases your Health Recovery by 100 and your Stamina and Magicka recovery by 85.
skills,Online:Robustness,8.2.5,"* This passive now increases your Health, Magicka, and Stamina Recovery by 90 at their final rank, rather than your Health Recovery by up to 100 and your Magicka and Stamina Recovery by up to 85."
skills,Online:Rourken's Rebuke,5.3.4,"* Updated this ability to better match its visual effects, resulting in a 600ms cast time. This will fix numerous issues where this ability could cause health desyncs or hit targets who had appeared to dodge."
skills,Online:Ruffian,1.3.3,* This passive is no longer lost when you die.
skills,Online:Rugged,1.2.3,"* This Nord passive has changed from an armor bonus to a damage reduction bonus that grants 2% (Rank I), 4% (Rank II), and 6% (Rank III) reduced damage. ** Reduce Damage Taken is unaffected by Armor Overcharge and effects spell damage as well."
skills,Online:Rugged,1.3.3,* This passive now correctly decreases damage taken instead of increasing damage taken.
skills,Online:Rugged,4.3.5,"* Gain 6% damage reduction → Increases your Physical and Spell Resistance by 3960. ** Developer Comment: Nords, similarly to Imperials, are meant to be one of our sturdier races that focus on defensive power more than offensive; and we wanted to improve that feeling while also having the bonuses affect all playstyles. The Health Recovery bonus didn't really fit in the grand scheme of that, so we changed it to a conditional proc of Ultimate generation to better emphasize their readiness for battle. Additionally we changed their unique damage mitigation into our Resistance equivalent, so that it would not be diminished in the same sense; while allowing for new build paths for those who wish to reach the Resistance cap."
skills,Online:Rugged,6.3.5,"* Reduced the Armor granted from this passive to 2600, down from 3960."
skills,Online:Ruination (skill),1.2.3,* Ranks II and III of this passive ability now provide the correct amount of spell damage bonus to fire attacks.
skills,Online:Ruination (skill),2.2.4,"* Updated this tooltip to state that it increases all abilities dealing Flame Damage, not just abilities scaling off Spell Damage."
skills,Online:Ruination (skill),2.5.5,"* Flame Talent: This passive ability has been renamed to ""Destructive Ancestry."" Also, in addition to the current benefit it now increases your Frost and Shock Damage by 0/1/2%."
skills,Online:Ruination (skill),2.6.4,"* Fixed an issue where Siege Weapons damage could be increased by various passives that increase damage done, such as Mighty and Destructive Ancestry."
skills,Online:Ruination (skill),4.3.5,"* Destructive Ancestry: Gain 7% Flame damage and 2% Frost and Shock Damage → Ruination: Increases your Weapon and Spell Damage by 258. ** Developer Comment: Dark Elves are notoriously well known for their ability to wield blade or magic, yet their previous passives heavily favored the magic portion and outclassed many other Magicka races to boot. We wanted to improve their natural diversity by allowing them to sufficiently tackle any role by granting them more well-rounded bonuses for Magicka and Stamina. Their damage compared to a pure specialized race is slightly less, but with the added bonus of utility from their additional bonus to their other resource pool."
skills,Online:Ruinous Cyclone,5.3.4,"* Fixed an issue where this ability could pull targets through walls. * Fixed an issue where this ability's damage did not properly match its visuals. This will result in reducing the delay of the first attack to 0.5 seconds, down from 2 seconds, resulting in 3 additional ticks of damage."
skills,Online:Ruinous Outburst,3.0.5,"* Fixed an issue where ranking up a summon ability (Unstable Familiar, Summon Winged Twilight, Feral Guardian, etc.) would unsummon your pet."
skills,Online:Rune Focus,1.1.2,* Channeled Focus: Fixed an issue where Channeled Focus was not giving the intended amount of magicka.
skills,Online:Rune Focus,1.6.5,"* Rune Focus now applies the Major Resolve and Major Ward buffs for 12 seconds, and the buff will persist for 8 seconds after you leave the protected area. * Channeled Focus: Reduced the cost of this ability by approximately 40%. * Restoring Focus: This ability now provides the Minor Vitality buff while inside the rune."
skills,Online:Rune Focus,2.3.5,"* Revised the tooltips for this ability and its morphs to indicate that all the effects provided by this ability and its morphs will now remain on you for up to 8 seconds after leaving the rune's radius. * Restoring Focus: This morph now grants you the Minor Protection buff, in addition to granting the Minor Vitality buff as a morph effect. * Focused Healing: This passive ability now grants you the Major Mending buff while standing in your own Cleansing Ritual, Rune Focus, or Rite of Passage area effects and for up to 2/4 seconds after leaving them at Ranks I/II, instead of granting you 15/30% more healing to allies standing in your own Cleansing Ritual, Rune Focus, or Rite of Passage."
skills,Online:Rune Focus,3.0.5,"* Sacred Ground: This passive ability now grants Minor Mending instead of Major Mending when you are standing in your Cleansing Ritual, Rune Focus, or Rite of Passage areas of effect. **Developer Comments: With a similar goal to reducing uptime on Major Mending as noted with the Igneous Shield change, Templars having 100% uptime on Major Mending by just standing within their areas of protection is stronger than we'd like and is one of the reasons they are the most desirable healer in endgame situations. We've changed the bonus to Minor Mending instead, but have increased the bonus from the Mending passive to compensate slightly."
skills,Online:Rune Focus,3.1.5,"* In an effort to reduce the visual effect noise in group combat situations, we've hidden most visual effects from persistent damaging area of effect abilities cast by your allies. Area of effect abilities that have a synergy, healing, or defensive component that can benefit you will still be visible, and area of effect abilities cast by enemies will also still be visible."
skills,Online:Rune Focus,4.1.5,"* This ability and its morphs now apply Major Ward, Major Resolve, and all morph effects to you directly for 20 seconds at Rank IV. * Standing within the area of effect now increases the Major Ward and Major Resolve effects by 50%. **Developer Comments: The new design of Rune Focus more closely matches the fast action combat, while still preserving the original feel of an area of protection."
skills,Online:Rune Focus,4.2.5,"* Reduced the cost to match the Channeled Focus morph. * Restoring Focus: This morph now costs Stamina and grants Stamina to you every second, and no longer gives Minor Vitality and Minor Protection. **Developer Comment: Minor Protection was moved to the Spear Wall passive to retain the total damage mitigation for tanky Templar playstyles."
skills,Online:Rune Focus,5.2.5,* Restoring Focus: ** Fixed an issue where this ability was unable to be cast while silenced. * Rite of Passage: ** Fixed an issue where this ability could cause health desyncs when used while taking heavy damage.
skills,Online:Rune Focus,7.0.5,"* The following abilities have received significant adjustments to how the server handles their behavior, reducing messages sent between the client and server and reducing the total amount of Area of Effect events occurring. This will largely have little to no effect on their gameplay other than improving their response time to entering or leaving the Area of Effect. In some rarer cases, it will reduce the interaction with sets that proc off application of buffs or debuffs, since you will no longer repeatedly apply these effects to targets inside the area every tick, but rather for the duration the target is inside the area. Their synergies (when applicable) have also been updated to be far more reliable to activate when in the area and they will no longer persist for a short duration after each tick, allowing you to activate them in cases where they could fail or were already used, going on cooldown with no effect, or gaining their effects despite already being used. ** Blood Altar and morphs *** In an instance where Blood Feast and Blood Funnel are both available, Blood Feast will now always take priority as it is stronger than Blood Funnel. ** Bone Totem and morphs ** Boneyard and morphs ** Cleansing Ritual and morphs ** Both morphs of Dragonknight Standard *** This will also fix an issue where the morphed version of this ability failed to properly fire its synergy, Shackle, when activated. ** Lightning Splash and morphs ** Necrotic Orbs and morphs ** Negate Magic and morphs ** Nova and morphs ** Rune Focus and morphs ** Spear Shards and morphs * Increased the base duration of this ability to 17 seconds, up from 14 seconds. * This ability and its morphs no longer grant you an additional 2974 Armor when standing in them, but instead heal you for 4.5% of your Max Health every 1 second when inside. ** Channeled Focus (morph): *** This morph now increases the duration of the ability and continues to rank up in duration, ending at 25 seconds, up from 20. *** Increased the Magicka restored per tick to 242, up from 240. ** Restoring Focus (morph): *** This morph now increases the healing done by 25% and ranks up in healing done by 1.1% per rank, rather than duration (note the duration remains at 20 seconds due to the base ability duration increasing). *** Increased the Stamina restored per tick to 242, up from 240. *** Reduced the base cost to 918, down from 920, to ensure it meets the 15% standard cost reduction of Stamina based abilities. That 2 Stamina may save your life one day, just maybe."
skills,Online:Rune Focus,7.0.6,* Fixed an issue where this ability and morphs' heal could require you to exit and re-enter the area to benefit from if you recast the ability before its original duration ran out.
skills,Online:Rune Focus,9.0.5,"* This ability and its morphs now heal you for 2% of your Max Health every second they are active, rather than 4.5% of your Max Health while you are standing within the rune. * Increased this healing effect by 200% while you are standing in the rune, resulting in a 33.3% (repeating of course) increase overall while in the rune. * Fixed an issue where the heal from these abilities was not properly considered a Restoring Light heal. * Fixed an issue where these abilities were not considered as healing abilities in some cases. **After the changes to these abilities to grant them healing, we've seen a slight improvement in their ability to defend their sanctified grounds, but we're noticing the class really suffers in the majority of content with mobility. While the class is meant to feel empowered while locked to an area, we're trying to help them feel less clung to an area by offering some passive healing in between and doubling down (well, tripling in this case) when they decide to mark their fighting arena."
skills,Online:Rune Prison,1.1.2,* Persistence: Fixed an issue this passive ability. It now properly increases the duration of the Rune Prison ability.
skills,Online:Rune Prison,1.6.5,* Rune Cage: This ability will no longer break due to damage over time. Each rank of Rune Cage now increases the disorient duration. * Weakening Prison: This ability now puts an aura of protection on you that lasts for one minute. The first player character to attack you during that one minute will be put in a Rune Prison. Each additional rank increases the duration of the aura by 20 seconds.
skills,Online:Rune Prison,3.2.5,"* Rune Prison: This ability and its morphs are no longer 30-second disorients. Instead, they are 2.5-second stuns that cannot be blocked or dodged, and they can be placed on multiple targets. This ability and its morphs can also no longer be cast on a crowd-control immune enemy, and we increased the cost of this ability and its morphs by approximately 75%. * Defensive Rune: The buff applied by this morph will no longer be consumed when you are attacked by a crowd-control immune enemy. * Rune Cage: This morph now deals damage to the enemy if the stun lasts its full duration. * The Defensive Rune morph continues to place a buff on you that will stun the next enemy that damages you. **Developer Notes: We wanted to separate the function of abilities into more distinct roles. Crystal Shards was overloaded since it had high damage, instant cast, stun, reduced cost. Now if the sorcerer wants a stun they have to either go through a cast time or deal reduced damage."
skills,Online:Rune Prison,3.2.7,* Fixed an issue where the following abilities and their morphs could not be cast against blocking enemies: ** Eclipse ** Petrify ** Rune Prison
skills,Online:Rune Prison,3.2.8,* Fixed an issue where the following abilities (and their associated morphs) could not be cast against an enemy player with the Shield Wall ability active: ** Eclipse ** Petrify ** Rune Prison
skills,Online:Rune Prison,4.0.5,"* Rune Prison: Increased the duration of the stun applied by this ability and its morphs to 5 seconds from 2.5 seconds. * Rune Cage: This morph now deals its damage when the stun ends (i.e.: if it is broken early or if the ability ends naturally), instead of when the stun completes."
skills,Online:Rune Prison,4.1.5,* Decreased the duration of the stun applied by this ability and its morphs to 3.5 seconds from 5 seconds. * This ability and its morphs can now be dodged. * Rune Cage: ** Decreased the damage done from this ability by approximately 20%. ** This ability now only deals damage if the stun lasts for its full duration. ***Developer Comment: We have more changes planned for this ability in a future patch that will improve the messaging of when the stun will apply.
skills,Online:Rune Prison,4.1.6,* Reduced the duration of this ability to 2 seconds from 3.5 seconds.
skills,Online:Rune Prison,4.2.5,"* Fixed an issue where you could still attempt to cast abilities like Petrify or Rune Prison against enemies that were immune to crowd control from the Unstoppable ability or Unstoppable potions. * This ability and its morphs now stun the target after 1.2 seconds; a new visual effect will display on the target to indicate this effect. The initial application of this effect cannot be dodged, but if the target is dodging after 1.2 seconds they will avoid the stun. * Increased the duration of the stun to 3 seconds from 2 seconds. * Rune Cage: Increased the damage done if the target fails to use Break Free before the stun ends by approximately 22%. **Developer Comment: We wanted to clearly telegraph when this stun is coming since it doesn't use a projectile to indicate when it applies. You should now have some time to respond or prepare defenses."
skills,Online:Rune Prison,6.0.5,* Defensive Rune (morph): Fixed an issue where this ability's stun could ignore Line of Sight or range.
skills,Online:Runemend,9.0.6,* Fixed an issue where some of the visuals from this ability and its morphs could get stuck floating in midair.
skills,Online:Runespite Ward,10.2.5,"* Impervious Runeward: Reduced the size of this morph’s shield after the 1 second window by ~56%. ** Developer Comment: We're introducing a new case on this morph that results in a portion of the total shield strength becoming front loaded, rather than giving a standard sized shield if the primary one doesn't break. Our goal is to retain the feeling of being able to shrug off a tremendous amount of damage within the first second, akin to something like a parry, while ensuring the ability has a tradeoff, so if you miss the activation window, it's weaker than the safer morph option."
skills,Online:Runic Defense,10.2.5,"* Runeguard of Freedom: Reduced the healing granted by this morph by 50%. Increased the Armor granted to 3300 at rank IV, up from 3000. Increased the duration of the Armor and Crowd Control Immunity granted to 7 seconds. Fixed an issue where the Crowd Control Immunity failed to apply until after the Armor effect ended. ** Developer Comment: We're toning down the effectiveness of this morph from being a straight upgrade morph into more of a conversion morph, since the Crowd Control Immunity effect adds a tremendous amount of potential in PvP. As such, we're gently bumping up the duration and Armor density so it has enough power to warrant the tradeoff."
skills,Online:Rushed Ceremony,1.2.5,* Honor the Dead will now properly return magicka if your target is healed to over 50% health.
skills,Online:Rushed Ceremony,1.6.5,* Added new graphical effects to Rushed Ceremony and its morphs.
skills,Online:Rushed Ceremony,2.3.5,"* Breath of Life: This morph now only fires one additional secondary heal, previously two heals."
skills,Online:Rushed Ceremony,2.4.5,* This ability and its morphs can no longer heal allies through walls and other line of sight blockers.
skills,Online:Rushed Ceremony,2.6.4,* Honor the Dead: Fixed an issue where the heal from this morph was ignoring line of sight.
skills,Online:Rushed Ceremony,2.7.5,* Honor the Dead: Fixed an issue where this morph's refund bonus was not occurring if you healed the target to above 75% Health.
skills,Online:Rushed Ceremony,3.0.5,"* Fixed an issue where this ability and its morphs would occasionally not display their full animation. * This ability and its morphs now heal friendly targets in a 180 degree cone in front of you, instead of all targets in a radius around you. **Developer Comments: Rushed Ceremony has been an extremely potent heal, and we wanted to adjust its effectiveness without making the ability heal for less. With these goals in mind, we made it so the ability only heals targets in front of the Templar. This makes the ability require more strategic positioning and gives the healer more control over who gets healed. You can now position yourself to ensure an ally being attacked will be healed, rather than another player standing in the back."
skills,Online:Rushed Ceremony,4.0.5,"* Breath of Life: Reduced the healing done from this morph's secondary heal by approximately 33%. * Honor the Dead: This morph now refunds part of the ability's cost over 6 seconds, down from 8 seconds."
skills,Online:Rushed Ceremony,4.2.5,* Honor the Dead: Added a visual effect to the Magicka restore.
skills,Online:Rushed Ceremony,5.0.5,* Breath of Life: Fixed an issue where the secondary heal granted from this ability was able to ignore the caster's line of sight and target players behind them.
skills,Online:Rushed Ceremony,5.1.5,* Honor the Dead: Fixed an issue where this ability would cause animation stutters when attempting to cast the ability at a target who was using Mist Form or its morphs.
skills,Online:Sacred Ground,1.5.2,* Fixed an issue where the Focused Healing passive wasn't being applied to Rite of Passage healing.
skills,Online:Sacred Ground,2.3.5,"* This passive ability now grants you the Major Mending buff while standing in your own Cleansing Ritual, Rune Focus, or Rite of Passage area effects and for up to 2/4 seconds after leaving them at Ranks I/II, instead of granting you 15/30% more healing to allies standing in your own Cleansing Ritual, Rune Focus, or Rite of Passage."
skills,Online:Sacred Ground,2.4.5,"* Renamed this passive ability to Sacred Ground. * This passive ability has gained a new effect. In addition to providing the Minor Mending buff, it now also reduces the Movement Speed of enemies by 15/30% whenever they stand in your Cleansing Ritual, Rune Focus, or Rite of Passage area of effects."
skills,Online:Sacred Ground,3.0.5,"* This passive ability now grants Minor Mending instead of Major Mending when you are standing in your Cleansing Ritual, Rune Focus, or Rite of Passage areas of effect. **Developer Comments: With a similar goal to reducing uptime on Major Mending as noted with the Igneous Shield change, Templars having 100% uptime on Major Mending by just standing within their areas of protection is stronger than we'd like and is one of the reasons they are the most desirable healer in endgame situations. We've changed the bonus to Minor Mending instead, but have increased the bonus from the Mending passive to compensate slightly."
skills,Online:Sacred Ground,5.3.4,"* This passive no longer snares enemies in the area. Instead, it increases your Block Mitigation by an additional 10% while standing in one of the mentioned abilities."
skills,Online:Sacred Ground,7.3.5,* Fixed an issue where this passive was not working with Ritual of Retribution.
skills,Online:Sacrificial Bones,5.1.5,"* Removed the delay of the skeleton summoned from this ability and its morphs before it would attempt to leap to its target, to help reliability. * Reduced the minimum range of the leap ability to 7 meters from 5 meters to reduce situations where the Blastbones becomes confused on what to do, causing it to stand still, pondering its own existence."
skills,Online:Sacrificial Bones,5.3.4,"* Due to many mechanical issues with the Necromancer's engagement with corpses and targeting of corpses, the following changes have been made in hopes to alleviate some of these shortcomings: ** Blastbones and its morphs' corpses will now last 6 seconds, rather than 5 seconds. ** Skeletal Mage and Spirit Mender and their morphs' corpses will now last 10 seconds, rather than 5 seconds. ** Improved the targeting areas from all tether abilities, and will now link to the corpse closest to your reticle from a much larger radius. **Developer Comment: The goal of these changes is to help reduce situations where tether abilities do not grab a corpse in high combat load, as well as making it easier for Necromancers to feel in control of the amount of corpses on the field when utilizing their corpse generating abilities. * The skeleton from this ability and its morphs will now attempt to leap from up to 28 meters after a short delay of spawning in, rather than 15 meters. * Fixed an issue where the skeleton would appear to jump backwards when leaping in close ranges. The skeleton will now also properly attempt to face its target while leaping, rather than moon-walk jumping. * Increased the speed in which the skeleton jumps. **Developer Comment: The above changes were made in hopes to greatly reduce situations where the Blastbones would become confused while walking around and take longer than intended - or completely fail - to reach its target. We understand the change to this ability significantly reduces the morph functionality of Stalking Blastbones in most situations, but we've opted to keep it untouched while we gauge feedback on how the changes to the base ability and reliability of the attack feel. Keep in mind that Stalking Blastbones guarantees at least a 10% damage increase over the base morph, so even in situations where it jumps immediately, this morph isn't completely wasted; it just will not reach its highest scaling unless the Blastbones needs to gain line of sight on the target you initially cast it on."
skills,Online:Sacrificial Bones,6.2.5,"* Made some improvements to the cooldown duration of this ability, to reduce the chances of it becoming locked out despite the skeleton dying."
skills,Online:Sacrificial Bones,9.3.5,"* Blastbones: Reworked this ability and the Stalking Blastbones morph. ** Renamed this ability to Sacrificial Bones. ** This ability and the Stalking Blastbones morph (which has also been renamed) now summon a skeleton that, after their formation delay, jump to their owner to infuse them with power for 10 seconds, increasing your damage done with class abilities and Damage over time effects by 15%. ** These abilities no longer require a target to activate, but instead require you to be in combat. *** Stalking Blastbones (morph): **** Renamed this morph to Grave Lord's Sacrifice. **** This morph extends the duration of the bonus to 20 seconds, and causes your Flame Skull and morph's 3rd cast to deal their damage in an area around the initial target and creates a corpse at their location. *** Blighted Blastbones (morph): **** This morph's overall functionality remains the same, to retain a way for the original play style of the skill to be kept. **** Reduced the base cost of this morph to 1836, down from 2295, so it is easier for non-Stamina focused builds to sustain. **** This morph now always applies the Diseased status effect. * Known Issue: Sacrificial Blastbones and the Grave Lord's Sacrifice morph may still report their original name for combat logging events and API. The damage increase for Damage over Time effects may not reflect properly on tooltips, but should still apply to the actual damage, SCT, and logging."
skills,Online:Sacrificial Bones,10.1.5,* This ability and the Grave Lord’s Sacrifice morph no longer require you to be in combat in order to cast them. * Fixed an issue where the damage increase from this ability and its morphs did not properly update many ability tooltips.
skills,Online:Sacrificial Bones,11.0.5,"* Grave Lord’s Sacrifice: This morph no longer causes your Flame Skull to generate a corpse, as the base ability now does that."
skills,Online:Savage Beast,6.0.5,* Fixed an issue where this passive could proc off casting Feral Guardian or its morphs.
skills,Online:Savage Instinct,3.0.5,"* Fixed an issue where ranking up a summon ability (Unstable Familiar, Summon Winged Twilight, Feral Guardian, etc.) would unsummon your pet."
skills,Online:Savage Strength,1.1.2,* Savage Strength I: The stamina bonus this ability provides from kills has been decreased. Savage Strength II's bonus is unchanged.
skills,Online:Savage Strength,1.5.2,* Fixed an issue where this passive wasn't updating the UI for attack power value.
skills,Online:Savage Strength,2.1.4,* This passive will no longer will be removed when your character is killed.
skills,Online:Savage Strength,4.1.5,* This ability now also increases your Spell and Physical Resistance by 5000/10000. ** Note: This bonus was moved from a baseline effect of Werewolf Transformation to this passive.
skills,Online:Savage Strength,4.1.10,* Fixed an issue where this passive was not actually increasing your Physical and Spell Resistance.
skills,Online:Savage Strength,4.2.5,* Fixed an issue where this passive ability was not actually increasing your Spell and Physical Resistance.
skills,Online:Savage Strength,6.3.5,"* This passive now grants Major Resolve on both ranks, rather than increasing your Armor by 5000/10000. This was done to tone down some of the staggering defenses that Werewolves could obtain with little to no effort."
skills,Online:Savage Strength,7.1.5,"* The following passives and player abilities now grant hybrid stats to help improve their viability and accessibility to off-meta builds, because we love them too: ** Agility: Now grants equal Weapon and Spell Damage. ** Balanced Warrior: *** Now grants 660/1320 Armor, rather than 1320/2640 Spell Resistance. *** Now grants equal Weapon and Spell Damage values. ** Brutal Carange's bonus: Now grants equal Weapon and Spell Damage values. ** Concentration: Now grants equal Offensive Penetration. ** Dexterity: Now increases Critical Damage and Healing Done per piece worn, up to 2% at the final rank, rather than Weapon Critical (as Prodigy now grants Weapon Critical as well) ** Flawless Dawnbreaker's bonus: Now grants equal Weapon and Spell Damage values. ** Prodigy: Now grants equal Critical Chance. ** Savage Strength: Now grants equal Weapon and Spell Damage values. ** Scaled Armor: Now grants 825/1650 Armor rather than 1320/3300 Spell Resistance. ** Slayer: Now grants equal Weapon and Spell Damage values."
skills,Online:Savage Strength,12.0.5,"*Savage Strength -> Feral Cruelty: Increased the amount of Weapon and Spell Damage granted from this passive to 12/25%, up from 9/18%."
skills,Online:Scaled Armor,7.1.5,"* The following passives and player abilities now grant hybrid stats to help improve their viability and accessibility to off-meta builds, because we love them too: ** Agility: Now grants equal Weapon and Spell Damage. ** Balanced Warrior: *** Now grants 660/1320 Armor, rather than 1320/2640 Spell Resistance. *** Now grants equal Weapon and Spell Damage values. ** Brutal Carange's bonus: Now grants equal Weapon and Spell Damage values. ** Concentration: Now grants equal Offensive Penetration. ** Dexterity: Now increases Critical Damage and Healing Done per piece worn, up to 2% at the final rank, rather than Weapon Critical (as Prodigy now grants Weapon Critical as well) ** Flawless Dawnbreaker's bonus: Now grants equal Weapon and Spell Damage values. ** Prodigy: Now grants equal Critical Chance. ** Savage Strength: Now grants equal Weapon and Spell Damage values. ** Scaled Armor: Now grants 825/1650 Armor rather than 1320/3300 Spell Resistance. ** Slayer: Now grants equal Weapon and Spell Damage values."
skills,Online:Scaled Armor,11.0.5,"* This passive now increases your Physical and Spell Resistance by 1487/2974, up from 825/1650."
skills,Online:Scaled Armor,11.3.4,* Combat Refresh Overhaul. Dragonknight Functionality and Balance Update.
skills,Online:Scathing Rune,3.0.5,"* Fixed an issue where ranking up a summon ability (Unstable Familiar, Summon Winged Twilight, Feral Guardian, etc.) would unsummon your pet."
skills,Online:Scatter Shot,1.2.3,* Magnum Shot: This ability's animation no longer breaks if used while silenced or bracing.
skills,Online:Scatter Shot,2.3.5,* Adjusted the rank progression for this morph so it reduces the cost of the ability at a smoother curve.
skills,Online:Scatter Shot,2.4.5,* Draining Shot: Redesigned this morph so it now heals you when the disorient ends.
skills,Online:Scatter Shot,2.7.5,* Adjusted the order of the Active Abilities in this skill line. They now unlock in the following order: ** Snipe ** Volley ** Magnum Shot ** Arrow Spray ** Poison Arrow
skills,Online:Scatter Shot,3.2.5,"* This ability and its morphs no longer apply a 5-second disorient to enemies hit. Instead, they now apply a 1.5 second stun."
skills,Online:Scatter Shot,3.2.7,* Fixed an issue where the tooltip text on this ability and its morphs were incorrectly referring to their stun effect as a disorient.
skills,Online:Scatter Shot,4.1.5,* Fixed an issue where using Roll Dodge immediately after casting this ability or its morphs would prevent the enemy from gaining crowd control immunity after you knocked them back.
skills,Online:Scatter Shot,4.2.5,* Increased the range of this ability and its morphs to 28 meters from 10 meters. ** Developer Comment: The range was increased to be more in line with the other Bow abilities and now fits better into rotations at range.
skills,Online:Scatter Shot,4.3.5,"* Fixed an issue where the stun applied from this ability and its morphs was not able to be broken until after the knock back had completed, which made it feel less responsive to CC break."
skills,Online:Scatter Shot,5.1.5,"* This ability is now part of the utility category, with the below changes affect all 3 versions of the ability. * Increased the cost to 3780 from 2970. * Reduced the damage by approximately 10%. * Reduced the range to 22 meters from 28 meters. * Increased the knock back to 8 meters from 5 meters. * Magnum Shot: This morph no longer knocks the caster back. Instead, it deals 20% more damage than the other morph, and reduces the cost to 3510. * Draining Shot: The heal from this ability will now trigger upon dealing damage, rather than when the target is knocked back. Also decreased the heal by approximately 20%."
skills,Online:Scatter Shot,5.2.5,"* Draining Shot (morph): ** This morph no longer knocks back targets hit, but instead reduces their movement speed by 60% for 3 seconds."
skills,Online:Scorch,3.1.5,"* In an effort to reduce the visual effect noise in group combat situations, we've hidden most visual effects from persistent damaging area of effect abilities cast by your allies. Area of effect abilities that have a synergy, healing, or defensive component that can benefit you will still be visible, and area of effect abilities cast by enemies will also still be visible. * Subterranean Assault: This morph can now be cast while you are silenced."
skills,Online:Scorch,4.0.5,"* Deep Fissure: This morph no longer stuns the closest enemy hit. It now applies Major Breach to all enemies hit for 5 seconds. **Developer Comments: In the same vein that snare abilities should either be short and powerful or long and weak, abilities should be low damage and CC, or high damage and no CC. * Subterranean Assault: This morph no longer applies Major Breach to enemies hit - it only applies Major Fracture. The duration of Major Fracture has been reduced to 5 seconds, down from 10 seconds."
skills,Online:Scorch,4.2.5,* Reduced the cost of this ability and its morphs by approximately 25%.
skills,Online:Scorch,5.0.5,* This ability and its morphs can now be blocked.
skills,Online:Scorch,6.0.5,* Fixed an issue where the damage from this ability and its morphs could fail to be recognized as Direct Damage in some instances.
skills,Online:Scorch,6.2.5,"* Subterranean Assault (morph): ** This morph no longer applies Fracture, as Deep Fissure now affects all Armor. ** This ability now recasts itself after completing, once per cast."
skills,Online:Scorch,7.3.5,"* Deep Fissure (morph): Increased the duration of Major Breach granted from this morph to 10 seconds, up from 6 seconds."
skills,Online:Scorch,8.0.5,* Deep Fissure (morph): This morph now also applies Minor Breach to enemies hit for the duration.
skills,Online:Scorch,8.1.5,"* This ability and the Deep Fissure morph now last for 9 seconds in total, detonating once after 3 seconds and again 6 seconds after that, rather than only once every 3 seconds. * These abilities now hit with 2 unique damage sources - the first hit deals approximately 20% less damage. The second hit does 38% more damage when compared to the new base value. * Increased the cost to 2700, up from 2430, now that they can potentially cost significantly less per cast if you let their full durations ride out. ** Subterranean Assault (morph): *** This morph continues to reduce the time it takes for the second hit to go off, but this second hit does not gain the extra damage. *** This morph retains its cost of 2066. *** Reduced this morph's damage by the 20% reduction of the base ability. **Developer Comment: The changes to Scorch and their morphs were done in attempts to try and help the class feel less intensely focused on buff management and allow for other actions in combat, while still trying to retain their burst-oriented nature, to a more balanced degree when comparing them to other burst skills and taking their total time before impact better into account. By separating the damage, we can also better allow the skill to function as a burst skill or a sustained DPS skill, where recasting it earlier will result in more total DPS, whereas waiting for the bigger explosion will result in those dopamine printing burst combos."
skills,Online:Scorch,9.0.5,* Fixed an issue with this ability and its morphs where they could fail to hit larger monsters in some cases.
skills,Online:Scorching Strike,3.0.5,"* Fixed an issue where ranking up a summon ability (Unstable Familiar, Summon Winged Twilight, Feral Guardian, etc.) would unsummon your pet."
skills,Online:Searing Heat,3.3.7,* Fixed an issue where Rank II of this passive ability was increasing the duration of the heal over time buff from Power Lash.
skills,Online:Searing Heat,5.1.5,"* Rank II of this passive now increases the duration of the affected abilities by 4 seconds, up from 2. It also increases the damage dealt of the abilities by 10%, up from 3%. ** Developer Comment: These changes were done to ensure these abilities keep up with our current DoT standards, and to help emphasize the Dragonknight's more attrition-based combat style."
skills,Online:Searing Heat,5.2.5,"* Fixed an issue where Rank II of this ability was applying its damage done to all Ardent Flame abilities, rather than only the listed ones. * Increased the damage bonus to 33% from 10% to help distinguish the Dragonknight's Damage over Time abilities as superior to others."
skills,Online:Searing Heat,8.1.5,"* Reduced the damage done bonus from this passive to 25%, down from 33%."
skills,Online:Searing Heat,11.3.4,*Renamed from Searing Heat to Fan the Flames. This passive now increases your chance of applying Burning by 25/50% and the damage it does by 12/25%. These values increase by 5/10% (chance) and 2/5% (damage) per Dragonknight ability slotted. This passive no longer extends the duration or damage of some of your Ardent Flame abilities.
skills,Online:Searing Strike,1.1.2,* Burning Embers: This ability now heals you if your enemy target dies while affected by it.
skills,Online:Searing Strike,1.6.5,* Increased the damage over time effect applied by all ranks and morphs of this ability by approximately 15%. * Unstable Flame: This ability now scales off Stamina and Attack Power and costs Stamina. Damage is mitigated by your target's armor.
skills,Online:Searing Strike,2.3.5,"* Burning Embers: ** Increased the heal at the end of the damage over time to 69/71/73/75% of the total damage inflicted at Ranks I/II/III/IV, from 30/32/34/36%. ** The heal from this morph now applies immediately if it is recast on the same target."
skills,Online:Searing Strike,2.4.5,"* Unstable Flame: Renamed this morph to Venomous Claw. In addition, this morph now deals Poison Damage instead of Flame Damage. * Venomous Claw: This morph now has a new icon."
skills,Online:Searing Strike,2.6.4,* Venomous Claw: Fixed an issue where the damage over time did not increment in damage if multiple Dragonknights cast the same rank of this morph on the same target.
skills,Online:Searing Strike,2.7.5,* Burning Embers: Fixed an issue where Rank IV of this morph was not allowing multiple Dragonknights to apply the Damage over Time component to the same target.
skills,Online:Searing Strike,3.3.5,* The initial direct damage from this ability and its morphs can now be blocked and dodged.
skills,Online:Searing Strike,5.0.5,"* Adjusted this ability and its morphs to follow our standardized Damage Over Time ruleset. Decreased the total duration to 8 seconds from 8.5 seconds, and increased the damage per tick by approximately 12.5% to make up for the loss of the first tick. This will result in roughly the same overall DPS, but with less burst damage."
skills,Online:Searing Strike,5.1.5,* Fixed an issue where the visual effects from this ability and its morphs would fail to apply if the target was blocking. * Increased cost to 2160 from 1350. * Increased the DoT damage by approximately 26% per tick.
skills,Online:Searing Strike,5.2.5,"* This ability and its morphs now last 10 seconds at base, up from 8 seconds. * Increased the base cost to 2970, up from 2160. * This ability and its morphs have gained the new functionality of immediately applying their respective status effect to the enemy upon cast. * Reduced the damage per tick of the Damage over Time portion of the ability by approximately 47%. * Venomous Claw (morph): ** Increased the ramping bonus damage per tick of this morph to 17/18/19/20%, up from 9/10/11/12%."
skills,Online:Searing Strike,5.3.8,* Burning Embers: Fixed an issue where the heal from this ability was not working when utilizing Searing Heat and Elfbane at the same time.
skills,Online:Searing Strike,7.3.5,"* Burning Embers (morph): ** This ability now heals for up to 100% of the damage done any time it deals damage, rather than up to 75% of the total damage done when the effect ends. ** Fixed an issue where this morph's heal could critically strike, despite being based off of damage that could already critically strike. **Developer Comment: This change was made to help offer the Dragonknight more steady healing in the midst of combat, rather than locking the heal behind a more ""burst like"" window where it comes in massive clumps, since much of the Dragonknight's healing currently comes in bursts while their sustained healing is weaker. Additionally, this will fix many issues where the healing from the current iteration can return significantly higher than intended in some situations, as well as fixing numerous issues where the heal value was incorrect when recasting the ability before the duration ran out."
skills,Online:Searing Strike,8.0.5,"* Burning Embers (morph): Reduced the healing value from this morph to up to 50%, down from up to 100%. **Developer Comment: Right now, the healing values from this ability are enabling the Dragonknight too much staying power. While we want to retain the ability to reward the caster for going in and dotting up their foes, the raw damage and healing from this ability is simply too much in its current form."
skills,Online:Searing Strike,8.1.5,"* Increased the duration of this ability and its morphs to 20 seconds, up from 10. * Reduced the damage per tick by 25%. ** Burning Embers (morph): Increased the amount of healing this morph allows to up to 100% of the damage caused, up from 50%. ***Developer Comment: The previous reduction was made as a stop gap before this pass could be completed. Now that the ability deals less damage per tick, we feel comfortable bumping it back up. ** Venomous Claw (morph): This morph now increases damage done per tick by 9 - 12%, down from 17 - 20%, as it now stacks up for longer to a higher value."
skills,Online:Searing Strike,11.0.5,"* Reduced the base cost of this ability and morphs to 2295, down from 2970."
skills,Online:Searing Strike,11.3.4,* Combat Refresh Overhaul. Dragonknight Functionality and Balance Update.
skills,Online:Searing Weapons,3.0.5,"* Fixed an issue where ranking up a summon ability (Unstable Familiar, Summon Winged Twilight, Feral Guardian, etc.) would unsummon your pet."
skills,Online:Secluded Grove,3.0.10,* Enchanted Forest: Fixed an issue where this morph was not generating Ultimate if the ally was healed to above 50% health on the first healing tick.
skills,Online:Secluded Grove,3.2.5,"* Reduced the healing over time done by this ability and its morphs by approximately 33%. ** Increased the cost of this ability and its morphs to 90 Ultimate from 75 Ultimate. **Developer's Comments: We like that Secluded Grove is a cheap Ultimate that Wardens can use frequently for dangerous moments, but the amount of healing it was doing was too high for that low cost."
skills,Online:Second Wind,3.0.5,"* Fixed an issue where ranking up a summon ability (Unstable Familiar, Summon Winged Twilight, Feral Guardian, etc.) would unsummon your pet."
skills,Online:Sepulchral Chill,3.0.5,"* Fixed an issue where ranking up a summon ability (Unstable Familiar, Summon Winged Twilight, Feral Guardian, etc.) would unsummon your pet."
skills,Online:Sever,3.0.5,"* Fixed an issue where ranking up a summon ability (Unstable Familiar, Summon Winged Twilight, Feral Guardian, etc.) would unsummon your pet."
skills,Online:Shadow Barrier,1.6.5,"* This passive now provides the buffs Major Resolve and Major Spell Resist for 4 seconds after using a Shadow ability, with the duration increased when wearing heavy armor."
skills,Online:Shadow Barrier,3.0.5,"* Increased this passive ability's base duration of Major Ward and Major Resolve to 3/6 seconds from 2/4 seconds. **Developer Comments: Increasing the duration of this passive's bonuses will improve the overall survivability of Nightblades. Tank-focused Nightblades in Heavy Armor, in particular, should have a much easier time maintaining more consistent uptime on these buffs when using strategic combinations of abilities such as Refreshing Path or Summon Shades."
skills,Online:Shadow Barrier,10.1.5,"* This passive now grants its Major Resolve for 6/12 seconds, rather than 3/6 seconds. It now increases by 2 seconds per piece of Heavy Armor worn at either rank, rather than extending the duration by 25% per piece worn. ** Developer Comment: Now that Veiled Strike no longer activates this passive, we're making it easier to manage for the class as a whole, while still creating incentives to benefit tanks over damage dealers. Overall, this should now be easier to upkeep at all levels but should still have less uptime for Nightblades that aren't engaging with the more evasive side of their toolkit. These new values should now also better align with the duration effect abilities that are extended with Dark Veil. We don’t expect this to rock the boat too much in either PvE or PvP but should reinforce the need to cast Shadow abilities more regularly, rather than being able to maintain it simultaneously while dealing their bread and butter damaging attack."
skills,Online:Shadow Cloak,1.2.3,"* Using Shadow Cloak during the quest Dream-Walk Into Darkness will no longer result in the Nightblade drawing aggro. * This ability can now be cast when you have less than 35% of your magicka. Additionally, using this ability while a monster is taunted will now cause it to attack a different target."
skills,Online:Shadow Cloak,1.3.3,* Dark Cloak: This ability can no longer be activated when you don't have any magicka. * Shadowy Disguise: Fixed an issue where Rank4 of this ability was not increasing the critical strike rating with spells. * The Spirit Master's Summon Shade no longer attacks invisible player characters using Shadow Cloak.
skills,Online:Shadow Cloak,1.4.3,* Shadow Cloak: This ability is no longer removed by the following ticking damage abilities. ** Agony ** Bat Swarm ** Caltrops ** Cripple ** Entropy ** Fire Rune ** Necrotic Orb ** Path of Darkness ** Soul Tether ** Trap Beast ** Volley ** Wall of Elements ** All elemental procs * Dark Cloak: This ability no longer stuns crowd-control immune bosses when you are alone.
skills,Online:Shadow Cloak,1.4.4,* Fixed an issue where this ability was removed when an enemy's projectile missed you. * Concealed Weapon (Veiled Strike morph): Your stealthed movement speed bonus is no longer removed if another player character casts Shadow Cloak while stealthed.
skills,Online:Shadow Cloak,1.6.5,* Fixed an issue where the damage over time component from the ability Poison Arrow would remove you from Shadow Cloak. * Fixed an issue where Spear Shards and Volley would not hit an enemy using Shadow Cloak. * Fixed an issue that could allow heavy attacks to hit another player character who had activated Shadow Cloak if the ability had been activated while the heavy attack was in the process of charging. * Fixed an issue where the effects from this ability would stay visible when the target receiving the shield would go into stealth. * Dark Cloak: Fixed an issue where this ability was not removing the damage over time effects while you were in combat. * Shadowy Disguise: This ability now makes the next attack a guaranteed crit. Reduced the cost of this morph by 10%.
skills,Online:Shadow Cloak,2.0.1,"* Fixed an issue where this ability wasn't removing channeled damage abilities, such as Radiant Destruction."
skills,Online:Shadow Cloak,2.1.4,"* You can no longer be hit by single target attacks while this ability is active. You also can no longer avoid infamy from lockpicking by using this ability. * This ability will no longer be removed by the abilities listed below when you successfully avoid their damage, though note that taking damage will still remove you from stealth. ** Critical Charge ** Flurry ** Focused Charge ** Shield Charge ** Teleport Strike ** Uppercut ** All weapon heavy attacks * Shadow Cloak: This ability and its morphs will now correctly cancel an attacker's channel for the following abilities: ** Drain Essence and its morphs ** Flurry and its morphs ** Lightning Staff heavy attacks ** Restoration Staff heavy attacks ** The summoned Storm Atronach's Zap"
skills,Online:Shadow Cloak,2.3.5,"* This ability and its morphs will now suppress damage over time effects that are already applied to the caster while the invisibility is active. ** The damage over time will remain, but will tick for 0 damage if you are invisible, and will tick for the normal damage if you come out of invisibility. * Dark Cloak: This morph no longer removes damage over time effects due to the baseline changes for Shadow Cloak described below; instead, it grants the Minor Protection buff for 2/3/4/5 seconds after the invisibility ends at Ranks I/II/III/IV respectively."
skills,Online:Shadow Cloak,2.3.6,"* Fixed an issue where this ability and its morphs were not suppressing the damage over time effects from siege weapons. ** Known Issue: The damage over time from Meatbag Catapults will still break you out of cloak, and will be fixed in a future patch."
skills,Online:Shadow Cloak,2.3.7,* Fixed an issue where this ability and its morphs were not suppressing the damage over time effects from the Meatbag Catapult.
skills,Online:Shadow Cloak,2.4.5,* Fixed an issue where this ability and its morphs could be used to completely negate the Meteor ability. * Lotus Fan (Teleport Strike morph): Fixed an issue where the damage over time applied by this morph was not being correctly suppressed by invisibility effects such as Shadow Cloak.
skills,Online:Shadow Cloak,2.6.11,* Eye of the Storm (Elemental Storm morph): Dealing damage with this morph will now remove the caster from Shadow Cloak and display a hostile red telegraph to enemy player characters.
skills,Online:Shadow Cloak,2.7.5,"* Fixed an issue where the invisibility from this ability and its morphs was being broken by certain abilities, such as Teleport Strike, Dark Flare, and Weapon Enchantments. * Adjusted the order of the Active Abilities in this skill line. They now unlock in the following order: ** Veiled Strike ** Shadow Cloak ** Path of Darkness ** Aspect of Terror ** Summon Shade ***Developer Comment: The goal of this change was to make sure early skills in the trees are simpler and more damage focused."
skills,Online:Shadow Cloak,3.0.5,"* Shadow Cloak: Fixed an issue where the invisibility from this ability and its morphs was being broken by numerous abilities including Reflective Light, Silver Shards, and Burning Talons damage over time effect."
skills,Online:Shadow Cloak,3.2.5,"* Fixed an issue where casting this ability and its morphs was erroneously displaying the error text ""You can't cast that ability right now""."
skills,Online:Shadow Cloak,4.0.5,"* Dark Cloak: This morph no longer grants invisibility; instead it heals you for 32% of your Max Health over 3 seconds and grants Minor Protection for the duration. * Shadowy Disguise: ** Fixed an issue where this morph's effect was causing all your healing over time effects to critically strike, and not consume the effect. ** Fixed an issue where this morph would cause your next damage over time tick to critically strike and consume the effect. ***This morph's effect now only works on your next direct damage attack."
skills,Online:Shadow Cloak,4.1.5,* Dark Cloak: Fixed an issue where casting this ability was removing you from sneak.
skills,Online:Shadow Cloak,5.0.5,"* Dark Cloak: Adjusted how this ability operates. ** It will now heal the caster for 6% of their Max Health every 1 second, and duration can increase to a maximum of 8 seconds with other passives. ** The tooltip will now state the value you will heal for, rather than how it scales, to prevent confusion. ** Fixed an issue where this ability had cost reduction for the rank up progression, rather than increasing the morph operation of the healing. This will result in a cost increase of approximately 7%, but a healing value increase of approximately 3%. ** Fixed an issue where the Minor Protection granted from this ability was additive rather than multiplicative. *** Developer Comment: Previously, this ability was providing a considerable amount of healing compared to what the tooltip implied, while also not providing a lengthy enough period of time to engage with the Minor Protection granted. Now with the duration increase, both the protection duration and the total healing will be improved, but over a longer period of time to prevent the ""bursty"" nature of the previous heal."
skills,Online:Shadow Cloak,5.1.5,"* Fixed an issue where this ability and the Shadowy Disguise morph could fail to cast if you had ""Prevent Attacking Innocents"" turned on. * This ability and the Shadowy Disguise morph now last 3 seconds at base, but are no longer affected by the Dark Veil passive. This was done to help low level characters utilize the skill."
skills,Online:Shadow Cloak,5.2.5,* Shadowy Disguise (morph): ** Fixed an issue where the Critical bonus from this ability could be consumed by abilities that could not Critically Strike.
skills,Online:Shadow Cloak,6.1.5,"* Fixed an issue where this ability was granting immunity to projectiles from targets that had detection potions active. * Updated many cases where this ability's invisibility was removed where it shouldn't have been, such as against Ballista."
skills,Online:Shadow Cloak,7.0.5,* Dark Cloak (morph): Reduced the healing from this morph by approximately 5%.
skills,Online:Shadow Cloak,7.1.5,* Fixed an issue where this ability and morphs' protections could work even if the attacker had a detection potion active.
skills,Online:Shadow Cloak,7.2.5,"* Dark Cloak (morph): ** Increased the healing from this ability by approximately 61% per tick, but reduced the base duration to 3 seconds down from 6. ** Increased the duration of the Minor Protection to 10 seconds, up from 6 and fixed an issue where it was not being affected by the Dark Veil passive. **Developer Comment: These changes should improve the skill for tank Nightblades by improving the Healing per Second and overall healing without having to wait as long for it to come in, while reducing its impact to offset long term damage as a Heal over Time."
skills,Online:Shadow Cloak,8.1.5,"* Dark Cloak (morph): ** Reduced the base healing by approximately 42%. ** This morph has a new added functionality where the Heal over Time is increased by 150% when not moving. **Developer Comment: The reason this morph has been iterated on so many times is due to the difficulty in finding a sweet spot where it feels powerful enough for specific builds (primarily tanks in PvE encounters) without being too dominant/enabling in other areas (primarily PvP encounters). By finding a solution that is not as synergistic with some of the classes' main advantages in PvP encounters, while empowering the enforced playstyle for the builds it is meant to help in PvE, we think the new iteration will finally reach a point where it can settle (aside from potentially adjusting the simple numbers) and see less swings in design."
skills,Online:Shadow Cloak,10.2.5,"* This ability and the Shadowy Disguise morph are now toggled abilities, rather than duration-based ones. While active, the ability will drain 3240 Magicka (base cost) every 2 seconds, rather than costing 4590 base Magicka cost and persisting for 3 seconds. While active and moving the ability will also disable your Magicka Recovery, but while stationary the cost is cut in half, to allow for more strategic use and a closer feeling to the Crouch functionality all characters can use. In addition to this, these abilities will now grant Born from Shadow for 10 seconds when the ability is activated and again when the abilities end, which increases your damage done against monsters by 10%. This rework has not adjusted how the invisibility functionality removes itself, and casting certain abilities will continue to naturally disable the effect (and penalties) the same as before. ** Developer Comment: In this pass we're looking at the opportunity costs of Shadow Cloak and trying to create a more accessible skill for any Nightblade build, while simultaneously ensuring there are more stark costs associated with maintaining invisibility. The toggled nature should make the activation of Shadow Cloak feel significantly smoother to weave in and out of the shadows, while the disabling of Magicka Recovery while moving should stomp out the ability to perpetually remain undetected without serious investment and strategic use. In addition to this, we're adding a small benefit for activating the skill in PvE situations, where the invisibility often outright doesn't work or incurs a heavy DPS loss. The goal with Born from Shadow is not to outright carry damage in PvE, but rather give us a foundation to potentially build off of by allowing us to easier track when Nightblades utilize the sneaky parts of their toolkit in future iterative work."
skills,Online:Shadow Cloak,11.1.5,"* This ability and the Shadowy Disguise morph now grant Minor Protection (5% reduced damage taken) for slotting on either bar, rather than Major Prophecy and Savagery. ** Dark Cloak: The bonus healing condition for this morph now requires you to be actively Bracing (holding Block), rather than to not be moving. The healing duration from this ability is no longer influenced by the Dark Veil passive."
skills,Online:Shadow Slash,3.0.5,"* Fixed an issue where ranking up a summon ability (Unstable Familiar, Summon Winged Twilight, Feral Guardian, etc.) would unsummon your pet."
skills,Online:Shadow of the Bloodmoon,12.0.5,*Bloodmoon -> Shadow of the Bloodmoon: Just a simple name change that updates the name away from implying the actual Bloodmoon is happening every week.
skills,Online:Shadowy Supplier,2.4.11,* The Monk's Disguise from the Shadowy Supplier will now be destroyed if your character dies while wearing it.
skills,Online:Shadowy Supplier,2.7.5,* The Shadowy Supplier will rarely award one of a selection of Dark Brotherhood-themed decorations.
skills,Online:Shadowy Supplier,3.0.5,* The Shadowy Supplier now appears on your map once you've unlocked the Shadowy Supplier passive. * Fixed an issue where equipment from the Shadowy Supplier would automatically equip itself if you had an empty slot available.
skills,Online:Share the Spoils,12.0.0,"*This passive upgrades rank 2 of Transfer to double the ultimate you gain from it (4, up from 2) while also granting the nearest 4 group members 250 Magicka and Stamina and 1 Ultimate upon activating."
skills,Online:Shared Wards,3.0.5,"* Fixed an issue where ranking up a summon ability (Unstable Familiar, Summon Winged Twilight, Feral Guardian, etc.) would unsummon your pet."
skills,Online:Shattered Spirit,3.0.5,"* Fixed an issue where ranking up a summon ability (Unstable Familiar, Summon Winged Twilight, Feral Guardian, etc.) would unsummon your pet."
skills,Online:Shield Charge,1.5.2,* Shielded Assault: Increased the damage shield duration to 6 seconds from 4 seconds. We also fixed an issue where this ability was not refreshing the value of the damage shield when the ability was recast.
skills,Online:Shield Charge,2.3.6,"* Fixed an issue where you were unable to attack if you sheathed your weapon after casting a charge or leap ability, including: ** Shield Charge ** Critical Charge ** Dragon Leap ** Teleport Strike"
skills,Online:Shield Charge,2.4.7,"* Made some additional adjustments to all charge abilities (Shield Charge, Critical Charge, etc.) to prevent charging in invalid locations."
skills,Online:Shield Charge,2.4.10,"* Fixed an issue where charge abilities (Shield Charge, Critical Charge, etc.) were causing your camera to clip through terrain when charging on certain slopes and hills."
skills,Online:Shield Charge,4.0.5,"* Increased the duration of the stun applied by this ability and its morphs to 3 seconds from 2 seconds. * Fixed an issue where some charge abilities (Critical Charge, Focused Charge, and Shield Charge) would charge you directly inside of the target player character."
skills,Online:Shield Charge,5.1.5,"* Shielded Assault: Increased the shield size from this ability by 25%. * Invasion: Reduced the maximum bonus to the stun duration to 50% from 88%. The max stun will now last 6 seconds, down from 7.52 seconds."
skills,Online:Shield Charge,7.0.5,* Invasion (morph): Fixed an issue where the bonus duration to the stun based on your distance could be carried over to another target if you immediately cast the ability.
skills,Online:Shield Charge,7.3.5,"* Shielded Assault (morph): Increased the shield granted from this morph to 25% of your Max Health, up from 15%. * Invasion (morph): Reduced the base cost of this morph to 3510, down from 3780."
skills,Online:Shield Wall,2.6.4,"* New Weapon Ultimates have been added to the game. Each Weapon skill line now has one Ultimate, and each Ultimate can be obtained by reaching Rank 50 in its respective Weapon skill line. Weapon Ultimates can be morphed as well!"
skills,Online:Shield Wall,2.7.5,* Fixed an issue where this ability and its morphs were not blocking all the secondary effects from blockable monster attacks.
skills,Online:Shield Wall,3.2.5,* Increased the cost of this ability and its morphs to 135 Ultimate from 100.
skills,Online:Shield Wall,3.2.8,* Fixed an issue where the following abilities (and their associated morphs) could not be cast against an enemy player with the Shield Wall ability active: ** Eclipse ** Petrify ** Rune Prison
skills,Online:Shield Wall,5.1.5,"* Fixed an issue if you were holding block while casting this ability, you were unable to activate ground targeted abilities."
skills,Online:Shield Wall,6.2.5,* Fixed an issue where activating this Ultimate or its morphs while wearing item sets such as Frozen Watcher could trigger their effects permanently.
skills,Online:Shield Wall,8.3.8,* Fixed an issue where this Ultimate and its morphs could lose their effects after activating sprint.
skills,Online:Shield Wall,9.0.5,* Fixed an issue where this Ultimate and its morphs' block functionality would become lost after sprinting.
skills,Online:Shields of Erudition,3.0.5,"* Fixed an issue where ranking up a summon ability (Unstable Familiar, Summon Winged Twilight, Feral Guardian, etc.) would unsummon your pet."
skills,Online:Shocking Burst,3.0.5,"* Fixed an issue where ranking up a summon ability (Unstable Familiar, Summon Winged Twilight, Feral Guardian, etc.) would unsummon your pet."
skills,Online:Shocking Siphon,5.1.5,"* This ability and its morphs will now update their hitboxes when fighting large enemies. * These abilities no longer have a resource cost, and now scale off your highest offensive stats. * Decreased the damage per tick by approximately 14%. * Fixed an issue where the tether from this ability and its morphs would immediately break if you had bonuses to the ability range (like Battle Spirit) and cast it on a corpse further than 30 meters of you. * Mystic Siphon (morph): This ability now restores 35 Magicka per tick at Rank IV, down from 75."
skills,Online:Shocking Siphon,5.2.5,* Decreased the damage per tick of this ability and its morphs by approximately 20%.
skills,Online:Shocking Siphon,5.3.4,"* Due to many mechanical issues with the Necromancer's engagement with corpses and targeting of corpses, the following changes have been made in hopes to alleviate some of these shortcomings: ** Blastbones and its morphs' corpses will now last 6 seconds, rather than 5 seconds. ** Skeletal Mage and Spirit Mender and their morphs' corpses will now last 10 seconds, rather than 5 seconds. ** Improved the targeting areas from all tether abilities, and will now link to the corpse closest to your reticle from a much larger radius. **Developer Comment: The goal of these changes is to help reduce situations where tether abilities do not grab a corpse in high combat load, as well as making it easier for Necromancers to feel in control of the amount of corpses on the field when utilizing their corpse generating abilities."
skills,Online:Shocking Siphon,6.1.5,"* Fixed an issue where casting a tether ability could sometimes cause your character to turn around and face the opposite direction you were facing. * Fixed multiple issues with corpse targeting for Necromantic abilities such as Shocking Siphon. * Detonating Siphon (morph): This ability's final explosion now occurs when the tether ends for any reason, rather than only if the final duration was met."
skills,Online:Shocking Siphon,7.3.5,* Mystic Siphon (morph): Fixed an issue where this morph's Magicka restore was lower than the tooltip stated.
skills,Online:Shocking Siphon,8.0.5,"* Mystic Siphon (morph): This morph now increases your Health, Magicka, and Stamina Recovery by up to 150 while it is active, rather than restoring up to 1260 Magicka over its duration."
skills,Online:Shocking Siphon,8.1.5,* This ability and its morphs now tick every.666ms over 20 seconds rather than once every.333ms over 12 seconds. * Increased the damage per tick by approximately 30%.
skills,Online:Shocking Siphon,10.0.5,"* Increased the damage per tick of this ability and its morphs by ~33% so they are closer to stationary Over Time effects, rather than being treated as ""sticky"" Over Time effects."
skills,Online:Shocking Siphon,10.1.5,* This ability and its morphs now also grant you Major Prophecy and Savagery for 20 seconds after casting. ** Detonating Siphon (morph): Fixed an issue where the damage from the explosion of this morph could not be blocked.
skills,Online:Siege Shield,1.3.3,* This ability now gives you an armor and resistance bonus instead of reducing all damage taken.
skills,Online:Siege Shield,1.6.5,"* This ability now reduces the damage taken by siege weapons by 35%. * Propelling Shield: This ability now grants the increased range to any ability with a base range of 20 meters, and reduced the cost of this morph by 10%."
skills,Online:Siege Shield,2.1.4,* Propelling Shield: Fixed an issue where this ability wasn't increasing the snipe range bonus in Cyrodiil.
skills,Online:Siege Shield,4.1.5,"* This ability and its morphs now reduce the damage you take from siege attacks by 50%, originally 35%."
skills,Online:Siege Shield,5.1.5,"* This ability and its morphs now affect up to 12 allies, instead of only 6. * Reduced the base cost to 8100 from 9450. * Propelling Shield: Reduced the cost to 7830 from 8496. * Siege Weapon Shield: ** The protection for siege weapons will now apply to all friendly siege weaponry, including your own, rather than only your allies' siege. ** Fixed an issue where the damage mitigation from siege attacks on players was applying to anyone in the area, instead of only you and allied players."
skills,Online:Siege Shield,8.1.5,* Fixed an issue where this ability and its morphs would end early.
skills,Online:Siege Shield,10.0.5,"* Propelling Shield (morph): This ability now only affects abilities with a range of 28 meters or higher, to ensure it behaves closer to the Reach passive and Battle Spirit, as well as ensuring it does not affect abilities it should not."
skills,Online:Silver Bolts,1.0.3,* Silver Bolts rank 2 can now be re-added to your skill bar if it gets removed.
skills,Online:Silver Bolts,1.1.2,* Silver Leash: ** Significantly decreased the resource cost needed to pull an enemy target after hitting it with Silver Leash. ** Fixed an issue with Silver Leash where the pull effect was not working against vampire player characters.
skills,Online:Silver Bolts,1.2.3,* Silver Leash: This ability will now display the appropriate stun animation when used against Undead and Daedra.
skills,Online:Silver Bolts,1.2.4,"* With one exception as noted below, we fixed an issue so this ability no longer has a 100% proc chance after Skilled Tracker is purchased. ** Known Issue: This ability works properly against all vampires and werewolves in human form. However, if you are specifically in werewolf form, this ability will still proc at 100%. This is not intended, and will be fixed next week."
skills,Online:Silver Bolts,1.2.5,* Fixed an issue where this ability would proc 100% of the time against werewolves specifically in werewolf form.
skills,Online:Silver Bolts,1.3.3,* Silver Leash: Updated the tooltip for this ability so it now states that the pull function only works on Undead and Daedra.
skills,Online:Silver Bolts,1.4.3,"* Damage from Silver Bolts, Expert Hunter, and Trap Beast is now based on stamina and weapon damage instead of magicka and spell power."
skills,Online:Silver Bolts,1.5.2,* This ability no longer stuns undead or Daedra who dodge the attack. We also fixed an issue where this ability couldn't be reflected. * Silver Shards: This ability now lists synergy damage in the tooltip.
skills,Online:Silver Bolts,1.6.5,"* Decreased the base damage done by Silver Bolts by 80%, but increased the proc chance to 30% from 5%. * Silver Leash: Activating the secondary effect that pulls the target to you no longer has a cost, and now deals 15% more damage. This ability also now scales off Stamina instead of Magicka."
skills,Online:Silver Bolts,2.1.4,* Fixed an issue where arrows would be missing after repeatedly using this ability. * Silver Leash: ** Increased the pull damage for this ability by 33%. ** This ability now has the same height restrictions as the Dragonknight ability Fiery Grip. Your target must be within 8.5 meters above or below you for the pull to function. ** Fixed an issue where Silver Leash could kill the target with fall damage. ** This ability now properly displays an error message if the target is too high or low relative to the caster.
skills,Online:Silver Bolts,2.4.5,"* This ability and its morphs no longer knock down or deal bonus damage to Undead and Daedra; instead, they now reduce the Movement Speed of any enemy hit by 40% for 6 seconds. * Silver Leash: In addition to the changes made to the base ability, this morph also now pulls the caster to the target when it is activated a second time. Additionally, the caster can pull themselves to any target instead of just Undead and Daedra targets. * Silver Shards: In addition to the changes made to the base ability, we increased the amount of additional targets this morph can hit to 5 additional targets from 2."
skills,Online:Silver Bolts,2.5.5,* Fixed an issue where Rank III of this ability was causing targets to display a knockdown animation and visually slide across the ground.
skills,Online:Silver Bolts,3.0.5,"* Shadow Cloak: Fixed an issue where the invisibility from this ability and its morphs was being broken by numerous abilities including Reflective Light, Silver Shards, and Burning Talons damage over time effect."
skills,Online:Silver Bolts,3.1.5,* Fixed an issue where this ability and its morphs were hiding your weapon visuals for slightly longer than the abilities' animations.
skills,Online:Silver Bolts,4.0.5,"* Fixed an issue where the snare from by this ability and the Silver Shards morph would not apply to a target that blocked the damage. * Silver Leash: This ability will now fire a bolt that, upon hitting and damaging an enemy, will instantly pull them toward you and apply a snare on them. * Silver Leash can no longer be used in starter areas of Battlegrounds or respawn locations in Imperial City."
skills,Online:Silver Bolts,4.1.5,* Decreased the duration of the snare to 4 seconds from 6 seconds. ** Silver Leash: Fixed an issue where this ability was not counting as a Fighter's Guild ability for the Slayer passive.
skills,Online:Silver Bolts,4.2.5,* Silver Leash: Fixed an issue where you could not cast this morph while you were silenced.
skills,Online:Silver Bolts,4.2.7,"* Fixed an issue where you could use ""pull"" abilities, such as Fiery Grip or Silver Leash, to move immovable monsters."
skills,Online:Silver Bolts,5.0.5,* Silver Leash: Improved the responsiveness of the pull speed from this ability to reduce situations where players were still CC'ed after the pull was complete.
skills,Online:Silver Bolts,5.1.5,"* This ability has been brought into our ""spammable"" category, and will be balanced as such. * Increased the damage dealt by approximately 12.5%. * Reduced cost to 2700 from 3510. * This ability no longer snares enemies hit. Spin them crossbows! * Silver Shards: ** This ability now hits all nearby enemies to your original target, instead of having a cap. ** The AoE damage dealt is now 25% weaker than the initial hit, instead of 50%. ** The AoE damage now ranks up in 1% strength per rank. * Silver Bolts: ** Decreased the damage of this ability by approximately 25%. ** Increased cost to 3780 from 3510. ** Reduced the snare potency to 30% from 40%. ** These changes will allow the ability perform much closer to other gap closer/creator abilities."
skills,Online:Silver Bolts,6.0.5,* Silver Shards (morph): Fixed an issue where you could not use this ability against neutral targets that are related to Justice activities.
skills,Online:Silver Bolts,8.0.5,* Silver Shards (morph): Fixed an issue where this morph could sometimes fail to be recognized as a Stamina costing ability for certain proc conditions.
skills,Online:Siphoning Strikes,1.2.3,"* Siphoning Strikes: This ability now restores slightly less resources, and will no longer desync your resource bars upon use. * Leeching Strikes: The tooltip for this ability now shows the correct percentage of health recovery."
skills,Online:Siphoning Strikes,1.6.5,* Reduced the damage penalty for having Siphoning Strikes active by 5%.
skills,Online:Siphoning Strikes,2.3.5,"* Fixed an issue where the weapon visual effects from abilities such as Grim Focus, Siphoning Strikes, and Expert Hunter could get visually detached from the weapon. * Leeching Strikes: Increased the amount of Health restored from this morph to 3% of your maximum Health from 2%. * Siphoning Attacks: ** Fixed an issue where this morph could proc its resource return on every tick from a damage over time effect. ** Increased the amount of resources provided by this ability and the Siphoning Attacks morph by roughly 10%."
skills,Online:Siphoning Strikes,3.0.5,"* This ability now causes your Light and Heavy Attacks to restore Health instead of Magicka or Stamina. * Increased the duration of this ability and its morphs to 20 seconds from 15 seconds. * Reduced the cost of this ability and its morphs by approximately 50%. * Recasting this ability or its morphs early will now always trigger the ending resource restore. The value of this restore is based on the length of time the abilities were active, similar to Rally's heal. * Each Light or Heavy Attack from this ability or its morphs will now restore less resources, but the final burst at the end will restore more resources. The total resources restored by this ability will remain roughly the same. * Leeching Strikes: This morph now converts the ability into a Stamina ability and causes your Light and Heavy Attacks to restore Stamina based on your character level, and an additional burst of Stamina when the effect ends. * Siphoning Attacks: This morph now causes your Light and Heavy Attacks to also restore Magicka based on your character level, and an additional burst of Magicka when the effect ends. **Developer Comments: This is a significant reduction to the Magicka and Stamina restored by these abilities, but the addition of Health restore should give Nightblades more healing to improve their survivability. The changes also make the resource restore portion of these abilities better if you are not weaving Light Attacks perfectly, which is desirable for tanks and healers who spend time blocking or healing."
skills,Online:Siphoning Strikes,3.0.7,* Leeching Strikes: Fixed an issue where Rank III of this morph was not returning the correct amount of Stamina when the ability ended.
skills,Online:Siphoning Strikes,3.0.9,* Leeching Strikes: Fixed an issue where you could block the heal from this morph.
skills,Online:Siphoning Strikes,4.0.5,* Leeching Strikes: Fixed an issue where this morph was unable to be cast while you were silenced.
skills,Online:Siphoning Strikes,4.2.5,* Fully charged Heavy Attacks now restore twice the amount of Health and resources for this ability and its morphs.
skills,Online:Siphoning Strikes,4.3.5,"* The heal from Siphoning Strikes and Morphs will no longer be considered ""proc"" abilities, meaning it can proc other proc abilities such as item sets and enchants. ** Note: We will continue evaluating which abilities should and should not be considered procs in the future."
skills,Online:Siphoning Strikes,5.0.5,"* Fixed an issue where this ability and its morphs had a cooldown on the heal. Since Light and Heavy Attacks already have their own unique cooldowns, this previous interaction meant if you had a set such as Blood Moon, you were not gaining the full efficiency of the bonus."
skills,Online:Siphoning Strikes,6.0.5,* Fixed an issue where this ability and its morphs could proc off Mend Wounds and its morphs. The soul-stealing power of this ability is now reserved for damaging Light and Heavy Attacks.
skills,Online:Siphoning Strikes,9.3.5,"* Reworked this ability and its morphs to be simpler to use, while making their resource recovery more engaging. * When activated, the ability will instantly drain 4000 Health to restore 2000 Magicka and Stamina. * When the ability is slotted on either bar, any damage you deal will heal you for 1250 Health, up to once every second. ** Leeching Strikes (morph): This morph now increases the passive healing done to 1800 Health. Whenever the heal activates, it reduces the cost of your next Leeching Strikes cast by 10%, stacking up to 10 times. The cost reduction lasts until consumed, your character dies, or you rezone. ** Siphoning Attacks (morph): This morph now increases the resources restored to 2600 Magicka and Stamina. Whenever the heal activates, it also restores 200 Magicka and Stamina. *** Developer Comment:The Nightblade class has long been limited in its overall performance by how well the player can utilize Light and Heavy Attacks between each ability, making it very difficult for many players and build types. In efforts to ease back some of this demand, we’re moving forward with a rework to their primary sustain tool to be more usable by any build or player. Rather than needing to constantly activate the ability to be eligible to heal when you properly weave, it now passively heals you anytime you deal damage, simply for having it slotted. The resource portion of the ability is now granted at the base level of the skill (rather than morphs) and no longer grants exclusive resources, but comes at a risky cost of Health - which we hope the passive healing helps lessen the risk of engaging with. Additionally, the morphs now focus on the different aspects of the skill, where Leeching Strikes focuses on raw healing and reducing the risk of activation, while Siphoning Attacks doubles down on resource recovery by adding a passive recovery option and increasing the rewards of its activation."
skills,Online:Skeletal Aegis,3.0.5,"* Fixed an issue where ranking up a summon ability (Unstable Familiar, Summon Winged Twilight, Feral Guardian, etc.) would unsummon your pet."
skills,Online:Skeletal Mage,5.1.5,"* Increased the base cost to 4320 from 2430, and increased the damage per tick by approximately 90%. * Skeletal Archer: ** The archer's base damage no longer ranks up by 1.1% per rank. ** Reduced the scaling bonus to 2% per hit from 10%, which ranks up to 5% at Rank IV."
skills,Online:Skeletal Mage,5.2.5,* Decreased the damage per hit of this ability and its morphs by 40%.
skills,Online:Skeletal Mage,5.3.4,"* Due to many mechanical issues with the Necromancer's engagement with corpses and targeting of corpses, the following changes have been made in hopes to alleviate some of these shortcomings: ** Blastbones and its morphs' corpses will now last 6 seconds, rather than 5 seconds. ** Skeletal Mage and Spirit Mender and their morphs' corpses will now last 10 seconds, rather than 5 seconds. ** Improved the targeting areas from all tether abilities, and will now link to the corpse closest to your reticle from a much larger radius. **Developer Comment: The goal of these changes is to help reduce situations where tether abilities do not grab a corpse in high combat load, as well as making it easier for Necromancers to feel in control of the amount of corpses on the field when utilizing their corpse generating abilities."
skills,Online:Skeletal Mage,7.3.5,* Skeletal Archer (morph): Fixed an issue where this morph's damage was not increasing per attack as stated.
skills,Online:Skeletal Mage,8.1.5,"* This ability and its morphs now last for 20 seconds, up from 16. * Reduced the cost of these abilities to 2970, down from 4320. ** Skeletal Arcanist (morph): Increased the radius of the splash damage to 5 meters, up from 4. ** Skeletal Archer (morph): Increased the damage done per stack to up to 15%, up from 5%."
skills,Online:Skeletal Mage,8.3.5,* Skeletal Archer (morph): Fixed an issue where the damage boost from this morph would fail to apply if the damage was blocked.
skills,Online:Skeletal Mage,10.1.5,* This ability and its morphs now also grant you Major Brutality and Sorcery for their active duration. Such audacious manipulation of death fuels your desire for more of it.
skills,Online:Skilled Tracker,1.2.4,"* Silver Bolts: With one exception as noted below, we fixed an issue so this ability no longer has a 100% proc chance after Skilled Tracker is purchased. ** Known Issue: This ability works properly against all vampires and werewolves in human form. However, if you are specifically in werewolf form, this ability will still proc at 100%. This is not intended, and will be fixed next week."
skills,Online:Skilled Tracker,2.4.5,"* Redesigned this passive ability so it now increases all damage dealt with Fighters Guild abilities by 20% against Undead, Daedra, and Werewolves. Fighters Guild abilities no longer innately have a bonus to Undead, Daedra, and Werewolves without this passive ability."
skills,Online:Skilled Tracker,7.1.5,"* This passive now increases your damage with Fighters Guild abilities by 10% and an additional 10% against player Werewolves and Vampires, rather than increasing your damage done with Fighters Guild abilities by 20% against any Undead, Daedra, or Werewolf. **Developer Comment: This passive is currently attempting to validate a very long list of specific target checks on the backend to apply its damage bonus. Rather than continuing this, it will now only check 3 things (instead of 23!) each time you deal damage, while retaining its flavor in PvP environments."
skills,Online:Slayer,2.4.5,"* Redesigned this passive ability so it now increases your Weapon Damage by 1/2/3% for each Fighters Guild ability slotted at Ranks I/II/III respectively, instead of increasing your Weapon and Spell Damage by 3/6/9% against Undead and Daedra."
skills,Online:Slayer,4.1.5,* Silver Leash (Silver Bolts morph): Fixed an issue where this ability was not counting as a Fighter's Guild ability for the Slayer passive.
skills,Online:Slayer,7.1.5,"* The following passives and player abilities now grant hybrid stats to help improve their viability and accessibility to off-meta builds, because we love them too: ** Agility: Now grants equal Weapon and Spell Damage. ** Balanced Warrior: *** Now grants 660/1320 Armor, rather than 1320/2640 Spell Resistance. *** Now grants equal Weapon and Spell Damage values. ** Brutal Carange's bonus: Now grants equal Weapon and Spell Damage values. ** Concentration: Now grants equal Offensive Penetration. ** Dexterity: Now increases Critical Damage and Healing Done per piece worn, up to 2% at the final rank, rather than Weapon Critical (as Prodigy now grants Weapon Critical as well) ** Flawless Dawnbreaker's bonus: Now grants equal Weapon and Spell Damage values. ** Prodigy: Now grants equal Critical Chance. ** Savage Strength: Now grants equal Weapon and Spell Damage values. ** Scaled Armor: Now grants 825/1650 Armor rather than 1320/3300 Spell Resistance. ** Slayer: Now grants equal Weapon and Spell Damage values."
skills,Online:Slayer's Blade,3.0.5,"* Fixed an issue where ranking up a summon ability (Unstable Familiar, Summon Winged Twilight, Feral Guardian, etc.) would unsummon your pet."
skills,Online:Sleet Storm,5.0.5,* Reduced the potency of the snare from this ability and its morphs to 40% from 70%.
skills,Online:Sleet Storm,5.2.5,"* Northern Storm (morph): ** The Max Magicka granted from this morph is no longer enabled passively by slotting. Instead, it is granted for 30 seconds after activating the Ultimate. ** Increased the amount of Magicka granted to 9% from 8%. ** This morph now ranks up in 2% Max Magicka granted per rank, up to 15% at Rank I, rather than 1.1% damage done per rank. * Permafrost (morph): ** This morph no longer stuns enemies who are hit multiple times by the effect, but instead increases the duration of the ability by 1 second per rank, up to 12 seconds at Rank IV. ** Increased the snare potency to 70%, up from 40%. ** Each tick of damage now applies the Chilled status effect to enemies hit. ** Reduced the damage done of this morph by 50% to ensure this morph functions primarily as a utility and defensive morph."
skills,Online:Sleet Storm,8.0.5,"* Northern Storm (morph): This morph now grants 300 Weapon and Spell Damage for up to 30 seconds after casting, rather than up to 15% Max Magicka for 30 seconds. This should help the Ultimate be more impactful across play styles."
skills,Online:Sleet Storm,9.3.5,"* Northern Storm (morph): ** Increased the damage done by this morph by 50%. ** Activating the Ultimate now grants 50 Weapon and Spell Damage for 5 seconds each tick, up to a maximum of 9 times (450 Weapon and Spell Damage), rather than increasing your Weapon and Spell Damage by 300 for 30 seconds. Note that the duration refreshes each stack, like all stack-based effects do. *** Developer Comment:We’re shifting the focus and strength of this Ultimate into something that feels more appropriate for the masters over bitter cold, as its previous iteration was relatively passive and underwhelming. Now the Ultimate offers more impact in the moments of its activation, with a power ramping effect to help add extra satisfaction and damage to your burst moments. *Permafrost (morph): Reduced the damage done by this morph by ~32% to make up for the adjustments to Chilled and Glacial Presence. Overall, this will still result in an ever-so-slight (less than 1%) damage increase of this morph."
skills,Online:Sleet Storm,11.0.5,"* Northern Storm: Reduced the damage per tick of this ultimate by 33.33% (repeating of course). Now grants 2% damage done per stack, rather than 50 Weapon and Spell Damage. Increased the duration of the stacks to 12 seconds per application, up from 5 - resulting in a total duration of 20 seconds, up from 13. ** Developer Comment: We're lowering the damage per tick of this Ultimate to reduce how powerful it is in PvP situations, while simultaneously building more potential power into its residual effects, so it remains dangerous and impactful with less burst damage potential from the ability itself."
skills,Online:Sleet Storm,11.2.6,* Fixed an issue where the visual effects granted from the Major Protection of this Ultimate and its morphs would constantly flicker when staying inside the radius.
skills,Online:Sleetmail,3.0.5,"* Fixed an issue where ranking up a summon ability (Unstable Familiar, Summon Winged Twilight, Feral Guardian, etc.) would unsummon your pet."
skills,Online:Snakeblood,2.6.4,* Snakeblood now properly reduces the durations of negative effect potions once more.
skills,Online:Snipe,1.2.3,"* Reduced the cast time for this ability from 3 seconds to 2 seconds. We also reduced the range for this ability from 40 meters to 35 meters, and reduced the minimum range from 20 meters to 10 meters. * Focused Aim: This ability's tooltip now lists the duration of the effect."
skills,Online:Snipe,1.4.3,* Reduced the cost of this ability by approximately 20%. We also reduced the cast time for this ability to 1.8 seconds from 2 seconds.
skills,Online:Snipe,1.5.2,* Reduced the cast time for this ability by approximately 40% * Reduced the damage done by this ability by 5% * Removed the minimum range from this ability. * Focused Aim: The damage bonus from this ability now only applies to bow attacks. We also fixed an issue where this passive wasn't applying to heavy attacks.
skills,Online:Snipe,1.5.7,* Lethal Arrow: Fixed an issue where the Healing Reduction from this ability could stack with itself.
skills,Online:Snipe,1.6.5,* Lethal Arrow: This ability now applies the buff Major Defile for 10 seconds. * Focused Aim: This ability now applies the buff Minor Fracture instead of increasing weapon speed against the target. This morph also increases in damage with each rank.
skills,Online:Snipe,2.7.5,* Adjusted the order of the Active Abilities in this skill line. They now unlock in the following order: ** Snipe ** Volley ** Magnum Shot ** Arrow Spray ** Poison Arrow
skills,Online:Snipe,4.1.5,* Lethal Arrow: Decreased the duration of the Major Defile debuff applied to 4 seconds from 10 seconds.
skills,Online:Snipe,5.0.5,"* Reduced the cast time of this ability and its morphs to 1 second from 1.1 seconds. * Reduced the damage dealt by 25% to make up for the removal of the post global noted earlier. * Increased the travel speed of the arrow to put it in line with other projectiles. * Lethal Arrow: This morph now applies Minor Defile, rather than Major Defile. This was done since the morph already has another bonus, the guaranteed chance to apply the Poisoned status effect. * Focused Aim: This morph no longer increases the range in which your allies can hit the target. Instead, it reduces the cost by 5% and increases the range by 5 meters. Note that Minor Fracture remains."
skills,Online:Snipe,5.1.5,* Increased the damage by approximately 9% for this ability and its morphs.
skills,Online:Snipe,6.3.5,"* Reduced the cast time of these abilities to 0.8 seconds, down from 1 second. * This ability and its morphs now have a much faster, smoother animation to support their new cast time. * Reduced the damage done by approximately 21%. * Reduced the base cost to 2700, down from 3240. * Increased the travel speed slightly to help reduce the ability to fire off multiple projectiles before the original projectile landed. ** Focused Aim (morph): This morph now ranks up in cost reduction, rather than 1.1% damage per rank. The final cost is now 2430. **Developer Comment: Similar to the Solar Flare changes this update and Crystal Shards a few updates ago, we wanted to make these abilities less bursty in nature while helping their fluid usage in rapid succession, making them less potent at combining into deadly alpha strike attacks and more potent while used in a rotation."
skills,Online:Snipe,9.3.5,"* Focused Aim (morph): This morph now always applies the Sundered status effect, rather than a unique form of Minor Breach for 10 seconds."
skills,Online:Sniping Silver,3.0.5,"* Fixed an issue where ranking up a summon ability (Unstable Familiar, Summon Winged Twilight, Feral Guardian, etc.) would unsummon your pet."
skills,Online:Snow Squall,3.0.5,"* Fixed an issue where ranking up a summon ability (Unstable Familiar, Summon Winged Twilight, Feral Guardian, etc.) would unsummon your pet."
skills,Online:Solar Flare,1.2.3,* Slightly reduced the cast time for this ability from 1.5 seconds to 1.3 seconds. * Dark Flare: This ability now scales in damage from ranks I-IV.
skills,Online:Solar Flare,1.5.2,* Dark Flare: Fixed an issue where this ability's graphical effect would stay on a target after it was removed.
skills,Online:Solar Flare,1.6.5,"* Solar Flare no longer increases the damage of the next attack against the target. Instead, this ability now grants the caster the Major Empower buff. * Reduced the cast time of this ability by 0.2 seconds. * Dark Flare: This ability now applies the Major Defile debuff to your target."
skills,Online:Solar Flare,2.3.5,* Increased the damage for this ability and the Dark Flare morph by 12%. The damage of the Solar Barrage morph remains unchanged.
skills,Online:Solar Flare,2.6.4,* Fixed an issue where this ability would cause the visual effects from Major Empower to get stuck on you if it was used as the killing blow on a target.
skills,Online:Solar Flare,2.7.5,"* Shadow Cloak: Fixed an issue where the invisibility from this ability and its morphs was being broken by certain abilities, such as Teleport Strike, Dark Flare, and Weapon Enchantments."
skills,Online:Solar Flare,3.2.5,"* Solar Barrage: This morph now has a cast time that matches the base ability, and now causes you to pulse point blank area of effect damage every 2 seconds for 6 seconds, with each pulse granting you the Empower buff. **Developer Notes: We liked how this ability was acting as a ""soft"" crowd-control, preventing some abilities but allowing others. However, the list of abilities was too short. We've made the ability more universally effective against most offensive abilities, making the process to select the right target and time for the ability more important."
skills,Online:Solar Flare,3.3.5,"* Solar Barrage: The damage from this morph can now be blocked, but cannot be dodged."
skills,Online:Solar Flare,4.0.5,"* This ability and the Dark Flare morph now grant the Empower buff instantly after being cast, instead of when the projectile hits the enemy target. * Enduring Rays: This passive ability now increases the duration of your Sun Fire, Eclipse, and Nova abilities by 2 seconds, instead of 15/30%. It now also increases the duration of the debuffs applied by Solar Flare and its morphs. **Developer Comments: This eliminates the extra fractional duration from some damage over time abilities that weren't actually getting extra damage. It also gives short abilities like Solar Barrage an additional tick."
skills,Online:Solar Flare,4.1.5,"* Dark Flare: Decreased the duration of the Major Defile debuff to 4 seconds from 6 seconds. * Solar Barrage: Removed the cast time from this ability, and decreased the damage done by approximately 40%."
skills,Online:Solar Flare,4.2.8,"* Fixed an issue where spamming cast time or channeled abilities, such as Puncturing Strikes or Dark Flare, would cause a delay to occur between each cast of those abilities."
skills,Online:Solar Flare,4.3.5,"* Increased the damage dealt by this morph by approximately 10%. * This ability now grants an infinite Empower bonus during the entire duration, instead of firing a single Empower bonus after each tick. ** Developer Comment: Internally, we found that melee Magicka-based Templars specifically were struggling to contend with other melee damage dealing spots in organized play (such as fully-optimized raiding environments that have access to many empowering and debilitating abilities), and this change is aimed at remedying that. We've specifically targeted more of the single target damage production of the class with this change, as their cleave DPS is in a relatively healthy spot."
skills,Online:Solar Flare,5.0.5,"* Reduced the cast time from this ability and the Dark Flare morph to 1 second from 1.1 seconds. * Increased the travel speed to match other projectiles. * Reduced the damage by approximately 37% to make up for the fact that it can be cast more frequently. * Reduced base cost from to 2970 Magicka from 3240. * Solar Barrage (morph): Removed the delay of this ability, which will result in gaining one extra tick of damage. Also fixed an issue where this ability was being considered a Direct Damage attack, instead of Damage over Time."
skills,Online:Solar Flare,5.1.5,* Increased the damage of this ability and the Dark Flare morph by approximately 4%. * Solar Barrage: Decreased the damage of this morph by approximately 33% per tick.
skills,Online:Solar Flare,5.2.5,"* Solar Barrage: ** Increased the duration of this morph to 8 seconds, up from 6. ** Decreased the damage per tick by approximately 15%."
skills,Online:Solar Flare,6.3.5,"*Reduced the cast time of this ability and the Dark Flare morph to 0.8 seconds, down from 1 second. *Reduced the damage done by approximately 21%. *Reduced the cost of all versions of this ability to 2700, down from 2970. **Developer Comment: Similar to other cast time abilities, we've taken the approach for a quicker cast time to help make this ability easier to weave within the 1 second global cooldown. This should also help reduce burst, potentially when combined with other high hitting attacks, but help the DPS go up by making it smoother to use and easier to sustain."
skills,Online:Solar Flare,7.2.5,* Fixed an issue where this ability could not Critically Strike.
skills,Online:Solar Flare,8.0.5,"* Dark Flare (morph): Reduced the cost of this morph to 2430, down from 2700."
skills,Online:Solar Flare,8.1.5,"* Solar Flare: Increased the duration of Empower granted from this ability and Dark Flare to 5 seconds, up from 3. ** Solar Barrage (morph): *** This morph now lasts 20 seconds, up from 8. *** Reduced the damage per tick by approximately 24%. *** The damage visual effects for this morph now only pulse when successfully dealing damage, rather than all the time."
skills,Online:Solar Flare,9.0.5,"* Solar Flare: This ability and its morphs now also grant Sunsphere for 5 seconds after casting, increasing your damage done with class abilities by 5%. ** Solar Barrage (morph): This morph also extends the duration of Sunsphere to 20 seconds."
skills,Online:Solar Flare,10.1.5,"* Increased the duration of the Sunsphere and Empower granted from this ability and the Dark Flare morph to 10 seconds, up from 5."
skills,Online:Solar Ward,3.0.5,"* Fixed an issue where ranking up a summon ability (Unstable Familiar, Summon Winged Twilight, Feral Guardian, etc.) would unsummon your pet."
skills,Online:Solvent Proficiency,4.1.5,"* Updated the base-rank icons for Metalworking, Tailoring, Woodworking, and Solvent Proficiency to match the facing of subsequent ranks."
skills,Online:Son of Kozanset,3.0.5,"* Fixed an issue where ranking up a summon ability (Unstable Familiar, Summon Winged Twilight, Feral Guardian, etc.) would unsummon your pet."
skills,Online:Soul Lock,1.2.3,* Soul Lock II: Corrected the tooltip for this passive ability so that it lists the right percentage in which it can automatically trap a soul in a Soul Gem upon weapon kills.
skills,Online:Soul Lock,2.3.5,* Fixed an issue which was preventing this ability from proccing on some weapon skill lines.
skills,Online:Soul Lock,7.1.5,"* This passive now procs on any killing blow, rather than only killing blows with a weapon attack. * Removed the visual effects from the proc."
skills,Online:Soul Shatter,1.6.5,"* This passive ability now triggers an explosion when you reach 20% health. The explosion deals 8% of your maximum health as damage at Rank I, and 16% at Rank II. This effect can only trigger once every two minutes."
skills,Online:Soul Shred,1.2.3,"* Soul Siphon: Edited the tooltip for this ability so it's more consistent with all other tooltips, and fixed an issue so the upgrade tooltip now states that it does less damage than the base ability."
skills,Online:Soul Shred,1.4.3,* Shadow Cloak: This ability is no longer removed by the following ticking damage abilities. ** Agony ** Bat Swarm ** Caltrops ** Cripple ** Entropy ** Fire Rune ** Necrotic Orb ** Path of Darkness ** Soul Tether ** Trap Beast ** Volley ** Wall of Elements ** All elemental procs
skills,Online:Soul Shred,1.6.5,"* The Synergy of Soul Shred is now only available to lowest health ally, but is also more potent. * Soul Tether: This ability now tethers up to 6 targets, damages all affected enemies, and heals the caster for 8 seconds. * Soul Siphon: This ability no longer does damage. Instead, it grants the Major Vitality buff to up to six ally targets and heals those targets. This ability will also now properly increase the healing done when having a siphon ability slotted."
skills,Online:Soul Shred,2.3.5,* Soul Shred: Increased the damage from the Soul Leech synergy from this ability and its morphs by 3%. * Soul Siphon: This morph now heals and applies the Major Vitality buff to yourself as well as your allies.
skills,Online:Soul Shred,2.6.4,* Soul Tether now displays an area effect telegraph.
skills,Online:Soul Shred,2.7.5,* Fixed an issue where the Soul Leech synergy from this ability and its morphs could occasionally heal based on a different source of damage than itself.
skills,Online:Soul Shred,3.2.5,"* Soul Siphon: ** Increased the distance an ally can travel away from you before the heal tether snaps to 25 meters, up from 20 meters. ** Fixed an issue where Rank I of this ability had a 10 meter initial radius instead of a 15 meter initial radius."
skills,Online:Soul Shred,4.0.5,* Soul Siphon: Increased the radius of the heal applied by this morph to 28 meters from 15 seconds.
skills,Online:Soul Shred,5.0.5,"* Increased the radius of this ability and the Soul Tether morph to 8 meters from 6 meters. ** Soul Tether (morph): Adjusted this morph to adhere to our DoT standards. *** Added a 1 second delay between the initial hit and the first DoT tick. *** Increased the damage by approximately 4% per tick to make up for loss of first tick. This will result in the same DPS/HPS, but with less burst. *** Fixed an issue where these abilities did not get stronger as they ranked up. The initial hit and DoT will both gain 1.1% damage per rank."
skills,Online:Soul Shred,5.2.5,"* Soul Tether (morph): ** This morph now also heals for half of the damage dealt upon the initial hit, in order to help increase the defensive nature of the skill when you successfully cast it."
skills,Online:Soul Shred,6.0.5,"* The synergy granted from this Ultimate and its morphs will now work for allies who are 10 meters or closer to the target, rather than 10m or further."
skills,Online:Soul Shred,6.1.5,"* Fixed an issue where the morphs of this Ultimate would fail to stack from multiple casters in some cases. ** Soul Siphon: Fixed an issue where the heal beam on allies was breaking sooner than intended. It will now snap at 30 meters, rather than 25 meters."
skills,Online:Soul Shred,6.2.5,"* Soul Siphon (morph): Fixed an issue where this Ultimate could aggro enemies, despite dealing no damage."
skills,Online:Soul Shred,8.0.5,* Fixed an issue where this ability and its morphs could ignore line of sight in some cases. * Fixed numerous issues where the damage or healing from these abilities could use the wrong stats to scale.
skills,Online:Soul Siphoner,1.6.5,"* This passive now increases healing done for each Siphon ability slotted by 2% at Rank I, or 3% at Rank II."
skills,Online:Soul Siphoner,11.0.5,"* Reduced the rank 1 of this passive to 1% Healing Done per Siphoning ability slotted, down from 2%."
skills,Online:Soul Strike,1.2.3,* Soul Assault: This ability's tooltip now lists the proper snare value.
skills,Online:Soul Strike,1.3.3,* Soul Assault: The tooltip for this ability now shows the correct snare duration.
skills,Online:Soul Strike,1.6.5,* Reduced the cost of this ability by 30%. ** Shatter Soul: Increased the area of effect damage dealt by this ability by 22%.
skills,Online:Soul Strike,2.6.4,"* This ability can no longer can be purged or interrupted, but can now be blocked. * You will now be immune to CC while channeling this ability. * Increased the damage from this ability by 15%. * This ability now prevents your target from entering stealth and invisibility for 2 seconds. ** Shatter Soul: Increased the explosion damage by 50%."
skills,Online:Soul Strike,2.7.5,* Removed 350 milliseconds of empty channeling time without another tick of damage occurring from this ability and its morphs. Total damage dealt with these abilities remains unchanged.
skills,Online:Soul Strike,3.0.5,* Shatter Soul: Fixed an issue where Rank IV of this morph could be removed by Purge.
skills,Online:Soul Strike,3.3.5,"* Soul Assault: This ability and its morphs no longer snare the enemy target. ** Developer Comment: One of the main counters to channeled abilities is being able to break light of sight/out range the ability, which is extremely difficult when faced with a 70% snare."
skills,Online:Soul Strike,4.0.5,* Fixed an issue where this ability and the Shatter Soul morph were still snaring the enemy target. The snare has been removed from all versions of this ability.
skills,Online:Soul Strike,5.0.5,* Shatter Soul: Fixed and issue where the visual effects from this morph's explosion were multiplying in intensity based on how many enemies you hit with it.
skills,Online:Soul Strike,5.1.5,"* Increased the damage per tick for this ability and its morphs by approximately 22%, but increased the time it takes to deal its total damage to 5 seconds from 2.9 seconds to help reduce the bursty nature of the ultimate. This also means the CC immunity granted from activating the ability lasts the 5 seconds, instead of only 2.9. * Increased the Reveal on this ability and its morphs to 3 seconds from 2 seconds. * Increased the base cost to 175 Ultimate from 100 Ultimate. * Shatter Soul: ** This morph's explosion no longer requires the target to die in order to occur. Instead, when the channel is completed or ends early, it will detonate. ** Reduced the damage of the explosion by approximately 37%. ** Fixed an issue where the explosion was not applying the Reveal effect to targets hit, as the tooltip implied."
skills,Online:Soul Strike,6.3.5,"* Fixed an issue where this Ultimate and its morphs could fail to trigger other sets that had ""while in combat"" requirements if it was your first cast to initiate combat."
skills,Online:Soul Strike,7.1.5,"* Fixed an issue where this Ultimate and morphs' reveal was not a negative effect, and therefore could not be purged or was visible on your buff tracker."
skills,Online:Soul Summons,7.1.5,"* This passive now properly follows its listed cooldown, rather than having an hour cooldown regardless of rank."
skills,Online:Soul Trap,1.1.2,"* Consuming Trap: This ability can no longer be used on critters to restore Health, Magicka, and Stamina."
skills,Online:Soul Trap,1.6.5,* This ability can now hit two additional targets that are close to the primary target. * Your feet will no longer slide if you strafe while casting this ability. ** Soul Splitting Trap (morph): This ability now hits 3 targets instead of providing 2 soul gems per target.
skills,Online:Soul Trap,4.3.5,* Fixed an issue where the initial hit from this ability or its morphs could remove targets from Sneak or Invisibility if they were near the impact of the initial target.
skills,Online:Soul Trap,5.1.5,"* This ability has been restructured to fit into our single target DoT standards. * Since this ability is the first ability you have access to, it will dynamically scale with your offensive stats with some extra detection abilities - if your Weapon Damage is higher it will deal Physical Damage, but if your Spell Damage is higher it will deal Magic Damage. * Increased the damage per tick by approximately 161%. * Removed the 2 second delay from these abilities. * This ability and the Consuming Trap will now only hit one enemy instead of up to 2. * Fixed many visual errors with these abilities. * Consuming Trap: This morph will now restore 20% of your Health, Magicka, and Stamina, up from 10%, when a target affected dies. The tooltip will state the actual return to help you visualize the weight of its true power. * Soul Splitting Trap: This morph now converts the ability into an area of effect DoT, hitting any target in an 8 meter radius around your original target, but deals approximately 33% less damage per tick."
skills,Online:Soul Trap,5.2.5,"* This ability and its morphs will no longer fill Soul Gems if the target affected was a target dummy or critter. * Fixed an issue where the application of these abilities could not be dodged, and where each tick of the damage could be dodged. * Updated the visual effects to better line up with the animation of these abilities. * Reduced the damage per tick of this ability and its morphs by 40%."
skills,Online:Soul Trap,5.3.4,* Fixed an issue where Soul Trap and its morphs would not clear when clearing all spent points while respeccing.
skills,Online:Soul Trap,7.3.5,"* This ability and its morphs now only deal Magic Damage, but its damage will still scale dynamically."
skills,Online:Soul Trap,8.1.5,"* This ability and the Consuming Trap morph now last for 20 seconds. * Reduced the damage per tick of all versions of this skill by approximately 23%. ** Soul Splitting Trap (morph): This morph no longer reduces the damage done per tick of the skill, and instead cuts the base duration in half."
skills,Online:Spear Shards,1.1.2,* Fixed a visual issue with this ability where the spear was falling horizontally.
skills,Online:Spear Shards,1.2.3,* This ability will no longer disorient targets that roll dodge. * Blazing Spear: Moderately increased this ability's damage over time.
skills,Online:Spear Shards,1.5.2,* Spear Shards: Fixed an issue where this ability wasn't damaging or disorienting stealthed enemies. * Blazing Spear: Slightly improved your game performance when using this ability.
skills,Online:Spear Shards,1.6.5,"* Fixed an issue where Spear Shards and Volley would not hit an enemy using Shadow Cloak. * Fixed an issue with this ability and its morphs not sorting targets. * Blazing Spear: This ability will now continue to deal damage over time even if the spear is removed as a result of someone using the Synergy. If you are stunned by Blazing Spear, you will now gain crowd control immunity."
skills,Online:Spear Shards,2.3.5,* Blazing Spear (Spear Shards morph): This morph now displays a hostile red telegraph if it is cast from enemy Templars.
skills,Online:Spear Shards,2.6.4,* Fixed an issue where this ability and the Luminous Shards morph were disorienting the incorrect number of targets.
skills,Online:Spear Shards,2.7.5,"* Decreased the time it takes for the spear from this ability and its morphs to land after being cast at the target location to 750 milliseconds from 1100 milliseconds. * Increased the duration of this morph to 8 seconds from 6 seconds, causing it to tick damage an additional 2 times; however, it no longer stuns the enemy when it first hits them. * The ticking damage from this morph now has the same radius as the initial damage. **Developer Comments: We took the stun off of Blazing Spear and increased its damage over time duration to help differentiate it from Luminous Shard. We want Blazing Spear to be damage focused, and Luminous to be CC focused. Note: We're still working through a solution that makes Luminous feel unique from the other CC abilities, while maintaining the functionality of effectiveness on blocking targets."
skills,Online:Spear Shards,3.0.5,"* The Synergy from this ability and its morphs now restore Stamina or Magicka, whichever pool is larger. The amount restored is now based on your character level instead of your Max Resource. The synergy also has a shared cooldown with the Necrotic Orb Synergy. * This ability and the Luminous Shard morph no longer disorient an enemy. It also now deals moderate additional damage over time after the spear lands. **Developer Comments: There are three main goals behind the changes to Spear Shards and its morphs. First, we want the design of Spear Shards to be more clearly focused - it's a powerful area of effect damage ability with a prominent synergy. Templars still have crowd control options with other abilities such as Piercing Javelin, Eclipse, and Focused Charge. This also prevents scenarios where the disorient on this ability would be a detriment; since Spear Shards could proc Burning Light, there would frequently be situations where the disorient broke immediately and gave your enemy a ""free"" crowd control immunity.::Second, we wanted to lower the damage gap between the Luminous Shards and Blazing Spear morph choices. Blazing Spear is still ideal for raw damage, but it is no longer such a prominent difference; you won't feel as penalized if you want to sacrifice some damage to have better group utility.::Finally, we've buffed the Luminous Shard synergy to return more resources. While this synergy will share a cooldown with Necrotic Orb, it allows Templars to have a more distinct version of the synergy without making it mandatory in end-game group content. * Blazing Spear: This morph now increases the damage over time by approximately 30% as a morph effect. * Luminous Shards: This morph now causes the synergy to always restore Magicka and Stamina. It restores the current value of Magicka or Stamina to your highest maximum, and half of that value to the opposite resource. * Necrotic Orb: The synergy from this ability and its morphs now restore Stamina or Magicka to the synergy-user, whichever resource pool is larger. The amount restored is now based on your character level instead of your Max Resource. The synergy also has a shared cooldown with the Spear Shards synergy. **Developer Comments: This allows classes other than Templars to bring a powerful resource restore synergy to the group as a substitute to Spear Shards."
skills,Online:Spear Shards,3.1.5,* Fixed an issue where the cooldown buff from Spear Shards and Necrotic Orb's synergy had different names.
skills,Online:Spear Shards,3.3.5,* Fixed an issue where this ability and its morphs could not be dispelled by Negate Magic or the Earthgore Item Set.
skills,Online:Spear Shards,4.0.5,"* This passive ability now only affects Critical Damage, and does not affect Critical Healing. * Fixed an issue where this ability and the Luminous Shards morph were not displaying hostile red telegraphs to enemy players. * Blazing Spear: Fixed an issue where the hostile red telegraph from this morph was not indicative of its actual radius."
skills,Online:Spear Shards,4.2.5,"* Increased the damage done by this ability and the Luminous Shards morph by approximately 67%. * Blazing Spear: Increased the damage done from this ability by approximately 60%. **Developer Comment: This skill should now be more in line with other class area of effect damage over time abilities, such as Lightning Splash, and have more interesting choices between the two morphs."
skills,Online:Spear Shards,5.0.5,"* Increased the initial hit damage of this ability and its morphs by approximately 36%. * Increased the DoT of this ability and the Luminous Shards morph by approximately 5%. * Adjusted how these abilities power up as they increase in rank: ** Spear Shards: Increases damage dealt by entire ability as it ranks up. ** Luminous Shards: No longer increases damage as it ranks up, but instead gains cost reduction (-90 Magicka per rank) ** Blazing Spear: Increases damage dealt by entire ability as it ranks up."
skills,Online:Spear Shards,5.1.5,"* Decreased cost of this ability and its morphs to 3024 from 3240. * Decreased the DoT damage of Spear Shards and Luminous by approximately 37% per tick, and Blazing Spear by approximately 42% per tick."
skills,Online:Spear Shards,5.2.5,"* This ability and its morphs now last 10 seconds, up from 8. * Increased the base cost to 4950, up from 3024. * Reduced the damage per tick of these abilities by approximately 30%. * Blazing Spear (morph): ** Increased the initial hit damage of this ability by 10%, but decreased the damage over time by approximately 59% per tick. ** This morph now increases the total damage dealt by 20% compared to the base ability, rather than 10% of just the Damage over Time. * Luminous Shards (morph): ** Decreased the base cost of this morph to 4590, down from 4950. Note that it still continues to decrease in cost base on rank, down to 4320 at Rank IV."
skills,Online:Spear Shards,5.3.4,"* Reduced the cost of this ability and its morphs to 3780, down from 4950."
skills,Online:Spear Shards,6.2.5,* Fixed an issue where the synergy from this ability could remove other synergies after being consumed.
skills,Online:Spear Shards,7.0.5,"* The following abilities have received significant adjustments to how the server handles their behavior, reducing messages sent between the client and server and reducing the total amount of Area of Effect events occurring. This will largely have little to no effect on their gameplay other than improving their response time to entering or leaving the Area of Effect. In some rarer cases, it will reduce the interaction with sets that proc off application of buffs or debuffs, since you will no longer repeatedly apply these effects to targets inside the area every tick, but rather for the duration the target is inside the area. Their synergies (when applicable) have also been updated to be far more reliable to activate when in the area and they will no longer persist for a short duration after each tick, allowing you to activate them in cases where they could fail or were already used, going on cooldown with no effect, or gaining their effects despite already being used. ** Blood Altar and morphs *** In an instance where Blood Feast and Blood Funnel are both available, Blood Feast will now always take priority as it is stronger than Blood Funnel. ** Bone Totem and morphs ** Boneyard and morphs ** Cleansing Ritual and morphs ** Both morphs of Dragonknight Standard *** This will also fix an issue where the morphed version of this ability failed to properly fire its synergy, Shackle, when activated. ** Lightning Splash and morphs ** Necrotic Orbs and morphs ** Negate Magic and morphs ** Nova and morphs ** Rune Focus and morphs ** Spear Shards and morphs * Luminous Shards (morph): This morph's synergy now restores full resources for the Magicka and Stamina granted, rather than half of the off stat granted."
skills,Online:Spear Shards,7.2.5,"* Fixed an issue where this ability and its morphs were ending slightly too soon, causing them to miss an extra tick of damage."
skills,Online:Spear Shards,7.3.5,"* Increased the range of this ability and its morphs to 28 meters, up from 25 meters. * Reduced the radius of these abilities to 6 meters, down from 8 meters, to match their visual effects and proper power budget."
skills,Online:Spear Shards,8.1.5,"* Reduced the damage per tick by approximately 23%. * Reduced the cost to 2970, down from 3780. ** Blazing Spear (morph): This morph now increases damage done of the entire ability by 30%, up from 20%."
skills,Online:Spear Shards,10.0.5,"* Blazing Spear: This morph now also causes the initial hit to immobilize enemies hit for 4 seconds. ** Developer Comment:Templar tanks have slowly been creeping into the scene as we've tried to find ways to empower their crusade, but they're still lacking a definitive and satisfying immobilize tool to help keep control on the battlefield. While it won't pack the raw supportive power of an ability like Dark Talons or Encase, we're hoping it still helps out the role while also creating more satisfying interplay in the Aedric Spear skill line to empower their bread and butter - Puncturing Strikes."
skills,Online:Spear Shards,11.0.5,"* Increased the damage of the residual damage over time effect from this ability and the Luminous Shards morph by ~23% to make up for the 1 second delay this ability has. ** Luminous Shards: This morph now also allows the caster to be eligible for their own synergy. ** Blazing Spear: Decreased the damage from the initial hit of this morph by ~23%. Increased the residual damage over time effect by ~53%. This will result in a ~10% damage increase for the entire ability, if enemies remain inside the area for the full duration."
skills,Online:Spear Wall,4.2.5,"* This ability now grants you Minor Protection for 1.5/3 seconds after activating an Aedric Spear ability. **Developer Comment: We wanted to retain the defensive flavor of this passive while making it applicable to more of the Aedric Spear skills. The previous version wasn't effective with Puncturing Strikes and Focused Charge because they can't be used while blocking. Damage shield mitigation doesn't include block, so Sun Shield also wasn't useful previously with this skill."
skills,Online:Spear Wall,5.1.5,* Increased the duration of the Minor Protection granted from this passive to 3/6 seconds from 1.5/3 seconds.
skills,Online:Spear Wall,11.0.5,"* This passive now grants Minor Berserk and Protection for 6 seconds after activating an Aedric Spear ability, rather than only Minor Protection."
skills,Online:Spear of Light,3.0.5,"* Fixed an issue where ranking up a summon ability (Unstable Familiar, Summon Winged Twilight, Feral Guardian, etc.) would unsummon your pet."
skills,Online:Spell Attunement,4.3.5,"* Gain 3960 Spell Resistance → Gain 2310 Spell Resistance and 100 Magicka Recovery. The Spell Resistance granted by this effect will be doubled if you are afflicted with Burning, Chilled, or Concussed."
skills,Online:Spell Attunement,6.3.5,"* Increased the Magicka Recovery granted from this passive to 130, up from 100."
skills,Online:Spell Recharge,4.3.5,"* Spellcharge: Gain 9% Magicka Recovery → Spell Recharge: Restore 645 Magicka or Stamina, based on whichever is lowest, after activating a Class Ability. This effect can occur once every 6 seconds. Reduces damage taken by 5% while you are using an ability with a cast or channel time. ** Developer Comment: Previously, High Elves offered bonuses that weren't distinct enough from other races, so we decided to repurpose their Recovery passive into one that captured the race's belief in destiny or birth right (in this case, your class!) while tying it to their off-stat resource pool to showcase their knack for efficiency. Now when casting a class ability, they will retain or convert a portion of that cost and restore their lowest resource pool with the power of Alteration Magic. The Elemental Talent passive was also restricting which sorts of damage types and abilities could scale with it, so we converted it to a flat bonus of Spell Damage to allow all damage types, as well as healing, to gain effect."
skills,Online:Spell Recharge,6.3.5,"*Reduced the restore on this passive to 625, down from 640. *This passive now works from any ability used, rather than only off class abilities."
skills,Online:Sphere of Influence,12.0.0,"*This passive causes your damage shield abilities to grant an additional damage shield to the target for 3 seconds that absorbs up to 15% of their Max Health as damage, scaling with 25% of the higher of your Max Magicka or Health. Targets also gain 150 Health, Magicka, and Stamina Recovery for 4 seconds"
skills,Online:Spiked Armor,1.1.2,* The damage return for this ability and its morphs has been increased.
skills,Online:Spiked Armor,1.6.5,"* All ranks of this ability now also grant the buffs Major Resolve and Major Ward. * Razor Armor: Renamed this ability to Hardened Armor, which now provides a damage shield equal to 10% of your maximum health. The duration of this shield lasts 3.5 seconds at Rank IV. * Volatile Armor: This ability now deals increased damage over 10 seconds. The amount of damage dealt increases with each rank."
skills,Online:Spiked Armor,2.7.5,* Fixed an issue where this ability and its morphs would deal their thorns damage when the attacker procced a Disease or Poison Weapon Enchantment on the Dragonknight. * Hardened Armor: Increased the damage shield value granted by this morph to 15% of your Maximum Health from 10% of your Maximum Health. * Volatile Armor: Increased the damage of the Damage over Time component of this morph by approximately 20%.
skills,Online:Spiked Armor,3.0.5,* Reduced the cost of this ability and its morphs by approximately 16%. **Developer Comments: We've reduced the cost of the Dragonknight's utility-oriented skills to make their upkeep more in line with other classes.
skills,Online:Spiked Armor,4.0.5,* Updated the tooltip for this ability and its morphs to better clarify the types of attacks it will return damage against.
skills,Online:Spiked Armor,4.1.5,"* Fixed an issue where casting certain self-targeted abilities, such as Spiked Armor, Dark Exchange, or Imbue Weapon, would remove you from Sneak."
skills,Online:Spiked Armor,4.2.5,* Hardened Armor: Increased the duration of the damage shield from this morph to 6 seconds from 2.5 seconds.
skills,Online:Spiked Armor,4.3.5,"* Fixed an issue where the damage return of this ability and its morphs applied before an attacker had completed their attack, which could prevent bonuses such as Stealth to apply. The damage return will now fire after the incoming attack has completed, rather than when it began."
skills,Online:Spiked Armor,5.0.5,"* Hardened Armor: ** The damage shield granted from this ability will no longer extend in duration as the ability ranks up, but rather will increase by 1.1% in size per rank. ** Adjusted the tooltip to state the value of the shield, rather than the % Health it was based off, for improved clarity."
skills,Online:Spiked Armor,7.3.5,"* The returned damage from this ability and its morphs' now scales off a mixture of your Physical and Spell Resistance, rather than Spell Damage and Max Magicka, to help reinforce its identity of a tank ability. ** Volatile Armor (morph): The Area of Effect damage from this ability now scales off your Physical and Spell Resistance as well, rather than Spell Damage and Max Magicka."
skills,Online:Spiked Armor,8.0.5,* Hardened Armor (morph): Increased the damage shield granted from this morph by 24%.
skills,Online:Spiked Armor,8.1.5,"* This ability and its morphs now deal Flame Damage, rather than Magic Damage. ** Volatile Armor (morph): *** Increased the duration of the Damage over Time to 20 seconds, up from 10. *** Reduced the damage per tick of this morph by approximately 33%."
skills,Online:Spiked Armor,11.3.4,* Combat Refresh Overhaul. Dragonknight Functionality and Balance Update.
skills,Online:Spinning Steel,3.0.5,"* Fixed an issue where ranking up a summon ability (Unstable Familiar, Summon Winged Twilight, Feral Guardian, etc.) would unsummon your pet."
skills,Online:Spirit Mender,5.1.5,"* Increased the cost of this ability and its morphs to 4320 from 2430, and increased the healing per tick by approximately 90%. * Intensive Mender (morph): This morph now heals for twice as much per tick, rather than 3 times. Reduces the duration in half, but also reduces the cost to half."
skills,Online:Spirit Mender,8.1.5,"* Reduced the healing per tick of this ability and its morphs by approximately 48%. * Fixed an issue where this ability and its morphs could sometimes lose a tick of healing when cast. ** Spirit Guardian (morph): Fixed an issue where the transferred damage from this morph was not applying to the guardian's health, circumventing the risk of the ability ending early in situations you are taking a significant amount of damage over the duration. It will now die after absorbing 30,000 total damage, meaning after damage reductions you can take up to 300,000 damage over its duration before it will perish."
skills,Online:Spirit Mender,10.1.5,"* Intensive Mender (morph): This morph now also heals 2 additional allies within 8 meters of the original target, since the morph did not add direct power to the base ability."
skills,Online:Spirited,3.0.5,"* Fixed an issue where ranking up a summon ability (Unstable Familiar, Summon Winged Twilight, Feral Guardian, etc.) would unsummon your pet."
skills,Online:Splintered Secrets,10.3.5,"* This passive now increases your Offensive Penetration per Herald of the Tome ability slotted by 620/1240, up from 495/991."
skills,Online:Staggering Swing,3.0.5,"* Fixed an issue where ranking up a summon ability (Unstable Familiar, Summon Winged Twilight, Feral Guardian, etc.) would unsummon your pet."
skills,Online:Stalwart,2.5.5,"* Robust: This passive ability has been renamed to ""Stalwart."" It now increases your Health Recovery by 6/13/20%, down from 10/20/30% and your Max Stamina by 2/4/6%."
skills,Online:Stalwart,4.3.5,"* Gain 6% Max Stamina and 20% Health Recovery → Increases your Max Stamina by 1500. When you take damage, gain 5 Ultimate. This effect can occur once every 10 seconds."
skills,Online:Starfall,3.0.5,"* Fixed an issue where ranking up a summon ability (Unstable Familiar, Summon Winged Twilight, Feral Guardian, etc.) would unsummon your pet."
skills,Online:Static Reverberation,12.0.0,"*This harkens to an ancient passive (Implosion). This passive causes your damaging attacks to have a 1% chance for every 1% missing Health the target has, to trigger an additional hit of Shock Damage (31.5% of the higher of your Weapon or Spell Damage), up to once every 200ms. **This chance is further reduced for every permanent pet you have active. The calculation is % chance (based on 1% for each missing Health) divided by 1 + the number of permanent pets you have active."
skills,Online:Steadfast Candescence,12.0.0,*This passive increases the amount of damage you can block by 20% while stationary and causes you to gain Sacred Ground while Bracing.
skills,Online:Steadfast Ward,1.2.3,* Corrected this ability's tooltip so that it matches what the ability actually does. The tooltip no longer states that it only heals allies in front of you.
skills,Online:Steadfast Ward,1.4.3,* Fixed an issue where Healing Ward (morph of Steadfast Ward) wasn't causing critical hits.
skills,Online:Steadfast Ward,1.5.3,* Healing Ward: Fixed an issue where the shield heal from this ability was being applied when you refreshed the ability. It now correctly only applies the heal if the shield duration expires.
skills,Online:Steadfast Ward,1.5.4,* Healing Ward: Fixed an issue where the shield heal from this ability was being applied when you refreshed the ability. It now correctly only applies the heal if the shield duration expires.
skills,Online:Steadfast Ward,1.6.5,* Increased the strength of this ability by approximately 4%.
skills,Online:Steadfast Ward,2.1.4,* Healing Ward: Fixed an issue where this ability's damage shield was not properly reduced by Battle Spirit.
skills,Online:Steadfast Ward,2.4.5,* This ability and its morphs can no longer shield allies through walls and other line of sight blockers.
skills,Online:Steadfast Ward,3.1.5,* Healing Ward: Fixed an issue where this ability and its morphs could be cast on environmental traps.
skills,Online:Steadfast Ward,3.3.5,* Healing Ward: This ability will now heal targets more reliably after the ward expires during high-latency scenarios.
skills,Online:Steadfast Ward,4.2.5,"* Healing Ward: Removed the initial heal from this ability. ** Developer Comment: The change affecting the Forward Momentum, Quick Cloak, and Hasty Retreat abilities is the same movement speed changes noted previously, and the desire to have variability in the positive and negative directions during combat."
skills,Online:Steadfast Ward,5.1.5,"* Increased the base shield size of this ability by approximately 14%, but reduced the bonus scaling to 100% from 300% to better align it with other abilities, and reduce the polarizing effectiveness it has. * Healing Ward: This morph will no longer heal you after the shield ends, because the shield hardly remains to do that. This morph will now heal you once every second for 33% of the remaining shield size instead, to ensure you gain effectiveness out of it. This heal can critically strike, due to the fact that the shield itself cannot crit."
skills,Online:Steadfast Ward,7.0.5,* Ward Ally (morph): Fixed an issue where the ally targeting shield was not considered a Restoration Staff ability.
skills,Online:Steadfast Ward,7.3.5,"* Ward Ally (morph): This morph now reduces in cost as the ability ranks up, rather than increasing in shield size by 1.1% per rank."
skills,Online:Stonefist,1.5.2,* Obsidian Shard: Rank I of this ability now has the same travel speed as the other ranks.
skills,Online:Stonefist,1.6.5,* Obsidian Shard: Increased the damage of this ability by 20%. * Stone Giant: This ability now grants the buff Minor Resolve instead of the previous unique increase to armor.
skills,Online:Stonefist,2.3.5,"* Increased the range of this ability and its morphs to 28 meters from 20 meters. In addition, this ability and its morphs now deal Magic Damage, instead of Physical Damage. * Obsidian Shard: Increased the healing from this morph by 16%."
skills,Online:Stonefist,2.6.4,"* This ability and the Stone Giant morph now deal 100% increased damage if they knock down a target. * Obsidian Shard: Increased the healing done by this morph by 20%, and decreased the damage by 20%."
skills,Online:Stonefist,2.7.5,"* Increased the speed of the projectile fired by this ability and its morphs by 100%. **Developer Comments: Since Stonefist is easy to avoid or anticipate with Roll Dodge and Block, we've increased the projectile speed to make it harder for enemies to counter. * Obsidian Shard: Fixed an issue where this morph would not fire the heal if the target blocked or absorbed the damage of the initial hit."
skills,Online:Stonefist,3.0.5,* Obsidian Shard: Fixed an issue where the friendly heal from this morph could be dodged.
skills,Online:Stonefist,3.1.5,* Obsidian Shard: Increased the radius of the heal from this morph to 28 meters from 10 meters.
skills,Online:Stonefist,4.0.5,* Obsidian Shard: Increased the healing done by this morph by approximately 25%. * Stone Giant: This morph now also grants Minor Ward in additional to Minor Resolve.
skills,Online:Stonefist,4.3.5,* Obsidian Shard: Fixed an issue where the heal from this ability and its morphs was not prioritizing players over pets.
skills,Online:Stonefist,5.0.5,"* Earthen Heart: Adjusted the duration of these skills so that their final ranks land on integers rather than fractions when you have Rank 2 of Eternal Mountain. This has resulted in the following duration changes: ** Magma Armor & morphs: Increased to 12 seconds from 10.8 seconds ** Molten Weapons & morphs: Previously 39.6 seconds, adjusted so Igneous Weapons is now 42 seconds & Molten Armaments is 36 seconds ** Obsidian Shield & morphs: Increased to 8 seconds from 7.2 seconds ** Petrify & morphs, Ash Cloud & morphs: no change ** Stonefist & morphs: Decreased to 3 seconds from 3.6 seconds"
skills,Online:Stonefist,5.2.5,"* Reworked this ability to be a Stamina based ""spammable"" attack. It now deals Physical Damage with a reduced range of 15 meters, down from 28. * Increased the damage by approximately 66%, but no longer deals double damage if the target was stunned. * This ability no longer stuns the target outright, but instead applies a stack of ""Stagger"" to the enemy for 5 seconds. After 3 stacks, the enemy will be stunned by the next Stonefist cast at them, including from other Dragonknights. If the target was stunned, all stacks of Stagger are removed. * Reduced the cost of this ability to 3443 from 4050. * Updated the visual effects for this ability and the Stone Giant morph. * Stone Giant (morph): ** This morph no longer grants Minor Resolve after casting, but instead enhances the ""Stagger"" mechanic where enemies affected take 45 extra damage from any attack, per stack. This effect cannot stack from multiple sources. * Obsidian Shard (morph): ** This morph remains as a healer focused ability. ** Increased the healing by 3.3%, since it was missing rank up progression. ** This morph now deals Fire Damage instead of Magic Damage, and heals 2 friendly targets, up from 1. * Developer Comment: We've received a great deal of feedback over the visuals and fantasy element of this ability during the latest PTS cycle, and we're going to continue working on both the story being told with the ability as well as the gameplay interaction of how you come to activate it. While we're relatively happy with the damage and group play this ability will open up, we definitely want to improve on how this ability ties into the feeling of a more martial-based Dragonknight, as well as the ability staying rooted in the Earthen theme, rather than perusing more Poison activity. Expect to see some additional work in future updates!"
skills,Online:Stonefist,5.3.4,"* Updated this ability to improve its visual storytelling and per-cast impact; Stonefist is now a two-part ability instead of a singular instant mid-ranged attack. * Activating this ability will now stomp the earth, causing you to deal damage in an area around you after a short cast time, and generating 3 charges of the ability. * Activating the ability again allows you to lob one of the earthen spheres around you to an enemy from up to 28 meters away to damage them. * The base ability no longer has the Stagger mechanic, but instead the final charge will stun the enemy hit upon dealing damage. * Reduced the cost of this ability and the Stone Giant morph to 2295 from 3443. * Stone Giant (morph): ** This morph retains stagger in the form of causing the targets affected by the ranged attack to take additional damage. ** Increased the damage taken per stack to 65 at rank IV, up from 45. ** This morph now applies Stagger to enemies hit by the initial cast to help improve the impact of landing the cast time."
skills,Online:Stonefist,11.0.5,* Stone Giant: This morph’s stacks will now properly be removed when using the ability.
skills,Online:Stonefist,11.3.4,* Combat Refresh Overhaul. Dragonknight Functionality and Balance Update.
skills,Online:Strands of the Lattice,3.0.5,"* Fixed an issue where ranking up a summon ability (Unstable Familiar, Summon Winged Twilight, Feral Guardian, etc.) would unsummon your pet."
skills,Online:Strife,1.2.3,* Fixed an issue where the red glow from this ability would last longer than intended.
skills,Online:Strife,1.3.3,* Swallow Soul Rank II: This ability is now properly considered a Siphoning ability.
skills,Online:Strife,1.4.3,* This ability now always heals based on the initial damage caused instead of other attacks.
skills,Online:Strife,1.5.2,* Swallow Soul: Fixed an issue where this ability's healing effect was playing on enemies.
skills,Online:Strife,1.6.5,* Swallow Soul: This ability now grants the Minor Vitality buff and heals the caster. This heal will scale with the amount of damage dealt.
skills,Online:Strife,2.3.5,"* Abilities that heal based on their damage done (Strife, Puncturing Sweep, Surge, etc.) will now properly calculate their heal values when the damage is fully or partially absorbed. * Fixed an issue where you were able to dodge the friendly heal from this ability and its morphs. * Funnel Health: Reduced the application of the heal over time to you and one additional friendly target, previously two friendly targets."
skills,Online:Strife,2.7.5,"* Strife: Increased the cost of this ability and its morphs by approximately 38%. **Developer Comment: We increased the cost of Strife because it was so much lower than other similar abilities, such as Lava Whip or Force Shock, while also providing a significant heal. Note that after the cost increase for Strife, it is still much lower than these abilities. This change, along with the changes to Elemental Drain and Siphon Spirit, are targeted at getting players to pay more attention to their resources."
skills,Online:Strife,3.3.5,* Fixed an issue where the heal over time from this ability and its morphs would still apply to you even if the enemy dodged the attack.
skills,Online:Strife,4.0.5,"* Increased the cost of this ability and its morphs to 2700 Magicka from 1891 Magicka. **Developer Comment: This change was made to put the Strife ability cost more in line with other similar types of abilities, such as Force Shock. * The animation from this ability and its morphs now plays faster, which should make it easier to weave with Light Attacks."
skills,Online:Strife,4.2.5,"* Reduced the damage done by this ability by half, but it now also heals for 50% of the damage done and can now target you or any ally. The total healing amount remains unchanged. * Swallow Soul: This morph now doubles the damage, but decreases the heal to 35% of the damage done and can only target you. The passive Minor Vitality effect has been removed. * Funnel Health: This morph will now always heal you in addition to an ally. **Developer Comment: For the Swallow Soul morph, we wanted to retain the current functionality of dealing high damage, while also providing healing utility to yourself. The amount of healing provided to the group with Strife was so high that there wasn't enough tradeoff with the morph choice. Now you can still get that super powerful group utility as before, but now it comes at a cost of reduced damage."
skills,Online:Strife,6.1.5,"* Increased the damage done for this ability and the Funnel Health morph by approximately 39% to ensure they properly adhere to Heal over Time standards. * Fixed an issue where both of these abilities would attempt to apply a Heal over Time even if the target dodged the attack, causing the empty HoT to override any existing casts."
skills,Online:Strife,7.3.5,* Increased the damage of this ability and the Funnel Health morph by 5.6%.
skills,Online:Strife,10.1.5,"* Strife: Fixed an issue where this ability and its morphs’ healing failed to activate if the target was blocking. ** Funnel Health (morph): This morph now heals up to 3 targets, rather than 2, so its morph power upgrade is similar to Radiating Regeneration."
skills,Online:Summon Shade,1.1.2,* Dark Shades: This ability now deals more damage as the ability ranks up.
skills,Online:Summon Shade,1.3.3,* Fixed an issue where using this ability could cause a monster to stare at the summoned shade for several seconds before attacking you.
skills,Online:Summon Shade,1.6.5,"* Reduced the duration of this ability to 15 seconds * Increased the damage of this ability to 3% of your maximum Magicka, and now provides the Minor Maim debuff. * Dark Shades: This ability's duration now scales to 18 seconds with additional ranks of the ability. * Shadow Image: This ability's duration now scales to 18 seconds with additional ranks of the ability. It also now deals damage equal to 4% of your maximum Magicka, and the cost of the teleport has been removed."
skills,Online:Summon Shade,2.6.4,* Fixed an animation issue with your leg when using this ability while crouching.
skills,Online:Summon Shade,2.7.5,"* Adjusted the order of the Active Abilities in this skill line. They now unlock in the following order: ** Veiled Strike ** Shadow Cloak ** Path of Darkness ** Aspect of Terror ** Summon Shade ***Developer Comment: The goal of this change was to make sure early skills in the trees are simpler and more damage focused. * The shade summoned by this ability and its morphs now more closely match your racial appearance for Argonian and Khajiit player characters, and will now immediately aggro and attack your target if you cast this while you are out of combat. ** Note that the ability activation still requires a valid target."
skills,Online:Summon Shade,3.0.5,"* Your summoned pets will now focus on attacking the target you heavy attack. Summon Shade, Summon Storm Atronach, and Maw of the Infernal Item Set have been added to this list of pets that obey your commands. * Shadow Image: Fixed an issue where the pet summoned by this morph was not critically striking based on your Spell Critical."
skills,Online:Summon Shade,3.2.8,* Shadow Image: Fixed an issue where attempting to teleport to your shade while you were out of range of it would cause you to lose some character functionality.
skills,Online:Summon Shade,3.2.11,"* Shadow Image (Summon Shade morph): Fixed an issue where you could not teleport to your shade if it was out of your line of sight. ** Known Issue: Teleporting to your shade will temporarily cause you to lose some character functionality, such as the ability to mount or interact with objects. We plan to fix this in a future patch, but in the meantime, you can swap weapons or reload as a temporary workaround."
skills,Online:Summon Shade,3.3.5,"* Shadow Image: ** If you are further than 28 meters away from your shade, this morph will now revert back to allowing you to summon a new shade, rather than letting you attempt to teleport to the shade and fail. ** Fixed an issue where teleporting or attempting to teleport to your shade would cause you to lose some character functionality, such as the ability to mount or interact with objects."
skills,Online:Summon Shade,4.0.5,"* Dark Shades: Renamed this morph to ""Dark Shade"". Singular. Because… ** This morph now summons one shade instead of two, and the shade will occasionally deal a point blank area of effect damage around it. * Shadow Image: ** This morph can now be cast without an enemy target. ** Fixed an issue where the shade summoned by this morph would not apply Minor Maim to an enemy that blocked its projectile attack. * Adjusted the ability to dodge various abilities and item set procs: ** The following can now be dodged: *** Death Stroke *** Summon Shade and its morphs (only the pet's attacks) *** Maw of the Infernal (only the pet's melee attacks)"
skills,Online:Summon Shade,4.1.5,"* Teleport abilities, such as Bolt Escape or Shadow Image, can no longer be cast before the Battleground match has started."
skills,Online:Summon Shade,4.2.5,* Shadow Image: Fixed an issue where the Shadow Image's summoned monster would despawn or teleport to unreachable places if you went out of a certain range. The Shadow Image will now never move from their original placement.
skills,Online:Summon Shade,5.0.5,"* This ability now scales with the caster's Max Magicka and Spell Damage, or Stamina and Weapon Damage. * The shades will now attack every 2 seconds, rather than every 1.5 seconds. * Renamed the attacks the shades deal with each morph to help improve clarity. * Fixed an issue where these abilities did not increase in damage as they ranked up. ** Dark Shade (morph): This ability now deals 50% more damage as a part of its morph functionality. The AoE attack it casts can happen 5% more frequently than before, and deals 20% more damage than the default attack."
skills,Online:Summon Shade,5.1.5,"* Dark Shade: Reduced the damage per hit of Corrosive Flurry by approximately 9%. The area attack, Corrosive Slash, now deals the same damage as the normal attack, instead of dealing 20% bonus damage. * Shadow Image: Your Shadow Image has gotten over its misguided protective nature, and will now once again allow you to teleport to it when it is on a destructible piece of terrain such as keep walls, bridges, or resource towers. It also would like to apologize for the previous frustrations in your relationship, and wants you to know that it still loves you."
skills,Online:Summon Shade,5.2.5,"* Decreased the damage per hit of this ability and the Shadow Image morph by approximately 31% per hit. * Fixed an issue where the attacks from this ability and its morphs were heavily desynced from their animations. * Shadow Image (morph): ** Updated the tooltip information for this ability's teleport range to always respect the displayed value. It will no longer appear to scale with things like Battle Spirit or Propelling Shield. * Dark Shade (morph): ** Increased the damage per hit of the Dark Shade morph by approximately 2%. ** Increased the radius of the area attack to 6 meters, up from 5 meters. ** The Shade will now use its Area Attack on a set timer, rather than having a chance per attack."
skills,Online:Summon Shade,6.1.5,"* This ability and the Dark Shade morph can now be cast without a target, as Shadow Image can. ** Shadow Image (morph): The shade from this ability no longer has player collision active, to prevent issues where it could become stuck or could be used as a stepping stool. Please be more considerate of your shade's feelings, as it is an extension of you, and you are worth it."
skills,Online:Summon Shade,6.2.5,* Fixed an issue where this ability and morphs' pet could attack innocents in some cases.
skills,Online:Summon Shade,7.0.5,"* Shadow Image (morph): The shade from this ability will now spawn directly at your location when activated, and teleporting to it will put you directly at its location as well. These changes should add more precision to utilizing this ability, while also fixing issues where it could occasionally get you in areas you did not belong. Your shadow seems to be a pretty complicated person, perhaps some reflection would do you well?"
skills,Online:Summon Shade,7.2.5,"* Shadow Image (morph): This ability's initial cast that summons the Shade can no longer be cast while in the air. The special activate to teleport to your Shade can still be cast while in the air and can now be cast while falling from a great height. **Developer Comment: Overall, this will fix situations where your Shade could get spawned midair or cause you to teleport to areas you do not belong, while also allowing for more hardcore parkour and sick nasty plays when using the teleport function."
skills,Online:Summon Shade,8.1.5,"* This ability and its morphs now last 20 seconds, rather than ranking up to between 12 and 18 seconds. * Increased the damage per hit of Summon Shade and Shadow Image by approximately 16%. * Reduced the cost of this ability and the Dark Shade morph to 2970, down from 4050. ** Dark Shade (morph): Reduced the damage per hit of this morph by approximately 25%. ** Shadow Image (morph): Reduced the cost of this morph to 3780, down from 4050."
skills,Online:Summon Shade,9.0.5,* Fixed an issue where this ability and the Dark Shade morph could return as ranged abilities in some cases.
skills,Online:Summon Shade,10.0.5,"* Dark Shade (morph): ** This morph's shade now only uses its Area of Effect attack, rather than using it once every 5 seconds and then swapping to a single target attack, to help add more options for cleave damage in the class. ** Adjusted the visual effects to appear as Drain Power, rather than Whirlwind, to feel more appropriate for a Nightblade ability."
skills,Online:Summon Storm Atronach,1.1.2,* The storm atronach summoned by this ability now increases in damage as the ability ranks up.
skills,Online:Summon Storm Atronach,1.2.3,"* The Storm Atronach pet will now cancel his cast when you tell him to switch targets, and can also switch targets faster which will result in slightly increased damage. * The Charged Lightning synergy associated with this ability now adds 150% bonus damage instead of a flat 150 damage."
skills,Online:Summon Storm Atronach,1.6.5,"* The Charged Synergy is now instant and provides both you and the Atronach the buff Major Berserk for 8 seconds. This Synergy is available to other player characters within 2.5 yards of the Atronach until one player character triggers it. * The Greater Atronach now does 15% more damage as compared to the normal Storm Atronach. * Fixed an issue where this ability was only scaling off your magicka stats, but not your stamina stats. It will now correctly pick the largest value."
skills,Online:Summon Storm Atronach,2.3.5,* Increased the activation range for the Charged Lightning synergy from this ability and its morphs to 3.5 meters from 2.5 meters. * The Atronach summoned by this ability and its morphs will now cast Break Free 4 seconds after being crowd controlled. * The Atronach summoned by this ability and its morphs will now wait 3 seconds after being interrupted to recast its channeled zap.
skills,Online:Summon Storm Atronach,2.7.5,* Increased the damage dealt from the pet summoned by this ability and its morphs by approximately 25%.
skills,Online:Summon Storm Atronach,3.0.5,"* Your summoned pets will now focus on attacking the target you heavy attack. Summon Shade, Summon Storm Atronach, and Maw of the Infernal Item Set have been added to this list of pets that obey your commands."
skills,Online:Summon Storm Atronach,3.2.5,"* Fixed an issue where the Atronach summoned from this ability and its morphs could use its channeled zap attack through walls. * Summon Charged Atronach: The Atronach summoned by this morph will now use one large, point blank area of effect attack instead of five small circular damage zones around it. This should improve the reliability of it hitting targets with that attack."
skills,Online:Summon Storm Atronach,4.0.5,* Increased the health of the Atronach summoned by this ability and the Charged Atronach morph by approximately 70%.
skills,Online:Summon Storm Atronach,4.3.5,"* Fixed an issue where the Charged Lightning synergy granted from this ability was not properly applying the Major Berserk buff to the Atronach that granted it. They are just as angry as you are, and will now have their damage properly increased when they're mad."
skills,Online:Summon Storm Atronach,5.0.5,* Fixed an issue where this ability and its morphs would not stun and deal damage to targets in the area where you cast the ability.
skills,Online:Summon Storm Atronach,6.2.5,* Fixed an issue where the Charged Lightning and Bone Wall synergies did not remove their synergies from others when activated.
skills,Online:Summon Storm Atronach,8.0.5,* Summon Charged Atronach (morph): This morph's Area of Effect damage now always applies the Concussed status effect.
skills,Online:Summon Storm Atronach,8.1.5,"* Reduced the duration of this ultimate and its morphs to 15 seconds, down from 21 seconds. * The base cost has been increased to 275, up from 200, but reduces in cost back down to 200 when at rank IV of the base ability. * The synergy, Charged Lightning, now goes to the synergizer and 5 nearby allies in a 12 meter radius, rather than the synergizer and the Atronach itself. This effect only targets players, as pets will inherit their owner's bonuses naturally. ** Greater Storm Atronach (morph): This morph now increases the damage of the Atronach's single target attack by 30% rather than increasing the duration of the summon. ** Summon Charged Atronach (morph): *** The Atronach from this morph now only uses its Area of Effect attack rather than a mixture of single target and AoE. *** Increased the frequency of the attack to once every 2 seconds. **Developer Comment: This Ultimate is currently persisting for too long and creating scenarios where certain builds can get multiples of these impactful pets out, and producing significantly more damage than any other Ultimate in the game in relation to its cost. With the reduced duration, it's now much more reigned in while bringing more group utility with the improved synergy granting. Additionally, we've reinforced the distinction of each morph where the Charged Atronach provides much more Area of Effect damage, while Greater focuses on single target melting."
skills,Online:Summon Storm Atronach,9.0.5,"* The synergy from this Ultimate and its morphs, Charged Lightning, now grants Major Berserk for 10 seconds, up from 8. * Increased the amount of targets the synergy will target to 12, up from 6. **Since we've been slowly improving access to the highly coveted Major Berserk buff type (since we're pretty generous with Major Protection) we wanted to make sure this source stands out in the pack as a special case and reason to consider bringing a Sorcerer or two to group compositions, without making them feel mandatory."
skills,Online:Summon Storm Atronach,10.3.5,* Fixed an issue where the damage caused by the impact of this Ultimate and its morphs was not considered pet damage.
skills,Online:Summon Unstable Familiar,1.2.3,* This ability's tooltip now mentions it also explodes when unsummoned.
skills,Online:Summon Unstable Familiar,1.2.6,* Reduced the damage of this ability to 12% maximum magicka from 20% maximum magicka. This is a temporary solution until we completely resolve the issue where the Familiar is exploding twice.
skills,Online:Summon Unstable Familiar,1.3.3,"* Unstable Familiar: The Familiar that you summon is now considered a Daedra, and can be affected by all Fighters Guild abilities. * Fixed an issue where summoning an Unstable Familiar or Winged Twilight would cause them to pop into incorrect locations when canceling crouch. * Fixed an issue where your Unstable Familiar or Winged Twilight would run back to you in slow motion when recalled."
skills,Online:Summon Unstable Familiar,1.3.5,* Fixed an issue where you weren't able to use weapon attacks after swapping your weapon while Volatile Familiar was slotted on one action bar.
skills,Online:Summon Unstable Familiar,1.4.3,* Volatile Familiar: Fixed an issue where this ability was exploding twice; the damage has been set back to 20% of casters maximum magicka.
skills,Online:Summon Unstable Familiar,1.5.2,* Unstable Familiar II: Fixed an issue where this ability wasn't dealing the correct amount of bonus damage.
skills,Online:Summon Unstable Familiar,1.6.5,* This ability now has a cast time of 1.3 seconds. * The unstable familiar (as well as the pets from the morphs of this ability) will no longer taunt monsters if the monster is engaged with other player characters. * Unstable Clannfear: This ability now heals the caster for 35% of their maximum health when the familiar is killed or toggled off. * Volatile Familiar: Fixed an issue where Volatile Familiar was not dealing damage when toggled off.
skills,Online:Summon Unstable Familiar,2.3.5,"* This ability and its morphs are no longer toggle abilities; instead, they are now normal casted abilities. * The first activation will summon your pet, and when morphed, the second activation will cast the pet's special ability. ** Note that the pet will still be desummoned if you switch ability bars without slotting it. * Decreased the cost to summon a pet from this ability and its morphs by 50%. * Increased the cast time to summon the pet to 1.5 seconds from 1.3 seconds. * The pet summoned by this ability and its morphs now heals itself for 3% of its maximum Health every two seconds. * Added the word ""Summon"" to the name of this ability and its morphs so it now reads ""Summon Unstable Familiar."" * Unstable Clannfear: This pet's special ability will now heal you and the Clannfear for 35% of your maximum Health. ** Note that this pet will no longer heal you when it dies. * Volatile Familiar: This pet's special ability will now cause it to pulse for point-blank area of effect damage every 2 seconds for 4 seconds, with a 3 second stun on the final pulse. Each pulse will deal 8% of your maximum Magicka. ** Note that this pet no longer stuns or deals point-blank area of effect damage when it dies."
skills,Online:Summon Unstable Familiar,2.7.5,"* Adjusted the order of the Active Abilities in this skill line. They now unlock in the following order: ** Summon Unstable Familiar ** Daedric Curse ** Summon Winged Twilight ** Conjured Ward ** Bound Armor ***Developer Comment: We moved the class defining defensive ability up one slot so players who are leveling up can gain access to it earlier. * Summon Volatile Familiar: ** Increased the duration of this pet's special ability to 8 seconds from 4 seconds, causing it to pulse for two extra ticks of damage. ** Fixed an issue where the damage from this morph's special ability was not being increased by Daedric Prey."
skills,Online:Summon Unstable Familiar,2.7.11,* Fixed an issue with Ranks I - III of this ability where the pulse damage from the Volatile Familiar was being increased by Daedric Prey from other players.
skills,Online:Summon Unstable Familiar,3.0.5,"* Fixed an issue where ranking up a summon ability (Unstable Familiar, Summon Winged Twilight, Feral Guardian, etc.) would unsummon your pet. * Summon Volatile Familiar: Reduced the damage done by this morphs' special ability by 20%. **Developer Comments: The amount of area of effect damage Sorcerers currently put out is too high, so reducing the effectiveness of this ability will bring them more in-line with other classes."
skills,Online:Summon Unstable Familiar,3.0.10,"* Permanently summoned pets, such as the Unstable Familiar or Feral Guardian, will now heal back to full health after exiting combat."
skills,Online:Summon Unstable Familiar,3.1.5,"* In an effort to reduce the visual effect noise in group combat situations, we've hidden most visual effects from persistent damaging area of effect abilities cast by your allies. Area of effect abilities that have a synergy, healing, or defensive component that can benefit you will still be visible, and area of effect abilities cast by enemies will also still be visible. * Fixed an issue where permanently summoned pets, such as the Unstable Familiar or Wild Guardian, would cause you to unsheathe your weapons every time you zoned into a new area."
skills,Online:Summon Unstable Familiar,4.0.5,"* The pet summoned from this ability now has a basic area of effect special ability that can be used while the pet is active. * Fixed an issue where abilities that summon permanent pets, such as Summon Unstable Familiar or Feral Guardian, could allow you to have the pet summoned without the ability slotted on your bar."
skills,Online:Summon Unstable Familiar,4.2.5,* Decreased the cost of the special attack from this ability and the Volatile Familiar morph by approximately 15%. * Summon Unstable Clannfear: Decreased the cost of the special attack from this morph by approximately 33%. **Developer Comment: These abilities were too costly for their overall impact and frequency of casting. This should increase the damage of Sorcerer pets.
skills,Online:Summon Unstable Familiar,5.1.5,"* Decreased the special ability of this summon and the Volatile Familiar morph to 2808 from 3510. * Increased the damage per tick by approximately 8% of the base ability, but reduced the damage per tick of Volatile by approximately 3% since it was using the wrong rank up. * Summon Unstable Clannfear (morph): Reduced the healing granted from the special activation of this ability by approximately 14% to ensure it's in line with other burst heal abilities, such as Rushed Ceremony or Dragon's Blood."
skills,Online:Summon Unstable Familiar,5.2.5,"* Increased the cost of the special activate of this ability and the Volatile Familiar morph to 4500, up from 2808. * Increased the duration of the special activate to 10 seconds, up from 8. * The base cost of summoning these abilities has been streamlined to 3510. * Summon Unstable Clannfear (morph): ** This morph's damage now scales off your Max Stamina, rather than Magicka. ** Decreased the cost of the special activate to 4500, down from 4808. ** The Area of Effect attack now deals the same damage as the basic attack, but hits in a 6 meter radius, up from 5 meters. ** Fixed an issue where the AoE attack would cause the Clannfear to re-evaluate its purpose in life for 1 second after casting, lowering its potential DPS."
skills,Online:Summon Unstable Familiar,5.3.4,"* Reduced the cost of the special activate of this ability and the Summon Volatile Familiar morph to 3510, down from 4500."
skills,Online:Summon Unstable Familiar,6.1.5,"* All pets from this skill line now use a hybrid of your Spell Damage and Max Magicka, rather than purely Max Magicka. This change was done to reduce the total power of these abilities when stacking a singular stat. * Summon Unstable Familiar: Fixed an issue where this ability and its morphs' special Area of Effect attack had a higher chance of applying Concussed than intended. ** Summon Volatile Familiar (morph): Fixed an issue where this ability's stun applied on the second to last tick, rather than on the final tick. ** Summon Unstable Clannfear (morph): *** This ability's special ability is now halved when healing itself. *** Fixed an issue where the taunt this pet could cast was on its global cooldown, which could lower its DPS."
skills,Online:Summon Unstable Familiar,8.1.5,"* Increased the duration of the special ability from this ability and Summon Volatile Familiar to 20 seconds, up from 10. * Reduced the damage per tick by approximately 23%. ** Volatile Familiar (morph): This morph now stuns on the 4th and final ticks of the ability, rather than only on the final."
skills,Online:Summon Unstable Familiar,8.3.5,"* Fixed an issue with this ability and its morphs if another Sorcerer's version of these abilities attacked a target, your own would rally to their cause and immediately become active in combat as well. However, we still encourage you to use them to aid one another in battle nonetheless!"
skills,Online:Summon Unstable Familiar,9.0.5,"* Summon Volatile Familiar (morph): This morph's special active now only stuns on the 2nd tick, rather than the 4th and final ticks, to make the stun less volatile in nature and help reduce the passive feeling of the skill. To make up for this loss, we're increasing the chance of applying the Charged status effect from the special active's damage to 5% per tick, up from 1%. Zzzzap!"
skills,Online:Summon Winged Twilight,1.1.2,* Rebate: Fixed an issue with this ability. It will now properly recover magicka when your Summoned Winged Twilight is killed.
skills,Online:Summon Winged Twilight,1.5.2,* This pet no longer gives experience if you kill him.
skills,Online:Summon Winged Twilight,1.6.5,"* Increased the damage dealt by the winged twilight and all its morphs by 15%. * Summon Restoring Twilight: Slightly increased the damage boost, and slightly reduced the twilight's health. The Restoring * Twilight also now grants nearby allies the Minor Intellect buff. * The Restoring Twilight pet gets 1% more bonus damage with each rank. * Summon Twilight Matriarch: This pet now heals for the same amount at each rank of the ability, and also receives increased bonus damage with each rank."
skills,Online:Summon Winged Twilight,2.3.5,"* This ability and its morphs are no longer toggle abilities; instead, they are now normal casted abilities. * The first activation will summon your pet, and when morphed, the second activation will cast the pet's special ability. * Note that the pet will still be desummoned if you switch ability bars without slotting it. * Decreased the cost to summon a pet from this ability and its morphs by 50%. * Increased the cast time to summon the pet to 1.5 seconds from 1.3 seconds. * The pet summoned by this ability and its morphs now heals itself for 3% of its maximum Health every two seconds. * Summon Restoring Twilight: ** This pet's special ability will now empower it, granting it a buff for 15 seconds that increases the Twilight's damage by 50% against targets above 50% Health. ** This pet no longer passively grants the Minor Intellect buff while it is active. ** Renamed this morph to ""Summon Twilight Tormentor."" * Summon Twilight Matriarch: ** This pet's special ability will now cause it to heal itself and up to 2 friendly targets for 20% of your maximum Magicka. ** This pet no longer siphons her health to you if you fall below 35% Health, due to the active ability changes for Summon Winged Twilight described below."
skills,Online:Summon Winged Twilight,2.7.5,"* Adjusted the order of the Active Abilities in this skill line. They now unlock in the following order: ** Summon Unstable Familiar ** Daedric Curse ** Summon Winged Twilight ** Conjured Ward ** Bound Armor ***Developer Comment: We moved the class defining defensive ability up one slot so players who are leveling up can gain access to it earlier. * Increased the health of the pet summoned by this ability and its morphs by 100% (15889 Health at CP160, up from 7945)."
skills,Online:Summon Winged Twilight,3.0.5,"* Fixed an issue where ranking up a summon ability (Unstable Familiar, Summon Winged Twilight, Feral Guardian, etc.) would unsummon your pet. * Summon Twilight Matriarch: Fixed an issue where this morph's heal ability could heal through walls."
skills,Online:Summon Winged Twilight,4.0.5,* The pet summoned from this ability now has a basic heal special ability that can be used while the pet is active.
skills,Online:Summon Winged Twilight,4.2.5,* Summon Twilight Tormentor: Decreased the cost of the special attack from this morph by approximately 15%. **Developer Comment: These abilities were too costly for their overall impact and frequency of casting. This should increase the damage of Sorcerer pets.
skills,Online:Summon Winged Twilight,4.3.6,* Summon Twilight Tormentor (morph): Fixed an issue where the bonus from the active portion of this ability could fail to apply to the Twilight Tormentor.
skills,Online:Summon Winged Twilight,5.1.5,"* The Zap and Kick attack from the Twilight and its morphs will now do the same damage, to help reduce volatility in performance. * Reduced the damage of the Winged Twilight and Twilight Matriarch by approximately 69% per hit. * Summon Twilight Tormentor: Reduced the damage dealt by the Twilight's Zap and Kick by approximately 35%. These attacks will now rank up in 1.1% damage per rank, rather than 5%."
skills,Online:Summon Winged Twilight,5.2.5,"* Increased the heal of this ability and the Twilight Matriarch morph to be closer to the heal power of Rushed Ceremony. This will result in approximately 87% increase for the base, and approximately 55% increase for the Matriarch. ***Note that these abilities will continue to scale exclusively with Max Magicka. * Increased the damage of the basic attacks from these abilities by approximately 20% per hit"
skills,Online:Summon Winged Twilight,6.1.5,"* All pets from this skill line now use a hybrid of your Spell Damage and Max Magicka, rather than purely Max Magicka. This change was done to reduce the total power of these abilities when stacking a singular stat."
skills,Online:Summon Winged Twilight,8.1.5,"* Twilight Tormentor (morph): ** Reduced the damage per hit of this morph's basic attacks by approximately 33%. ** Reduced the cost of the special ability for this morph to 2700, down from 2970. ** Increased the bonus damage to targets above 50% Health to 60%, up from 53%."
skills,Online:Sun Brand,3.0.5,"* Fixed an issue where ranking up a summon ability (Unstable Familiar, Summon Winged Twilight, Feral Guardian, etc.) would unsummon your pet."
skills,Online:Sun Fire,1.2.3,"* This ability's damage-over-time now lasts 1 additional second, and deals 10% more damage."
skills,Online:Sun Fire,1.3.3,* Fixed an issue where casting Sun Fire wouldn't cause you to face your target. * Reflective Light: The tooltip for this ability now includes the damage-over-time.
skills,Online:Sun Fire,1.5.2,* Fixed an issue where the Sun Fire snare duration wasn't being increased by the Enduring Rays passive. * Reflective Light: Fixed an issue where this ability was applying two snares to secondary targets.
skills,Online:Sun Fire,1.6.5,"* Increased the damage over time dealt by Sun Fire and its morphs by 30%. * While Sun Fire is active on a target, the caster will gain the Major Spell Crit buff."
skills,Online:Sun Fire,2.3.5,* Vampire's Bane: Increased the damage over time duration for this morph to 9 seconds from 7 seconds.
skills,Online:Sun Fire,3.0.5,"* Shadow Cloak: Fixed an issue where the invisibility from this ability and its morphs was being broken by numerous abilities including Reflective Light, Silver Shards, and Burning Talons damage over time effect."
skills,Online:Sun Fire,4.1.5,* Decreased the duration of the snare from this ability and its morphs to 3 seconds from 5/9 seconds.
skills,Online:Sun Fire,5.0.5,"* Adjusted this ability and its morphs to follow our standardized Damage Over Time ruleset. Total duration has been increased to 8 seconds from 6.25 seconds, and increased the damage per tick by approximately 31% to make up for the loss of the first tick. This will result in roughly the same overall DPS, but with less burst damage. * Vampire's Bane (morph): This ability now lasts 12 seconds instead of 10.25 seconds. * Reflective Light (morph): The spread of how far this ability will attempt to find targets near your initial target is now 5 meters instead of 4.5 meters."
skills,Online:Sun Fire,5.1.5,"* Reduced the cost of this ability and its morphs to 2376 from 2700. * Increased the DoT damage by approximately 17% per tick, but reduced initial hit damage by approximately 17%."
skills,Online:Sun Fire,5.2.5,"* Fixed an issue where the Major Prophecy from this ability and its morphs would only occur if you dealt damage, rather than upon activation, as the tooltip states. * Increased the base duration of this ability and its morphs to 10 seconds, up from 8. * Increased the base cost to 2970, up from 2376. * Decreased the Damage over Time of these abilities by approximately 47% per tick."
skills,Online:Sun Fire,6.0.5,* Reflective Light (morph): Fixed an issue where this ability could not be used against neutral targets that are related to Justice activities.
skills,Online:Sun Fire,8.1.5,"* This ability and its morphs now last 20 seconds at base, up from 10. * Reduced the damage per tick by 25%. ** Vampire's Bane (morph): This morph now increases the duration of the effects by up to 10 seconds, up from 4."
skills,Online:Sun Shield,1.1.2,* Radiant Ward: Fixed an issue where this ability wasn't properly progressing as it ranked up. This results in a slight increase to its damage.
skills,Online:Sun Shield,1.3.3,* This ability no longer stops your magicka regeneration.
skills,Online:Sun Shield,1.6.5,"* Increased the cost of this ability by 10%. * Radiant Ward: In addition to increased shield strength, this morph also has a reduced cost."
skills,Online:Sun Shield,2.3.5,* Radiant Ward: Increased the shield strength bonus from this morph's shield to 6% per enemy hit from 5%.
skills,Online:Sun Shield,2.3.6,* Blazing Shield: Fixed an issue where this morph was not working with the Spear Wall and Piercing Spear passive abilities.
skills,Online:Sun Shield,3.0.5,"* Blazing Shield: Reduced the amount of damage done by this morph to 33/36/39/42% of the damage absorbed by the shield, down from 50/51/52/53%. **Developer Comments: Blazing Shield builds have proven to be extremely effective due to being able to stack Health to improve both their survivability and damage done. We've reduced the effectiveness of this ability so that there is more of an opportunity cost to having so much Health."
skills,Online:Sun Shield,4.2.5,* Blazing Shield: Fixed an issue where casting this morph would aggro neutral monsters around you.
skills,Online:Sun Shield,5.0.5,"* Updated the tooltip for this ability and its morphs to state the actual value, rather than an ambiguous value that required you to do super hard math. * Increased the initial hit damage of this ability and the Radiant Ward morph by 150% to put it on par with our PBAoE standards. Blazing Shield's damage remains untouched since it is already above that standard, since it has an additional requirement in order to gain the damage. * Radiant Ward (morph): This ability no longer gains additional cost reduction as it ranks up. Instead, the bonus shield size for enemies hit goes up to 9% per enemy hit at Rank IV."
skills,Online:Sun Shield,5.2.7,"* Blazing Shield (morph): ** Fixed an issue where this ability could save damage taken from previous casts. Once the shield ends or is broken, it will attempt to deal damage and then wipe its memory clean of all the transgressions it experienced, if any. Be like Blazing Shield; forget and forgive."
skills,Online:Sun Shield,6.2.5,"* Blazing Shield (morph): Fixed an issue where this ability's explosion visuals would multiply in intensity with the number of enemies hit, causing your screen to experience level 7 earthquakes and your eyes to be blinded with the brilliance of Meridia. The explosions will now always appear as well, regardless if you dealt damage."
skills,Online:Sun Shield,7.3.5,"* Radiant Ward (morph): Increased the shield scaling per enemy hit to 20% at rank 4, up from 9%."
skills,Online:Sun Shield,8.0.5,"* Blazing Shield (morph): ** Increased the radius of this morph to 8 meters, up from 6, to better match its visual effects. ** Fixed an issue where the damage could fail to activate in many cases."
skills,Online:Sun Shield,10.2.5,"* Sun Shield: This ability and its morphs now apply Minor Maim to enemies in the area for 10 seconds. Increased the damage shield scaling per enemy hit to 10%, up from 4%. Increased the base cost to 4590, up from 4320, now that the Shield applies an additional affix and is stronger. ** Radiant Ward: This morph continues to increase the damage shield scaling to 20% per enemy hit. This morph now ranks up in damage shield size by 1.1% per rank, rather than increasing the enemy hit per scaling by 1% per rank. This results in a 3.3% shield size increase at rank IV. This morph also retains its cost reduction, reducing it to 4320, rather than 4050, due to its new base cost. ** Blazing Shield: This morph's damage now scales up to 33% of the damage the shield absorbed at rank IV, up from 30%. Reduced the variance in the power for rank progression to 30-33%, up from 21-30%. *** Developer Comment: In our ongoing crusade to improve the Templar Tank experience, we're making some number tweaks on their primary defensive ability to make it feel punchier when used in the thick of a fight. Minor Maim helps them potentially save a bar slot from another ability or source, while the increased base scaling reduces the variance in power on the morphs to make sure both feel potent enough that you can dive into the front lines and survive for a few moments longer. Now that these abilities have much more density to them, we're also increasing the cost to match the standard other defensive abilities like it have."
skills,Online:Sunder,3.0.5,"* Fixed an issue where ranking up a summon ability (Unstable Familiar, Summon Winged Twilight, Feral Guardian, etc.) would unsummon your pet."
skills,Online:Superheated Ward,1.5.2,* Obsidian Shard: Rank I of this ability now has the same travel speed as the other ranks.
skills,Online:Superheated Ward,1.6.5,* Obsidian Shard: Increased the damage of this ability by 20%. * Stone Giant: This ability now grants the buff Minor Resolve instead of the previous unique increase to armor.
skills,Online:Superheated Ward,2.3.5,"* Increased the range of this ability and its morphs to 28 meters from 20 meters. In addition, this ability and its morphs now deal Magic Damage, instead of Physical Damage. * Obsidian Shard: Increased the healing from this morph by 16%."
skills,Online:Superheated Ward,2.6.4,"* This ability and the Stone Giant morph now deal 100% increased damage if they knock down a target. * Obsidian Shard: Increased the healing done by this morph by 20%, and decreased the damage by 20%."
skills,Online:Superheated Ward,2.7.5,"* Increased the speed of the projectile fired by this ability and its morphs by 100%. **Developer Comments: Since Stonefist is easy to avoid or anticipate with Roll Dodge and Block, we've increased the projectile speed to make it harder for enemies to counter. * Obsidian Shard: Fixed an issue where this morph would not fire the heal if the target blocked or absorbed the damage of the initial hit."
skills,Online:Superheated Ward,3.0.5,* Obsidian Shard: Fixed an issue where the friendly heal from this morph could be dodged.
skills,Online:Superheated Ward,3.1.5,* Obsidian Shard: Increased the radius of the heal from this morph to 28 meters from 10 meters.
skills,Online:Superheated Ward,4.0.5,* Obsidian Shard: Increased the healing done by this morph by approximately 25%. * Stone Giant: This morph now also grants Minor Ward in additional to Minor Resolve.
skills,Online:Superheated Ward,4.3.5,* Obsidian Shard: Fixed an issue where the heal from this ability and its morphs was not prioritizing players over pets.
skills,Online:Superheated Ward,5.0.5,"* Earthen Heart: Adjusted the duration of these skills so that their final ranks land on integers rather than fractions when you have Rank 2 of Eternal Mountain. This has resulted in the following duration changes: ** Magma Armor & morphs: Increased to 12 seconds from 10.8 seconds ** Molten Weapons & morphs: Previously 39.6 seconds, adjusted so Igneous Weapons is now 42 seconds & Molten Armaments is 36 seconds ** Obsidian Shield & morphs: Increased to 8 seconds from 7.2 seconds ** Petrify & morphs, Ash Cloud & morphs: no change ** Stonefist & morphs: Decreased to 3 seconds from 3.6 seconds"
skills,Online:Superheated Ward,5.2.5,"* Reworked this ability to be a Stamina based ""spammable"" attack. It now deals Physical Damage with a reduced range of 15 meters, down from 28. * Increased the damage by approximately 66%, but no longer deals double damage if the target was stunned. * This ability no longer stuns the target outright, but instead applies a stack of ""Stagger"" to the enemy for 5 seconds. After 3 stacks, the enemy will be stunned by the next Stonefist cast at them, including from other Dragonknights. If the target was stunned, all stacks of Stagger are removed. * Reduced the cost of this ability to 3443 from 4050. * Updated the visual effects for this ability and the Stone Giant morph. * Stone Giant (morph): ** This morph no longer grants Minor Resolve after casting, but instead enhances the ""Stagger"" mechanic where enemies affected take 45 extra damage from any attack, per stack. This effect cannot stack from multiple sources. * Obsidian Shard (morph): ** This morph remains as a healer focused ability. ** Increased the healing by 3.3%, since it was missing rank up progression. ** This morph now deals Fire Damage instead of Magic Damage, and heals 2 friendly targets, up from 1. * Developer Comment: We've received a great deal of feedback over the visuals and fantasy element of this ability during the latest PTS cycle, and we're going to continue working on both the story being told with the ability as well as the gameplay interaction of how you come to activate it. While we're relatively happy with the damage and group play this ability will open up, we definitely want to improve on how this ability ties into the feeling of a more martial-based Dragonknight, as well as the ability staying rooted in the Earthen theme, rather than perusing more Poison activity. Expect to see some additional work in future updates!"
skills,Online:Superheated Ward,5.3.4,"* Updated this ability to improve its visual storytelling and per-cast impact; Stonefist is now a two-part ability instead of a singular instant mid-ranged attack. * Activating this ability will now stomp the earth, causing you to deal damage in an area around you after a short cast time, and generating 3 charges of the ability. * Activating the ability again allows you to lob one of the earthen spheres around you to an enemy from up to 28 meters away to damage them. * The base ability no longer has the Stagger mechanic, but instead the final charge will stun the enemy hit upon dealing damage. * Reduced the cost of this ability and the Stone Giant morph to 2295 from 3443. * Stone Giant (morph): ** This morph retains stagger in the form of causing the targets affected by the ranged attack to take additional damage. ** Increased the damage taken per stack to 65 at rank IV, up from 45. ** This morph now applies Stagger to enemies hit by the initial cast to help improve the impact of landing the cast time."
skills,Online:Superheated Ward,11.0.5,* Stone Giant: This morph’s stacks will now properly be removed when using the ability.
skills,Online:Superheated Ward,11.3.4,* Combat Refresh Overhaul. Dragonknight Functionality and Balance Update.
skills,Online:Supernatural Recovery,2.1.4,* This passive now only works while any Vampire ability is slotted in your ability bar.
skills,Online:Supernatural Recovery,2.4.5,"* This passive ability no longer requires a Vampire ability to be slotted, and now only functions when you are in Vampire Stage 2 or higher."
skills,Online:Surge,1.6.5,* This ability now applies the Major Brutality buff. * All ranks and morphs of this ability now provide healing when you land a critical strike. * Reduced the healing cooldown to 0.25 seconds from 1 second. * Power Surge: This ability now applies the Major Brutality and Major Sorcery buffs. * Critical Surge: This ability now correctly lists a 20-second duration in its tooltip.
skills,Online:Surge,2.4.5,"* This ability and its morphs now restore a flat value of health whenever you deal a Critical Strike. It will now also proc on any Critical Strike instead of only direct damage Critical Strikes, but can only restore health once every second. * This ability and the Power Surge morph have also had their healing increased by approximately 30%"
skills,Online:Surge,3.1.5,* This ability and its morphs now use your highest critical strike rating to determine their Critical Strike chance.
skills,Online:Surge,5.1.5,"* Critical Surge: Increased the healing granted from this morph by 10%. * Power Surge: This morph now grants its healing to up to 6 targets, but will trigger off Critical Heals rather than Critical Damage. The cooldown is 3 seconds rather than 1, to ensure it offers similar healing to other AoE heal over times."
skills,Online:Surge,5.2.5,* This ability and its morphs now grant Major Brutality and Sorcery at base.
skills,Online:Surge,8.0.5,* Fixed an issue where the Major Sorcery granted from this ability was not ranking up in duration.
skills,Online:Survivalist,3.0.5,"* Fixed an issue where ranking up a summon ability (Unstable Familiar, Summon Winged Twilight, Feral Guardian, etc.) would unsummon your pet."
skills,Online:Swarm,3.3.5,* Fixed an issue where this ability and its morphs were not being considered damage over time effects for various passive bonuses or procs.
skills,Online:Swarm,4.0.5,* Fixed an issue where the projectile fired from this ability and its morphs would immediately aggro monsters before it reached them.
skills,Online:Swarm,4.2.5,"* Increased the cost of this ability and its morphs by approximately 30%. ** Developer Comment: With the increase to Betty Netch resource restore and reduced Scorch cost, we were able to get Stamina Wardens into a health place for average drain rate per second, but Magicka Warden was too inexpensive. This made Swarm the perfect ability to adjust as it's Magicka only and was extremely inexpensive."
skills,Online:Swarm,4.3.5,* Fixed an issue where the visual affects from this ability and its morphs would persist on targets who entered invisibility or stealth. * Growing Swarm: Fixed an issue where this ability could target enemies in Sneak or Invisibility when attempting to spread to a new target.
skills,Online:Swarm,5.1.5,"* Increased the cost of this ability and its morphs to 2700 from 2430, and increased the damage per tick by approximately 17%."
skills,Online:Swarm,5.2.5,"* Increased the cost of this ability and its morphs to 2970 to encapsulate their new functionalities. * These abilities now apply Minor Vulnerability to the target for the duration of the DoT. * Decreased the damage per tick of these abilities by approximately 40%. * Growing Swarm (morph): ** This morph has been redesigned into a Stamina-based ability that deals Bleed Damage. The Swarm no longer spreads to nearby enemies upon completion, but instead deals damage to enemies in an area around the initial target. This damage is roughly 50% of the initial target's coefficient. Note the Vulnerability still only applies to the initial target."
skills,Online:Swarm,6.1.5,* Growing Swarm (morph): Fixed an issue where this ability couldn't be cast while silenced.
skills,Online:Swarm,7.3.5,* Growing Swarm (morph): ** This morph now limits the number of active targets you can have it on to 1. ** Increased the damage of the Area of Effect portion of the ability by 50% to make up for the new limit.
skills,Online:Swarm,8.1.5,"* This ability and its morphs now last for 20 seconds, up from 10. * Decreased the damage per tick by approximately 23%. ** Fetcher Infection (morph): Increased the bonus damage on the second cast to 60%, up from 50%."
skills,Online:Swift Assault,8.2.0,* Updated the Companion's Dual Wield ability Swift Assault to now use the same player animation as Flurry.
skills,Online:Swift Warrior,2.1.4,"* Swift: Renamed this passive to Swift Warrior. Swift Warrior will no longer increase Charge attacks, but will instead increase all Melee Weapon attack damage by 2/3/4%. * Swift Warrior: Fixed an issue where this passive was not increasing damage for melee-class abilities."
skills,Online:Swift Warrior,4.3.5,"* Swift Warrior: Increases Melee Damage by 4%, 12% Sprint cost reduction and 10% Sprint Speed → Increases your Weapon Damage by 258. Reduces the cost of your Sprint ability by 12% and increases your Movement Speed while Sprinting by 10%. ** Developer Comment: Orcs are meant to be an aggressive race, which focus mainly on momentum and overwhelming their opponents. To bring that play style to realization we took away some of their more defensive stats, and put them back into offensive ones, or ones that required aggressive conditions to proc. Additionally, their previous bonus to offensive power was gated to only melee builds, and didn't scale with many abilities that were still used by melee builds; so we converted it into a bonus that all aggressive play styles can use."
skills,Online:Swift Warrior,6.3.5,"* This passive now grants Weapon and Spell Damage, rather than Weapon Damage."
skills,Online:Swoop,3.0.5,"* Fixed an issue where ranking up a summon ability (Unstable Familiar, Summon Winged Twilight, Feral Guardian, etc.) would unsummon your pet."
skills,Online:Syrabane's Boon,4.3.5,* Gift of Magnus: Gain 10% Max Magicka → Syrabane's Boon: Increases your Max Magicka by 2000.
skills,Online:Tailoring,2.3.6,"* Monsters in scaled zones such as Cyrodiil, Wrothgar, and Hew's Bane will no longer drop a mixture of Rubedo Leather and Shadowhide if you have Rank 10 of the Tailoring passive. Instead, they will exclusively drop Rubedo Leather."
skills,Online:Tailoring,4.1.5,"* Updated the base-rank icons for Metalworking, Tailoring, Woodworking, and Solvent Proficiency to match the facing of subsequent ranks."
skills,Online:Tannin Expertise,1.2.3,* Fixed a typo in the passive Tannin Expertise 1.
skills,Online:Teleport Strike,1.5.2,* The tooltip for this ability now specifies that it immobilizes other player characters instead of stunning them.
skills,Online:Teleport Strike,2.3.5,"* Adjusted the snare applied to the enemy target at the beginning of all charge/teleport abilities (such as Shield Charge, Critical Charge, or Teleport Strike) to be a 60% snare for 750 milliseconds from a 100% snare for 500 milliseconds. ** Added the charge snare noted above to Dragon Leap and its morphs. ** The snare remains unpurgable, and serves to help charge abilities hit moving targets more reliably without completing locking movement down. * Fixed an issue with this ability and its morphs where the initial damage could not be dodged. ** Note: The area damage over time from the Lotus Fan morph will continue to be undodgable. * Lotus Fan: ** Significantly revised the tooltip of this morph to indicate that only the primary target is snared, and the damage over time is applied to the primary target and all nearby enemies. ** The damage over time from this morph is no longer considered a bleed, and is now a standard magical damage over time. The damage can now be mitigated by normal means, but has been increased by 15% to account for this."
skills,Online:Teleport Strike,2.3.6,"* Fixed an issue where you were unable to attack if you sheathed your weapon after casting a charge or leap ability, including: ** Shield Charge ** Critical Charge ** Dragon Leap ** Teleport Strike"
skills,Online:Teleport Strike,2.4.5,* Reduced the damage of this ability and its morphs by 6.5%. * Lotus Fan: Fixed an issue where the damage over time applied by this morph was not being correctly suppressed by invisibility effects such as Shadow Cloak.
skills,Online:Teleport Strike,2.4.6,* Fixed an issue where this ability and its morphs could be used to get on top of Keep walls.
skills,Online:Teleport Strike,2.7.5,"* Shadow Cloak: Fixed an issue where the invisibility from this ability and its morphs was being broken by certain abilities, such as Teleport Strike, Dark Flare, and Weapon Enchantments."
skills,Online:Teleport Strike,3.2.1,* Fixed an issue where you would be rooted in place while casting this ability or its morphs.
skills,Online:Teleport Strike,3.3.5,"* Decreased the damage dealt by this ability and its morphs by approximately 13%. **Developer Comments - Gap Closer Abilities: We've decreased the damage values on numerous gap closer abilities - not just Teleport Strike, but other charge abilities such as Critical Charge or Focused Charge as well. Gap closers in ESO have no cooldown and can hit for extreme amounts of damage, so there is very little opportunity cost in forcing your enemies to use them. Decreasing their damage ensures that ranged players utilizing movement and terrain to maintain their distance are better rewarded for that advantage."
skills,Online:Teleport Strike,4.0.5,"* Lotus Fan: The snare applied by this morph now reduces Movement Speed by 40%, down from 70%. * Fixed an issue where casting this ability and its morphs would not remove you from invisibility."
skills,Online:Teleport Strike,5.0.5,"* This ability and its morphs will no longer stun NPC enemies. Instead, targets affected by the initial damage will be afflicted with Minor Vulnerability for 8 seconds. Note that the Minor Vulnerability will apply to both players and NPCs. ** Developer Comment: In order to retain functionality on ""gap closer"" abilities, these abilities typically all deal a set amount of damage with a consistent range and cost, while all having a unique affix that helps give each different ability its own identity and flare. Teleport Strike, while visually and thematically satisfying, was lacking in the department of gameplay identity since its auxiliary was inactive in some parts of the game. In tandem with the changes to Grim Focus, we wanted to ensure Nightblades could still focus on being single target assassins, while needing to utilize a larger variety of tools in their kit."
skills,Online:Teleport Strike,5.1.5,"* Lotus Fan: Decreased the damage per tick of the DoT by approximately 22%, and fixed an issue where the final tick was not being affected by Minor Vulnerability."
skills,Online:Teleport Strike,5.2.5,"* Updated the duration of the Minor Vulnerability for this ability to 10 seconds, to match its morph's duration. * Lotus Fan (morph): ** This morph now applies Minor Vulnerability to all enemies hit, rather than the original. ** Increased the duration to 10 seconds, up from 8. ** Decreased the damage per tick by approximately 40%."
skills,Online:Teleport Strike,7.3.5,"* Teleport Strike: Fixed an issue where this ability and its morphs' tooltips stated it had an instant cast time, rather than its true 400ms cast time had since time immemorial."
skills,Online:Teleport Strike,8.0.5,"* Ambush (morph): ** Increased the duration of Empower granted from this morph to 10 seconds, up from 3. ** This morph now also grants Minor Berserk for its duration."
skills,Online:Teleport Strike,8.1.5,"* Lotus Fan (morph): ** Increased the duration of the Damage over Time to 20 seconds, up from 10. ** Reduced the damage per tick by ~23%."
skills,Online:Teleport Strike,10.2.5,"* Teleport Strike: Fixed an issue where this ability and morphs’ initial hit was missing the 15% damage increase that cast and channel time abilities are meant to receive. ** Lotus Fan: This morph now deals its initial hit in an area around the caster and applies the damage over time effect to those enemies hit. The damage over time effect has been adjusted to operate more closely to the power of Burning Talons or Acid Spray, rather than a standard DoT effect, to help differentiate it from other effects. This results in reducing the duration to 5 seconds, down from 20, increasing the tick rate to every 1 second, up from every 2, and increasing the damage per tick by ~22%. Overall, this results in less damage per cast, but more damage per second - rewarding more frequent activation."
skills,Online:Tendrils of the Colorless Sea,3.0.5,"* Fixed an issue where ranking up a summon ability (Unstable Familiar, Summon Winged Twilight, Feral Guardian, etc.) would unsummon your pet."
skills,Online:The Imperfect Ring,9.3.5,"* Increased the radius of this ability and the Fulminating Rune morph to 6 meters, up from 5, to better match their visual effects. The Runebreak synergy from all versions of this ability is now also 6 meters, up from 5. ** Rune of Displacement (morph): Increased the radius of this morph to 10 meters, up from 8, to better match its visual effects."
skills,Online:The Triune Word,3.0.5,"* Fixed an issue where ranking up a summon ability (Unstable Familiar, Summon Winged Twilight, Feral Guardian, etc.) would unsummon your pet."
skills,Online:Third Moon's Chosen,3.0.5,"* Fixed an issue where ranking up a summon ability (Unstable Familiar, Summon Winged Twilight, Feral Guardian, etc.) would unsummon your pet."
skills,Online:Thunderous Strike,3.0.5,"* Fixed an issue where ranking up a summon ability (Unstable Familiar, Summon Winged Twilight, Feral Guardian, etc.) would unsummon your pet."
skills,Online:Time Stop,4.3.5,"* Increased the base cost of this ability to 8100 from 4590. Keep in mind that this is before the passive cost reduction from the skill line, or the passive cost reduction from the ability rank up. ** Developer Comment: Time Stop is an incredibly powerful ability that allows large areas to be controlled by the caster, and we've noticed that a core contributing factor to the ability's strength is the low cost and high uptime a single user can have. With this change, we want to ensure Time Stop is still powerful, but incurs a high risk of loss of resources to prevent it from being used too often. The cost is based off our other PvP-based abilities such as Purge or Rapid Maneuvers, as this ability is primarily best suited for PvP environments. We will continue to monitor the performance overall to determine if additional changes are needed in the future."
skills,Online:Time Stop,6.3.5,* Fixed an issue where this ability's visuals lasted longer than the debuff.
skills,Online:Tough,4.3.5,* Gain 12% Max Health → Increases your Max Health by 2000.
skills,Online:Tough (Companion),3.0.5,"* Fixed an issue where ranking up a summon ability (Unstable Familiar, Summon Winged Twilight, Feral Guardian, etc.) would unsummon your pet."
skills,Online:Transfer,1.6.5,* This passive now grants additional Ultimate (only while gaining Ultimate) after casting Siphoning abilities.
skills,Online:Trap Beast,1.3.3,* You will now face the targeted area when casting this ability.
skills,Online:Trap Beast,1.4.3,"* Shadow Cloak: This ability is no longer removed by the following ticking damage abilities. ** Agony ** Bat Swarm ** Caltrops ** Cripple ** Entropy ** Fire Rune ** Necrotic Orb ** Path of Darkness ** Soul Tether ** Trap Beast ** Volley ** Wall of Elements ** All elemental procs * Damage from Silver Bolts, Expert Hunter, and Trap Beast is now based on stamina and weapon damage instead of magicka and spell power."
skills,Online:Trap Beast,1.5.2,* Fixed an issue where the damage over time effects of this ability could not be cleansed.
skills,Online:Trap Beast,2.1.4,* This ability now grants the Minor Force buff which increases Critical Damage by 12%. * Reduced the arming time to 1.5 seconds from 3 seconds. * Increased the ability's duration to 60 seconds from 30 seconds. * This ability will no longer erroneously trigger the Sorcerer passive Exploitation. * Lightweight Trap Beast: Updated the casting animation for this ability.
skills,Online:Trap Beast,2.1.8,"* The Minor Force bonus granted by this ability, which was previously disabled to address an exploit, now functions as intended again."
skills,Online:Trap Beast,2.2.4,* Fixed an issue where this ability was checking against Spell Resistance for mitigation rather than Physical Resistance. * This ability now correctly crits based on Weapon Critical rather than Spell Critical. * The damage over time portion from this ability can now critically hit.
skills,Online:Trap Beast,2.3.5,* Rearming Trap: Fixed an issue where this morph's second trap would remain active after the caster died.
skills,Online:Trap Beast,2.4.5,"* This ability and its morphs now apply their damage over time to any enemy hit instead of only Undead and Daedra. In addition, this ability and its morphs now deal Physical Damage instead of Magic Damage."
skills,Online:Trap Beast,2.7.5,* Rearming Trap: Decreased the damage done by each trap summoned from this morph by 30%.
skills,Online:Trap Beast,4.3.5,* Fixed an issue where Major and Minor Evasion were affecting skills they should not have been. The following abilities and sets will no longer be reduced by Major and Minor Evasion's damage reduction: ** Force Pulse ** Overwhelming Surge ** Radial Uppercut ** Selene's ** Sheer Venom ** Shrouded Dagger's bounce damage ** Trap Beast and its morphs ** Unfathomable Darkness
skills,Online:Trap Beast,5.0.5,* Fixed an issue where the initial hit of this ability and its morphs could be dodged.
skills,Online:Trap Beast,5.1.5,"* Increased the duration of the Damage over Time from this ability and the Lightweight Trap Beast morph to 10 seconds from 6 seconds. * The Minor Force will now properly line up with the duration rather than being 2 seconds longer. * Reduced the damage per tick by approximately 6%, and reduced the duration of the Immobilize on all morphs to 2 seconds. * Reduced the base cost to 3240 from 3780. * Lightweight Trap Beast: This morph no longer ranks up the damage of the DoT, but instead reduces cost as it ranks up, to 2970 at Rank IV. * Rearming Trap Beast: ** Renamed this morph to Barbed Trap. ** This morph no longer places a new trap in the area after the original duration ends, but instead increases the duration of the DoT applied, up to 18 seconds at Rank IV. The damage per tick has increased by approximately 33%, since it was lower than the base morph."
skills,Online:Trap Beast,5.2.5,* Reduced the damage per tick of this ability and its morphs by approximately 50%.
skills,Online:Trap Beast,7.0.5,* The following abilities will now deal purely Bleed Damage rather than Physical Damage or a mix of Physical and Bleed Damage. ** Bloodthirst (morph of Flurry) ** Carve (morph of Cleave) ** Cutting Dive (morph of Dive) ** Pounce and morphs ** Trap Beast and morphs ** Twin Slashes and morphs
skills,Online:Trap Beast,7.1.5,"* This ability and its morph's traps now last for 15 seconds after their delay, rather than 1 minute."
skills,Online:Trap Beast,7.2.9,* Fixed an issue where this ability and the Barbed Trap morph could generate Ultimate in some odd cases.
skills,Online:Trap Beast,8.1.5,"* Increased the duration of this ability and its morphs to 20 seconds, up from 15 for the trap and 10 for the triggered effects. * Reduced the damage per tick by 25%. ** Barbed Trap (morph): This morph now decuples (x10) the chance of applying the Hemorrhaging status effect, rather than increasing the duration. This means the initial hit will have a 50% chance of applying it, rather than a 5%, and the Damage over Time will have a 30% chance per tick instead of 3%."
skills,Online:Trap Beast,8.3.5,"* This ability and its morphs will now only trigger ability timers after they've hit a target, rather than after placing and after hitting a target."
skills,Online:Trap Beast,9.3.5,"* Barbed Trap: This morph now increases the damage done of the initial hit by 20% and the initial hit now always applies the Hemorrhaging status effect, rather than increasing the chances of applying the effect by 10 times. ** Developer Comment: Since we’ve significantly buffed Hemorrhaging in instances when you can keep up the effect, we’re toning down this morph’s ability to passively keep it active. Now the initial hit will help jump start your stacks, but you’ll need to find additional sources of Bleed Damage to keep up the pressure."
skills,Online:Trapping Webs,1.6.5,* Increased the damage dealt by this ability by 25%. * The Synergy now applies to targets who are immune to crowd control effects.
skills,Online:Trapping Webs,2.0.1,"* Shadow Silk: Fixed an issue where this ability would allow the caster to use the synergy, rather than the caster's allies."
skills,Online:Trapping Webs,2.1.4,"* Increased the damage of this ability by 33%, and increased the travel speed of this ability's projectile. The graphical effects from this ability will now only last for the duration of the effect. * Tangling Webs (morph): Fixed an issue where the fear from this ability was not granting CC immunity."
skills,Online:Trapping Webs,2.3.5,* The Spawn Broodlings and Arachnophobia synergies from this ability and the Tangling Webs morph have had their summoned spider's damage reduced by 44%. The Black Widows synergy from the Shadow Silk morph has had its summoned spider's damage reduced by 35%.
skills,Online:Trapping Webs,2.4.5,"* Redesigned this ability and its morphs so they are now ground-placed area of effect abilities which create webs at the targeted location for 5 seconds, reducing the Movement Speed of enemies within by 50%. When the webs expire they burst into venom, dealing Poison Damage to enemies within. * This ability and its morphs are now Stamina abilities, and scale with Weapon Damage and Maximum Stamina. * The synergy for this ability and its morphs now deal Poison Damage."
skills,Online:Trapping Webs,2.5.5,* Fixed an issue with this ability and its morphs where both the Synergy activation and the spiders summoned by the Synergy could not Critically Strike.
skills,Online:Trapping Webs,2.7.5,* Fixed an issue where this ability and its morphs would Critically Strike based on your Spell Critical instead of your Weapon Critical.
skills,Online:Trapping Webs,3.3.5,"* Spawn Broodlings, Black Widows, and Arachnophobia (Trapping Webs & morphs) ** The prompt is now only visible to allies positioned further than 18 meters away from the webbed enemy. *** Developer Comments: We've changed some synergies, such as Spawn Broodlings or Radiate, to only be available to ranged players. This balances the amount of synergies available to both melee and ranged players. ** The prompt will now be available against all enemies within the webs, even if they cannot be snared. *** This means that the prompt will be available against boss or flying enemies. ** The spiders summoned now inherit your damage done bonuses, such as Major and Minor Berserk or the Mighty Champion passive. ** Fixed an issue where the spiders summoned would throttle their attacks against the same target. They will now use their bite attack as quickly as they are able to (approximately every 1.5 seconds)."
skills,Online:Trapping Webs,4.0.5,* The morphs for this ability now have unique icons.
skills,Online:Trapping Webs,4.1.5,"* Shadow Silk: Fixed an issue where the black widow spiders were using a poison damage over time effect that was being mitigated by the target's Spell Resistance, instead of their Physical Resistance."
skills,Online:Trapping Webs,4.3.5,"* Inner Fire and Trapping Webs: The Synergies granted from these abilities and their morphs now have a minimum range of 12 meters to activate, instead of 18 meters. (Rejoice, as you no longer need to sprint back and forth from varying ranges like an Olympian to activate these bonuses!) ** Developer Comment: While we want to have differences in the Synergies that melee and ranged build have access to, we realized that many ranged builds still found themselves getting closer to their targets in order to use powerful abilities such as Wall of Elements or other shorter ranged abilities. The new range should now better reward teetering between melee and ranged distances."
skills,Online:Trapping Webs,5.1.5,"* Reduced the cost of this ability and its morphs by approximately 15% since they were missing the standard. * These abilities now deal an initial hit of damage when they land at their target location, resulting in an approximate 75% damage increase for the caster. * Fixed many issues where parts of this ability would fail if the caster was silenced. * Spawn Broodlings (synergy): Reduced the initial hit of this ability and the other versions of the morph by approximately 21%. These synergies now summon 1 spider for 10 seconds, rather than 2 spiders for 15 seconds, which will significantly reduce their damage dealt. * Black Widows (morphed synergy): Increased the damage of the poison applied by the spider by approximately 66% to offset some of the damage loss of the base ability. Note this synergy will still see a large efficiency loss."
skills,Online:Trapping Webs,5.2.5,"* This ability and its morphs now last 10 seconds, rather than 5. * Fixed an issue where the synergies granted from these abilities were lasting longer than the ability that housed it."
skills,Online:Trapping Webs,5.3.4,* Fixed an issue where this ability and its morphs were being considered Damage over Time instead of melee damage in some cases.
skills,Online:Trapping Webs,6.2.5,* Fixed numerous visual issues with this ability and its morphs.
skills,Online:Tri Focus,1.1.2,* Increased the amount of splash damage from shock effects that this passive ability gives.
skills,Online:Tri Focus,1.3.3,* Tri Focus Freeze: Enemies snared by this ability now show a snared visual effect.
skills,Online:Tri Focus,1.5.2,* Tri Focus Rank II: Fixed an issue where this ability wasn't providing an increased critical strike chance for fire staff users.
skills,Online:Tri Focus,1.6.5,"* This passive now grants a damage bonus of 8% at Rank I, and 15% at Rank II to heavy attacks when the caster is using a fire staff. This passive also now adds splash damage equal to 10% at Rank I, and 20% at Rank II, of the damage of the attack when a caster using a lightning staff uses a heavy attack."
skills,Online:Tri Focus,2.1.4,"* The Lightning Staff bonus attack now hits up to 6 targets instead of 2 targets. * Heavy Frost attacks now grant a damage shield for 4/8% of your maximum health. * Heavy Shock attacks now deal 50/100% of the final pulse damage to nearby enemies with a maximum of 6 targets, using a radius falloff. * Reduced the heavy attack bonus from heavy fire attacks to 12% from 15%."
skills,Online:Tri Focus,2.7.5,"* This passive ability now taunts the enemy after you use a fully-charged Frost Heavy Attack. * This passive ability now causes your block to drain Magicka (instead of Stamina) and stops your Magicka Recovery (instead of Stamina Recovery) while blocking when you have a Frost Destruction Staff equipped. ** Developer Comment: With these changes and the updates to Ancient Knowledge, we're giving Frost Staves the capability of being used by tanks. This opens up a lot of new possibilities and builds we're excited to see for both PvP and PvE content. We'll be heavily monitoring the effectiveness of Frost Staff tanking in both types of content to determine if further changes are needed.:: To ensure Frost Staff tanking can be used as soon as you can enter dungeons at level 10, we've put a taunt on the heavy attack; this means you don't have to gain ranks with the Undaunted faction to start experiencing this playstyle. This does have the potential to cause issues with players who have Tri Focus and are doing DPS with a Frost Staff. We're aware of this potential issue and will make adjustments in the future as needed."
skills,Online:Tri Focus,3.0.5,"* This passive's splash damage with Lightning Staves is no longer increased by damage modifiers. ** Developer Comments: Area of Effect damage with Lightning Staff Heavy Attacks is currently too high, due to how the splash damage from Tri Focus ""double dips"" in damage modifiers; the damage modifier would first multiply the Heavy Attack damage, then also multiply the Tri Focus splash damage. This resulted in the splash damage being higher than the damage on the initial target, instead of the intended 100%."
skills,Online:Tri Focus,5.1.5,* Fixed an issue where this passive was not activating the Area of Effect damage while using a Heavy Attack with a Lightning Staff.
skills,Online:Tri Focus,6.1.5,"* Fixed an issue where the splash damage from Lightning Staves' Heavy Attacks was double hit by Battle Spirit. * Fixed an issue where this attack could also proc the Concussed status effect, despite Light and Heavy Attacks being unable to inflict status effects."
skills,Online:Tri Focus,6.2.5,"* This passive no longer causes your Heavy Attacks with a Frost Staff to taunt the enemy. * Increased the strength of the Damage Shield granted from Heavy Attacking with a Frost Staff to 12.5/25% of your Max Health, up from 4/8%."
skills,Online:Tri Focus,9.1.5,"*Flame Staff: This passive now applies a Damage over Time equal to power of a standard Damage over Time effect, over 10/20 seconds with a fully charged Heavy Attack, rather than increasing the damage done of your fully charged Heavy Attacks by 6/12% *Ice Staff: Increased the damage shield granted by this passive to 16.5/33% of your Max Health, up from 12.5/25%. *Lightning Staff: This passive now only triggers on fully charged Heavy Attacks, rather than any tick of a Heavy Attack. **Developer Comments: Since this passive is meant to help reward fully charged Heavy Attacks, we've reigned in some of the effects with Lightning Staves to make them more in line with other weapons while retaining their unique gameplay with builds that go all in on them. In addition, we've tried to sweeten the rewards for the other two staff types that in general don't Heavy Attack as much."
skills,Online:Trick Shot,3.0.5,"* Fixed an issue where ranking up a summon ability (Unstable Familiar, Summon Winged Twilight, Feral Guardian, etc.) would unsummon your pet."
skills,Online:Trickster's Trap,3.0.5,"* Fixed an issue where ranking up a summon ability (Unstable Familiar, Summon Winged Twilight, Feral Guardian, etc.) would unsummon your pet."
skills,Online:Triptych Physic,3.0.5,"* Fixed an issue where ranking up a summon ability (Unstable Familiar, Summon Winged Twilight, Feral Guardian, etc.) would unsummon your pet."
skills,Online:Tundra's Maw,12.0.0,*Tundra's Maw: This passive upgrades the Chilled status effect to also apply Major Brittle for 2 seconds upon application.
skills,Online:Twilight Mantle,3.0.5,"* Fixed an issue where ranking up a summon ability (Unstable Familiar, Summon Winged Twilight, Feral Guardian, etc.) would unsummon your pet."
skills,Online:Twin Blade and Blunt,1.2.3,* This passive ability now scales based on weapon damage instead of spell damage.
skills,Online:Twin Blade and Blunt,1.5.2,"* The axe bleed now deals damage over 6 seconds instead of 10. * Increased the damage per tick, though total damage done remains the same. * The mace bonus now causes you to ignore up to 20% of your target's armor."
skills,Online:Twin Blade and Blunt,2.0.4,* Siege Weapon damage no longer gains benefits from the Dual Wield Twin Blade and Blunt passive. * Twin Blade and Blunt: Fixed an issue where swords were not benefitting from this passive and increasing the damage of weapon attacks.
skills,Online:Twin Blade and Blunt,4.3.5,"* Reduced the bleed applied from the Axe version of this passive by approximately 12%. * Increased the increased damage bonus from the Sword version of this passive to 3% per sword equipped. ** Developer Comment: The axe version of both Twin Blade and Heavy Weapons were previously over budgeted and provided more total damage to your target than the other weapon types. Additionally, the bleeds applied from these weapons were performing well against all armor types, rather than focusing on being better against only targets with high Physical Resistance. We are still closely monitoring the bleed from these passives, and investigating ways to better distinguish the play patterns that Axes and Maces provide.:: The sword version of both of these passives were also under budgeted since their bonuses were additive. We've increased this to 6% in the meantime to fix some truncation issues with Dual Wield, and will continue to investigate ways to ensure swords remain a viable choice of weapon type."
skills,Online:Twin Blade and Blunt,5.1.5,* The axe bleed from this passive now ticks every second instead of every 2 seconds. * Increased the total damage by approximately 24%.
skills,Online:Twin Blade and Blunt,5.3.4,* Fixed an issue where the bleed from this passive was not consistent with its proc condition.
skills,Online:Twin Blade and Blunt,6.3.5,"* Reworked this passive to grant the following bonuses: ** Axes now increases your Critical Damage and Healing Done by 2/4% per axe, rather than having a chance to apply a Bleed. ** Daggers now grant 1.7/3.4% Critical Chance per dagger, rather than 2.5/5% Weapon Critical Chance. ** Maces now grant 825/1650 Armor Penetration per mace, rather than ignoring 5/10% of the target's Physical Resistance. ** Swords now grant 71/142 Weapon Damage per sword, rather than increasing Damage Done by 3/6%. **Developer Comment: Previously, this passive was too binary in terms of which was viewed as the best, so we've made some adjustments to make it more clear as well as more universally helpful. We've opted to remove the passive Bleed chance as it was the only effect that could carry over after activating, making it an almost guaranteed pick. Maces also felt too punishing and awkward as they became weaker the more you reduced your target's Resistances, so we moved to a flat bonus instead. Swords often didn't scale the way they appeared and seemed stronger than they were, so we moved to a more easily discernable power increase. Additionally, all of these effects now apply to any attack rather than only Martial based attacks to assist hybrid builds and general accessibility."
skills,Online:Twin Blade and Blunt,7.0.5,* This passive now increases your Critical Damage done with axes by 3/6% per axe rather than Critical Percent by 2/4%.
skills,Online:Twin Slashes,1.4.3,* Fixed an issue where you could get a movement speed bonus if this ability was activated when your target was out of range.
skills,Online:Twin Slashes,1.5.2,* This ability no longer gives you a speed bonus when activated with an enemy targeted that is out of melee range. * Increased the tick damage for this ability by approximately 10%. * The morphs for this ability now increase in damage as the ability is ranked up. * Camouflaged Hunter (Expert Hunter morph): This ability now only applies to the first hit of the ability Twin Slashes.
skills,Online:Twin Slashes,1.6.5,* The second hit caused by this ability is now able to crit.
skills,Online:Twin Slashes,2.7.5,* Adjusted the order of the Active Abilities in this skill line. They now unlock in the following order: ** Flurry ** Twin Slashes ** Whirlwind ** Blade Cloak ** Hidden Blade
skills,Online:Twin Slashes,3.0.5,* Increased the cost of this ability and its morphs by approximately 60%.
skills,Online:Twin Slashes,4.0.5,"* Rending Slashes: The snare applied by this morph now reduces Movement Speed by 40%, down from 50%."
skills,Online:Twin Slashes,4.1.5,* Rending Slashes: Decreased the duration of the snare to 4 seconds from 9 seconds.
skills,Online:Twin Slashes,4.2.7,* The Damage over Time from Twin Slashes and its morphs can no longer proc Weapon Enchantments or poisons.
skills,Online:Twin Slashes,5.0.5,"* Adjusted this ability and its morphs to follow our standardized Damage over Time ruleset. * Increased the total duration to 10 seconds from 9 seconds. * Increased the delay to 2 seconds from 1 second. * Increased the damage per tick by approximately 15% to make up for the loss of the first tick. This will result in roughly the same overall DPS, but with less burst damage. * Blood Craze: Increased the heal per tick by approximately 27%, and fixed an issue where this ability was being calculated with bonuses as an offensive attack rather than a heal."
skills,Online:Twin Slashes,5.1.5,* Increased the Damage over Time from this ability and its morphs by approximately 37%.
skills,Online:Twin Slashes,5.2.5,* Decreased the damage per tick of this ability and its morphs damage over time by approximately 50%. * Blood Craze (morph): ** The healing for this morph is now equal to the coefficient of the damage.
skills,Online:Twin Slashes,7.0.5,* The following abilities will now deal purely Bleed Damage rather than Physical Damage or a mix of Physical and Bleed Damage. ** Bloodthirst (morph of Flurry) ** Carve (morph of Cleave) ** Cutting Dive (morph of Dive) ** Pounce and morphs ** Trap Beast and morphs ** Twin Slashes and morphs * Blood Craze (morph): Fixed an issue where the heal from this morph was not considered a Dual Wield ability or a Weapon ability.
skills,Online:Twin Slashes,8.1.5,"* This ability and its morphs now last for 20 seconds, up from 10. * Decreased the damage per tick by 25%. ** Rending Slashes (morph): This morph now also applies Hemorrhaging from the initial hit's damage. ** Blood Craze (morph): *** This morph now heals anytime the ability deals damage, rather than only when the Damage over Time deals damage. *** Reduced the healing coefficient to match the Damage over Time coefficient."
skills,Online:Unbound Potential,12.0.5,*Unbound Potential: This passive upgrades rank 2 of Fated Fortune to also increase your damage done by 30% (15% against players) for 7 seconds.
skills,Online:Undaunted Command,1.5.2,"* Undaunted: ** Added two new passives to this skill line: *** Undaunted Command: This passive will now allow you to regain health, magicka, and stamina when activating a synergy ability. *** Undaunted Mettle: This passive increases your health, magicka, and stamina when wearing different types of armor."
skills,Online:Undaunted Command,1.6.5,* Updated the tooltip for Undaunted Command so it is more clear which synergies trigger the passive ability.
skills,Online:Undaunted Mettle,1.5.2,"* Undaunted: ** Added two new passives to this skill line: *** Undaunted Command: This passive will now allow you to regain health, magicka, and stamina when activating a synergy ability. *** Undaunted Mettle: This passive increases your health, magicka, and stamina when wearing different types of armor."
skills,Online:Undead Confederate,11.0.5,"* This passive now increases your Health, Magicka, and Stamina Recovery by 77/155 while a Necromantic pet is active, down from 100/200."
skills,Online:Undeath,1.3.3,"* Reduced the passive Undeath's damage reduction to 33%, and adjusted the tooltip accordingly."
skills,Online:Undeath,2.4.5,* This passive ability now only functions when you are in Vampire Stage 3 or higher.
skills,Online:Undeath,6.0.5,* Now reduces your damage taken by up to 15/30% based on each percentage of your missing Health.
skills,Online:Undeath,7.0.5,"* Fixed an issue where this passive did not work against many ground-based attacks, such as Volley."
skills,Online:Undeath,10.1.5,"* This passive now reduces damage taken by up to 7/15%, down from up to 15/30%."
skills,Online:Undo,4.0.9,"* You can no longer cast this ability and its morphs while you are carrying a Chaosball or Relic in Battlegrounds, or an Elder Scroll in Cyrodiil."
skills,Online:Undo,5.3.8,"* Fixed an issue where this ability could fail to properly animate your character as you rewound through time. * Fixed an issue where this ability could fail to rewind time. ** Note: This fix may cause strange animation issues when using this Ultimate while standing completely still for 4 or more seconds, where your character does not get rewound in position. This particular issue will be fixed in a future patch as fixing the functionality was prioritized."
skills,Online:Undo,6.0.5,"* Fixed an issue where the animation for this ability and morphs would appear and end abruptly, making your character appear to do jazz hands erratically, if not moved with the rewind."
skills,Online:Undo,6.1.5,* Fixed an issue where you could take fall damage when activating this Ultimate or its morphs while falling from high places.
skills,Online:Unflinching Rage,2.5.5,"* Robust: This passive ability has been renamed to ""Unflinching."" It now increases your Health Recovery by 6/13/20%, down from 10/20/30% and your healing received by 1/3/5%."
skills,Online:Unflinching Rage,4.3.5,"* Unflinching: Increases Healing Received by 5% and 20% Health Recovery → Unflinching Rage: Grants 1000 Max Health and heals you for up to 600 when you deal damage with a weapon, with a 4 second cooldown."
skills,Online:Unflinching Rage,6.3.5,"* This passive now heals for 2125 Health when you deal damage once every 4 seconds, rather than healing for 600 Health when you deal damage with a Weapon Attack once every 4 seconds. *Fixed an issue where this passive was not considered a proc. *The heal from this passive can no longer Critically Strike."
skills,Online:Unleashed Rage,3.0.5,"* Fixed an issue where ranking up a summon ability (Unstable Familiar, Summon Winged Twilight, Feral Guardian, etc.) would unsummon your pet."
skills,Online:Unnatural Resistance,2.0.3,* Fixed an issue where this passive wasn't functioning properly after you changed zones or re-logged.
skills,Online:Unnatural Resistance,2.3.5,* Fixed an issue where purchasing this passive would not update your Health Recovery in the character UI.
skills,Online:Unstoppable (skill),1.6.5,"* Immovable now grants the buffs Major Resolve and Major Ward. Each additional rank of this ability increases the duration of the buffs by 0.5 seconds. * Increased the cost of this ability by 13% for all ranks and morphs. * This ability now grants crowd-control immunity for 5 seconds instead of the full duration of the ability. * The maximum rank of this ability and its morphs now lasts for 15 seconds. * Immovable Brute: This ability no longer increases melee damage. Instead, in reduces the cost of CC break for each piece of heavy armor equipped while this ability is slotted in the activity bar."
skills,Online:Unstoppable (skill),3.2.5,"* Casting this ability and its morphs now requires that you wear 5 pieces of Heavy Armor. * Increased the duration of this ability to 20 seconds from 13.5 at Rank IV. * Reduced the cost of this ability and its morphs by approximately 5%. **We want each of the three armor types to have unique trade-offs. Heavy Armor's main advantage is its increase to survivability, while the disadvantage is its lower damage and healing power. To emphasize this distinction, we've removed the Wrath passive."
skills,Online:Unstoppable (skill),3.3.5,* Unstoppable: Fixed an issue where this morph was increasing the duration of the skill by a lower amount than intended for each piece of Heavy Armor worn.
skills,Online:Unstoppable (skill),4.2.5,"* Reduced the cost of this ability and its morphs by 15%, and reduced the duration of the crowd control immunity buff granted to 4 seconds from 5 seconds. **Developer Comment: The cost of the Evasion and Immoveable abilities was much higher than similar abilities like Spiked Armor and Blur."
skills,Online:Unstoppable (skill),5.1.5,"* Reworked this ability and its morphs, and shifted the names around to be slightly more appropriate. ** The base ability is now called Unstoppable. ** Reduced the base cost to 3780 from 4590, which gets the 15% cost reduction, taking it 3213. ** Increased the duration of the CC immunity granted to 6 seconds. While the CC immunity persists, you are now have 65% reduced movement ** speed. You cannot be stopped, but that power comes at a great cost. ** Immovable Brute: *** Renamed this morph to Unstoppable Brute. *** It no longer passively reduces the cost of CC break while slotted, but instead reduces the cost of CC breaking while the Major Ward and Resolve are active. *** Increased the cost reduction per piece of Heavy Armor worn to 5% from 4%. *** This morph also gains cost reduction as it ranks up. ** Unstoppable: *** Renamed this morph to Immovable. *** This morph no longer increases the duration of the ability. Instead, while the snare persists, it increases the amount of damage you can block by 5% per piece of Heavy Armor worn, but also increases the snare potency by 5%. If you are in all 7 pieces of Heavy Armor, you will truly be, Immovable. Unless Elite difficulty enemies hit you with a special move, they don't care if you think you're immovable."
skills,Online:Unstoppable (skill),5.2.6,* Unstoppable Brute (morph): Fixed an issue where the snare from this ability failed to apply.
skills,Online:Unstoppable (skill),5.3.4,"* Unstoppable Brute (morph): The cost reduction of CC break for this ability is now properly linked to the Major Resolve it grants, and will increase in duration with bonuses such as Jorvuld's Guidance, but will also be lost if a longer source of Major Resolve is applied."
skills,Online:Unstoppable (skill),6.1.5,"* Immovable (morph): ** This morph now ranks up in duration of the Major Resolve granted, rather than the duration of CC immunity granted. ** Fixed numerous issues where the CC immunity from this ability operated differently than other sources."
skills,Online:Unstoppable (skill),8.0.5,"* Unstoppable: Fixed an issue with this ability and its morphs where the snare could stack with other player snares. ** Note that many monster sourced snares may still stack, as they care not for your petty rules and regulations. Their methods are beyond your comprehension."
skills,Online:Uppercut,1.2.3,"* Slightly reduced the cooldown for this ability from 2 seconds to 1.5 seconds, and increased the damage of this ability by 10%. * Wrecking Blow: This ability's damage bonus is no longer calculated twice."
skills,Online:Uppercut,1.4.3,* Reduced the cost of this ability by approximately 20%.
skills,Online:Uppercut,1.5.2,"* Reduced the cast time for this ability by approximately 12%. We also increased the damage by approximately 2%. * Dizzying Swing: ** Reduced the debuff for this ability to 15% from 20%. ** This ability now has an increased duration, and applies to stun-immune monsters. ** The debuff no longer stacks with similar effects such as Low Slash."
skills,Online:Uppercut,1.6.5,"* Uppercut and Flurry can no longer be interrupted. * Dizzying Swing: This ability now grants the buff Minor Maim for 10 seconds. * Wrecking Blow: This ability now grants the buff Major Empower, and the damage now correctly scales up with each rank."
skills,Online:Uppercut,2.4.5,"* This ability and the Wrecking Blow morph no longer knockback and stun enemies hit. ** Note: Wrecking Blow will continue to add the Major Empower buff to your next attack as a morph effect. * Dizzying Swing will no longer apply the Minor Maim debuff to enemies hit; instead, it will add a knockback and stun to the ability."
skills,Online:Uppercut,2.7.5,* Adjusted the order of the Active Abilities in this skill line. They now unlock in the following order: ** Uppercut ** Critical Charge ** Cleave ** Reverse Slash ** Momentum *** Developer Comment: This change is aimed at newer players. Our intention for this weapon line and the ones below is getting players into the habit of using their primary damage ability as soon as possible.
skills,Online:Uppercut,5.0.5,* Reduced the damage dealt from this ability and its morphs by 14% to make up for the removal of the post global noted above. Note this will result in a 6% overall DPS increase when used in quick succession.
skills,Online:Uppercut,5.1.5,* Reduced the cast time of this ability and its morphs to 0.8 seconds from 1 second to help its reliability when being used in fast combat in melee range. * Reduced the base cost to 2700 from 3240. * Increased the damage from this ability by approximately 9%.
skills,Online:Uppercut,5.2.5,"* Reduced the damage dealt by this ability and its morphs by approximately 16% to ensure it does not eclipse other damage abilities such as DoTs. * Dizzying Swing (morph): This morph no longer knocks the target back and stuns them, but instead sets them Off Balance for 7 seconds. Note you can retain the function of the stun if you attempt to Heavy Attack the target while they are off balance!"
skills,Online:Uppercut,5.3.4,"* Dizzying Swing (morph): ** This morph now stuns enemies who are already off balance. ** Enemies hit by this ability that are immune to Off Balance are now snared by 40% for 2 seconds. *** Developer Comment: Like the situation of Power Lash, the changes to Off Balance greatly affected the power of this morph in one-on-one scenarios. While we are okay with the loss of a frequent stun on a spammable, we wanted to still ensure this morph didn't feel like it wasn't adding anything to your gameplay throughout the entirety of the fight; we've opted to add in a function that helps you become more ""sticky"" to your target when trying to use it multiple times. Traditionally, we try and avoid CC's without intense requirements on high damage abilities, but similar to Puncturing Strikes, cast time abilities are far harder to land at a frequent cadence, so we are more comfortable adding the snare here in addition to enabling a contextual stun with Off Balance."
skills,Online:Uppercut,8.1.5,"* Wrecking Blow (morph): Increased the duration of Empower granted to 5 seconds, up from 3."
skills,Online:Uppercut,8.3.5,* Fixed an issue where this ability and the Wrecking Blow morph would lose targeting far easier than the Dizzying Swing morph. ** Wrecking Blow (morph): This morph now also grants Major Berserk for 5 seconds. Now it's really time to wreck it.
skills,Online:Vampiric Drain,7.1.5,"* Vampiric Drain: This ability and its morphs now heal for 25% of your Missing Health per tick, up from 23%. The morphs also no longer rank up in 1.1% per damage done per rank and now rank up in morphed effects. ** Exhilaration Drain (morph): This morph now ranks up 1 additional Ultimate per rank which will be 5 at rank IV, up from 4. ** Drain Vigor (morph): This morph now gains 1% missing Stamina per rank which ends at 10% at rank IV, up from 5%."
skills,Online:Vampiric Drain,7.3.5,* Increased the damage done from this ability and its morphs by 50% per tick.
skills,Online:Vampiric Drain,8.0.5,* Fixed an issue where this ability and its morphs could be reflected despite being beams. Stop draining yourself!
skills,Online:Vanish,3.0.5,"* Fixed an issue where ranking up a summon ability (Unstable Familiar, Summon Winged Twilight, Feral Guardian, etc.) would unsummon your pet."
skills,Online:Varmiina's Visage,3.0.5,"* Fixed an issue where ranking up a summon ability (Unstable Familiar, Summon Winged Twilight, Feral Guardian, etc.) would unsummon your pet."
skills,Online:Veil of Shadows,4.0.5,* Clarified the tooltip for the Veil of Shadows passive ability to make it clearer that it reduces the range at which crimes can be detected.
skills,Online:Veil's Forfeit,12.0.5,"*Veil's Forfeit: This passive activates when directly healing a target below 66% Health, which allows you to use a corpse consuming ability against them within 10 seconds. This effect can occur once every second. Passively increases the duration of all sources of Major Vulnerability you apply by 50%."
skills,Online:Veiled Strike,1.4.4,* Concealed Weapon: Your stealthed movement speed bonus is no longer removed if another player character casts Shadow Cloak while stealthed.
skills,Online:Veiled Strike,1.5.2,* This ability will no longer stun and off-balance enemies who dodge the attack. * Concealed Weapon: The stealth speed bonus from this ability now persists if you weapon swap twice.
skills,Online:Veiled Strike,1.6.5,"* Fixed an issue with the impact sounds on the abilities Flurry and Veiled Strike. * Veiled Strike and its associated morphs will no longer stun enemies or cause them to go off-balance if they dodge the initial attack. * Surprise Attack: This morph is now a stamina-based ability, now applies the Major Fracture debuff, and will no longer reduce your target's armor if they dodge the initial attack."
skills,Online:Veiled Strike,2.3.6,* Fixed an issue where this ability was not playing the correct audio during impacts.
skills,Online:Veiled Strike,2.7.5,* Adjusted the order of the Active Abilities in this skill line. They now unlock in the following order: ** Veiled Strike ** Shadow Cloak ** Path of Darkness ** Aspect of Terror ** Summon Shade ***Developer Comment: The goal of this change was to make sure early skills in the trees are simpler and more damage focused.
skills,Online:Veiled Strike,3.3.5,* Fixed an issue where this ability and its morphs would still stun and set an enemy Off Balance even if they could detect you with detection potions.
skills,Online:Veiled Strike,5.0.5,"* Surprise Attack: This ability no longer applies Major Fracture. Instead, if you use the ability on the flank of an enemy (behind or at their sides), you reduce their Physical Resistance by 5%. This effect cannot stack, but will always prioritize the highest value. ** Developer Comment: Similar to the other changes, this pass was done to ensure the Nightblade has less moments of redundancy within its own kit. Since Mark Target exists primarily as the class' way to gain access to Major Fracture or Breach, having a morph of your main ability grant the same thing heavily reduced the value of having Mark Target. Note that this effect will not stack per caster, similar to the Crusher enchantment for weapons."
skills,Online:Veiled Strike,5.1.5,"* Concealed Weapon: Fixed an issue where casting this ability from crouch would apply the stun to your target, but not animate the stun."
skills,Online:Veiled Strike,5.2.5,"* Reduced the base cost of this ability and the Concealed Weapon morph to 2295, down from 2700, to ensure they stand out more appropriately as melee spammables such as Lava Whip or its morph, Surprise Attack."
skills,Online:Veiled Strike,6.0.5,"* This ability and its morphs now stun and set targets Off Balance when used from the flank of an enemy, rather than when you are stealthed or invisible. This change was done to offset the loss of the ability to activate this portion of the attack with the recent fixes to Heavy Attacks properly breaking invisibility."
skills,Online:Veiled Strike,6.3.5,"* Surprise Attack (morph): This morph now applies the Sundered Status Effect on hit, rather than reducing the target's Physical Resistance by 5% if you successfully flanked the target."
skills,Online:Veiled Strike,8.0.5,* Surprise Attack (morph): Fixed an issue where this morph had no upgrades as it ranked up. It will now deal 1.1% more damage per rank.
skills,Online:Veiled Strike,8.1.5,"* Veiled Strike: This ability and its morphs no longer stun targets when used from the flank. ** Surprise Attack (morph): This morph now also always Critically Strikes, up to once every 4 seconds, when flanking an enemy. ** Concealed Weapon (morph): *** This morph now passively grants Minor Expedition while slotted, instead of increasing your movement speed by 25% while in sneak or invisible. *** This morph now also increases your Damage Done by 7-10% for 5 seconds after leaving sneak or invisibility, or Major Expedition Ends while in combat. **Developer Comment: Currently, the Nightblade's melee spammable options are a bit behind other melee spammables in terms of both flavor and impact in PvE areas, so we're adjusting both morphs to give some love. Surprise Attack's morph option reinforces the need for positioning as an assassin and continues to add some minor damage with the Sundered proc, while Concealed Weapon retains its stealthy and agile emphasis with less restrictions and more reward for playing from the shadows. We're also taking away the ease of access of having crowd control on their primary ability to reduce some of their overbearing nature in PvP situations, ensuring they need to look to other tools and make operational costs for running CC options like other classes. This was originally added since the class lacked a potent crowd control option in their kit, which has been amended in this Update by improving the functionality of Aspect of Terror."
skills,Online:Veiled Strike,9.0.5,"* Concealed Weapon: This morph now grants its damage done bonus for 10 seconds if Major Expedition was active while it was cast, rather than for 5 seconds when Major Expedition ends or was refreshed, to ensure the skill is used actively rather than passively. The damage bonus still operates the same for leaving sneak or invisibility."
skills,Online:Veiled Strike,9.3.5,"* Concealed Weapon (morph): This morph now deals 10% increased damage at all times and deals an additional 10% damage for 15 seconds after leaving Stealth or Invisibility, rather than granting Major Berserk. This morph’s Minor Expedition and conditional requirement now persist through bar swap. **Developer Comment: Based on much of the feedback we’ve seen with this morph’s many iterations, we’re moving forward with a bonus that focuses on the ability itself to ensure it offers a stark and effective bonus, rather than a complicated bonus that makes the ability feel more like a management skill. Simultaneously, this will let us re-evaluate other parts of the Nightblade kit in the future, to find healthier spots to bring them up in PvE damage production without further complicating some of their PvP strengths."
skills,Online:Veiled Strike,10.1.5,"* Moved Veiled Strike and its morphs out of the Shadow skill line and into the Assassination skill line. Veiled Strike is now the first ability in the Assassination line, taking the place of Assassin's Blade. This means Veiled Strike and its morphs will now be treated as Assassination abilities and interact with augments that come from the Assassination skill line, rather than the Shadow skill line."
skills,Online:Vigor,1.6.5,* Vigor (new ability) ** This new ability will place a strong heal over time on allies within 10 meters for 5 seconds. ** Echoing Vigor: Increases the radius to 15 meters. ** Resolving Vigor: This ability will increase the heal value on yourself.
skills,Online:Vigor,2.1.4,"* Relocated this ability to Rank 5 in the Assault tree, from Rank 10."
skills,Online:Vigor,2.2.4,"* Apprentice ** Elfborn: Fixed an issue where this passive was incorrectly increasing critical values for abilities that did not scale off Spell Critical (such as Vigor, or Stamina morphs of class abilities). We also fixed an issue where this passive was increasing critical damage and healing less than intended. * Ritual ** Precise Strikes: Fixed an issue where this passive was not correctly increasing the critical value of healing or abilities that did not use Physical Damage (such as Vigor, or Stamina morphs of class abilities). We also fixed an issue where this passive was increasing critical damage and healing less than intended. This passive will also now properly increase healing from effects that scale off Stamina and Weapon Critical (such as Rally)."
skills,Online:Vigor,2.4.5,* Casting Vigor with a staff equipped will no longer make the staff go through your legs.
skills,Online:Vigor,2.5.5,* This ability and its morphs will now remove you from sneak or invisibility when cast.
skills,Online:Vigor,3.0.5,"* Increased the cost of this ability and its morphs by approximately 30%. ** Developer Comments: Vigor was too cheap for an area of effect healing ability, so we've increased its cost so there is more of an impact to keeping the heal over time buff active."
skills,Online:Vigor,4.3.5,* Fixed an issue where this ability and its morphs were unintentionally proccing abilities with a ranged attack prerequisite.
skills,Online:Vigor,5.1.5,"* Adhered this ability to our AoE HoT standards. * Increased the duration to 8 seconds from 5 seconds, but decreased the tick frequency to 2 seconds from 1 second. * Increased the healing per tick by approximately 33%. * Reduced the cost to 2984 from 3511. * Resolving Vigor: This morph doubles the frequency, halves the duration, and increases the healing per tick by approximately 43%, but now only targets your character. * Echoing Vigor: This morph continues to increase the radius, but also increases the duration per rank, up to 10 seconds at rank IV, allowing for 1 additional heal tick. It also no longer ranks up in 1.1% healing per rank."
skills,Online:Vigor,6.1.5,"* This ability is now first in the skill line to unlock, and has swapped places with Rapid Maneuvers in efforts to help builds focused on Stamina to have a healthier leveling experience. Previous XP gained in both of these skills will be retained, but if your Assault skill line is too low to obtain the 3rd skill, you will have to level it in order to gain access to Rapid Maneuvers again."
skills,Online:Vigor,8.1.5,"* This ability now lasts 10 seconds at base, up from 8. * Reduced the healing per tick of this ability and Echoing Vigor by approximately 17%. ** Echoing Vigor (morph): This morph now extends the duration by up to 6 seconds, up from 2. ** Resolving Vigor (morph): *** Increased the duration of the Heal over Time to 5 seconds, up from 4. *** This morph now grants Minor Resolve for 20 seconds after casting."
skills,Online:Vigor,8.2.5,* Resolving Vigor (morph): Reduced the healing from this morph by approximately 10%.
skills,Online:Vigorous Tentacular Eruption,3.0.5,"* Fixed an issue where ranking up a summon ability (Unstable Familiar, Summon Winged Twilight, Feral Guardian, etc.) would unsummon your pet."
skills,Online:Vinedusk Training,9.1.5,"*This passive now increases your damage done by 2/5% against enemies within 15 meters of you and increases your Critical Chance by 657/1314 against enemies that are further than 15 meters from you, rather than increasing your damage done with Bow attacks by 6/12% based on how far away you are *Renamed this passive to ""Vinedusk Training"" to accurately adjust its implications to its new functionality, with a flavorful lore twist. **Developer Comment: In order to help Bows feel more like additional tools for your character rather than their own isolated play style, we're expanding out this bonus two-fold to help it become a more viable option for different builds. Since this passive previously only enhanced other Bow attacks, it created situations where the weapon heavily dissuaded you to use other skills, making it feel restrictive rather than additive. By opening the bonus to work with any attack, we hope to help it feel more like other weapons as a way to synergize and play off your other actions. In addition, this passive's mini game was creating situations that heavily punished many different encounters both in PvP and PvE, where you had to maximize your range at all times from the target. By granting two individual bonuses for close range and further range, we can help enable more consistent power to the weapon, each with their own advantages, without creating frustrating game play experiences that further harmed synergy with other actions like class skills or group coordination."
skills,Online:Viper's Bite,3.0.5,"* Fixed an issue where ranking up a summon ability (Unstable Familiar, Summon Winged Twilight, Feral Guardian, etc.) would unsummon your pet."
skills,Online:Volcanic Arms,3.0.5,"* Fixed an issue where ranking up a summon ability (Unstable Familiar, Summon Winged Twilight, Feral Guardian, etc.) would unsummon your pet."
skills,Online:Volley,1.1.2,* Scorched Earth: Changed this ability's visual FX to help it stand out better from enemy fire area-effects.
skills,Online:Volley,1.4.3,"* Reduced the cost of this ability by approximately 30%, and removed the minimum range on this ability. * Scorched Earth: Fixed an issue with this ability where the red telegraph ring was bigger than the size of the effect."
skills,Online:Volley,1.5.2,* Fixed an issue with the bow ability Volley where the effects would stack and potentially cause performance issues. * This ability now deals damage for 5 seconds instead of 3. We also increased the damage per tick by 20%.
skills,Online:Volley,1.6.5,* Fixed an issue where Spear Shards and Volley would not hit an enemy using Shadow Cloak. * This ability and its respective morphs will now consistently hit targets that are using Shadow Cloak.
skills,Online:Volley,2.4.5,"* Fixed an issue where the visual effects from this ability and its morphs were not displaying when you cast it while silenced. * Scorched Earth: ** Renamed this morph to Endless Hail. ** Redesigned this morph so it now increases the duration of the arrow volley to 10 seconds, reduces the cost, and deals Physical Damage instead of Flame Damage."
skills,Online:Volley,2.5.5,* Fixed an issue where this ability and its morphs were erroneously triggering the Nightblade Shadow Barrier passive ability.
skills,Online:Volley,2.7.5,"* Fixed an issue where some weapon abilities (Blade Cloak, Volley, and Wall of Elements) could not proc Weapon Enchantments. * Adjusted the order of the Active Abilities in this skill line. They now unlock in the following order: ** Snipe ** Volley ** Magnum Shot ** Arrow Spray ** Poison Arrow"
skills,Online:Volley,3.0.5,"* Increased the cost of this ability and its morphs by approximately 30%. * Fixed an issue where this ability and its morphs were not lasting for their full duration, causing you to miss out on 2 ticks of damage."
skills,Online:Volley,3.0.8,* Fixed an issue where Maelstrom's Bow would lose an enchantment charge every time Volley and its morphs dealt damage. It should now only lose one charge for each cast of Volley and its morphs.
skills,Online:Volley,3.0.9,* Fixed an issue where alchemical poisons were causing certain persistent area of effect abilities (such as Volley or Wall of Elements) to terminate early.
skills,Online:Volley,3.1.5,"* In an effort to reduce the visual effect noise in group combat situations, we've hidden most visual effects from persistent damaging area of effect abilities cast by your allies. Area of effect abilities that have a synergy, healing, or defensive component that can benefit you will still be visible, and area of effect abilities cast by enemies will also still be visible."
skills,Online:Volley,4.3.5,"* Fixed an issue where the abilities from Volley or its morphs were unintentionally blockable. Since this ability is a ground-based, area of effect, damage over time ability, it is intended to follow the same rulesets of others in which it cannot be blocked or dodged. #Facts"
skills,Online:Volley,5.1.5,"* This ability and its morphs now deal damage every second, rather than every half second, and increased the damage per tick by approximately 11%. This will result in an overall damage loss. * Reduced the base cost to 2808 from 3510. * The range on all morphs is now 28 meters. * Arrow Barrage: This morph no longer extends the duration, but increased the damage per tick by approximately 20%. * Endless Hail: This morph no longer grants cost reduction, but now lasts 9 seconds and ranks to 12 seconds at Rank IV, rather than gaining 1.1% damage per tank."
skills,Online:Volley,5.2.5,"* Increased the base cost of this ability and its morphs to 4500, up from 2808. * The tooltips now properly mention their true duration."
skills,Online:Volley,5.3.4,"* Reduced the cost of this ability and its morphs to 3510, down from 4500."
skills,Online:Volley,8.1.5,"* Reduced the damage per tick by 12%. * Reduced the cost to 2700, down from 3510. ** Endless Hail (morph): This morph now increases the duration of the effect by 5 seconds, up from 4."
skills,Online:Volley,8.2.5,"* Fixed an issue where this ability and its morphs only used your Weapon Critical, rather than dynamically scaling with whatever was higher."
skills,Online:Wall of Elements,1.1.2,* Wall of Fire: Changed this ability's visual FX to help it stand out better from enemy fire area-effects.
skills,Online:Wall of Elements,1.3.3,* Elf Bane: This item set no longer decreases the tick rate on the Destruction Staff ability Wall of Fire.
skills,Online:Wall of Elements,1.4.3,* Shadow Cloak: This ability is no longer removed by the following ticking damage abilities. ** Agony ** Bat Swarm ** Caltrops ** Cripple ** Entropy ** Fire Rune ** Necrotic Orb ** Path of Darkness ** Soul Tether ** Trap Beast ** Volley ** Wall of Elements ** All elemental procs * Unstable Wall of Frost III: Fixed an issue where this ability was doing less damage than expected.
skills,Online:Wall of Elements,1.6.5,* Increased the durations of all ranks and morphs of Wall of Elements by 2 seconds. * Reduced the cost of Wall of Elements for all ranks. * The damage dealt by Wall of Elements will now stack correctly with other instances of Wall of Elements cast by other player characters that affect the same target. * Only one Wall of Element per caster may be active at any time. * Unstable Wall of Elements: Increased the explosion damage of this ability by 30% for all ranks. * Wall of Storms: Reduced the brightness of this ability's effects.
skills,Online:Wall of Elements,2.1.4,* Increased the base duration of this ability to 6 seconds from 4 seconds. * Fixed an issue where this ability didn't have a target cap. * Wall of Fire: This ability will now deal 20% more damage against burning targets. * Wall of Frost: Chilled enemies will now be immobilized for 4 seconds. * Elemental Blockade: Increased the duration to 8 seconds.
skills,Online:Wall of Elements,2.3.5,* Increased the damage for this ability and its morphs by 80%. * Fixed an issue where Wall of Storms and its morphs were not setting concussed enemies off balance. * Fixed an issue where the visual effects from Wall of Flame and Wall of Frost would not be removed when they were recast at a new location. * Blockade of Elements: Fixed an issue where the visual effects from this morph was fading too early. * Unstable Wall of Elements: Increased the damage from the final explosion from this morph by 75%. We also fixed an issue where the visual effects of the explosion from this morph did not match the actual damage.
skills,Online:Wall of Elements,2.6.4,* Penetrating Magic: Fixed an issue where this passive ability's Spell Penetration bonus was not applying to Wall of Elements.
skills,Online:Wall of Elements,2.7.5,"* Fixed an issue where some weapon abilities (Blade Cloak, Volley, and Wall of Elements) could not proc Weapon Enchantments. * Adjusted the order of the Active Abilities in this skill line. They now unlock in the following order: ** Force Shock ** Wall of Elements ** Destructive Touch ** Weakness to Elements ** Impulse"
skills,Online:Wall of Elements,3.0.9,* Fixed an issue where alchemical poisons were causing certain persistent area of effect abilities (such as Volley or Wall of Elements) to terminate early.
skills,Online:Wall of Elements,3.1.5,"* Added new icons for each of the elemental variants of Destructive Touch, Wall of Elements, and Impulse. * Fixed an issue where this ability and its morphs were not displaying correct tooltip information in their tooltip headers."
skills,Online:Wall of Elements,4.0.5,* Fixed an issue where Wall of Frost and its morphs were not snaring enemies further than 5 meters away from the beginning of the wall.
skills,Online:Wall of Elements,5.0.5,* Wall of Frost: Reduced the snare potency of this ability and its morphs to 40% from 60%.
skills,Online:Wall of Elements,5.1.5,"* Increased the duration of this ability and its morphs to 8 seconds from 6 seconds. * These abilities will now rank up in damage per rank, rather than cost reduction. * Decreased the cost to 3024 from 3510. * Decreased the damage per tick by approximately 33%. * Elemental Blockade: Increased the duration from this ability to 9 seconds from 8 seconds, which ranks up to 12 seconds. It also no longer reduces in cost per rank. * Unstable Wall of Elements: ** This morph no longer reduces in cost per rank, but increases in explosion damage. ** Increased the damage of the explosion by approximately 94%. ** Fixed an issue where the final DoT tick was being consumed by the explosion."
skills,Online:Wall of Elements,5.2.5,"* Increased the base duration of this ability and its morphs to 10 seconds, up from 8. * Increased base cost to 4950, up from 3024. * Reduced the damage per tick by approximately 18%."
skills,Online:Wall of Elements,5.3.4,"* Reduced the cost of this ability and its morphs to 3780, down from 4950. * Fixed numerous issues involving visual effects with this ability and its morphs."
skills,Online:Wall of Elements,6.2.5,"* The Frost version of this ability now applies a Damage Shield to you and 5 nearby group members that absorbs projectiles. * Wall of Frost and its morphs will now cost 4050 Magicka at base, rather than 3780. * Fixed an issue where the Shock version of this ability and its morphs was not capped at hitting 6 targets, despite having auxiliary debuffs. ** Elemental Blockade (morph): The Frost version of this morph now also applies an additional, smaller shield on you and group members in the area when it ends."
skills,Online:Wall of Elements,6.3.5,* Fixed a performance issue affecting the Unstable Wall of Frost morph.
skills,Online:Wall of Elements,7.0.5,"* Fixed an issue where some versions of these abilities were incorrectly labeled as other versions, gaining or missing out on the contextual bonuses such as the 20% bonus damage from Wall of Fire."
skills,Online:Wall of Elements,7.1.5,"* Fixed an issue where Wall of Fire and morphs' bonus damage against Burning targets didn't work past 9 seconds, meaning the final 5 seconds of Blockade of Fire could not benefit from it."
skills,Online:Wall of Elements,8.1.5,"* Reduced the damage per tick by approximately12%. * Reduced the cost to 2970, down from 3510. * Wall of Frost and its morphs now cost 3240, down from 3780. * Wall of Fire and its morphs now deal 10% increased damage against Burning enemies, down from 20%. ** Blockade of Elements (morph): This morph now increases the duration of the effects by 5 seconds, up from 4. ** Unstable Wall (morph): Decreased the damage of this morph's explosion by approximately 33%."
skills,Online:Wall of Elements,8.3.5,"* All versions of this ability and its morphs will now display a hostile telegraph to enemies. * Wall of Frost and its morphs will now apply Minor Breach and reduce the movement speed of enemies by 40% for 4 seconds when damaging a Chilled target, rather than Immobilized them for 4 seconds. **Developer Comment: In efforts to help reduce the amount of passive crowd control in the game, we're shifting the power of Wall of Frost's control to a snare, rather than an immobilize, while helping it gain some more use cases in PvE parts of the game."
skills,Online:War Horn,1.6.5,* All ranks and morphs of War Horn now grant the Max Health buff. * Aggressive Horn: This ability now grants the Major Force buff for 8 seconds instead of granting bonus weapon damage. We also adjusted the visuals for this ability to help improve performance and visual clarity. * Sturdy Horn: Increased the duration of this ability. This morph also now provides the Minor Resolve and Minor Ward buffs.
skills,Online:War Horn,2.1.4,* Sturdy Horn: Fixed an issue where Rank III of this ability was not applying bonus Magicka.
skills,Online:War Horn,4.2.5,* This ability and its morphs no longer grant Minor Toughness. ** Developer Comment: This Ultimate was providing too much power relative to other available choices. The Minor Toughness buff will still be available from the Warden class.
skills,Online:War Horn,4.3.5,"* War Horn & morphs now affect 12 targets instead of 24 ** Developer Comment: Due to the structure of our group sizes and targeting systems in place, we wanted a healthier balance in terms of how abilities hit targets. Previously, many abilities only hit 6 players (such as Molten Weapons or Frost Cloak), while other abilities hit 24 players (Rapids or Warhorn) which left a large disparity in their performance in how groups engaged with them. We used the Trial group size as a healthy medium since it was in the middle of 4-player dungeon content and large-scale warfare in Cyrodiil. Please note that we consider abilities that heal or do damage as higher impact, thus their additional affixes will continue to only hit 6 targets for the time being."
skills,Online:War Horn,5.1.5,"* Sturdy Horn: This ability no longer extends the duration of the bonuses or provides Minor Ward and Resolve. Instead, it will grant 15% worth of Critical Resistance to targets affected to operate as a counter to Aggressive Warhorn. * Aggressive Warhorn: The Major Force from this ability now lasts 10 seconds at rank IV, rather than 9.5 seconds. Be gone, duration based fractions."
skills,Online:War Horn,5.2.5,* This ability will now only apply to group members rather than allies.
skills,Online:War Horn,7.0.5,"* Sturdy Horn (morph): ** Increased the Critical Resistance granted from this Ultimate to 1320, up from 990, to match the adjustments to Major Force increasing to 20%. ** Fixed an issue where the Critical Resistance granted could be stacked per cast."
skills,Online:Warmth,4.1.5,* This ability now only snares targets when you deal direct damage with an Ardent Flame ability (was any type of damage). * Decreased the duration of the snare to 3 seconds for all ranks (previously 2/4 seconds).
skills,Online:Warmth,10.3.5,* Fixed an issue where this passive’s visual effects could become stuck on targets.
skills,Online:Warmth,11.0.5,"* This passive now causes direct damage from Ardent Flame abilities to increase the damage an enemy takes from your damage over time attacks by 3/6% and reduce their Movement Speed by 15/30%, instead of only reducing their Movement Speed."
skills,Online:Warmth,11.3.4,"* Renamed to Traumatic Burns. This passive now causes enemies you've damaged with a direct Ardent Flame ability to take 5% increased Flame Damage while reducing their movement speed for 5 seconds, rather than increasing your damage over time effects against them by 3/6% and reducing their movement speed for 3 seconds."
skills,Online:Warp Strike,3.0.5,"* Fixed an issue where ranking up a summon ability (Unstable Familiar, Summon Winged Twilight, Feral Guardian, etc.) would unsummon your pet."
skills,Online:Wayfarer,2.5.5,"* Shield Affinity: This passive ability has been renamed to ""Wayfarer."" Also, in addition to the current benefit it now increases the duration of any consumed food by 15 minutes."
skills,Online:Weakness to Elements,1.1.2,"* Elemental Drain: This passive ability's magicka restore will no longer erroneously trigger on damage-over-time ticks, or multiple times for a single ability cast."
skills,Online:Weakness to Elements,1.5.2,* This ability will no longer aggro monsters. Using this ability on a target that is already affected now properly refreshes the duration instead of removing it. This ability also now has a graphical effect.
skills,Online:Weakness to Elements,1.6.5,"* This ability now has no cost and can be applied to multiple targets, and now afflicts the target (or targets) with the debuff Major Spell Resistance Reduction for 18 seconds. * Elemental Susceptibility (morph): This ability now refreshes its duration when you damage the affected target."
skills,Online:Weakness to Elements,2.0.5,* Elemental Drain: Fixed an issue where multiple ranks of this ability could stack their magicka restore.
skills,Online:Weakness to Elements,2.4.5,* Elemental Susceptibility (morph): Fixed an issue where the visual effects were not being refreshed whenever the debuff from this morph was refreshed.
skills,Online:Weakness to Elements,2.7.5,"* Fixed an issue where some weapon abilities (Blade Cloak, Volley, and Wall of Elements) could not proc Weapon Enchantments. * Adjusted the order of the Active Abilities in this skill line. They now unlock in the following order: ** Force Shock ** Wall of Elements ** Destructive Touch ** Weakness to Elements ** Impulse * Elemental Drain (morph): This morph no longer restores a flat value of Magicka whenever you deal Flame, Frost, or Shock Damage to the target. Instead, it applies Minor Magickasteal to them."
skills,Online:Weakness to Elements,7.1.5,"* Elemental Susceptibility (morph): This morph now persists indefinitely, until the target leaves combat or dies, rather than lasting 20 seconds and refreshing whenever they take damage from you."
skills,Online:Weakness to Elements,7.1.6,"* Elemental Susceptibility (morph): Reworked this morph to no longer last until the target leaves combat, and instead increases the duration to 1 minute. While this ability is active, the target is afflicted with Burning, Chilled, or Concussion every 6 seconds."
skills,Online:Weakness to Elements,8.2.5,"* Increased the duration of this morph to 30 seconds at its final rank, up from 20. ** Elemental Drain (morph): This morph now increases the duration to 60 seconds at its final rank, up from 23. ** Elemental Susceptibility (morph): *** This morph now applies each elemental status effect (Burning, Chilled, AND Concussed) every 6 seconds, rather than applying a random of the three every 6 seconds. *** This morph no longer gains extended duration and now lasts 30 seconds, down from 60. *** Fixed an issue where the status effects from this ability could fail to apply. *** Increased the range to 35 meters at rank IV, up from 33 meters. **Developer Comment: We're moving around some of the morph diversity here to reinforce use case and define the power of each. Since Elemental Drain focuses on being more of a pure debuff, the duration extension feels more appropriate there, while Elemental Susceptibility reinforces the offensive bonuses we added a few patches back."
skills,Online:Weakness to Elements,8.3.5,"* Elemental Susceptibility: ** This morph's secondary effects are now tracked separately, rather than being linked to Major Breach. This will allow the status effects from the ability to continue while multiple applications are active, or when other sources of Major Breach apply and override this. ** Reduced the tick frequency to 7.5 seconds, down from 6."
skills,Online:Wellspring of the Abyss,10.3.5,"* This passive now increases your Health, Magicka, and Stamina Recovery by 40/81 for each Soldier of Apocrypha ability slotted, down from 64/129."
skills,Online:Werewolf Transformation,1.1.2,* Pack Leader: ** Reduced the ultimate cost for this ability. ** Fixed an issue where the ability could be removed earlier than intended.
skills,Online:Werewolf Transformation,1.3.3,* Fixed an issue where synergy prompts near you could remove your Werewolf Transformation. * Synergies besides the Werewolf's own Devour will no longer be visible if you're in Werewolf form.
skills,Online:Werewolf Transformation,1.5.2,"* Negative effects, such as Disorient, will no longer affect you while transforming. * All werewolf light attacks will now cause bleed damage. * Fully charged heavy attacks now restore stamina. * Werewolf tooltip now includes the bleed damage light attacks deal * Devoured enemies will no longer display a blinking texture. * Fixed an issue where CC break wasn't working for werewolves. * Having the Werewolf skill line now increases your Stamina regeneration by 15% in both Human and Werewolf forms. (You do not need to have a Werewolf ability on your skill bar.) * Fixed an issue where light attacks were getting desynced. * Fixed an issue where light attacks were stopping werewolf ability animations from playing. * Bleed damage on light attacks no longer has a delay, allowing you to now damage your enemy on every hit. * Slightly increased the damage done by heavy attacks. * Reduced the duration of the werewolf Ultimate. * The werewolf model will now load in more smoothly the first time you transform into a werewolf. * Reduced the cost to transform into a werewolf by 100. * Werewolf Berserker: This ability will now deal increased bleed damage instead of increasing attack speed. * Werewolf Transformation: Fixed an issue where killing an enemy while feared by this ability would cause the corpse to teleport forward a few meters. This ability also no longer claims ability damage is derived from just stamina."
skills,Online:Werewolf Transformation,2.1.4,"* Werewolf Transformation now grants Spell Resistance in addition to Physical Resistance, and the bonus Physical and Spell * Resistance has been increased to 151 per level/Veteran Rank from a base of 20 per level/Veteran Rank. ** For example, a Veteran Rank 14 player character would get 9664 Physical and Spell Resistance during their transformation. * You can now safely press the button for the werewolf ultimate repeatedly without fear of immediately reverting back to normal again. * Removed Stamina Regeneration from Lycanthropy; it now requires Werewolf Transformation to be slotted in your ability bar. * Reduced the poison damage you receive while in Werewolf form to 25% from 40%. * Fixed an issue which was allowing Negate Magic to pull Werewolves out of Werewolf Form. * Fixed an issue where heavy attacks would play twice before striking your target while in werewolf form. * You can no longer fish or use the dye station while in werewolf form. * Werewolves will no longer have an erroneous ""Attack Speed"" icon displayed on the character sheet while transformed."
skills,Online:Werewolf Transformation,2.1.5,* Fixed an issue where you could become stuck in the Werewolf Transformation animation when entering a Sanctuary location. * Fixed an issue where you could become stuck in the Werewolf Transformation animation if silenced while transforming.
skills,Online:Werewolf Transformation,2.2.4,* Using this ability will now consistently override any active costumes.
skills,Online:Werewolf Transformation,2.4.5,"* Fixed an issue where the fear from this ability and its morphs was not applying CC-immunity at the end of its duration. * Pack Leader: Redesigned this morph so it now summons 2 dire wolf companions to fight by your side for the duration of your transformation. If killed, the dire wolves will return after 16/14/12/10 seconds at Ranks I/II/III/IV respectively. * Werewolf Berserker: Updated the visuals for this morph so it now transforms you into a black-furred Werewolf with red eyes."
skills,Online:Werewolf Transformation,3.1.5,* Fixed an issue where some Werewolf abilities were not animating properly when weaving Light or Heavy Attacks with them.
skills,Online:Werewolf Transformation,3.3.6,* Fixed an issue where synergy prompts near you could remove your Werewolf Transformation.
skills,Online:Werewolf Transformation,4.1.5,"* Improving the Werewolf gameplay and quality of life: Several abilities received significant adjustments, leveling the skill line is considerably easier, and Werewolves are now capable of doing more core combat actions such as resurrecting or using synergies. * Developer Comments - Werewolf Changes: There were a significant number of changes made to Werewolf this update. Some of these changes were made to improve the quality of life with leveling and maintaining the form, while others open up new gameplay possibilities.: First, you'll find leveling and maintaining your Werewolf is now considerably easier. The Devour passive is now granted automatically from the very start, so you can sustain the form better at lower levels before you've unlocked all the other skills. We've also significantly reduced the experience requirements to morph all skills.: Second, you'll be able to do more core combat actions as a Werewolf, such as resurrecting your allies or using Synergies. Werewolves will have a much easier time engaging in group content now that they can help their friends more effectively. This, coupled with some other changes such as the Blood Rage passive triggering on damage dealt instead of damage taken, means they can be more viable in group PvE activities such as dungeons.: Finally, many morphs and abilities were changed to improve the cohesiveness of the Werewolf kit. Some combos and effects that weren't very effective have been removed, while others were tweaked to better support the fast and ferocious playstyle of the Werewolf. As an example, we removed the stuns from Pounce and Piercing Howl, but dramatically improved Roar by making it instant cast, fear more targets, and have more competitive morph effects. * Werewolf Transformation: ** You can now resurrect other players while transformed. ** You can now use synergy abilities while transformed. You will use a unique Werewolf-themed animation instead of the synergy's usual animation. ** You can now use Siege Weapons while transformed. ** Your Werewolf timer will no longer tick down while you are reviving in place while transformed. ** Updated the tooltip of this ability and its morphs to better describe all the additional effects of transforming. ** Fixed an issue where ranking up this ability and its morphs would transform you out of werewolf form. ** This ability and its morphs no longer increase your Movement Speed or your Spell and Physical Resistance as a baseline effect. These bonuses have been moved to passive abilities in the skill line. *** Developer Comments: These bonuses were moved to passive abilities to help reinforce the feeling of progression you get from leveling the Werewolf skill line. It also allows for extra space to add more information to the Werewolf Transformation tooltip about all the other bonuses you have while transformed, such as your Max Stamina being increased or your Heavy Attacks dealing splash damage. ** Pack Leader: *** The direwolves now scale with the bonuses from damage done. *** The direwolves now randomly alternate between 2 direct damage abilities, previously 4, and they no longer use a non-damaging snare ability. *** Fixed an issue where the direwolves would throttle their attacks against the same target. They now attack much more rapidly. *** Fixed an issue where the direwolves would not respawn with you whenever you respawned. * All Werewolf abilities now require less experience to morph. The experience requirements to level up the Werewolf abilities now match the Weapon Skill Line abilities, and the Werewolf Transformation Ultimate experience requirement now matches Class Ultimate abilities. * Fixed an issue where casting another ability while in the middle of a Werewolf Heavy Attack would cancel the Heavy Attack, instead of queuing the ability to cast when the Heavy Attack completed."
skills,Online:Werewolf Transformation,4.2.5,* Werewolf Transformation: Fixed an issue where the transformation from this ability and its morphs was being removed from you if you zoned into a new area. * Pack Leader: Fixed an issue where using a Heavy Attack against an enemy would not cause your Direwolves to target that enemy.
skills,Online:Werewolf Transformation,4.3.5,* Fixed an issue where the bleed applied from Light Attacks while in Werewolf Transformation or its morphs could still trigger Enchantments. * Fixed an issue where your character would turn invisible when transforming back into human form after jumping to a new area.
skills,Online:Werewolf Transformation,5.0.5,"* Werewolf Bleed: Adjusted this ability and its morphs to follow our standardized Damage over Time ruleset. ** Total duration decreased to 4 seconds from 8 seconds. ** Added a 1 second delay between the initial hit and the first tick. ** Decreased the damage per tick by approximately 15% for the base and Pack Leader morph. ** Increased the damage per tick by approximately 24% for the Berserker morph. ** These abilities can no longer refresh once they are applied to a target. *** Developer Comment: Previously, a big portion of Werewolf's burst damage came from the fact that their bleed applied from their Light Attacks dealt damage immediately, and could be spammed in quick succession. This made up for the fact that immediately Light Attacking would refresh the bleed. Now with the delay, we wanted to ensure you couldn't miss the damage, so we're making sure these bleeds couldn't refresh if they were already active. In addition to this, we've noticed a large disparity of the performance between the Pack Leader and Berserker morph, and are currently in the midst of investigating a healthier balance between the two, other than merely adding more damage to one."
skills,Online:Werewolf Transformation,5.1.5,"* Reduced the damage dealt by your Light and Heavy Attacks with this ability and its morphs by approximately 17%. * Increased the range of the Light Attacks to 7 meters from 5 meters, and the Heavy Attacks to 10 meters from 7 meters. This was done to help preserve the same distance from standard forms, since your character size increase was not applying to the range of your abilities, causing your attacks to appear as if they lost range. * This ability and the Pack Leader morph no longer apply a bleed to enemies hit with Light Attacks, or deal area damage with Heavy Attacks. * Pack Leader: ** The Direwolves can no longer be targeted or die. ** Reduced the damage of the Direwolves' Gnash attack by approximately 70%, and decreased the frequency of its attack speed to 2 seconds from 1 second. ** Gnash now applies Minor Maim to enemies hit for 4 seconds. ** Reduced the damage of the Lunge attack by approximately 60%. ** Lunge will now be cast every 10 seconds, rather than have a 25% chance every 3 seconds to cast. ** Lunge will now snare enemies hit by 30% for 4 seconds. ** The Direwolves will now return to your side if you travel far enough away from them, since they are lost and confused without their leader of the pack. * Werewolf Berserker: Increased the damage of the bleed from your Light Attacks by 25%. ** Developer Comment: The werewolf morphs were initially designed to have Pack Leader emphasized on utility, while Berserker was meant to be the offensive and raw damage choice. Due to the Direwolves' damage and attack speed, Berserker was constantly eclipsed, and Pack Leader wasn't provided much utility other than causing target complications for enemies. Now, Pack Leader allows your doggos to enfeeble your foes, while Berserker lets you rip and tear."
skills,Online:Werewolf Transformation,5.2.5,* Fixed many issues where this ability could persist without meeting the proper requirements. * Werewolf Berserker (morph): ** Decreased the damage per tick of the bleed applied from this morph by approximately 36%.
skills,Online:Werewolf Transformation,6.0.5,"* Pack Leader (morph): This morph no longer causes your Direwolves to apply Minor Maim to enemies when they deal damage. Instead, while you are transformed you gain 10% damage mitigation and you passively grant you and 11 other nearby allies Minor Courage."
skills,Online:Werewolf Transformation,6.2.5,* Transforming into a Werewolf in front of NPCs will now properly be considered a criminal act and generate Infamy.
skills,Online:Werewolf Transformation,6.3.5,"* Pack Leader (morph): The direwolves summoned from this Ultimate no longer taunt enemies and cause them to behave erratically, since they cannot be targeted."
skills,Online:Werewolf Transformation,10.0.5,"* This Ultimate and its morphs' Light and Heavy Attacks now deal Bleed Damage, rather than Physical. *These attacks now have a chance to apply their status effect (now Hemorrhaging), with Light Attacks at 3%, partially charged Heavy Attacks at 5%, and fully charged Heavy Attacks at 10%. ** Developer Comment: Lacking a second ability bar, those with the beast within them have a harder time interacting with status effects and have fallen a bit further behind in damage production than we'd like. We're throwing them a bone by letting these attacks have a small passive chance to apply them, while making their build paths slightly more diverse with status effect chance being a bit more enticing. This won't be a silver bullet to solve their damage deficits, but werewolves don't like silver."
skills,Online:Werewolf Transformation,10.1.5,* Pack Leader (morph): Fixed an issue where the direwolves from this morph could cause some monsters to despawn immediately upon entering combat with them.
skills,Online:Werewolf Transformation,11.2.6,"* Werewolf Berserker (morph): Fixed an issue where the area portion of Heavy Attacks granted from this morph did not line up with the tooltip description and gained an additional 2750 damage that was unlisted. To offset some of this reduction in power that comes with this fix, the Heavy Attack area damage will no longer see a damage penalty and instead scale for the same damage as the base Heavy Attack. This will result in a reduction in power with lower base stats, but an increase in power with higher stats (for example, a character with less than 5000 Weapon or Spell Damage and 22000 Stamina or Magicka would see a decrease in power - but an increase at and above those ranges.)"
skills,Online:Werewolf Transformation,12.0.5,"*Werewolf Transformation: **This Ultimate and its morphs have been largely reworked in regards to how they function to cast and manage. These Ultimates now only require 100 Ultimate to activate but will continue to drain 100 Ultimate every 10 seconds while they are active. Failing to have 100 Ultimate when the cost per tick occurs will forcibly de-transform you. The cost to maintain transformation is now completely disabled outside of combat, to help mitigate the need to constantly engage in combat. Ultimate generation is no longer disabled while transformed, making it the primary method of sustaining your form. **Completely rescripted the backend of the transformation, resulting in all Werewolf effects and passives to only apply while Transformed and a college dissertation level of data structuring changes, rather than applying permanently and constantly checking if you’re in Werewolf form. This should have no observable changes in behavior (unless called out otherwise in further sections), and is largely non-player facing and only aims at helping cut down on combat calculations for Werewolf characters (we saved 15 whole effects, which is a new record). However, if you experience issues where you lose access to passives or other effects while in Werewolf form, please let us know! **Transforming into a Werewolf no longer increases your Maximum Stamina by 30%. Instead, all Werewolf abilities that scale with Stamina or Magicka will now be 30% more dense in their scaling, allowing for similar levels of combat power as before, without the added bonus of having a deeper resource pool. **Reduced the Poison damage taken while transformed to 10%, down from 25%. **Werewolf Stamina costing abilities (aside from the core combat mechanics such as Block, Bash, Dodge, or Prowl) now cost 1/3rd of their ability category counterpart, rather than costing 25% more. This was done to help open more potential build opportunities for non-Stamina damage dealers to utilize Werewolf, while also adding to the sensation that this Ultimate is a transformation that makes you more powerful in some capacity. The cost is now almost exclusively on maintaining the form, rather than the form and your normal resources - helping simplify its combat loop and letting you focus while the beast is unleashed. **Werewolf combat actions no longer see a 15% damage increase in their scaling. We’ll cover this more in each ability, but fear not, Werewolves are stronger than they were before in most cases with some other adjustments. **The unique bar that activates while in Werewolf form has been reworked to house a new mechanic, called “Fury”. Fury is a unique resource that generates from activating Werewolf abilities while in combat. It stores up to 1000, and each ability activated grants 15 at base. Fury does not decay, but leaving Werewolf form will result in losing all built-up Fury. Morphs and passives both can expedite the amount of Fury generated or can even add more forms of generating it. While you have 1000 Fury, your Ultimate ability will be replaced with “Rampage.” Activating Rampage drains all Fury and grants you a 20 second window of increased power, increasing your Movement Speed by 20%, damage done by 15%, and removes the cost of all Werewolf abilities, including the Transformation. Activating Rampage will temporarily disable your ability to activate the Werewolf Transformation again, to create the sensation of loss of control to this inner beast, as well as making it harder to accidentally activate and immediately lose the effect if you input the button multiple times and de-transform. **Werewolf Light Attacks no longer have their base damage capped at 4813 like other Light Attacks, in efforts to help add more potential damage while transformed. ***Werewolf Berserker: This morph now grants Major Berserk while transformed. Updated the Bleed from this morph to apply on Light and Heavy Attacks, rather than only Light Attacks. The Bleed now appears to stack up to 5 times in total and upon reaching 5 stacks, the 1 second delay will be removed, allowing you to deal much more consistent damage while sticking to a target. Stacks do not augment damage or duration. The Bleed no longer fails to reapply if it is already active, meaning the first few Light Attacks will result in a damage decrease, while drastically increasing beyond. Reduced the duration of the Bleed to 1 second against players, down from 4. Reduced the damage scaling by ~35.5% on the Weapon and Spell Damage and ~16% for the Magicka and Stamina. Heavy Attacks in this form no longer create an area of effect in a cone around the target. This morph now also improves Devour, which will be explained in the passive section. ***Pack Leader: This morph now increases the amount of damage you can block by 30% and grants Major Protection while transformed, rather than a unique 10% damage reduction. It continues to spawn 2 direwolves and grants you and nearby group members Minor Courage. This morph also improves Rampage to Enduring Rampage, which adds 4000 Health recovery to the base effects. ****Adjusted the attack speed of the direwolves to happen at a more consistent pace, rather than going in between erratically fast and slow attacks. Fixed an issue where the damage of the direwolves did not dynamically scale with your offensive stats. Fixed an issue where the damage done was missing rank up progression built in, resulting in a 3.3% damage increase. Added some minor variance to their attacks so they do not perfectly attack in unison, making them feel less like a hive mind entity and more like wolves fighting in a pack."
skills,Online:Whirlwind,1.2.3,* This ability no longer increases the damage of weapon enchantments.
skills,Online:Whirlwind,2.3.5,* Steel Tornado: Decreased the radius of this morph to 9 meters on all Ranks from 11/11.5/12/12.5 meters on Ranks I/II/III/IV. This morph now gains slightly more damage as it ranks up.
skills,Online:Whirlwind,2.7.5,* Adjusted the order of the Active Abilities in this skill line. They now unlock in the following order: ** Flurry ** Twin Slashes ** Whirlwind ** Blade Cloak ** Hidden Blade
skills,Online:Whirlwind,3.3.5,"* The damage from this ability and its morphs can now be blocked, but cannot be dodged."
skills,Online:Whirlwind,5.0.5,"* Increased the base damage of this ability and morphs by 50%, but removed the execute bonus. * Reduced the base cost to 3510 from 3780. * Increased the radius of this ability and the Whirling Death morph to 6 meters from 5 meters. * Steel Tornado (morph): Removed the execute bonus, but reduced the base cost to 3240 from 3510. * Whirling Blades (morph): ** Removed the reduced cost and Major Endurance on hit, and reintroduced the execute bonus to this morph. ** Reduced the execute threshold for this ability to 50% from 100% in order to reduce instances where it was out performing single target ""spammable"" attacks. * Developer Comment: Previously, this ability and its morph were overloaded with their execute multiplier, which stacked on top of the passive execute multiplier of the skill line. We've now brought the base line performance of this ability into the same realm of our other Direct Damage Area of Effect abilities in damage, cost, and area coverage. The morphs now allow for increased area coverage and reduced drain, or increased overall damage to targets."
skills,Online:Wild Adaptation,12.0.0,"*Wild Adaptation: This passive increases your Weapon and Spell Damage by 333 for each status effect your target has on them, up to a max of 1665. Note this can also apply to friendly targets!"
skills,Online:Wildfire Embers,12.0.0,"*This passive upgrades your Dragonknight damage over time effects that apply to enemies (Searing Strike, Dragonfire Breath, Burning Talons, Shatterspike Mantle) to apply a unique 12 second damage over time effect on enemies whenever the triggering abilities end. This damage effect stacks up to 12 times, increasing by 25% damage per stack past 1 (up to 275%)"
skills,Online:Wind Walker,1.2.3,"* Adjusted this ability so it now reduces the cost of stamina abilities by 1% per piece of medium armor equipped, and 2% at rank 2."
skills,Online:Wind Walker,1.4.4,* This ability now reduces stamina costs by 14/21% at Rank I and Rank II.
skills,Online:Wind Walker,3.0.5,"* This passive ability now reduces the cost of your Stamina abilities by 1/2% per piece of Medium Armor, down from 2/3%."
skills,Online:Woodworking (skill),4.1.5,"* Updated the base-rank icons for Metalworking, Tailoring, Woodworking, and Solvent Proficiency to match the facing of subsequent ranks."
skills,Online:World in Ruin,2.4.5,"* World in Flame: Renamed this passive ability to World in Ruin. In addition, this passive ability now also increases the damage of Poison area of effect abilities, in addition to Flame area of effect abilities."
skills,Online:World in Ruin,4.1.5,* This ability now also increases the damage over time component of Fiery Breath and its morphs.
skills,Online:World in Ruin,4.2.5,"* This ability no longer increases the damage of Poison area of effect abilities by 3/6%. It now reduces the Stamina cost of all Poison abilities by 12/25%. The Flame bonuses of this passive remain unchanged. **Developer Comment: Since there are so few Poison AoE abilities, this passive didn't feel very impactful. This change is aimed at helping Stamina Dragonknights' sustain in a unique manner. *Fixed an issue where this passive was not reducing the cost of Trapping Webs and its morphs."
skills,Online:World in Ruin,7.2.5,"* This passive now increases your damage done with Flame and Poison attacks by 2/5%, rather than increasing your damage done with Area of Effect Flame attacks by 3/6% and reducing the cost of your Poison abilities by 12/25%. **This passive has been holding back the class in terms of PvE damage output for quite some time, pigeonholing the class into unsynergetic and often redundant combinations. While the sustain portion of the effect for Stamina-based Dragonknights had some cool niche gameplay, we feel like it missed the mark as a general passive for the class."
skills,Online:World in Ruin,11.3.4,* Burning Heart World in Ruin: This passive now increases your damage done with area- and over-time attacks by 3
skills,Online:Y'ffre's Endurance,1.2.3,* Vigor: This Wood Elf racial passive's effectiveness has been increased by 50%.
skills,Online:Y'ffre's Endurance,1.6.5,"* Y'ffre's Endurance: The Wood Elf racial skill Exhilaration (formerly Vigor) has been replaced with Y'ffre's Endurance, which grants an increase of 7%/14%/21% to Stamina Regeneration while in combat."
skills,Online:Y'ffre's Endurance,4.3.5,* Gain 21% Stamina Recovery → Increases your Stamina Recovery by 258.
skills,Online:Zone of Recuperation,3.0.5,"* Fixed an issue where ranking up a summon ability (Unstable Familiar, Summon Winged Twilight, Feral Guardian, etc.) would unsummon your pet."
