page,bonus_1,bonus_2,bonus_3,bonus_4,bonus_5,bonus_6,bonus_7,bonus_8,bonus_9,bonus_10,bonus_11,bonus_12,Trail.1,Online Update.type,ESO Sets With.1,ESO Sets With.3,ESO Sets With.2,ESO Sets With.4,ESO Sets With.5,ESO Sets With.settype,ESO Sets With.6,ESO Sets With.source,ESO Sets With.7,ESO Sets With.8,ESO Sets With.9,ESO Sets With.10,ESO Sets With.11,Mod Header.1,ESO Sets With.dlc,ESO Sets With.12,ESO Weapon Damage Link.3,ESO Health Link.1,ESO Sets With.13,ESO Stamina Link.1,ESO Magicka Link.1,Item Link.quality,ESO Sets With.14,Item Link.id,Item Link.summary,Item Link.1,about.1,about.2,about.3,ESO Magicka Link.2,ESO Stamina Link.2,ESO Sets With.15,Place Link.1,ESO Sets With.dungeon,ESO Sets With.chest,ESO Sets With.boss,Item Link.2,icon.1,icon.2,ESO Quality Color.1,ESO Quality Color.2,ESO Ultimate Link.1,icon.al
Online:Abyssal Brace,,Adds 25-1096 Maximum Stamina,Adds 25-1096 Maximum Stamina,Adds 28-1206 Maximum Health,"While you are Bracing, you and group members within 12 meters of you gain Minor Evasion, reducing damage from area attacks by 10%.",,,,,,,,Sets,itemset,Maximum Stamina,Maximum Health,Double Maximum Stamina,Double Maximum Health,Block Bonus,Heavy Armor,Group Bonus,Scrivener's Hall,Distance Bonus,Minor Evasion,5-Piece Bonus,Heavy Armor,Any Weapon,Scribes of Fate,Scribes of Fate,Jewelry,,28-1206 Maximum,,25-1096 Maximum,,,Scribes of Mora Style,,,,,,,,,,,,,,,,,,,,
Online:Adamant Lurker,,Adds 3-129 Health Recovery,Adds 28-1206 Maximum Health,Adds 3-129 Health Recovery,Gain 35-1505 Health Recovery while you are standing still.,,,,,,,,Sets,itemset,Health Recovery,Double Health Recovery,Maximum Health,Standing Still Bonus,Triple Health Recovery,Heavy Armor,5-Piece Bonus,Apocrypha/Telvanni Peninsula,Heavy Armor,Any Weapon,Jewelry,Dead Keeper Style,,Necrom,Necrom,,,3-129,,,,,,,,,,,,,,,,,,,,,,,,,
Online:Adept Rider,,Adds 34-1487 Armor,Adds 34-1487 Armor,Adds 28-1206 Maximum Health,"Gain Gallop and Major Expedition at all times, increasing your Movement Speed by 30% and Mounted Speed by 15%.",,,,,,,,Sets,itemset,Physical/Spell Resistance,Double Physical/Spell Resistance,Double Physical/Spell Resistance,Maximum Health,Gallop,All Weights,Major Expedition,Shimmerene Dockworks,5-Piece Bonus,Light Armor,Medium Armor,Heavy Armor,Any Weapon,Summerset,Summerset,Jewelry,,28-1206 Maximum,Crafting Site(s),,,,,,,,,,,,,,Shimmerene Dockworks,,,,,,,,,,
Online:Aegis Caller,,Adds 3-129 Weapon Damage and Spell Damage,Adds 15-657 Critical Chance,Adds 3-129 Weapon Damage and Spell Damage,"When you deal critical damage with a Martial melee attack, summon a Lesser Aegis for 11 seconds. After 2.5 seconds, the Lesser Aegis spins its blades, dealing 478 Bleed Damage every 1 second. This effect can occur once every 12 seconds and scales off the higher of your Weapon Damage and Spell Damage.",,,,,,,,Sets,itemset,Weapon/Spell Damage,Double Weapon/Spell Damage,Weapon/Spell Critical,Critical Damage Bonus,Melee Damage Bonus,Medium Armor,Summon,Unhallowed Grave,Bleed Damage,Damage Over Time,Area of Effect,5-Piece Bonus,Medium Armor,Harrowstorm,Harrowstorm,Any Weapon,y,,Jewelry,,,,Pyre Watch Style,,,,,,,,,,,,,,,,,,,,
Online:Aegis of Galenwe,,Adds 28-1206 Maximum Health,"Gain Minor Aegis at all times, reducing your damage taken from Dungeon, Trial, and Arena Monsters by 5%.",Adds 4% Healing Taken,"When you Block, you grant Empower to 11 other group members within 15 meters for 3 seconds, increasing the damage of their Heavy Attacks against monsters by 150%. This effect can occur once every 2 seconds.",,,,,,,,Sets,itemset,Maximum Health,Increase Healing Received,Minor Aegis,Block Bonus,Group Bonus,Heavy Armor,Full Group Bonus,Cloudrest,Empower,Distance Bonus,5-Piece Bonus,Heavy Armor,Any Weapon,Summerset,Summerset,Jewelry,,28-1206 Maximum,Welkynar Style,,,,,,,,,,,,,,,,,,,,,,,,
Online:Aerie's Cry,,Adds 34-1487 Offensive Penetration,Adds 3-129 Weapon Damage and Spell Damage,Adds 3-129 Weapon Damage and Spell Damage,"Dealing damage with a Light Attack applies Eagle's Mark to your target for 12 seconds. Eagle's Mark causes an eagle to attack your target every 3 seconds after a 3 second delay, dealing 856 Physical damage per attack. Applying Eagle's Mark grants you Aerie's Call for 12 seconds, increasing your damage done by 10% against enemies with Eagle's Mark. This effect can occur every 3 seconds. You can have one Eagle's Mark active at a time.",,,,,,,,Sets,itemset,Physical/Spell Penetration,Weapon/Spell Damage,Weapon/Spell Damage,Double Weapon/Spell Damage,Light Attack Bonus,All Weights,Damage Over Time,Infinite Archive,Physical Damage,Class Abilities Bonus,5-Piece Bonus,Light Armor,Medium Armor,,,Heavy Armor,y,,Any Weapon,,,,Jewelry,,,,,,,,,Gardener of Seasons Style,,,,,,,,,,,
Online:Aetherial Ascension,,Adds 34-1487 Armor,Adds 28-1206 Maximum Health,Adds 34-1487 Armor,"Adds 171-7377 Armor. Increases the cost of Block, Sprint, Dodge, and Break Free by 20%.",,,,,,,,Sets,itemset,Physical/Spell Resistance,Double Physical/Spell Resistance,Maximum Health,Triple Physical/Spell Resistance,Reduce Damage Taken,All Weights,Drawbacks,Philosopher's Cradle,5-Piece Bonus,Light Armor,Medium Armor,Heavy Armor,Any Weapon,Markarth,Markarth,Jewelry,,28-1206 Maximum,Crafting Site(s),,,,,,,,,,,,,,Philosopher's Cradle,,,,,,,,,,
Online:Aetheric Lancer,,Adds 3-129 Weapon Damage and Spell Damage,Adds 15-657 Critical Chance,Adds 3-129 Weapon Damage and Spell Damage,"Dealing damage with Burning Light twice within 30 seconds creates a 5 meter area for 5 seconds. This effect can occur once every 3 seconds. While in the area, dealing damage with an Aedric Spear ability launches a spear at your target, dealing 1684 Magic damage and applying Sundered and increasing your Weapon Damage and Spell Damage by 300 for 10 seconds. The damage scales off the higher of your Weapon Damage and Spell Damage.",,,,,,,,Sets,itemset,Weapon/Spell Damage,Double Weapon/Spell Damage,Weapon/Spell Critical,Skill Bonus,Area of Effect,All Weights,Magic Damage,Infinite Archive,Apply Status Effects,5-Piece Bonus,Light Armor,Medium Armor,Heavy Armor,,,Any Weapon,y,,Jewelry,,,,Wrathsun Style,,,,,,,,,,,,,,,,,,,,
Online:Affliction,,Adds 3-129 Weapon Damage and Spell Damage,Adds 3-129 Weapon Damage and Spell Damage,Adds 34-1487 Offensive Penetration,"When you deal damage, you deal 330 Disease damage to the target. The enemy is then afflicted with the Diseased status effect, applying Minor Defile to the target, reducing their Healing Received and damage shield strength by 6% for 4 seconds. This effect can occur once every 4 seconds and scales off the higher of your Weapon Damage and Spell Damage.",,,,,,,,Sets,itemset,Weapon/Spell Damage,Stamina Recovery,Maximum Stamina,Disease Damage,Apply Status Effects,Heavy Armor,Minor Defile,Vlastarus,5-Piece Bonus,Heavy Armor,Any Weapon,Jewelry,Alliance Style,,,Alliance Point Cost,y,,,,,,,,,,,,,,,,,,,,,,,,,,
Online:Agility (set),,Adds 40-1752 Maximum Stamina,Adds 4-206 Weapon Damage and Spell Damage,,,,,,,,,,Sets,itemset,Maximum Stamina,3-Piece Bonus,Weapon/Spell Damage,Any Weapon,Jewelry,Three Piece,,Clawed Trophy Vault Monstrous Tooth Trophy Vault,,,,,,Imperial City,Imperial City,,y,,,40-1752 Maximum,,,,,,,,,,,,,,,,,,,,,,,
Online:Akaviri Dragonguard,,Adds 3-129 Magicka Recovery,Adds 4% Healing Taken,Adds 28-1206 Maximum Health,Reduces the cost of your Ultimate abilities by 15%.,,,,,,,,Sets,itemset,Magicka Recovery,Increase Healing Received,Health Recovery,Maximum Health,Reduce Ultimate Cost,Heavy Armor,5-Piece Bonus,Eastmarch,Heavy Armor,Any Weapon,Jewelry,Nord Style,,,,,,28-1206 Maximum,,,3-129,3,,43035,1,Bonelord's Annihilator of the Dragon,,,,Recovery,,,,,,,,,,,,,
Online:Alessia's Bulwark,,Adds 34-1487 Armor,Adds 28-1206 Maximum Health,Adds 34-1487 Armor,"When you take damage from a Martial melee attack, you reduce the attacker's Weapon Damage and Spell Damage by 6-300 for 5 seconds.",,,,,,,,Sets,itemset,Physical/Spell Resistance,Double Physical/Spell Resistance,Double Physical/Spell Resistance,Maximum Health,Counterattack,All Weights,Reduce Enemy Damage Done,,5-Piece Bonus,Light Armor,Medium Armor,Heavy Armor,Any Weapon,,,Jewelry,y,28-1206 Maximum,Crafting Site(s),,,,,,,,,,,,,,,,,,,,,,,,
Online:Alessian Order (set),,Adds 34-1487 Armor,Adds 34-1487 Armor,Adds 28-1206 Maximum Health,"Increase your Health Recovery by 2% of your sum total Physical Resistance and Spell Resistance, up to a maximum of 1320. Current Bonus Health Recovery: 0.",,,,,,,,Sets,itemset,Physical/Spell Resistance,Double Physical/Spell Resistance,Double Physical/Spell Resistance,Maximum Health,Health Recovery,Heavy Armor,5-Piece Bonus,Vlastarus,Heavy Armor,Any Weapon,Jewelry,Alliance Style,Alliance Point Cost,,,,,28-1206 Maximum,,,,,,,,,,,,,,,,,,,,,,,,,
Online:Almalexia's Mercy,,Adds 28-1206 Maximum Health,Adds 34-1487 Armor,Adds 34-1487 Armor,"When you take damage, you heal you and your group members within 7 meters of you for 1412 Health over 3 seconds. This effect can occur once every 3 seconds and scales off the higher of your Max Magicka or Stamina.",,,,,,,,Sets,itemset,Maximum Health,Double Physical/Spell Resistance,Physical/Spell Resistance,Double Physical/Spell Resistance,Counterattack,Light Armor,Restore Health,Cropsford,Group Bonus,Distance Bonus,Heal Others,Light Armor,Alliance Style,,,Alliance Point Cost,,28-1206 Maximum,5-Piece Bonus,,,,,,,,,,,,,,,,,,,,,,,,
Online:Amber Plasm,,Adds 25-1096 Maximum Magicka,Adds 15-657 Critical Chance,Adds 3-129 Weapon Damage and Spell Damage,Adds 5-245 Health Recovery,,,,,,,,Sets,itemset,Maximum Magicka,Weapon/Spell Damage,Weapon/Spell Critical,Stamina Recovery,Magicka Recovery,Light Armor,Health Recovery,Ruins of Mazzatun,5-Piece Bonus,Light Armor,Any Weapon,Jewelry,Mazzatun Style,Shadows of the Hist,Shadows of the Hist,,y,5-245,,5-245,25-1096 Maximum,,,,,,,,,Recovery,Recovery,,,,,,,,,,,,
Online:Ancient Dragonguard,,Adds 28-1206 Maximum Health,Adds 3-129 Weapon Damage and Spell Damage,Adds 15-657 Critical Chance,Adds 6-300 Weapon Damage and Spell Damage while your Health is above 50%. Adds 80-3460 Physical Resistance and Spell Resistance while your Health is 50% or less.,,,,,,,,Sets,itemset,Maximum Health,Weapon/Spell Critical,Weapon/Spell Damage,Near Death Effect,Physical/Spell Resistance,All Weights,Reduce Damage Taken,Dragonguard Armory,Full Health Bonus,Double Weapon/Spell Damage,5-Piece Bonus,Light Armor,Medium Armor,Dragonhold,Dragonhold,Heavy Armor,y,28-1206 Maximum,Any Weapon,,,3,Jewelry,153828,,Ancient Dragonguard Sword,,,,,,Crafting Site(s),Dragonguard Armory,,,,,,,,,,
Online:Ansuul's Torment,,Adds 15-657 Critical Chance,"Gain Minor Slayer at all times, increasing your damage done to Dungeon, Trial, and Arena Monsters by 5%.",Adds 34-1487 Offensive Penetration,"Increases your damage done against monsters by 0-7%. When you interrupt an enemy, you increase your damage done against monsters by an additional 0-14% for 30 seconds.",,,,,,,,Sets,itemset,Weapon/Spell Critical,Physical/Spell Penetration,Minor Slayer,Increase Damage Dealt,Interrupt Bonus,Medium Armor,5-Piece Bonus,Sanity's Edge,Medium Armor,Any Weapon,Jewelry,Clan Dreamcarver Style,,Necrom,Necrom,,,,,,,,,,,,,,,,,,,,,,,,,,,,
Online:Anthelmir's Construct (set),Adds 3-129 Weapon Damage and Spell Damage,"Dealing damage with a fully-charged Heavy Attack throws an axe at the enemy, dealing 1572 Physical damage and reducing their Armor by 400 for 5 seconds. This effect can occur once every 10 seconds and scales off the higher of your Weapon Damage and Spell Damage. The axe drops to the ground after traveling to your target for 5 seconds. Touching the axe reduces the cooldown of this set by 5 seconds.",,,,,,,,,,,Sets,itemset,Weapon/Spell Damage,Physical Damage,Heavy Attack Bonus,Reduce Enemy Defense,Undaunted Style,Monster Helm Sets,2-Piece Bonus,Oathsworn Pit,Head and Shoulders,,,,,Scions of Ithelia,Scions of Ithelia,,y,,,,,,,,,,,,,,,,,Oathsworn Pit,Urgarlag Chief-bane,Anthelmir's Construct,,,,,,,
Online:Apocryphal Inspiration,,Adds 15-657 Critical Chance,Adds 3-129 Stamina Recovery,Adds 3-129 Weapon Damage and Spell Damage,"You and group members within 28 meters of you gain Major Fortitude, Major Intellect, and Major Endurance, increasing your Health Recovery, Magicka Recovery, and Stamina Recovery by 30%.",,,,,,,,Sets,itemset,Weapon/Spell Critical,Weapon/Spell Damage,Stamina Recovery,Group Bonus,Full Group Bonus,Medium Armor,Major Fortitude,Scrivener's Hall,Major Intellect,Major Endurance,5-Piece Bonus,Medium Armor,Any Weapon,Scribes of Fate,Scribes of Fate,Jewelry,y,,,3-129,,,Scribes of Mora Style,,,,,,,Recovery,Recovery,,,,,,,,,,,,
Online:Archdruid Devyric (set),Adds 34-1487 Offensive Penetration,"When you deal damage with a Heavy Attack, after 1.2 seconds deal 650 Shock damage to up to 6 enemies within a 7 by 5 meter line on your target, applying Major Vulnerability to them for 7 seconds, increasing the damage enemies take by 10%. This effect can occur once every 15 seconds and scales off the higher of your Weapon Damage and Spell Damage.",,,,,,,,,,,Sets,itemset,Physical/Spell Penetration,Shock Damage,Heavy Attack Bonus,Area of Effect,Major Vulnerability,Monster Helm Sets,Undaunted Style,Earthen Root Enclave,2-Piece Bonus,Head and Shoulders,,,,Lost Depths,Lost Depths,,y,,,,,,,,,,the item set,the enemy,Archdruid Devyric,,,,,Earthen Root Enclave,Urgarlag Chief-bane,Archdruid Devyric,,,,,,,
Online:Archer's Mind,,Adds 25-1096 Maximum Stamina,Adds 15-657 Critical Chance,Adds 15-657 Critical Chance,Increases your Critical Damage and Healing by 8%. Increases your Critical Damage and Healing by an additional 16% when you are Sneaking or Invisible.,,,,,,,,Sets,itemset,Maximum Stamina,Double Weapon/Spell Critical,Weapon/Spell Critical,Increase Critical Damage,Increase Critical Healing,Medium Armor,Stealth Bonus,Dragonstar Arena,5-Piece Bonus,Medium Armor,Any Weapon,Jewelry,Wood Elf Style,,,,,,,25-1096 Maximum,,,,,,,,,,,,,,,,,,,,,,,
Online:Arena Sets,,,,,,,,,,,,,Sets,,,,,,,,,,,,,,,,,,,,,,,,,,,,,,,,,,,,,,,,,,,,
Online:Arkasis's Genius,,Adds 28-1206 Maximum Health,Adds 34-1487 Armor,Adds 28-1206 Maximum Health,"Whenever you drink a potion while in combat, you and 3 group members gain 1-44 Ultimate. This effect can occur once every 30 seconds.",,,,,,,,Sets,itemset,Maximum Health,Double Maximum Health,Physical/Spell Resistance,Consumable Bonus,Ultimate Gain,Heavy Armor,Group Bonus,Stone Garden,5-Piece Bonus,Heavy Armor,Any Weapon,Jewelry,Hazardous Alchemy Style,Stonethorn,Stonethorn,,,28-1206 Maximum,,,,,,,,,,,,,,,,,,,,,,,,1-44,
Online:Arkay's Charity,,Adds 3-129 Magicka Recovery,Adds 3-129 Magicka Recovery,Adds 25-1096 Maximum Magicka,"When you cleanse a negative effect from yourself or an ally, restore 13 Ultimate to the target. This effect can occur once every 9 seconds per target.",,,,,,,,Sets,itemset,Magicka Recovery,Maximum Magicka,Double Magicka Recovery,Reduce Debuff Effects,Ultimate Gain,Light Armor,5-Piece Bonus,"""Rewards for the Worthy"" mails",Light Armor,Any Weapon,Jewelry,Alliance Style,,,,,,,,,3-129,,,,,,,,,Recovery,,,,,,,,,,,,13,
Online:Armor Master,,Adds 28-1206 Maximum Health,Adds 34-1487 Armor,Adds 34-1487 Armor,"While you have an Armor ability slotted, your Max Health is increased by 5%. When you use an Armor ability while in combat, your Physical Resistance and Spell Resistance is increased by 138-5940 for 10 seconds.",,,,,,,,Sets,itemset,Maximum Health,Double Physical/Spell Resistance,Physical/Spell Resistance,Double Physical/Spell Resistance,Double Maximum Health,All Weights,Skill Bonus,Memorial Armory,Triple Physical/Spell Resistance,Reduce Damage Taken,5-Piece Bonus,Light Armor,Medium Armor,Imperial City,Imperial City,Heavy Armor,,28-1206 Maximum,Any Weapon,,,,Jewelry,,,,,,,,,Crafting Site(s),Memorial Armory,,,,,,,,,,
Online:Armor of Truth,,Adds 15-657 Critical Chance,Adds 25-1096 Maximum Stamina,Adds 3-129 Weapon Damage and Spell Damage,"When you deal damage to an enemy who is Off Balance, your Weapon Damage and Spell Damage are increased by 10-460 for 10 seconds.",,,,,,,,Sets,itemset,Weapon/Spell Critical,Weapon/Spell Damage,Maximum Stamina,Off Balance Bonus,5-Piece Bonus,Heavy Armor,Heavy Armor,Darkshade Caverns,Any Weapon,Jewelry,Dark Elf Style,,,,,,y,,,25-1096 Maximum,,3,,7690,1,,,,,,,,,,,,Fist of the Hive Lord,,,,,,
Online:Armor of the Code,Increase your Critical Chance against targets with a lower % of health than you by 47-2051.,Adds 25-1096 Maximum Magicka,Adds 3-129 Magicka Recovery,Adds 25-1096 Maximum Magicka,,,,,,,,,Sets,itemset,,,,,,,,,,,,,,,,,,,,,25-1096 Maximum,,,,,,,,,Recovery,,,,,,,,,,,,,
Online:Armor of the Seducer,,Adds 3-129 Magicka Recovery,Adds 25-1096 Maximum Magicka,Adds 3-129 Magicka Recovery,Reduces the cost of your Magicka abilities by 10%.,,,,,,,,Sets,itemset,Magicka Recovery,Maximum Magicka,Double Magicka Recovery,Reduce Magicka Cost,5-Piece Bonus,All Weights,Light Armor,,Medium Armor,Heavy Armor,Any Weapon,Jewelry,Crafting Site(s),,,,,,,,3-129,,,,,,,,,Recovery,,,,,,,,,,,,,
Online:Armor of the Trainee,Adds 33-1454 Maximum Health,Adds 33-1454 Maximum Magicka,Adds 33-1454 Maximum Stamina,,,,,,,,,,Sets,itemset,Maximum Health,Maximum Stamina,Maximum Magicka,3-Piece Bonus,Light Armor,All Weights,Medium Armor,Bleakrock Isle]],Heavy Armor,Any Weapon,Jewelry,Mixed Style,,,,,,33-1454 Maximum,,33-1454 Maximum,33-1454 Maximum,2,,36573,1,Bloodthorn Dagger,,,,,,,,,,,,,,,,,
Online:Armor of the Veiled Heritance,,Adds 3-129 Weapon Damage and Spell Damage,Adds 34-1487 Armor,Adds 34-1487 Armor,"When you interrupt an enemy, you gain 12-516 Weapon Damage and Spell Damage for 15 seconds. Your Bash attacks deal 12-516 more damage.",,,,,,,,Sets,itemset,Weapon/Spell Damage,Physical/Spell Resistance,Physical/Spell Resistance,Double Physical/Spell Resistance,Interrupt Bonus,Heavy Armor,Double Weapon/Spell Damage,Auridon,Improved Bash,5-Piece Bonus,Heavy Armor,Any Weapon,Jewelry,,,High Elf Style,y,,,,,2,,7599,1,,,,,,,,,,,,Despot's Shoulderplates,,,,,,
Online:Arms of Infernace,,,Adds 3-129 Weapon Damage and Spell Damage,,,,,,,,,,Sets,itemset,,,,,,,,,,,,,,,,,y,,,,,2,,,,Amulet of Conflagration,,,,,,,,,,,,,,,,,
Online:Arms of Relequen,,Adds 3-129 Weapon Damage and Spell Damage,"Gain Minor Slayer at all times, increasing your damage done to Dungeon, Trial, and Arena Monsters by 5%.",Adds 34-1487 Offensive Penetration,"Your Light and Heavy attacks apply a stack of harmful winds to your target for 5 seconds, reduced to 1 second against players. Harmful winds deal 51 Physical damage per stack every 1 second. This effect can stack once every 0.5 seconds, up to 10 times, and scales off the higher of your Weapon Damage and Spell Damage.",,,,,,,,Sets,itemset,Weapon/Spell Damage,Physical/Spell Penetration,Minor Slayer,Light Attack Bonus,Heavy Attack Bonus,Medium Armor,Physical Damage,Cloudrest,Damage Over Time,5-Piece Bonus,Medium Armor,Any Weapon,Jewelry,Summerset,Summerset,Welkynar Style,y,,,,,,,,,,,,,,,,,,,,,,,,,,
Online:Arms of the Ancestors,,,Adds 34-1487 Offensive Penetration,,,,,,,,,,Sets,itemset,,,,,,,,,,,,,,,,,,,,,,2,,,,Auriel's Bow,,,,,,,,,,,,,,,,,
Online:Ashen Grip,,Adds 28-1206 Maximum Health,Adds 3-129 Weapon Damage and Spell Damage,Adds 15-657 Critical Chance,"When you deal Martial melee damage, you breathe fire to all enemies in front of you for 774 Flame Damage. This effect can occur once every 4 seconds and scales off the higher of your Weapon Damage and Spell Damage.",,,,,,,,Sets,itemset,Maximum Health,Weapon/Spell Critical,Weapon/Spell Damage,Melee Damage Bonus,Flame Damage,All Weights,Area of Effect,,5-Piece Bonus,Light Armor,Medium Armor,Heavy Armor,Any Weapon,,,Jewelry,y,28-1206 Maximum,Crafting Site(s),,,,,,,,,,,,,,,,,,,,,,,,
Online:Aspect of Mazzatun,,Adds 28-1206 Maximum Health,Adds 25-1096 Maximum Stamina,Adds 25-1096 Maximum Magicka,"When you take damage while under 30% Health, you heal for 243-10481 Health and restore 243-10481 Magicka and Stamina. This effect can occur once every 45 seconds.",,,,,,,,Sets,itemset,Maximum Magicka,Maximum Stamina,Maximum Health,Counterattack,Near Death Effect,Heavy Armor,Restore Health,Ruins of Mazzatun,Restore Magicka,Restore Stamina,5-Piece Bonus,Heavy Armor,Any Weapon,Shadows of the Hist,Shadows of the Hist,Jewelry,,28-1206 Maximum,Mazzatun Style,25-1096 Maximum,25-1096 Maximum,,,,,,,,,,,,,,,,,,,,,,
Online:Assassin's Guile,,Adds 15-657 Critical Chance,Adds 3-129 Weapon Damage and Spell Damage,Adds 15-657 Critical Chance,Increases the duration of your alchemical poisons by 4 seconds.,,,,,,,,Sets,itemset,Weapon/Spell Critical,Double Weapon/Spell Critical,Weapon/Spell Damage,Consumable Bonus,Increase Effect Duration,All Weights,5-Piece Bonus,Marandus,Light Armor,Medium Armor,Heavy Armor,Any Weapon,Jewelry,Morrowind,Morrowind,Crafting Site(s),y,,,,,,,,,,,,,,,,Marandus,,,,,,,,,,
Online:Asylum Weapons,,,,,,,,,,,,,Sets,,,,,,,,,,,,,,,Clockwork City,,,,,,,,,,,,,,,,,,,,,,,,w,Ebony Axe-Apostle,,,,
Online:Auroran's Thunder,,Adds 28-1206 Maximum Health,Adds 3-129 Weapon Damage and Spell Damage,Adds 34-1487 Offensive Penetration,"Dealing direct damage to a target within 10 meters of you summons a cone of lightning from your chest for 5 seconds, dealing 396 Shock damage every 1 second to enemies in the cone. This effect can occur every 10 seconds and scales off the higher of your Weapon Damage and Spell Damage.",,,,,,,,Sets,itemset,Maximum Health,Physical/Spell Penetration,Weapon/Spell Damage,Physical/Spell Penetration,Distance Bonus,Light Armor,Direct Damage Bonus,Depths of Malatar,Shock Damage,Damage Over Time,Area of Effect,5-Piece Bonus,Light Armor,Wrathstone,Wrathstone,Any Weapon,y,28-1206 Maximum,Jewelry,,,,Meridian Style,,,,,,,,,,,,,,,,,,,,
Online:Automated Defense,,Adds 28-1206 Maximum Health,"Gain Minor Aegis at all times, reducing your damage taken from Dungeon, Trial, and Arena Monsters by 5%.",Adds 4% Healing Taken,"When you use an Ultimate ability while in combat, you and the closest 5 group members within 28 meters of you gain Major Aegis for 1 second per 10 Ultimate spent, reducing your damage taken from Dungeon, Trial, and Arena Monsters by 10%.",,,,,,,,Sets,itemset,Maximum Health,Increase Healing Received,Minor Aegis,Ultimate Bonus,Group Bonus,Heavy Armor,Distance Bonus,Halls of Fabrication,Major Aegis,5-Piece Bonus,Heavy Armor,Any Weapon,Jewelry,Morrowind,Morrowind,Refabricated Style,,28-1206 Maximum,,,,,,,,,,,,,,,,,,,,,,,,10,
Online:Ayleid Refuge,,Adds 25-1096 Maximum Stamina,Adds 28-1206 Maximum Health,Adds 28-1206 Maximum Health,Blocking an attack reduces your damage taken by 11% for 3 seconds.,,,,,,,,Sets,itemset,Maximum Health,Maximum Stamina,Double Maximum Health,Block Bonus,Reduce Damage Taken,Heavy Armor,5-Piece Bonus,West Weald,Heavy Armor,Any Weapon,Jewelry,Shardborn Style,,Gold Road,Gold Road,,,28-1206 Maximum,,25-1096 Maximum,,4,,208152,1,Ring of Faithfulness,,,,,,,,,,,,,,,,,
Online:Azureblight Reaper,,Adds 3-129 Weapon Damage and Spell Damage,Adds 3-129 Weapon Damage and Spell Damage,Adds 3-129 Weapon Damage and Spell Damage,"Dealing damage over time applies a stack of Blight Seed to the target for 5 seconds. At 20 stacks, Blight Seed explodes, dealing 667 Disease damage to the target and nearby enemies, increasing by 150% per additional monster hit, up to 600%. The damage scales off your Weapon Damage and Spell Damage and can occur once every 1 second. Enemies can only have one Blight Seed at a time and require 20 more stacks per group member wearing this set.",,,,,,,,Sets,itemset,Weapon/Spell Critical,Stamina Recovery,Maximum Stamina,Damage Over Time Bonus,Disease Damage,Medium Armor,Area of Effect,Lair of Maarselok,Multiple Targets Hit Bonus,5-Piece Bonus,Medium Armor,Any Weapon,Jewelry,Scalebreaker,Scalebreaker,Stags of Z'en Style,y,,,,,,,,,,,,,,,,,,,,,,,,,,
Online:Baan Dar's Blessing,,Adds 34-1487 Armor,Adds 28-1206 Maximum Health,Adds 28-1206 Maximum Health,"Reduce the duration of Breakable Crowd Control, Immobilizes, and Snares on you by 75%. Reduce the duration of your Breakable Crowd Control, Immobilizes, and Snares by 38%.",,,,,,,,Sets,itemset,Physical/Spell Resistance,Double Maximum Health,Maximum Health,Reduce Debuff Effects,Drawbacks,Heavy Armor,5-Piece Bonus,"""Rewards for the Worthy"" mails",Heavy Armor,Any Weapon,Jewelry,Alliance Style,,,,,,28-1206 Maximum,,,,,,,,,,,,,,,,,,,,,,,,,
Online:Back-Alley Gourmand,,Adds 15-657 Critical Chance,Adds 15-657 Critical Chance,Adds 3-129 Weapon Damage and Spell Damage,"While you have a food buff active, your Critical Damage and Critical Healing is increased by 13%.",,,,,,,,Sets,itemset,Weapon/Spell Critical,Double Weapon/Spell Critical,Double Weapon/Spell Critical,Weapon/Spell Damage,Consumable Bonus,Light Armor,Increase Critical Damage,Galen,Increase Critical Healing,5-Piece Bonus,Light Armor,Any Weapon,Jewelry,Firesong,Firesong,Firesong Style,y,,,,,,,,,,,,,,,,,,,,,,,,,,
Online:Bahraha's Curse,,Adds 28-1206 Maximum Health,Adds 25-1096 Maximum Magicka,Reduces your damage taken from environmental traps by 40%.,"When you deal damage, you have a 25% chance to create desecrated ground for 5 seconds, which reduces the Movement Speed of enemies within 3.5 meters by 60%, damages them for 349 Magic damage every 1 second, and heals you for 100% of the damage done. This effect can occur once every 5 seconds and the damage scales off your Max Health.",,,,,,,,Sets,itemset,Maximum Health,Maximum Stamina,Maximum Magicka,Reduce Damage Taken,Area of Effect,All Weights,Crowd Control,Hew's Bane,Magic Damage,Restore Health,5-Piece Bonus,Light Armor,Medium Armor,Thieves Guild,Thieves Guild,Heavy Armor,,28-1206 Maximum,Any Weapon,25-1096 Maximum,25-1096 Maximum,,Jewelry,,,,,,,,,Thieves Guild Style,,,,,,,,,,,
Online:Bahsei's Mania,,Adds 3-129 Weapon Damage and Spell Damage,"Gain Minor Slayer at all times, increasing your damage done to Dungeon, Trial, and Arena Monsters by 5%.",Adds 15-657 Critical Chance,"Increases your damage done against monsters by up to 15% based on your missing Magicka, reaching the maximum at 50% Magicka. Current value: 0%",,,,,,,,Sets,itemset,Weapon/Spell Damage,Weapon/Spell Critical,Minor Slayer,Increase Damage Dealt,Low Magicka Bonus,Light Armor,5-Piece Bonus,Rockgrove,Light Armor,Any Weapon,Jewelry,Sul-Xan Style,,Blackwood,Blackwood,,y,,,,50%,,,,,,,,,,,,,,,,,,,,,,
Online:Balorgh (set),Adds 3-129 Weapon Damage and Spell Damage,"When you use an Ultimate ability, you gain Weapon Damage and Spell Damage equal to the amount of total Ultimate consumed, and Physical Penetration and Spell Penetration equal to 23 times the amount for 12 seconds.",,,,,,,,,,,Sets,itemset,Weapon/Spell Damage,Physical/Spell Penetration,Ultimate Bonus,Undaunted Style,2-Piece Bonus,Monster Helm Sets,Head and Shoulders,March of Sacrifices,,,,,,Wolfhunter,Wolfhunter,,y,,,,,,,,,,the item set,the enemy,Balorgh,,,,,March of Sacrifices,Urgarlag Chief-bane,Balorgh,,,,,,,
Online:Bani's Torment,,Adds 4% Healing Taken,Adds 28-1206 Maximum Health,Adds 25-1096 Maximum Stamina,"When you taunt a nearby enemy, you tether to them for 15 seconds, as long as you remain within 8 meters of them. While tethered, you apply Major Maim to your enemy, reducing their damage done by 10%, and you gain Major Vitality, increasing your healing received and damage shield strength by 12%. This effect can occur once every 15 seconds.",,,,,,,,Sets,itemset,Maximum Health,Maximum Stamina,Increase Healing Received,Taunt Bonus,Distance Bonus,Heavy Armor,Tether,Icereach,Major Vitality,Major Maim,5-Piece Bonus,Heavy Armor,Any Weapon,Harrowstorm,Harrowstorm,Jewelry,,28-1206 Maximum,,25-1096 Maximum,,,Icereach Coven Style,,,,,,,,,,,,,,,,,,,,
Online:Bar-Sakka (set),Adds 28-1206 Maximum Health,"While in combat, performing a Roll Dodge creates a 6 meter pool of blood. After a 1 second delay, enemies in the pool take 788 Magic Damage. Gain a Damage Shield for 6 seconds based on total damage done by the pool to enemies, up to 15000 damage. This effect can occur once every 10 seconds and the amount of damage done scales off your Max Health and cannot critically hit.",,,,,,,,,,,Sets,itemset,Maximum Health,Area of Effect,Dodge Roll Bonus,Magic Damage,Damage Shield,Monster Helm Sets,Undaunted Style,Naj-Caldeesh,2-Piece Bonus,Head and Shoulders,,,,Feast of Shadows,Feast of Shadows,,,28-1206 Maximum,,,,,,,,,the item set,the enemy,Bar-Sakka,,,,,Naj-Caldeesh,Urgarlag Chief-bane,Talen-Lah and Bar-Sakka,,,,,,,
Online:Barkskin,,Adds 28-1206 Maximum Health,Adds 3-129 Stamina Recovery,Adds 34-1487 Armor,"Reduces the duration of immobilizations and snares applied to you by 50%. When an immobilization or snare is applied to you, heal for 39-1715 Health and restore 19-858 Stamina. This effect can occur once every 5 seconds.",,,,,,,,Sets,itemset,Maximum Health,Physical/Spell Resistance,Stamina Recovery,Reduce Debuff Effects,Negative Effect on Friendly Bonus,Medium Armor,Restore Health,Elden Hollow,Restore Stamina,5-Piece Bonus,Medium Armor,Any Weapon,Jewelry,,,Primal Style,,28-1206 Maximum,,3-129,,3,,15767,1,,,,,,Recovery,,,,,,Bogdan's Claw,,,,,,
Online:Baron Thirsk (set),Adds 3-129 Magicka Recovery,"On dealing area direct damage, mark a target for 6 seconds. Every 2 seconds after, an Explosive Scamp is spawned nearby and detonates after 1 second, dealing 362 Magic damage to up to 6 enemies within 4 meters and applying Minor Timidity for 10 seconds, draining 1 Ultimate every 1.5 seconds. Each Explosive Scamp spawned deals 100% increased damage. This effect can occur once every 25 seconds and scales off the higher of your Weapon Damage and Spell Damage.",,,,,,,,,,,Sets,,Stamina Recovery,Area of Effect Bonus,Magicka Recovery,Direct Damage Bonus,Summon,Monster Helm Sets,Magic Damage,Imperial City,Area of Effect,Minor Timidity,PvP Bonus,Undaunted Style,2-Piece Bonus,Imperial City,Imperial City,Head and Shoulders,y,,,3-129,3-129,,,,,,the item set,the enemy,Baron Thirsk,Recovery,Recovery,,,Nobles District,Tel Var equipment lockbox merchant,Baron Thirsk,,,,,,1,
Online:Baron Zaudrus (set),Adds 14-603 Maximum Health,"Applying a status effect to an enemy grants you a stack of Ambition for 10 seconds, up to 3 stacks max. When you gain 3 stacks, the stacks are removed and you gain 4 Ultimate. On gaining Ultimate, you cannot gain additional stacks of Ambition for 1 second.",,,,,,,,,,,Sets,itemset,Maximum Stamina,Maximum Health,Maximum Magicka,Status Effect Bonus,Ultimate Gain,Monster Helm Sets,Undaunted Style,The Cauldron,2-Piece Bonus,Head and Shoulders,,,,Flames of Ambition,Flames of Ambition,,,14-603 Maximum,,12-548 Maximum,12-548 Maximum,,,,,,the item set,the enemy,Baron Zaudrus,,,,,The Cauldron,Urgarlag Chief-bane,Baron Zaudrus,,,,,,4,
Online:Basalt-Blooded Warrior,,Adds 3-129 Magicka Recovery,Adds 28-1206 Maximum Health,Adds 3-129 Weapon Damage and Spell Damage,"Casting an Earthen Heart ability grants you a Rock Stance for 10 seconds. While on your Primary Weapon you gain Molten Stance, granting you Major Heroism, generating 3 Ultimate every 1.5 seconds. While you are on your Secondary Weapon you gain Obsidian Stance, increasing your Healing Done and damage shields by 14%. Bar Swapping will swap your Stance automatically.",,,,,,,,Sets,itemset,Magicka Recovery,Weapon/Spell Damage,Maximum Health,Skill Bonus,Class Abilities Bonus,All Weights,Swap Weapon Bonus,Infinite Archive,Major Heroism,Increase Healing Done,Increase Shields Done,5-Piece Bonus,Light Armor,,,Medium Armor,y,28-1206 Maximum,Heavy Armor,,3-129,,Any Weapon,,,,,,,Recovery,,Jewelry,,,,,,,,,,3,
Online:Bastion of the Draoife,,Adds 25-1096 Maximum Stamina,Adds 28-1206 Maximum Health,Adds 25-1096 Maximum Stamina,"Blocking an attack grants you a stack of Inflection for 10 seconds, up to 3 stacks max. You can gain up to 1 stack every 0.5 seconds. Increase your Magicka and Stamina Recovery by 2-106 per stack of Inflection.",,,,,,,,Sets,itemset,Maximum Stamina,Maximum Health,Double Maximum Stamina,Block Bonus,Magicka Recovery,Heavy Armor,Stamina Recovery,Galen,5-Piece Bonus,Heavy Armor,Any Weapon,Jewelry,House Mornard Style,Firesong,Firesong,,,28-1206 Maximum,,25-1096 Maximum,,,,,,,,,,,Recovery,,,,,,,,,,,,
Online:Bastion of the Heartland,,Adds 28-1206 Maximum Health,Adds 4% Healing Taken,Reduces your damage taken from Players by 3%.,Reduces your damage taken from Siege Weapons and Player area of effect abilities by 10%.,,,,,,,,Sets,itemset,Maximum Health,Reduce Damage from Players,Increase Healing Received,PvP Bonus,5-Piece Bonus,Heavy Armor,Heavy Armor,Vlastarus,Any Weapon,Jewelry,Alliance Style,Alliance Point Cost,,,,,,28-1206 Maximum,,,,,,,,,,,,,,,,,,,,,,,,,
Online:Battalion Defender,,Adds 28-1206 Maximum Health,Adds 25-1096 Maximum Stamina,Adds 4% Healing Done,"When you Block, heal yourself or a group member within 15 meters of you for 897 Health. This effect can occur every 1 second and scales off your Max Health.",,,,,,,,Sets,itemset,Maximum Health,Increase Healing Done,Maximum Stamina,Block Bonus,Group Bonus,Heavy Armor,Restore Health,Elite Gear Vendors,Heal Others,5-Piece Bonus,Heavy Armor,Any Weapon,Jewelry,,,Alliance Style,,28-1206 Maximum,Alliance Point Cost,25-1096 Maximum,,,,,,,,,,,,,,,,,,,,,,,
Online:Battlefield Acrobat,,Adds 3-129 Stamina Recovery,Adds 3-129 Stamina Recovery,Adds 25-1096 Maximum Stamina,Reduces the cost of all of your abilities by 6%.,,,,,,,,Sets,itemset,Stamina Recovery,Maximum Stamina,Double Stamina Recovery,Reduce Stamina Cost,Reduce Magicka Cost,Medium Armor,Reduce Health Cost,Elite Gear Vendors,Reduce Ultimate Cost,5-Piece Bonus,Medium Armor,Any Weapon,Jewelry,,,Alliance Style,,,Alliance Point Cost,3-129,,,,,,,,,,,Recovery,,,,,,,,,,,,
Online:Beacon of Oblivion,,Adds 34-1487 Armor,Adds 3-129 Weapon Damage and Spell Damage,Adds 28-1206 Maximum Health,"While you have a permanent pet active, gain 1840 Health and 1980 Armor. While you do not have a permanent pet active, increase your Damage Done and Healing Done by 15%. This value is reduced to 7% while affected by Battle Spirit.",,,,,,,,Sets,itemset,Physical/Spell Resistance,Weapon/Spell Damage,Weapon/Spell Damage,Maximum Health,Double Maximum Health,All Weights,Reduce Damage Taken,Infinite Archive,Increase Damage Dealt,Increase Healing Done,5-Piece Bonus,Light Armor,Medium Armor,,,Heavy Armor,y,28-1206 Maximum,Any Weapon,,,,Jewelry,,,,,,,,,Monolith of Storms Style,,,,,,,,,,,
Online:Beckoning Steel,,Adds 34-1487 Armor,Adds 28-1206 Maximum Health,Adds 34-1487 Armor,Generate an aura that causes you and 11 group members within the aura to take 10% less damage from projectiles. This bonus persists through death. You can only be affected by one instance of Beckoning Steel.,,,,,,,,Sets,itemset,Physical/Spell Resistance,Double Physical/Spell Resistance,Maximum Health,Group Bonus,Full Group Bonus,Heavy Armor,Distance Bonus,Vlastarus,Area of Effect,Reduce Damage Taken,Protection from Projectiles,5-Piece Bonus,Heavy Armor,,,Any Weapon,,28-1206 Maximum,Jewelry,,,,Alliance Style,,,,,,,,,Alliance Point Cost,,,,,,,,,,,
Online:Beekeeper's Gear,,Adds 28-1206 Maximum Health,Adds 28-1206 Maximum Health,Adds 28-1206 Maximum Health,Adds 20-900 Health Recovery,,,,,,,,Sets,itemset,Maximum Health,Triple Maximum Health,Double Maximum Health,Health Recovery,5-Piece Bonus,Heavy Armor,Heavy Armor,Greenshade,Any Weapon,Jewelry,Khajiit Style,,,,,,,28-1206 Maximum,,,,3,,34710,1,,,,,,,,,,,,Archmage Macano's Mace of the Beekeeper,,,,,,
Online:Belharza's Band,"Increase the damage of your Light Attacks by 900. When you deal damage with consecutive melee Light Attacks, gain a stack of Belharza's Temper for 10 seconds, up to 5 stacks max. At 5 stacks, consume Belharza's Temper and after 1 second, deal 1471 Physical Damage to enemies in a line and stun them for 3 seconds. This effect can occur once every 10 seconds and scales off the higher of your Weapon Damage and Spell Damage.",,,,,,,,,,,,Sets,itemset,Increase Light/Heavy Attack Damage,Melee Damage Bonus,Light Attack Bonus,Physical Damage,Area of Effect,Jewelry,Crowd Control,Antiquities,1-Piece Bonus,Jewelry,Unique Style,,,Greymoor,Deadlands,,y,,,,,5,,,,,the antiquity,the achievement,Belharza's Band (achievement),,,,,,,,,armor,Belharza's Band,m,Mythic,,right
Online:Berserking Warrior,,Adds 15-657 Critical Chance,Adds 15-657 Critical Chance,Adds 15-657 Critical Chance,"When you deal Martial melee damage, your Critical Chance is increased by 6-298 for 5 seconds, stacking up to 5 times. This effect can occur once every half second.",,,,,,,,Sets,itemset,Weapon/Spell Critical,Weapon/Spell Damage,Weapon/Spell Damage,Double Weapon/Spell Critical,Melee Damage Bonus,Heavy Armor,Triple Weapon/Spell Critical,Hel Ra Citadel,5-Piece Bonus,Heavy Armor,Any Weapon,Jewelry,Celestial Style,,,,,,,,,,,,,,,,,,,,,,,,,,,,,,
Online:Black Foundry Steel,,Adds 28-1206 Maximum Health,Adds 25-1096 Maximum Stamina,Adds 25-1096 Maximum Stamina,Automatically block all attacks at no cost for 2 seconds when you begin a Heavy Attack. This effect can occur once every 12 seconds.,,,,,,,,Sets,itemset,Maximum Health,Double Maximum Stamina,Maximum Stamina,Heavy Attack Bonus,Reduce Block Cost,Heavy Armor,5-Piece Bonus,Black Gem Foundry,Heavy Armor,Any Weapon,Jewelry,Black Soul Gem Style,,Feast of Shadows,Feast of Shadows,,,28-1206 Maximum,,25-1096 Maximum,,,,,,,,,,,,,,,,,,,,,,,
Online:Black Gem Monstrosity (set),Adds 34-1487 Offensive Penetration,"While in combat, casting a Soul Magic ability consumes a Soul Gem and gives you a Black Gemsplitter for 10 seconds. This effect can occur once every 6 seconds. Dealing Light or Heavy Attack damage fires the Black Gemsplitter at your target, dealing 17.1% of your target's Max Health as Magic Damage, up to 17100 Magic Damage.",,,,,,,,,,,Sets,itemset,Physical/Spell Penetration,Summon,Magic Damage,Skill Bonus,Light Attack Bonus,Monster Helm Sets,Heavy Attack Bonus,Black Gem Foundry,Undaunted Style,2-Piece Bonus,Head and Shoulders,,,Feast of Shadows,Feast of Shadows,,,Max,,,,,,,,,the item set,the enemy,Black Gem Monstrosity,,,,,Black Gem Foundry,Urgarlag Chief-bane,High Soulbinder Vykand,,,,,,,
Online:Black Rose,,Adds 28-1206 Maximum Health,Adds 25-1096 Maximum Stamina,Adds 25-1096 Maximum Magicka,Increases the Magicka and Stamina restored from the Constitution passive ability by 60%.,,,,,,,,Sets,itemset,Maximum Health,Maximum Magicka,Maximum Stamina,Restore Magicka,Restore Stamina,Heavy Armor,Weapon/Spell Damage,Tel Var Merchants,Skill Bonus,5-Piece Bonus,Heavy Armor,Any Weapon,Jewelry,Imperial City,,Alliance Style,y,28-1206 Maximum,Tel Var Cost,25-1096 Maximum,25-1096 Maximum,,,,,,,,,,,,,,,,,,,,,,
Online:Black-Glove Grounding,,Adds 4% Healing Taken,Adds 28-1206 Maximum Health,Adds 28-1206 Maximum Health,"After taking direct damage three times within 5 seconds, you create a 5 meter area for 10 seconds that grants Grounding to you and group members, reducing the cost of roll dodging by 20% and increasing block mitigation by 12% for 15 seconds. This effect can occur once every 10 seconds.",,,,,,,,Sets,itemset,Increase Healing Received,Double Maximum Health,Maximum Health,Counterattack,Area of Effect,Heavy Armor,Reduce Roll Dodge Cost,Oathsworn Pit,Improved Block,5-Piece Bonus,Heavy Armor,Any Weapon,Jewelry,Scions of Ithelia,Scions of Ithelia,The Recollection Style,,28-1206 Maximum,,,,,,,,,,,,,,,,,,,,,,,,,
Online:Blackfeather Flight,,Adds 4% Healing Taken,Adds 28-1206 Maximum Health,Adds 34-1487 Armor,"When you Break Free, gain 100% Movement Speed for 7 seconds. This effect can occur once every 28 seconds.",,,,,,,,Sets,itemset,Increase Healing Received,Physical/Spell Resistance,Maximum Health,Break Free Bonus,Increase Movement Speed,Heavy Armor,5-Piece Bonus,"""Rewards for the Worthy"" mails",Heavy Armor,Any Weapon,Jewelry,Alliance Style,,,,,,28-1206 Maximum,,,,,,,,,,,,,,,,,,,,,,,,,
Online:Blackrose Weapons,,,,,,,,,,,,,Sets,,,,,,,,,,,,,,,Murkmire,,,,,,,,,,,,,,,,,,,,,,,,w,Axe-Honor Guard,,,,
Online:Blessing of High Isle,,Adds 25-1096 Maximum Magicka,Adds 3-129 Magicka Recovery,Adds 25-1096 Maximum Magicka,"When you are healed while in combat, increase your Weapon Damage and Spell Damage by 8-369 for 5 seconds.",,,,,,,,Sets,itemset,Maximum Magicka,Double Maximum Magicka,Magicka Recovery,Healing Bonus,Weapon/Spell Damage,Light Armor,5-Piece Bonus,High Isle,Light Armor,Any Weapon,Jewelry,Breton Style,,High Isle,High Isle,,y,,,,25-1096 Maximum,,,,,,,,,Recovery,,,,,,,,,,,,,
Online:Blessing of the Potentates,,Reduces your damage taken from Players by 3%.,Reduces the cost of your Ultimate abilities by 15%.,,,,,,,,,,Sets,itemset,Reduce Damage from Players,3-Piece Bonus,Reduce Ultimate Cost,Any Weapon,Shield,Three Piece,Jewelry,Vlastarus,Alliance Style,Alliance Point Cost,,,,,,,,,,,,,,,,,,,,,,,,,,,,,,,,,
Online:Blind Path Induction,,Adds 25-1096 Maximum Magicka,Adds 4% Healing Done,Adds 25-1096 Maximum Magicka,Increase the strength of your Damage Shields by 13% to you and targets within 15 meters of you. Increase your Healing Done by 13% to targets more than 15 meters away from you.,,,,,,,,Sets,itemset,Maximum Magicka,Double Maximum Magicka,Increase Healing Done,Distance Bonus,Increase Shields Done,Light Armor,Double Increase Healing Done,Bedlam Veil,5-Piece Bonus,Light Armor,Any Weapon,Jewelry,Cultist Style,Scions of Ithelia,Scions of Ithelia,,,,,,25-1096 Maximum,,,,,,,,,,,,,,,,,,,,,,
Online:Blood Moon,,Adds 3-129 Weapon Damage and Spell Damage,Adds 15-657 Critical Chance,Adds 15-657 Critical Chance,"When you deal damage with a melee Light Attack, you gain a stack of Blood Scent for 8 seconds. When you gain 5 stacks, you become Frenzied for 5 seconds, increasing your melee Light Attack damage by 47-2050 and attack speed by 50%. This effect can occur every 15 seconds.",,,,,,,,Sets,itemset,Weapon/Spell Damage,Weapon/Spell Critical,Weapon/Spell Critical,Double Weapon/Spell Critical,Light Attack Bonus,Medium Armor,Melee Damage Bonus,March of Sacrifices,Increase Attack Speed,Increase Light/Heavy Attack Damage,5-Piece Bonus,Medium Armor,Any Weapon,Wolfhunter,Wolfhunter,Jewelry,y,,Huntsman Style,,,,,,,,,,,,,,,,,,,,,,,,
Online:Blooddrinker,,Adds 15-657 Critical Chance,Adds 3-129 Weapon Damage and Spell Damage,Adds 15-657 Critical Chance,Increases your Bleed damaging attacks by 20%.,,,,,,,,Sets,itemset,Weapon/Spell Critical,Weapon/Spell Damage,Weapon/Spell Damage,Double Weapon/Spell Critical,Increase Damage Dealt,Medium Armor,Medium Armor,Bloodroot Forge,Bloodforge Style,5-Piece Bonus,Any Weapon,Jewelry,,Horns of the Reach,Horns of the Reach,,y,,,,,,,,,,,,,,,,,,,,,,,,,,
Online:Bloodlord's Embrace,"Dealing damage with a Bash attack places a persistent, un-cleansable Blood Curse on an enemy. You can only have one Blood Cursed enemy at a time and dealing additional Bash damage moves the Blood Curse. When you Block a Blood Cursed enemy, restore 1605 Magicka to you. This effect can occur every 1 second.",,,,,,,,,,,,Sets,itemset,Restore Magicka,Block Bonus,Bash Bonus,Unique Style,1-Piece Bonus,Heavy Armor,Heavy Armor,Antiquities,,,,,,Greymoor,Greymoor,,,,,,1605,5,,,,Fanged Cuirass,the antiquity,the achievement,Bloodlord's Embrace (achievement),,,,,,,,,armor,Bloodlord's Embrace,m,Mythic,,right
Online:Bloodspawn (set),Adds 3-129 Stamina Recovery,"When you take damage, you have a 6% chance to generate 0-13 Ultimate and increase your Physical Resistance and Spell Resistance by 86-3731 for 5 seconds. This effect can occur once every 5 seconds.",,,,,,,,,,,Sets,itemset,Stamina Recovery,Physical/Spell Resistance,Counterattack,Reduce Damage Taken,Ultimate Gain,Monster Helm Sets,Undaunted Style,Spindleclutch II,2-Piece Bonus,Head and Shoulders,,,,,,,,,,3-129,,,,,,,the item set,the enemy,Bloodspawn,,Recovery,,,Spindleclutch II,Maj al-Ragath,Vorenor Winterbourne,,,,,,0-13,
Online:Bloodthorn's Touch,,Adds 3-129 Weapon Damage and Spell Damage,Adds 25-1096 Maximum Magicka,Adds 3-129 Magicka Recovery,"When you deal direct damage, you restore 18-800 Magicka and Stamina. This effect can occur once every 5 seconds.",,,,,,,,Sets,itemset,Weapon/Spell Damage,Magicka Recovery,Maximum Magicka,Direct Damage Bonus,Restore Magicka,Light Armor,Restore Stamina,Glenumbra,5-Piece Bonus,Light Armor,Any Weapon,Jewelry,Primal Style,,,,y,,,,25-1096 Maximum,3,,42961,1,Bloodthorn Bloodcaller Clogs,,,,Recovery,,,,,,,,,,,,,
Online:Blunted Blades,,Adds 34-1487 Armor,Adds 9-421 Critical Resistance,Adds 3-129 Weapon Damage and Spell Damage,"When you take direct damage, Minor Enervation is applied to your enemy for 4 seconds, reducing their Critical Damage done by 10%. This can occur once every 5 seconds. Increase your damage done to enemies with Minor Enervation by 6%.",,,,,,,,Sets,itemset,Physical/Spell Resistance,Weapon/Spell Damage,Maximum Stamina,Counterattack,Minor Enervation,Medium Armor,PvP Bonus,Rewards for the Worthy,Increase Damage Dealt,Debuff Bonus,5-Piece Bonus,Medium Armor,Any Weapon,,,Jewelry,y,,Alliance Style,,,,,,,,,,,,,,,,,,,,,,,,
Online:Bog Raider,,Adds 25-1096 Maximum Magicka,Adds 28-1206 Maximum Health,Adds 25-1096 Maximum Stamina,"When an enemy you have recently damaged dies, gain 10 Ultimate and increase your Health Recovery by 26-1156 for 10 seconds. This effect can occur once every 10 seconds.",,,,,,,,Sets,itemset,Maximum Magicka,Maximum Stamina,Maximum Health,Kill Bonus,Ultimate Gain,Heavy Armor,Health Recovery,Blackwood,5-Piece Bonus,Heavy Armor,Any Weapon,Jewelry,Black Fin Legion Style,Blackwood,Blackwood,,,28-1206 Maximum,,25-1096 Maximum,25-1096 Maximum,,,,,,,,,,,,,,,,,,,,,10,
Online:Bone Pirate's Tatters,,Adds 25-1096 Maximum Stamina,Adds 3-129 Stamina Recovery,Adds 25-1096 Maximum Stamina,"While you have a drink buff active, your Max Stamina is increased by 46-2000 and Stamina Recovery by 3-133.",,,,,,,,Sets,itemset,Maximum Stamina,Double Maximum Stamina,Stamina Recovery,Consumable Bonus,Triple Maximum Stamina,Medium Armor,Double Stamina Recovery,Blackheart Haven,5-Piece Bonus,Medium Armor,Any Weapon,Jewelry,Draugr Style,,,,,,,25-1096 Maximum,,2,,34382,1,,,,,,Recovery,,,,,,Bone Pirate's Pillaging Garb,,,,,,
Online:Brands of Imperium,,Adds 28-1206 Maximum Health,Adds 28-1206 Maximum Health,Adds 4% Healing Taken,"When you take damage, you grant you and your group members within 8 meters a damage shield that absorbs 261-11260 damage for 6 seconds. This effect can occur once every 12 seconds.",,,,,,,,Sets,itemset,Maximum Health,Increase Healing Received,Double Maximum Health,Counterattack,Distance Bonus,Heavy Armor,Damage Shield,White-Gold Tower,Group Bonus,5-Piece Bonus,Heavy Armor,Any Weapon,Jewelry,Imperial City,Imperial City,Xivkyn Style,,28-1206 Maximum,,,,3,,69393,1,,,,,,,,,,,,Protector's Resolve,,,,,,
Online:Briarheart,,Adds 15-657 Critical Chance,Adds 25-1096 Maximum Stamina,Adds 15-657 Critical Chance,"When you deal Critical Damage, you increase your Weapon Damage and Spell Damage by 15-450 for 10 seconds. While this effect is active, dealing Critical Damage heals you for 95 Health. This effect can occur once every 15 seconds and the heal scales off the higher of your Max Magicka or Stamina.",,,,,,,,Sets,itemset,Weapon/Spell Critical,Double Weapon/Spell Critical,Maximum Stamina,Critical Damage Bonus,Weapon/Spell Damage,Medium Armor,Restore Health,Wrothgar,5-Piece Bonus,Medium Armor,Any Weapon,Jewelry,Reach Winter Style,Orsinium,Orsinium,Unique Style,y,95,,25-1096 Maximum,,2,,71012,1,,,,,,,,,,,,Barrow Brigandine,,,,,,
Online:Bright-Throat's Boast,,Adds 25-1096 Maximum Magicka,Adds 25-1096 Maximum Magicka,Adds 3-129 Magicka Recovery,"While you have a drink buff active, your Max Magicka is increased by 46-2000 and Magicka Recovery by 3-133.",,,,,,,,Sets,itemset,Maximum Magicka,Magicka Recovery,Double Maximum Magicka,Consumable Bonus,Triple Maximum Magicka,Light Armor,Double Magicka Recovery,Murkmire,5-Piece Bonus,Elder Argonian Style,Light Armor,Any Weapon,Jewelry,Murkmire,Murkmire,,,,,,25-1096 Maximum,s,,145542,y,,,,,Recovery,,,,,,,,,,,,,
Online:Broken Soul,,Adds 28-1206 Maximum Health,,,,,,,,,,,Sets,itemset,Maximum Health,Jewelry,2-Piece Bonus,,,,,,,,,,,,,,,28-1206 Maximum,,,,2,,,,Left Ring of the Broken Soul,,,,,,,,,,,,,,,,,
Online:Bruma/Sets,,,,,,,,,,,,,,,,,,,,,,,,,,,,,,,,,,,,,,,,,,,,,,,,,,,,,,,,,
Online:Buffer of the Swift,,Adds 25-1096 Maximum Magicka,Adds 34-1487 Armor,Adds 34-1487 Armor,Reduce damage taken from Players by 10%.,,,,,,,,Sets,itemset,Maximum Magicka,Double Physical/Spell Resistance,Physical/Spell Resistance,Double Physical/Spell Resistance,Reduce Damage from Players,Light Armor,5-Piece Bonus,Cropsford,Light Armor,Any Weapon,Jewelry,Alliance Style,Alliance Point Cost,,,,,,,,25-1096 Maximum,,,,,,,,,,,,,,,,,,,,,,
Online:Bulwark Ruination,,Adds 15-657 Critical Chance,Adds 15-657 Critical Chance,Adds 3-129 Weapon Damage and Spell Damage,"When an enemy blocks one of your attacks, reduce the amount of damage they can block by 8% for 5 seconds. This effect can stack up to 5 times and can occur once every 0.3 seconds.",,,,,,,,Sets,itemset,Weapon/Spell Critical,Weapon/Spell Damage,Double Weapon/Spell Critical,Reduce Enemy Defense,5-Piece Bonus,Light Armor,Light Armor,Battlegrounds,Any Weapon,Jewelry,Militant Ordinator Style,,,,,,y,,,,,,,,,,,,,,,,,,,,,,,,,,
Online:Burning Spellweave,,Adds 25-1096 Maximum Magicka,Adds 3-129 Weapon Damage and Spell Damage,Adds 15-657 Critical Chance,"When you deal damage with a Flame Damage ability, you apply the Burning status effect to the enemy and increase your Weapon Damage and Spell Damage by 11-490 for 8 seconds. These effects can occur once every 12 seconds.",,,,,,,,Sets,itemset,Maximum Magicka,Weapon/Spell Critical,Weapon/Spell Damage,Weapon/Spell Critical,Flame Damage Bonus,Light Armor,Apply Status Effects,City of Ash,Double Weapon/Spell Damage,5-Piece Bonus,Light Armor,Any Weapon,Jewelry,,,Daedric Style,y,,,,25-1096 Maximum,3,,55463,1,Fire Maw's Fang,,,,,,,,,,,,,,,,,
Online:Call of the Undertaker,,Adds 4% Healing Taken,Adds 28-1206 Maximum Health,Adds 4% Healing Done,"When you deal damage, you apply Minor Lifesteal to your enemy for 8 seconds, healing you and your allies for 600 Health every 1 second when damaging them.",,,,,,,,Sets,itemset,Increase Healing Received,Increase Healing Done,Maximum Health,Double Maximum Health,Minor Lifesteal,Heavy Armor,5-Piece Bonus,Northern Elsweyr,Heavy Armor,Any Weapon,Jewelry,Anequina Style,,Elsweyr,Elsweyr,,,28-1206 Maximum,,,,3,,150384,1,Anequina Crypt Cudgel,,,,,,,,,,,,,,,,,
Online:Caluurion's Legacy,,Adds 15-657 Critical Chance,Adds 3-129 Weapon Damage and Spell Damage,Adds 15-657 Critical Chance,"When you deal Critical Damage with a Light or Heavy Attack, you launch a projectile at your target that deals 894 Flame, 894 Frost, 894 Shock, or 894 Disease damage and applies the respective status effect. This effect can occur once every 5 seconds and scales off the higher of your Weapon Damage and Spell Damage.",,,,,,,,Sets,itemset,Weapon/Spell Critical,Weapon/Spell Damage,Weapon/Spell Damage,Double Weapon/Spell Critical,Critical Damage Bonus,Light Armor,Light Attack Bonus,Fang Lair,Heavy Attack Bonus,Flame Damage,Frost Damage,Shock Damage,Disease Damage,Dragon Bones,Dragon Bones,Apply Status Effects,y,,5-Piece Bonus,,,,Light Armor,,,,,,,,,Any Weapon,,,,,,,,,,,
Online:Camonna Tong (set),,Adds 3-129 Weapon Damage and Spell Damage,Adds 3-129 Weapon Damage and Spell Damage,Adds 3-129 Weapon Damage and Spell Damage,"When you kill a monster and gain Experience Points, gain 1 Weapon Damage and Spell Damage for every 50 Experience Points the monster is worth for 30 seconds. This bonus can stack up to a maximum of 540 Weapon Damage and Spell Damage. This item set is not affected by Experience Point boosting effects.",,,,,,,,Sets,itemset,Weapon/Spell Damage,Double Weapon/Spell Damage,Double Weapon/Spell Damage,Triple Weapon/Spell Damage,Kill Bonus,Medium Armor,Quadruple Weapon/Spell Damage,Apocrypha/Telvanni Peninsula,5-Piece Bonus,Medium Armor,Any Weapon,Jewelry,Dead Keeper Style,Necrom,Necrom,,y,,,,,,,,,,the item set,the criminal organization,Camonna Tong,,,,,,,,,,,,,,
Online:Caustic Arrow,,Increases your Weapon Damage and Spell Damage by 7-330 against targets affected by your Poison Arrow.,,,,,,,,,,,Sets,itemset,Skill Bonus,Negative Effect Bonus,Bow Bonus,2-Piece Bonus,Bow,Weapon,Wood Elf Style,Dragonstar Arena,,,,,,,,,y,,,,,,,,,,,,,,,,,,,,,,,,,,
Online:Champion of the Hist,,Adds 3-129 Weapon Damage and Spell Damage,Adds 25-1096 Maximum Stamina,Adds 25-1096 Maximum Stamina,"Gain Minor Heroism at all times while you are in combat, generating 1 Ultimate every 1.5 seconds.",,,,,,,,Sets,itemset,Weapon/Spell Damage,Double Maximum Stamina,Maximum Stamina,Maximum Health,Minor Heroism,Heavy Armor,5-Piece Bonus,Murkmire,Heavy Armor,Elder Argonian Style,Any Weapon,Jewelry,,Murkmire,Murkmire,,y,37-1600 Maximum,,25-1096 Maximum,,4,,145544,1,Rootmender's Staff,,,,,,,,,,,,,,,,1,
Online:Chaotic Whirlwind,,"When you cast Whirlwind while in combat, you gain a stack of Chaotic Whirlwind for 5 seconds, granting you 5% Movement Speed per stack, up to a maximum of 5 times. While Chaotic Whirlwind is active, you gain 6 Weapon Damage and Spell Damage for every 1% bonus Movement Speed you have, up to a maximum of 450. At 5 stacks, the duration doubles but cannot be refreshed.",,,,,,,,,,,Sets,itemset,Skill Bonus,Weapon/Spell Damage,Increase Movement Speed,2-Piece Bonus,One Handed Weapon,Weapon,Asylum Style,Asylum Sanctorium,,,,,,Clockwork City,Clockwork City,,y,,,,,,,,,,,,,,,,,,,,,,,,,,
Online:Chimera's Rebuke,,Adds 25-1096 Maximum Magicka,Adds 28-1206 Maximum Health,Adds 25-1096 Maximum Stamina,Dealing damage with a fully-charged Heavy Attack also restores 54-2363 Magicka or Stamina to the three allies nearest your target. The resource restore is based on the type of weapon you are wielding.,,,,,,,,Sets,itemset,Maximum Magicka,Maximum Stamina,Maximum Health,Heavy Attack Bonus,Restore Magicka,All Weights,Restore Stamina,,Light Armor,Medium Armor,Heavy Armor,Any Weapon,Jewelry,Firesong,Firesong,Crafting Site(s),,28-1206 Maximum,,25-1096 Maximum,25-1096 Maximum,,,,,,,,,,,,Fort Avrippe,,,,,,,,,,
Online:Chokethorn (set),Adds 3-129 Magicka Recovery,"When you use a heal ability with a cost, you have a 33% chance to summon a strangler sapling that heals you or an ally for 6986 Health over 6 seconds. This effect can occur once every 10 seconds and scales off the higher of your Max Magicka or Stamina.",,,,,,,,,,,Sets,itemset,Magicka Recovery,Healing Bonus,Skill Bonus,Summon,Restore Health,Monster Helm Sets,Heal Others,Elden Hollow I,Undaunted Style,2-Piece Bonus,Head and Shoulders,,,,,,,6986,,,3-129,,,,,,the item set,the enemy,Chokethorn,Recovery,,,,Elden Hollow I,Maj al-Ragath,Canonreeve Oraneth,,,,,,,
Online:Cinders of Anthelmir,,Adds 34-1487 Offensive Penetration,Adds 3-129 Weapon Damage and Spell Damage,Adds 3-129 Weapon Damage and Spell Damage,"On dealing damage, summon a Cindermoth that chases your target without mercy for 8 seconds. If your target dies before the moth reaches them, it seeks a new target within 8 meters. The first enemy that nears the Cindermoth causes it to stop and burst after 1 second, dealing 1283 Flame damage and Burning enemies within 8 meters. This can occur once every 8 seconds and scales off your Weapon Damage and Spell Damage.",,,,,,,,Sets,itemset,Physical/Spell Penetration,Weapon/Spell Damage,,Double Weapon/Spell Damage,Double Weapon/Spell Damage,Light Armor,Area of Effect,Oathsworn Pit,Flame Damage,Apply Status Effects,5-Piece Bonus,Light Armor,Any Weapon,Scions of Ithelia,Scions of Ithelia,Jewelry,y,,The Recollection Style,,,,,,,,,,,,,,,,,,,,,,,,
Online:Class Sets,,,,,,,,,,,,,Sets,,,,,,,,,,,,,,,,,,,,,,,,,,,,,,,,,,,,,,,,,,,,
Online:Claw of Yolnahkriin,,Adds 28-1206 Maximum Health,"Gain Minor Aegis at all times, reducing your damage taken from Dungeon, Trial, and Arena Monsters by 5%.",Adds 25-1096 Maximum Stamina,"When you taunt an enemy, you give yourself and 11 group members Minor Courage for 15 seconds, increasing your Weapon Damage and Spell Damage by 215. This effect can occur once every 8 seconds.",,,,,,,,Sets,itemset,Maximum Stamina,Maximum Health,Minor Aegis,Taunt Bonus,Group Bonus,Heavy Armor,Full Group Bonus,Sunspire,Minor Courage,5-Piece Bonus,Heavy Armor,Any Weapon,Jewelry,Elsweyr,Elsweyr,Sunspire Style,y,28-1206 Maximum,,25-1096 Maximum,,,,,,,,,,,,,,,,,,,,,,,
Online:Claw of the Forest Wraith,,Adds 15-657 Critical Chance,Adds 3-129 Weapon Damage and Spell Damage,Adds 15-657 Critical Chance,Adds 47-2037 Critical Chance to your Class abilities.,,,,,,,,Sets,itemset,Weapon/Spell Critical,Weapon/Spell Damage,Weapon/Spell Damage,Double Weapon/Spell Critical,Class Abilities Bonus,All Weights,Light Armor,,Medium Armor,Heavy Armor,Any Weapon,Jewelry,Crafting Site(s),Firesong,Firesong,,y,,,,,,,,,,,,,,,,Oaken Forge,,,,,,,,,,
Online:Clever Alchemist,,Adds 28-1206 Maximum Health,Adds 28-1206 Maximum Health,Adds 3-129 Weapon Damage and Spell Damage,"When you drink a potion during combat you feel a rush of energy, increasing your Weapon Damage and Spell Damage by 23-675 for 20 seconds.",,,,,,,,Sets,itemset,Maximum Health,Weapon/Spell Damage,Double Maximum Health,Consumable Bonus,Double Weapon/Spell Damage,All Weights,5-Piece Bonus,No Shira Workshop,Light Armor,Medium Armor,Heavy Armor,Any Weapon,Jewelry,Thieves Guild,Thieves Guild,Crafting Site(s),y,28-1206 Maximum,,,,,,,,,,,,,,,No Shira Workshop,,,,,,,,,,
Online:Coldharbour's Favorite,,Adds 25-1096 Maximum Magicka,Adds 25-1096 Maximum Stamina,Adds 3-129 Weapon Damage and Spell Damage,"Healing yourself or a group member summons Coldharbour's Favorite, who after 2 seconds, begins healing you and group members near him for 4648 Health over 6 seconds based on the higher of your Max Magicka or Stamina. Dealing damage summons Coldharbour's Favorite, who after 2 seconds, explodes, damaging enemies near him for 2352 Magic Damage over 6 seconds based on the higher of your Weapon Damage and Spell Damage. Coldharbour's Favorite can only be summoned once every 10 seconds.",,,,,,,,Sets,itemset,Maximum Magicka,Weapon/Spell Damage,Maximum Stamina,Healing Bonus,Group Bonus,All Weights,Summon,Valenwood Border Artisan Camp,Restore Health,Heal Others,Area of Effect,Damage Over Time,Magic Damage,Elsweyr,Elsweyr,5-Piece Bonus,y,4648,Light Armor,25-1096 Maximum,25-1096 Maximum,,Medium Armor,,,,,,,,,Heavy Armor,Valenwood Border Artisan Camp,,,,,,,,,,
Online:Colovian Highlands General,Adds 34-1487 Offensive Penetration,"When you kill a Player, gain a stack of Blood Debt for 0.5 seconds. When Blood Debt expires, you and up to 5 group members within 28 meters of you gain 15 Ultimate per stack of Blood Debt.",,,,,,,,,,,Sets,itemset,Physical/Spell Penetration,PvP Bonus,Kill Bonus,Group Bonus,Ultimate Gain,Monster Helm Sets,Undaunted Style,Elite Gear Vendors,Light Armor,Medium Armor,Heavy Armor,2-Piece Bonus,Head and Shoulders,,,Alliance Style,,,Alliance Point Cost,,,,,,,,,,,,,,,,,,,,,,,15,
Online:Combat Physician,,Adds 25-1096 Maximum Magicka,Adds 15-657 Critical Chance,Adds 15-657 Critical Chance,"When your healing critically strikes, you grant your target a damage shield that absorbs 100-4308 damage for 6 seconds. This effect can occur once every 6 seconds per target.",,,,,,,,Sets,itemset,Maximum Magicka,Double Weapon/Spell Critical,Weapon/Spell Critical,Double Weapon/Spell Critical,Critical Healing Bonus,Light Armor,Damage Shield,Wayrest Sewers,5-Piece Bonus,Light Armor,Any Weapon,Jewelry,Redguard Style,,,,,,,,25-1096 Maximum,,,,,,,,,,,,,,,,,,,,,,
Online:Concentrated Force,,"Every second cast of Force Shock will always apply the Burning, Concussion, and Chilled status effects. The Force Shock casts must be made within 5 seconds of each other for this effect to occur.",,,,,,,,,,,Sets,itemset,Skill Bonus,2-Piece Bonus,Apply Status Effects,Destruction Staff,Asylum Style,Weapon,,Asylum Sanctorium,,,,,,Clockwork City,Clockwork City,,,,,,,,,,,,,,,,,,,,,,,,,,,,
Online:Coral Riptide,,Adds 15-657 Critical Chance,"Gain Minor Slayer at all times, increasing your damage done to Dungeon, Trial, and Arena Monsters by 5%.",Adds 3-129 Weapon Damage and Spell Damage,"Increases your Weapon Damage and Spell Damage by up to 600, based on your missing Stamina, reaching the maximum at 50% Stamina. Current bonus: 0 Weapon Damage and Spell Damage.",,,,,,,,Sets,itemset,Weapon/Spell Critical,Weapon/Spell Damage,Minor Slayer,Low Stamina Bonus,Double Weapon/Spell Damage,Medium Armor,5-Piece Bonus,Dreadsail Reef,Medium Armor,Any Weapon,Jewelry,Syrabanic Marine Style,,High Isle,High Isle,,y,,,50%,,,,,,,,,,,,,,,,,,,,,,,
Online:Corpseburster,,Adds 3-129 Weapon Damage and Spell Damage,Adds 3-129 Weapon Damage and Spell Damage,Adds 15-657 Critical Chance,"Consuming a corpse causes the corpse to explode, dealing 1298 Disease Damage to enemies within 5 meters and applying the Diseased status effect and Minor Breach to them for 5 seconds, reducing their Physical Resistance and Spell Resistance by 2974. This effect can occur once every 0.5 seconds, scales off the higher of your Weapon Damage and Spell Damage, and deals 10% more damage for each Grave Lord ability slotted.",,,,,,,,Sets,itemset,Weapon/Spell Damage,Double Weapon/Spell Damage,Double Weapon/Spell Damage,Weapon/Spell Critical,Skill Bonus,All Weights,Class Abilities Bonus,Infinite Archive,Area of Effect,Disease Damage,Minor Breach,5-Piece Bonus,Light Armor,,,Medium Armor,y,,Heavy Armor,,,,Any Weapon,,,,,,,,,Jewelry,,,,,,,,,,,
Online:Coup De Grâce,,Adds 3-129 Weapon Damage and Spell Damage,Adds 34-1487 Offensive Penetration,Adds 3-129 Weapon Damage and Spell Damage,"Dealing damage to an Immobilized enemy applies Major Vulnerability to them for 3 seconds, increasing their damage taken by 10%. This effect can occur once every 1 second.",,,,,,,,Sets,itemset,,,,,,,,,,,,,,Feast of Shadows,,,y,,,,,,,,,,,,,,,,,,,,,,,,,,
Online:Coward's Gear,,Adds 28-1206 Maximum Health,Adds 3-129 Stamina Recovery,Adds 3-129 Stamina Recovery,"While Sprinting you gain Major Expedition and Major Protection, increasing your Movement Speed by 30% and reducing your damage taken by 10%.",,,,,,,,Sets,itemset,Maximum Health,Double Stamina Recovery,Stamina Recovery,Triple Stamina Recovery,Sprint Bonus,Medium Armor,Major Expedition,Battlegrounds,Major Protection,5-Piece Bonus,Medium Armor,Any Weapon,Jewelry,,,Militant Ordinator Style,,28-1206 Maximum,,3-129,,,,,,,,,,,Recovery,,,,,,,,,,,,
Online:Craftable Sets,,,,,,,,,,,,,Sets,,,,,,,,,,,,,,,,,,,Max,,,,,,,,,,,,,,,,,,,,,,n,Normal,,
Online:Crafty Alfiq,,Adds 25-1096 Maximum Magicka,Adds 25-1096 Maximum Magicka,Adds 25-1096 Maximum Magicka,Adds 59-2550 Maximum Magicka,,,,,,,,Sets,itemset,Maximum Magicka,Triple Maximum Magicka,Double Maximum Magicka,Quadruple Maximum Magicka,5-Piece Bonus,Light Armor,Light Armor,Northern Elsweyr,Any Weapon,Jewelry,Pellitine Style,,,Elsweyr,Elsweyr,,,Maximum,,Maximum,25-1096 Maximum,2,,150392,1,,,,,,,,,,,,Anequina Healer's Rod,,,,,,
Online:Crest of Cyrodiil,,Adds 9-424 Critical Resistance,Adds 28-1206 Maximum Health,Adds 28-1206 Maximum Health,"When you Block, heal for 2871 Health. This effect can occur every 4 seconds and scales off your Max Health.",,,,,,,,Sets,itemset,Stamina Recovery,Double Maximum Health,Maximum Health,Block Bonus,Restore Health,Heavy Armor,5-Piece Bonus,Vlastarus,Heavy Armor,Any Weapon,Jewelry,Alliance Style,Alliance Point Cost,,,,,28-1206 Maximum,,,,3,,45755,1,Kerk's Pauldrons of Cyrodiil's Crest,,,,,,,,,,,,,,,,,
Online:Crimson Oath's Rive,,Adds 34-1487 Armor,Adds 28-1206 Maximum Health,Adds 34-1487 Armor,"While you are in combat, casting an ability, drinking a potion, or using a poison that applies a Major or Minor buff to yourself or an ally, sends out a wave of energy that reduces the Armor of nearby enemies within 12 meters by 82-3541 for 15 seconds. This effect can occur once every 12 seconds, and will only occur if an enemy is within range.",,,,,,,,Sets,itemset,Physical/Spell Resistance,Double Physical/Spell Resistance,Maximum Health,Skill Bonus,Consumable Bonus,Heavy Armor,Buff Bonus,The Dread Cellar,Area of Effect,Distance Bonus,Reduce Enemy Defense,5-Piece Bonus,Heavy Armor,Waking Flame,Waking Flame,Any Weapon,,28-1206 Maximum,Jewelry,,,,Crimson Oath Style,,,,,,,,,,,,,,,,,,,,
Online:Crimson Twilight,,Adds 28-1206 Maximum Health,Adds 4% Healing Taken,Adds 28-1206 Maximum Health,"After taking damage you surround yourself in an 8 meter mist of blood. After 2 seconds, the mist is violently siphoned into your body, dealing 1946 Bleed Damage to nearby enemies and healing you for 100% of the damage done. This effect can occur once every 8 seconds and scales off your Max Health.",,,,,,,,Sets,itemset,Maximum Health,Increase Healing Received,Double Maximum Health,Counterattack,Bleed Damage,Heavy Armor,Distance Bonus,Castle Thorn,Area of Effect,Restore Health,5-Piece Bonus,Heavy Armor,Any Weapon,Stonethorn,Stonethorn,Jewelry,,28-1206 Maximum,Thorn Legion Style,,,,,,,,,,,,,,,,,,,,,,,,
Online:Critical Riposte,,Adds 9-424 Critical Resistance,Adds 28-1206 Maximum Health,Adds 9-424 Critical Resistance,"When you take critical damage, you apply Minor Uncertainty and Minor Enervation to the enemy for 9 seconds, reducing their text=Physical Weapon Critical and Spell Critical by 1314 and reducing their Critical Damage by 10%. An enemy can only be affected by your Critical Riposte once every 10 seconds.",,,,,,,,Sets,itemset,Critical Resistance,Double Critical Resistance,Maximum Health,Counterattack,Minor Uncertainty,All Weights,Minor Enervation,Vlastarus Armory,PvP Bonus,5-Piece Bonus,Light Armor,Medium Armor,Heavy Armor,,,Any Weapon,,28-1206 Maximum,Jewelry,,,,Crafting Site(s),,,,,,,,,,Vlastarus Armory,,,,,,,,,,
Online:Cropsford/Sets,,,,,,,,,,,,,,,,,,,,,,,,,,,,,,,,,,,,,,,,,,,,,,,,,,,,,,,,,
Online:Cruel Flurry,,"When you deal damage with Flurry, your single target damage over time abilities used within 5 seconds gain 39-1690 Weapon Damage and Spell Damage.",,,,,,,,,,,Sets,itemset,Skill Bonus,Weapon/Spell Damage,Damage Over Time Bonus,2-Piece Bonus,One Handed Weapon,Weapon,Dwemer Style,Maelstrom Arena (place),,,,,,Orsinium,,,y,,,,,,,,,,,,,,,,,,,,,,,,,,
Online:Crusader,,Adds 3-129 Weapon Damage and Spell Damage,Adds 3-129 Weapon Damage and Spell Damage,Adds 3-129 Weapon Damage and Spell Damage,"When you deal direct damage with a Blink, Charge, Leap, Teleport, or Pull ability, you consecrate the ground beneath you for 10 seconds and gain a damage shield that absorbs 1595 damage for 6 seconds. Every 2 seconds you and nearby group members in the area gain Minor Courage for 12 seconds. These effects can occur once every 20 seconds and the damage shield scales off the higher of your Weapon Damage and Spell Damage.",,,,,,,,Sets,itemset,Weapon/Spell Damage,Double Weapon/Spell Damage,Double Weapon/Spell Damage,Triple Weapon/Spell Damage,Direct Damage Bonus,Medium Armor,Gap Close Bonus,Volenfell,Area of Effect,Damage Shield,Group Bonus,Minor Courage,5-Piece Bonus,,,Medium Armor,y,,Any Weapon,25-1096 Maximum,,3,Jewelry,33155,1,Lion-Tooth Pendant,,,,,Recovery,Breton Style,,,,,,,,,,,
Online:Crushing Wall,,Increases the damage Wall of Elements deals by 29-1250.,,,,,,,,,,,Sets,itemset,Skill Bonus,2-Piece Bonus,Increase Damage Dealt,Destruction Staff,Dwemer Style,Weapon,,Maelstrom Arena (place),,,,,,Orsinium,,,,,,,,,,,,,,,,,,,,,,,,,,,,,
Online:Cryptcanon Vestments,"You can no longer cast Ultimate abilities. Instead, casting an Ultimate ability transfers your Ultimate resource to your living group members, divided equally among them. Gain Minor Heroism while you are in combat.",,,,,,,,,,,,Sets,itemset,Prohibit Ultimate,Group Bonus,Skill Bonus,Full Group Bonus,Ultimate Gain,Heavy Armor,Minor Heroism,Antiquities,Unique Style,1-Piece Bonus,Heavy Armor,,,Greymoor,Necrom,,,,,,,5,,,,Ancestor Samite Undershirt,the antiquity,the achievement,Cryptcanon Vestments (achievement),,,,,,,,,armor,Cryptcanon Vestments,m,Mythic,,right
Online:Curse Eater,,Adds 25-1096 Maximum Magicka,Adds 3-129 Magicka Recovery,Adds 3-129 Magicka Recovery,"When you heal yourself or an ally with a direct heal ability, remove up to 3 negative effects from them. If a negative effect was removed this way, your target restores 678 Magicka. This effect can occur every 8 seconds per target.",,,,,,,,Sets,itemset,Maximum Magicka,Double Magicka Recovery,Magicka Recovery,Healing Bonus,Reduce Debuff Effects,Light Armor,Restore Magicka,Cropsford,5-Piece Bonus,Light Armor,Any Weapon,Jewelry,Alliance Style,,,Alliance Point Cost,,,,,25-1096 Maximum,,,,,,,,,Recovery,,,,,,,,,,,,,
Online:Curse of Doylemish,,Adds 28-1206 Maximum Health,Adds 28-1206 Maximum Health,Adds 3-129 Weapon Damage and Spell Damage,"When using a fully-charged melee Heavy Attack on a taunted monster or any enemy who is stunned, feared, or immobilized, you will deal 1811 Physical damage. This effect can occur once every 4 seconds and scales off the higher of your Weapon Damage and Spell Damage.",,,,,,,,Sets,itemset,Maximum Health,Weapon/Spell Damage,Double Maximum Health,Melee Damage Bonus,Heavy Attack Bonus,Heavy Armor,Taunt Bonus,Scalecaller Peak,Crowd Control Bonus,Physical Damage,5-Piece Bonus,Heavy Armor,Any Weapon,Dragon Bones,Dragon Bones,Jewelry,y,28-1206 Maximum,Dragon Priest Style,,,,,,,,,,,,,,,,,,,,,,,,
Online:Daedric Trickery,,Adds 28-1206 Maximum Health,Adds 25-1096 Maximum Stamina,Adds 25-1096 Maximum Magicka,"When you deal damage you gain one of 5 random Major buffs for 21 seconds every 9 seconds. Eligible buffs are Expedition, Protection, Mending, Heroism, or Vitality.",,,,,,,,Sets,itemset,Maximum Health,Maximum Magicka,Maximum Stamina,Major Expedition,Major Protection,All Weights,Major Mending,Randas Ancestral Tomb,Major Heroism,Major Vitality,5-Piece Bonus,Light Armor,Medium Armor,Morrowind,Morrowind,Heavy Armor,,28-1206 Maximum,Any Weapon,25-1096 Maximum,25-1096 Maximum,,Jewelry,,,,,,,,,Crafting Site(s),Randas Ancestral Tomb,,,,,,,,,,
Online:Dagon's Dominion,,Adds 3-129 Weapon Damage and Spell Damage,Adds 25-1096 Maximum Stamina,Adds 3-129 Weapon Damage and Spell Damage,Adds 11-492 Weapon Damage and Spell Damage to your area of effect abilities.,,,,,,,,Sets,itemset,Weapon/Spell Damage,Double Weapon/Spell Damage,Maximum Stamina,Increase Area of Effect Damage,5-Piece Bonus,Medium Armor,Medium Armor,The Cauldron,Any Weapon,Jewelry,Waking Flame Style,,,Flames of Ambition,Flames of Ambition,,y,,,25-1096 Maximum,,,,,,,,,,,,,,,,,,,,,,,
Online:Daring Corsair,,Adds 3-129 Stamina Recovery,Adds 3-129 Magicka Recovery,Adds 15-657 Critical Chance,"Reduce the cost of your Weapon abilities by 10% Magicka or Stamina. After casting a Weapon ability, you gain Minor Heroism for 8 seconds, generating 1 Ultimate every 1.5 seconds while in combat. This effect can occur every 8 seconds.",,,,,,,,Sets,itemset,Stamina Recovery,Weapon/Spell Critical,Magicka Recovery,Reduce Magicka Cost,Reduce Stamina Cost,All Weights,Skill Bonus,Cat's-Claw Station,Minor Heroism,5-Piece Bonus,Light Armor,Medium Armor,Heavy Armor,Dragonhold,Dragonhold,Any Weapon,,,Jewelry,3-129,3-129,,Crafting Site(s),,,,,,,Recovery,Recovery,,Cat's-Claw Station,,,,,,,,,1,
Online:Dark Convergence,,Adds 3-129 Weapon Damage and Spell Damage,Adds 34-1487 Offensive Penetration,Adds 3-129 Weapon Damage and Spell Damage,"While in combat, casting abilities that leave an effect on the ground will create an area that applies a 60% snare and pulls enemies after a 1 second delay, stunning them for 1 second. After 4 seconds, the area deals 821 Magic damage to all enemies in the 10 meter area, and 1642 Magic damage to enemies within 3 meters of the center, increasing by 50% for each target. This effect can occur once every 25 seconds and scales off the higher of your Weapon Damage and Spell Damage.",,,,,,,,Sets,itemset,Maximum Magicka,Weapon/Spell Damage,Physical/Spell Penetration,Weapon/Spell Damage,Skill Bonus,Light Armor,Area of Effect Bonus,Elite Gear Vendors,Area of Effect,Crowd Control,Pull,Magic Damage,Multiple Targets Hit Bonus,,,5-Piece Bonus,y,,Light Armor,,,,Any Weapon,,,,,,,,,Jewelry,,,,,,,,,,,
Online:Darkstride,,Adds 25-1096 Maximum Stamina,Adds 25-1096 Maximum Stamina,Adds 3-129 Stamina Recovery,Reduces the cost of Sprint and Sneak by 50%.,,,,,,,,Sets,itemset,Maximum Stamina,Stamina Recovery,Double Maximum Stamina,Reduce Sprint Cost,Reduce Stealth Cost,Medium Armor,5-Piece Bonus,Rivenspire,Medium Armor,Any Weapon,Jewelry,Thieves Guild Style,,,,,,,,25-1096 Maximum,,,,,,,,,,,Recovery,,,,,,,,,,,,
Online:Dauntless Combatant,,Adds 25-1096 Maximum Stamina,Adds 28-1206 Maximum Health,Adds 25-1096 Maximum Magicka,"When you are affected by a disabling effect, you automatically Break Free for no cost. After using this effect, you become Winded and cannot trigger this effect or others like it for 21 seconds.",,,,,,,,Sets,itemset,Maximum Stamina,Maximum Magicka,Maximum Health,Double Maximum Health,Negative Effect on Friendly Bonus,All Weights,Break Free Bonus,Cropsford Armory,Reduce Debuff Effects,5-Piece Bonus,Light Armor,Medium Armor,Heavy Armor,,,Any Weapon,,28-1206 Maximum,Jewelry,25-1096 Maximum,25-1096 Maximum,,Crafting Site(s),,,,,,,,,,Cropsford Armory,,,,,,,,,,
Online:Dead-Water's Guile,,Adds 3-129 Weapon Damage and Spell Damage,Adds 28-1206 Maximum Health,Adds 25-1096 Maximum Stamina,"Whenever you kill an enemy, you gain 0-15 Ultimate.",,,,,,,,Sets,,Weapon/Spell Damage,Maximum Stamina,Maximum Health,Double Weapon/Spell Damage,Kill Bonus,Medium Armor,Ultimate Gain,Murkmire,Medium Armor,Dead-Water Style,5-Piece Bonus,Any Weapon,Jewelry,Murkmire,Murkmire,,y,28-1206 Maximum,,25-1096 Maximum,,3,,145543,1,Maul of the Fallen Comrade,,,,,,,,,,,,,,,,0-15,
Online:Deadlands Assassin,,Adds 3-129 Weapon Damage and Spell Damage,Adds 3-129 Weapon Damage and Spell Damage,Adds 25-1096 Maximum Stamina,"Dealing damage to an enemy within 10 meters of you with a Heavy Attack causes you to throw a cone of knives, dealing 816 Physical damage to enemies hit. If an enemy hit has 50% Health or less, they also take an additional 1631 Bleed damage over 14 seconds. This effect can occur once every 15 seconds and scales off the higher of your Weapon Damage and Spell Damage.",,,,,,,,Sets,itemset,Weapon/Spell Damage,Triple Weapon/Spell Damage,Double Weapon/Spell Damage,Double Weapon/Spell Damage,Execute,Medium Armor,Maximum Stamina,Blackwood,Area of Effect,Distance Bonus,Heavy Attack Bonus,Physical Damage,Bleed Damage,Blackwood,Blackwood,Damage Over Time,y,50%,5-Piece Bonus,25-1096 Maximum,,,Medium Armor,,,,,,,,,Any Weapon,,,,,,,,,,,
Online:Deadlands Demolisher,,Adds 25-1096 Maximum Stamina,Adds 3-129 Weapon Damage and Spell Damage,Adds 25-1096 Maximum Stamina,"Your Bash attacks deal 935 more damage. When you Bash, you also deal 0 Physical damage in a cone in front of you, interrupting any enemies hit. This effect can occur once every 2 seconds and counts as Bash damage.",,,,,,,,Sets,itemset,Maximum Stamina,Double Maximum Stamina,Weapon/Spell Damage,Improved Bash,Bash Bonus,All Weights,Area of Effect,The Razorworks,Physical Damage,Interrupt,5-Piece Bonus,Light Armor,Medium Armor,The Deadlands,The Deadlands,Heavy Armor,y,,Any Weapon,25-1096 Maximum,,,Jewelry,,,,,,,,,Crafting Site(s),The Razorworks,,,,,,,,,,
Online:Deadly Strike,,Adds 3-129 Weapon Damage and Spell Damage,Adds 15-657 Critical Chance,Adds 3-129 Weapon Damage and Spell Damage,Increase the damage your damage over time and channeled attacks do by 15%.,,,,,,,,Sets,itemset,Weapon/Spell Damage,Weapon/Spell Critical,Weapon/Spell Critical,Double Weapon/Spell Damage,Increase Damage Dealt,Medium Armor,5-Piece Bonus,Bruma,Medium Armor,Any Weapon,Jewelry,Alliance Style,Alliance Point Cost,,,,y,,,,,,,,,,,,,,,,,,,,,,,,,,
Online:Death Dealer's Fete,"Gain a persistent stack of Escalating Fete every 2 seconds you are in combat, up to 30 stacks max. Each stack of Escalating Fete increases your Maximum Stamina, Health, and Magicka by 88. You lose a stack of Escalating Fete every 4 seconds you are out of combat.",,,,,,,,,,,,Sets,itemset,Maximum Stamina,Maximum Magicka,Maximum Health,Restore Stamina,Restore Health,Jewelry,Restore Magicka,Antiquities,1-Piece Bonus,Jewelry,Unique Style,,,Greymoor,Blackwood,,,,,Maximum,,5,,,,Warm Asymmetrical Ruby,the antiquity,the achievement,Death Dealer's Fete (achievement),,,,,,,,,armor,Death Dealer's Fete,m,Mythic,,right
Online:Death's Wind,,Adds 34-1487 Armor,Adds 28-1206 Maximum Health,Adds 28-1206 Maximum Health,"When you take melee damage while you are under 35% Health, you knockback and stun all enemies within 8 meters of you for 4 seconds. This effect can occur once every 15 seconds.",,,,,,,,Sets,itemset,Physical/Spell Resistance,Double Maximum Health,Maximum Health,Counterattack,Near Death Effect,All Weights,Knockback,,Crowd Control,5-Piece Bonus,Light Armor,Medium Armor,Heavy Armor,,,Any Weapon,,28-1206 Maximum,Jewelry,,,,Crafting Site(s),,,,,,,,,,,,,,,,,,,,
Online:Death-Dancer,,Adds 25-1096 Maximum Stamina,Adds 15-657 Critical Chance,Adds 3-129 Stamina Recovery,Adds 35-1528 Critical Chance while you have 50% or more Stamina. Reduce the cost of your Core Combat abilities by 0-23% while you have less than 50% of your Stamina.,,,,,,,,Sets,itemset,Maximum Stamina,Stamina Recovery,Weapon/Spell Critical,Double Weapon/Spell Critical,Reduce Sprint Cost,Medium Armor,Reduce Roll Dodge Cost,Solstice,Reduce Block Cost,Reduce Stealth Cost,Improved Break Free,Improved Bash,Low Stamina Bonus,2025 Content Pass,Seasons of the Worm Cult,5-Piece Bonus,,,Medium Armor,25-1096 Maximum,,,Any Weapon,,,,,,,,Recovery,Jewelry,,,,,,,,,,,
Online:Deeproot Zeal,,Adds 25-1096 Maximum Stamina,Adds 25-1096 Maximum Magicka,Adds 28-1206 Maximum Health,"When you deal direct damage to a taunted target, restore 12-525 Stamina and Magicka. This effect can occur once every 2 seconds.",,,,,,,,Sets,itemset,Maximum Stamina,Maximum Health,Maximum Magicka,Taunt Bonus,Restore Stamina,Heavy Armor,Restore Magicka,Earthen Root Enclave,5-Piece Bonus,Heavy Armor,Any Weapon,Jewelry,,Lost Depths,Lost Depths,Y'ffre's Will Style,,28-1206 Maximum,,25-1096 Maximum,25-1096 Maximum,,,,,,,,,,,,,,,,,,,,,,
Online:Defending Warrior,,Adds 34-1487 Armor,Adds 34-1487 Armor,Adds 28-1206 Maximum Health,"When you Block, you deal 1196 Magic damage to all enemies within 10 meters of you and heal for 100% of the damage done. This effect can occur once every 5 seconds and scales off your Max Health.",,,,,,,,Sets,itemset,Physical/Spell Resistance,Double Physical/Spell Resistance,Double Physical/Spell Resistance,Maximum Health,Block Bonus,Heavy Armor,Magic Damage,Aetherian Archive,Area of Effect,Distance Bonus,Restore Health,5-Piece Bonus,Heavy Armor,,,Any Weapon,,28-1206 Maximum,Jewelry,,,,Celestial Style,,,,,,,,,,,,,,,,,,,,
Online:Defensive Position,,"When you reflect or absorb a spell projectile with Defensive Posture, you restore 51-2200 Magicka. If Defensive Posture expires without reflecting or absorbing a spell projectile, you restore 153-6600 Magicka instead.",,,,,,,,,,,Sets,itemset,Skill Bonus,Restore Magicka,Protection from Projectiles,2-Piece Bonus,One Handed Weapon,Weapon,Shield,Asylum Sanctorium,Asylum Style,,,,,Clockwork City,Clockwork City,,,,,,51-2200,,,,,,,,,,,,,,,,,,,,,,
Online:Defiler,,Adds 3-129 Weapon Damage and Spell Damage,Adds 15-657 Critical Chance,Adds 15-657 Critical Chance,"When you deal Critical Damage, you summon a Hunger that spews poison to all enemies in front of it, dealing 990 Poison Damage and stunning any enemy hit for 5 seconds. This effect can occur once every 5 seconds and scales off the higher of your Weapon Damage and Spell Damage.",,,,,,,,Sets,itemset,Weapon/Spell Damage,Weapon/Spell Critical,Weapon/Spell Critical,Double Weapon/Spell Critical,Critical Damage Bonus,Medium Armor,Summon,Vvardenfell,Area of Effect,Poison Damage,Crowd Control,5-Piece Bonus,Medium Armor,Morrowind,Morrowind,Any Weapon,y,,Jewelry,,,4,Hlaalu Style,126069,1,Andule's Cuirass of the Defiler,,,,,,,,,,,,,,,,,
Online:Deprecated Item Sets,,,,,,,,,,,,,Items/Sets,,,,,,,,,,,,,,,,,,,,,,,4,,59939,1,Dominion's Choker,,,,,,,,,,,,,,,,,
Online:Desert Rose,,Adds 34-1487 Armor,Adds 28-1206 Maximum Health,Adds 25-1096 Maximum Magicka,"When you take damage, you have a 25% chance to restore 46-2012 Magicka. This effect can occur once every 4 seconds.",,,,,,,,Sets,itemset,Physical/Spell Resistance,Maximum Magicka,Maximum Health,Counterattack,Restore Magicka,Light Armor,5-Piece Bonus,Cropsford,Light Armor,Any Weapon,Jewelry,Alliance Style,Alliance Point Cost,,,,,28-1206 Maximum,,,25-1096 Maximum,,,,,,,,,,,,,,,,,,,,,,
Online:Destructive Impact,,Reduces the cost of Destructive Touch by 10% and increases your Weapon Damage and Spell Damage by 13-600 for 4 seconds after activating it.,,,,,,,,,,,Sets,itemset,Skill Bonus,Weapon/Spell Damage,Reduce Magicka Cost,2-Piece Bonus,Destruction Staff,Weapon,High Elf Style,Dragonstar Arena,Dark Elf Style,Nord Style,Mixed Style,,,,,,y,,,,,,,,,,,,,,,,,,,,,,,,,,
Online:Destructive Mage,,Adds 3-129 Weapon Damage and Spell Damage,Adds 15-657 Critical Chance,Adds 3-129 Weapon Damage and Spell Damage,"When you deal damage with a fully-charged Heavy Attack, you mark the enemy with unstable energies for 10 seconds. If your mark was already active before applying, it instead detonates, dealing 1071 Magic damage all enemies within 8 meters. This effect can occur once every 3 seconds and scales off the higher of your Weapon Damage and Spell Damage.",,,,,,,,Sets,itemset,Maximum Magicka,Weapon/Spell Damage,Weapon/Spell Critical,Weapon/Spell Damage,Heavy Attack Bonus,Light Armor,Magic Damage,Hel Ra Citadel,Area of Effect,5-Piece Bonus,Any Weapon,Jewelry,Light Armor,,,Celestial Style,y,,,,,,,,,,,,,,,,,,,,,,,,,,
Online:Diamond's Victory,,Adds 3-129 Weapon Damage and Spell Damage,Adds 15-657 Critical Chance,Adds 3-129 Weapon Damage and Spell Damage,"While in combat, using an ability with a range of 7 meters or less grants you Range Supremacy for 5 seconds, adding 10-437 Weapon Damage and Spell Damage to your damage over time and ranged attacks. While in combat, using an ability with a range of over 7 meters grants you Melee Supremacy for 5 seconds, adding 10-437 Weapon Damage and Spell Damage to your melee attacks.",,,,,,,,Sets,itemset,Weapon/Spell Damage,Weapon/Spell Critical,Weapon/Spell Critical,Double Weapon/Spell Damage,Skill Bonus,All Weights,Distance Bonus,Pentric Run,Melee Damage Bonus,Ranged Damage Bonus,5-Piece Bonus,Light Armor,Medium Armor,Blackwood,Blackwood,Heavy Armor,y,,Any Weapon,,,,Jewelry,,,,,,,,,Crafting Site(s),Pentric Run,,,,,,,,,,
Online:Disciplined Slash,,"When you deal damage with Reverse Slash, you generate up to 12 Ultimate based on how much execute bonus damage it dealt.",,,,,,,,,,,Sets,itemset,Skill Bonus,Ultimate Gain,Execute Bonus,2-Piece Bonus,Two Handed Weapon,Weapon,Asylum Style,Asylum Sanctorium,,,,,,Clockwork City,Clockwork City,,,,,,,,,,,,,,,,,,,,,,,,,,,12,
Online:Dolorous Arena,,Adds 28-1206 Maximum Health,"Gain Minor Aegis at all times, reducing your damage taken from Dungeon, Trial, and Arena Monsters by 5%.",Adds 34-1487 Armor,"While bracing you create a distortion barrier around yourself after 2 seconds. After the delay, every 2 seconds you gain 14-614 Armor and enemies within the distortion barrier have their Armor reduced by 42-1843 for 5 seconds. These effects stack up to 3 times.",,,,,,,,Sets,itemset,Maximum Health,Physical/Spell Resistance,Minor Aegis,Double Physical/Spell Resistance,Block Bonus,Heavy Armor,Area of Effect,Ossein Cage,Reduce Enemy Defense,5-Piece Bonus,Heavy Armor,Any Weapon,Jewelry,2025 Content Pass,Seasons of the Worm Cult,Coldharbour Dominator Style,,28-1206 Maximum,,,,,,,,,,,,,,,,,,,,,,,,,
Online:Domihaus,Adds 25-1096 Maximum Magicka,"When you deal damage, you create a 10 meter ring of molten earth around you for 10 seconds, which deals 90 Flame damage and 90 Physical damage every 1 second. Standing within the ring grants you 6-300 Weapon Damage and Spell Damage. This effect can occur once every 15 seconds and the damage scales off the higher of your Weapon Damage and Spell Damage.",,,,,,,,,,,Sets,itemset,Maximum Stamina,Flame Damage,Maximum Magicka,Physical Damage,Damage Over Time,Monster Helm Sets,Area of Effect,Falkreath Hold,Weapon/Spell Damage,Undaunted Style,2-Piece Bonus,Head and Shoulders,,Horns of the Reach,Horns of the Reach,,y,,,25-1096 Maximum,25-1096 Maximum,,,,,,the item set,the enemy,Domihaus the Bloody-Horned,,,,,Falkreath Hold,Urgarlag Chief-bane,Domihaus the Bloody-Horned,,,,,,,
Online:Dov-rha Sabatons,"While Sprinting gain a stack of Draconic Scales every 0.5 seconds, granting you 660 Armor, up to 20 stacks max. Upon stopping you deal 0 Physical damage per stack in an 8 meter shockwave, gain a damage shield equal to damage dealt, and retain Draconic Scales for 10 seconds but cannot gain new stacks. At 20 stacks, this damage will also stun for 3 seconds. The damage scales off the higher of your Physical Resistance or Spell Resistance.",,,,,,,,,,,,Sets,itemset,Sprint Bonus,Reduce Damage Taken,Physical/Spell Resistance,Area of Effect,Physical Damage,Heavy Armor,Damage Shield,Antiquities,Crowd Control,1-Piece Bonus,Heavy Armor,Unique Style,,Greymoor,Deadlands,,,,,,,5,,,,,the antiquity,the achievement,Dov-rha Sabatons (achievement),,,,,,,,,armor,Dov-rha Sabatons,m,Mythic,,right
Online:Dragon's Appetite,,Adds 3-129 Weapon Damage and Spell Damage,Adds 3-129 Stamina Recovery,Adds 3-129 Stamina Recovery,"Increase your damage done to Bleeding enemies by 5-225. Dealing non-Bleed damage to Bleeding enemies generates a stack of Dragon's Appetite for 5 seconds, up to once per half second. After 10 stacks you consume Dragon's Appetite and heal for 4415 Health. The heal effect scales off the higher of your Max Magicka or Stamina.",,,,,,,,Sets,itemset,Weapon/Spell Damage,Double Stamina Recovery,Stamina Recovery,Bleed Damage Bonus,Increase Damage Dealt,All Weights,Restore Health,Dragon's Belly,5-Piece Bonus,Light Armor,Medium Armor,Heavy Armor,Any Weapon,Greymoor,Greymoor,Jewelry,y,4415,Crafting Site(s),3-129,,,,,,,,,,,Recovery,,Dragon's Belly,,,,,,,,,,
Online:Dragon's Defilement,,Adds 25-1096 Maximum Stamina,Adds 25-1096 Maximum Stamina,Adds 28-1206 Maximum Health,"When you take damage from a melee attack, gain a corrupting aura for 5 seconds that applies Minor Breach to all enemies within 8 meters of you, reducing their Physical Resistance and Spell Resistance by 2974. This effect can occur every 5 seconds.",,,,,,,,Sets,itemset,Maximum Stamina,Maximum Health,Double Maximum Stamina,Double Maximum Health,Counterattack,Heavy Armor,Area of Effect,Lair of Maarselok,Distance Bonus,Minor Breach,5-Piece Bonus,Heavy Armor,Any Weapon,Scalebreaker,Scalebreaker,Jewelry,,28-1206 Maximum,Stags of Z'en Style,25-1096 Maximum,,,,,,,,,,,,,,,,,,,,,,,
Online:Dragonguard Elite,,Adds 15-657 Critical Chance,Adds 3-129 Weapon Damage and Spell Damage,Adds 3-129 Stamina Recovery,"You gain a stack of Dragonguard Tactics for 5 seconds when you deal direct damage to an enemy from the front or their sides, up to 10 stacks. Each stack of Dragonguard Tactics increases your Critical Chance by 6-275. You can only gain one stack every 0.5 seconds.",,,,,,,,Sets,itemset,Weapon/Spell Critical,Weapon/Spell Damage,Weapon/Spell Damage,Stamina Recovery,Direct Damage Bonus,Medium Armor,Positioning Bonus,Southern Elsweyr,Double Weapon/Spell Critical,5-Piece Bonus,Medium Armor,Any Weapon,Jewelry,Dragonhold,Dragonhold,Dragonguard Style,y,,,3-129,,3,,153828,1,,,,,,Recovery,,,,,,Ancient Dragonguard Sword,,,,,,
Online:Drake's Rush,,Adds 28-1206 Maximum Health,Adds 25-1096 Maximum Stamina,Adds 25-1096 Maximum Stamina,"When you Bash an enemy, you and up to 3 group members within 15 meters of you gain Major Heroism for 12 seconds, granting you 3 Ultimate every 1.5 seconds. This effect can occur once every 18 seconds.",,,,,,,,Sets,itemset,Maximum Health,Double Maximum Stamina,Maximum Stamina,Bash Bonus,Major Heroism,Heavy Armor,Group Bonus,Black Drake Villa,5-Piece Bonus,Heavy Armor,Any Weapon,Jewelry,True-Sworn Style,Flames of Ambition,Flames of Ambition,,,28-1206 Maximum,,25-1096 Maximum,,,,,,,,,,,,,,,,,,,,,,3,
Online:Draugr Hulk,,Adds 25-1096 Maximum Stamina,Adds 25-1096 Maximum Stamina,Adds 25-1096 Maximum Stamina,Adds 59-2550 Maximum Stamina,,,,,,,,Sets,itemset,Maximum Stamina,Triple Maximum Stamina,Double Maximum Stamina,Quadruple Maximum Stamina,5-Piece Bonus,Medium Armor,Medium Armor,Direfrost Keep,Any Weapon,Jewelry,Draugr Style,,,,,,,Maximum,,25-1096 Maximum,Maximum,3,,33286,1,,,,,,,,,,,,Dreadlord's Mark,,,,,,
Online:Draugr's Heritage,,Adds 4% Healing Taken,Adds 28-1206 Maximum Health,Adds 28-1206 Maximum Health,"When you take damage while you are under 35% Health, you knockdown all enemies within 4 meters of you for 2 seconds and heal for 2506 Health. This effect can occur once every 7 seconds and the heal scales off the higher of your Max Magicka or Stamina.",,,,,,,,Sets,itemset,Increase Healing Received,Double Maximum Health,Maximum Health,Counterattack,Near Death Effect,Heavy Armor,Area of Effect,The Rift,Distance Bonus,Crowd Control,Restore Health,5-Piece Bonus,Heavy Armor,,,Any Weapon,,28-1206 Maximum,Jewelry,,,,Draugr Style,,,,,,,,,,,,,,,,,,,,
Online:Draugr's Rest,,Adds 25-1096 Maximum Magicka,Adds 3-129 Magicka Recovery,Adds 4% Healing Done,"When you complete a fully-charged Heavy Attack, you create a circle of consecrated ground that heals you and your group members within 5 meters for 5550 Health over 10 seconds. This effect can occur once every 10 seconds and scales off the higher of your Max Magicka or Stamina.",,,,,,,,Sets,itemset,Maximum Magicka,Increase Healing Done,Magicka Recovery,Heavy Attack Bonus,Group Bonus,Light Armor,Restore Health,Falkreath Hold,Heal Others,Area of Effect,5-Piece Bonus,Light Armor,Any Weapon,Horns of the Reach,Horns of the Reach,Jewelry,,5550,Dreadhorn Style,,25-1096 Maximum,,,,,,,,,Recovery,,,,,,,,,,,,,
Online:Draugrkin's Grip,,Adds 25-1096 Maximum Magicka,Adds 34-1487 Offensive Penetration,Adds 3-129 Magicka Recovery,Increases your damage done by 7-330 but reduces your healing received by 10%.,,,,,,,,Sets,itemset,Maximum Magicka,Magicka Recovery,Physical/Spell Penetration,Increase Damage Dealt,Drawbacks,Light Armor,5-Piece Bonus,Unhallowed Grave,Light Armor,Any Weapon,Jewelry,Pyre Watch Style,,Harrowstorm,Harrowstorm,,,,,,25-1096 Maximum,,,,,,,,,Recovery,,,,,,,,,,,,,
Online:Dreamer's Mantle,,Adds 28-1206 Maximum Health,Adds 28-1206 Maximum Health,Adds 25-1096 Maximum Magicka,"When you take damage while you are under 35% Health, you knockdown all enemies within 4 meters of you for 2 seconds and restore 24-1058 Magicka. This effect can occur once every 7 seconds.",,,,,,,,Sets,itemset,Maximum Health,Maximum Magicka,Double Maximum Health,Counterattack,Near Death Effect,Light Armor,Area of Effect,Stormhaven,Distance Bonus,Crowd Control,Restore Magicka,5-Piece Bonus,Light Armor,,,Any Weapon,,28-1206 Maximum,Jewelry,,25-1096 Maximum,,High Elf Style,,,,,,,,,,,,,,,,,,,,
Online:Dreugh King Slayer,,Adds 3-129 Weapon Damage and Spell Damage,Adds 3-129 Weapon Damage and Spell Damage,Adds 15-657 Critical Chance,"Gain Major Brutality and Sorcery at all times, increasing your Weapon Damage and Spell Damage by 20%. When you kill an enemy, you gain Major Expedition for 8 seconds, increasing your Movement Speed by 30%.",,,,,,,,Sets,itemset,Weapon/Spell Damage,Double Weapon/Spell Damage,Double Weapon/Spell Damage,Weapon/Spell Critical,Major Brutality,Heavy Armor,Major Sorcery,Fungal Grotto,Kill Bonus,Major Expedition,5-Piece Bonus,Heavy Armor,Any Weapon,,,Jewelry,y,,Dark Elf Style,,,3,,29095,1,,,,,,,,,,,,Crabclaw Charm,,,,,,
Online:Dro'zakar's Claws,,Adds 34-1487 Offensive Penetration,Adds 15-657 Critical Chance,Adds 3-129 Stamina Recovery,"For every bleed effect you have on an enemy, increase your Weapon Damage and Spell Damage by 2-103 against them.",,,,,,,,Sets,itemset,Physical/Spell Penetration,Weapon/Spell Critical,Weapon/Spell Critical,Stamina Recovery,Weapon/Spell Damage,Medium Armor,Bleed Damage Bonus,Moongrave Fane,Negative Effect Bonus,5-Piece Bonus,Medium Armor,Any Weapon,Jewelry,Scalebreaker,Scalebreaker,Moongrave Fane Style,y,,,3-129,,,,,,,,,,,Recovery,,,,,,,,,,,,
Online:Druid's Braid,Adds 28-1206 Maximum Health,Adds 25-1096 Maximum Magicka,Adds 25-1096 Maximum Stamina,Adds 28-1206 Maximum Health,Adds 36-1565 Maximum Magicka,Adds 36-1565 Maximum Stamina,Adds 40-1722 Maximum Health,Adds 36-1565 Maximum Magicka,Adds 36-1565 Maximum Stamina,Adds 40-1722 Maximum Health,Adds 36-1565 Maximum Magicka,Adds 36-1565 Maximum Stamina,Sets,itemset,Maximum Health,Maximum Stamina,Maximum Magicka,Double Maximum Health,Double Maximum Magicka,All Weights,Double Maximum Stamina,Hidden Foundry,Triple Maximum Health,Triple Maximum Magicka,Triple Maximum Stamina,Quadruple Maximum Health,Quadruple Maximum Magicka,High Isle,High Isle,Quadruple Maximum Stamina,,28-1206 Maximum,12-Piece Bonus,25-1096 Maximum,25-1096 Maximum,,Light Armor,,,,,,,,,Medium Armor,Hidden Foundry,,,,,,,,,,
Online:Duneripper's Scales,,Adds 28-1206 Maximum Health,Adds 4% Healing Taken,Adds 4% Healing Taken,"While you are Bracing, your Physical Resistance and Spell Resistance are increased by 123-5310.",,,,,,,,Sets,itemset,Maximum Health,Double Increase Healing Received,Increase Healing Received,Block Bonus,Physical/Spell Resistance,Heavy Armor,Reduce Damage Taken,Volenfell,5-Piece Bonus,Heavy Armor,Any Weapon,Jewelry,Primal Style,,,,,28-1206 Maximum,,,,3,,33277,1,,,,,,,,,,,,Tremorscale's Tooth,,,,,,
Online:Dungeon Sets,,,,,,,,,,,,,Sets,,,,,,,,,,,,,,,,,,,,,,,,,,,,,,,,,,,,,,,,,,,,
Online:Dungeon Sets/Drops,,,,,,,,,,,,,,,,,,,,,,,,,,,,,,,,,,,,,,,,,,,,,,,,,,,,,,4,Epic quality,,
Online:Durok's Bane,,Adds 28-1206 Maximum Health,Adds 3-129 Health Recovery,Adds 4% Healing Taken,"When you take damage, you apply Major Defile to the enemy for 5 seconds, reducing their healing received and damage shield strength by 12%. This effect can occur once every 7 seconds per enemy.",,,,,,,,Sets,itemset,Maximum Health,Increase Healing Received,Health Recovery,Counterattack,Major Defile,Heavy Armor,5-Piece Bonus,Selene's Web,Heavy Armor,Any Weapon,Jewelry,Redguard Style,,,,,,28-1206 Maximum,,,,3,,22188,1,,,,,,,,,,,,Arachnoid Ring,,,,,,
Online:Eagle Eye,,Adds 15-657 Critical Chance,Adds 38-1652 Critical Chance to your ranged direct damage abilities.,,,,,,,,,,Sets,itemset,Weapon/Spell Critical,Double Weapon/Spell Critical,Double Weapon/Spell Critical,Skill Bonus,Ranged Damage Bonus,Three Piece,3-Piece Bonus,Bruma,Jewelry,Bow,Destruction Staff,Restoration Staff,Alliance Style,,,Alliance Point Cost,,,,,,,,,,,,,,,,,,,,,,,,,,,
Online:Earthgore,Adds 4% Healing Done,"When you heal yourself or a group member that is under 50% Health, you conjure a pool of blood underneath them, immediately removing all harmful area effects, and healing the lowest Health group member in the area after 2 seconds for 1702 Health every 2 seconds over 8 seconds. This effect can occur once every 20 seconds and scales off the higher of your Max Magicka or Stamina.",,,,,,,,,,,Sets,itemset,Increase Healing Done,Group Bonus,Healing Bonus,Near Death Effect,Restore Health,Monster Helm Sets,Area of Effect,Bloodroot Forge,Heal Others,Reduce Debuff Effects,Undaunted Style,2-Piece Bonus,Head and Shoulders,Horns of the Reach,Horns of the Reach,,,50%,,,,,,,,,the item set,the enemy,Earthgore Amalgam,,,,,Bloodroot Forge,Urgarlag Chief-bane,Earthgore Amalgam,,,,,,,
Online:Ebon Armory,,Adds 28-1206 Maximum Health,Adds 28-1206 Maximum Health,Adds 4% Healing Taken,Increases Max Health by 23-1000 for you and up to 11 other group members within 28 meters of you. This bonus persists through death.,,,,,,,,Sets,itemset,Maximum Health,Increase Healing Received,Double Maximum Health,Group Bonus,Full Group Bonus,Heavy Armor,Distance Bonus,Crypt of Hearts,Triple Maximum Health,5-Piece Bonus,Heavy Armor,Any Weapon,Jewelry,,,Ebon Style,,28-1206 Maximum,Soul-Shriven Style,,,3,Mixed Style,16047,1,Bonehand's Amulet,,,,Recovery,Recovery,Unique Style,,,,,,,,,,,
Online:Elemental Catalyst,,Adds 25-1096 Maximum Magicka,Adds 15-657 Critical Chance,Adds 25-1096 Maximum Magicka,"Whenever you deal Flame, Shock, or Frost Damage, you apply a stack of Flame, Shock, or Frost Weakness to the enemy for 3 seconds. Each stack of an Elemental Weakness increases their Critical Damage taken by 5%. An enemy can only have one stack of each Elemental Weakness at a time.",,,,,,,,Sets,itemset,Maximum Magicka,Double Maximum Magicka,Weapon/Spell Critical,Flame Damage Bonus,Shock Damage Bonus,Light Armor,Frost Damage Bonus,Stone Garden,Reduce Enemy Defense,Increase Critical Damage,5-Piece Bonus,Light Armor,Any Weapon,Stonethorn,Stonethorn,Jewelry,,,Hazardous Alchemy Style,,25-1096 Maximum,,,,,,,,,,,,,,,,,,,,,,
Online:Elemental Succession,,Adds 25-1096 Maximum Magicka,Adds 3-129 Weapon Damage and Spell Damage,Adds 25-1096 Maximum Magicka,"Whenever you deal Flame, Shock, or Frost Damage, you gain 11-492 Weapon Damage and Spell Damage for Flame, Shock, or Frost Damage for 4 seconds. Each effect is picked randomly and an effect that is already active cannot refresh.",,,,,,,,Sets,itemset,Maximum Magicka,Double Maximum Magicka,Weapon/Spell Damage,Flame Damage Bonus,Shock Damage Bonus,Light Armor,Frost Damage Bonus,Maelstrom Arena (place),5-Piece Bonus,Light Armor,Any Weapon,Jewelry,Malacath Style,Orsinium,Orsinium,,y,,,,25-1096 Maximum,,,,,,,,,,,,,,,,,,,,,,
Online:Elf Bane,,Adds 15-657 Critical Chance,Adds 3-129 Weapon Damage and Spell Damage,Adds 3-129 Weapon Damage and Spell Damage,"While in combat, increases the duration of your Flame Damage over Time abilities by 5 seconds. This effect does not work with beam or channeled effects. Applies to Dragonknight Standard.",,,,,,,,Sets,itemset,Maximum Magicka,Double Weapon/Spell Damage,Weapon/Spell Damage,Double Weapon/Spell Damage,Increase Effect Duration,Heavy Armor,Flame Damage Bonus,Vlastarus,5-Piece Bonus,Heavy Armor,Any Weapon,Jewelry,Alliance Style,,,Alliance Point Cost,y,,,,,,,,,,,,,,,,,,,,,,,,,,
Online:Embershield,,Adds 28-1206 Maximum Health,Adds 28-1206 Maximum Health,Adds 34-1487 Armor,"When you complete a fully-charged Heavy Attack, you increase your Physical Resistance and Spell Resistance by 76-3300 and deal 0 Flame damage to all enemies within 5 meters of you every 1 second for 6 seconds. The damage scales off the higher of your Physical Resistance or Spell Resistance.",,,,,,,,Sets,itemset,Maximum Health,Physical/Spell Resistance,Double Maximum Health,Heavy Attack Bonus,Double Physical/Spell Resistance,Heavy Armor,Reduce Damage Taken,City of Ash,Flame Damage,Area of Effect,Distance Bonus,Damage Over Time,5-Piece Bonus,,,Heavy Armor,,28-1206 Maximum,Any Weapon,,,3,Jewelry,5832,1,Aegis of Ash,,,,,,Daedric Style,,,,,,,,,,,
Online:Encratis's Behemoth,Adds 25-1096 Maximum Magicka,Dealing Flame Damage to an enemy grants you Behemoth's Aura for 12 seconds that reaches up to 12 meters. You and up to 11 group members in the aura reduce Flame Damage taken by 5%. Enemies in the aura increase their Flame Damage taken by 5%. This effect can occur once every 15 seconds.,,,,,,,,,,,Sets,itemset,Maximum Magicka,Group Bonus,Flame Damage Bonus,Full Group Bonus,Area of Effect,Monster Helm Sets,Distance Bonus,Black Drake Villa,Reduce Damage Taken,Reduce Enemy Defense,Undaunted Style,2-Piece Bonus,Head and Shoulders,Flames of Ambition,Flames of Ambition,,,,,,25-1096 Maximum,,,,,,the item set,the enemy,Pyroturge Encratis,,,,,Black Drake Villa,Urgarlag Chief-bane,Pyroturge Encratis,,,,,,,
Online:Endurance,,Adds 44-1928 Maximum Health,Adds 14-618 Health Recovery,,,,,,,,,,Sets,itemset,Maximum Health,3-Piece Bonus,Health Recovery,Jewelry,Any Weapon,Three Piece,,Legionary Trophy Vault Planar Armor Trophy Vault,,,,,,Imperial City,Imperial City,,,44-1928 Maximum,,,,3,,55963,,Grievous Ward,,,,,,,,,,,,,,,,,
Online:Enervating Aura,,Adds 4% Healing Taken,Adds 28-1206 Maximum Health,Adds 34-1487 Armor,"When you deal direct damage, you have a 10% chance to create an area under the target that detonates after 1 second, applying Enervating Aura and Minor Enervation for 10 seconds to enemies within 5 meters. Enervating Aura lowers the Health Recovery, Magicka Recovery, and Stamina Recovery of enemy players by 3-129 per player hit. This effect can occur once every 15 seconds.",,,,,,,,Sets,itemset,Alliance Style,Increase Healing Received,Heavy Armor,Maximum Health,Physical/Spell Resistance,Heavy Armor,Direct Damage Bonus,Elite Gear Vendors,Area of Effect,Multiple Targets Hit Bonus,PvP Bonus,Negative Effect Bonus,5-Piece Bonus,,,Any Weapon,,28-1206 Maximum,Jewelry,,,,Alliance Point Cost,,,,,,,Recovery,Recovery,,,,,,,,,,,,
Online:Engine Guardian,Adds 3-129 Health Recovery,"When you use an ability that costs resources, you have a 25% chance to summon a Dwemer automaton to restore 12-550 Stamina or Magicka or 45-1955 Health to you every 0.5 seconds for 6 seconds. This effect can occur once every 10 seconds.",,,,,,,,,,,Sets,itemset,Health Recovery,Summon,Skill Bonus,Restore Health,Restore Stamina,Monster Helm Sets,Restore Magicka,Darkshade Caverns II,Undaunted Style,2-Piece Bonus,Head and Shoulders,,,,,,,3-129,,12-550,,,,,,,the item set,the enemy,The Engine Guardian,,,,,Darkshade Caverns II,Maj al-Ragath,The Engine Guardian,,,,,,,
Online:Esoteric Environment Greaves,"While you are above 50% Stamina, reduce your direct damage taken by 50% and lose 968 Stamina whenever you take direct damage, up to once every 0.3 seconds.",,,,,,,,,,,,Sets,itemset,Counterattack,Drawbacks,Reduce Damage Taken,Lose Stamina,Unique Style,Heavy Armor,1-Piece Bonus,Antiquities,Heavy Armor,,,,,Greymoor,Necrom,,,,,50%,,5,,,,Biome-Proof Plating,the antiquity,the achievement,Esoteric Environment Greaves (achievement),,,,,,,,,armor,Esoteric Environment Greaves,m,Mythic,,right
Online:Essence Thief,,Adds 25-1096 Maximum Stamina,Adds 25-1096 Maximum Stamina,Adds 3-129 Weapon Damage and Spell Damage,"Dealing damage with a Light or Heavy Attack draws essence from the enemy that pools near them for 5 seconds. Drawing from the pool heals you for 101-4356 Health, restores 101-4356 Stamina, and increases your damage done by 10% for 10 seconds. A pool can only be created once every 10 seconds.",,,,,,,,Sets,itemset,Maximum Stamina,Weapon/Spell Damage,Double Maximum Stamina,Light Attack Bonus,Heavy Attack Bonus,Medium Armor,Restore Health,White-Gold Tower,Restore Stamina,Increase Damage Dealt,5-Piece Bonus,Medium Armor,Any Weapon,Imperial City,Imperial City,Jewelry,y,101-4356,Xivkyn Style,25-1096 Maximum,,3,,69392,1,,,,,,,,,,,,Harvest Dirk,,,,,,
Online:Eternal Hunt,,Adds 25-1096 Maximum Stamina,Adds 3-129 Stamina Recovery,Adds 3-129 Stamina Recovery,"When you use Roll Dodge, you leave behind a rune that detonates when an enemy comes close, dealing 992 Poison Damage and immobilizing them for 1.5 seconds. This effect scales off the higher of your Weapon Damage and Spell Damage.",,,,,,,,Sets,itemset,Maximum Stamina,Double Stamina Recovery,Stamina Recovery,Dodge Roll Bonus,Trap,All Weights,Poison Damage,The Lost Pavilion,Crowd Control,5-Piece Bonus,Light Armor,Medium Armor,Heavy Armor,Thieves Guild,Thieves Guild,Any Weapon,y,,Jewelry,25-1096 Maximum,,,Crafting Site(s),,,,,,,,Recovery,,The Lost Pavilion,,,,,,,,,,
Online:Eternal Vigor,,Adds 3-129 Magicka Recovery,Adds 3-129 Stamina Recovery,Adds 3-129 Health Recovery,Adds 7-337 Stamina and Magicka Recovery while your Health is above 50%. Adds 23-1011 Health Recovery while your Health is 50% or less.,,,,,,,,Sets,itemset,Greymoor Style,Mixed Style,Anequina Style,Magicka Recovery,Stamina Recovery,Heavy Armor,Health Recovery,Western Skyrim,Full Health Bonus,Double Stamina Recovery,Double Magicka Recovery,Near Death Effect,Double Health Recovery,Greymoor,Greymoor,5-Piece Bonus,,3-129,Heavy Armor,3-129,3-129,2,Any Weapon,161019,1,Restoration Staff of Eternal Vigor,,,,Recovery,Recovery,Jewelry,,,,,,,,,,,
Online:Eternal Warrior,,Adds 4% Healing Taken,"Gain Minor Aegis at all times, reducing your damage taken from Dungeon, Trial, and Arena Monsters by 5%.",Adds 28-1206 Maximum Health,"When you take damage while below 25% Health in combat, you heal for 9370 Health and gain 2-100 Ultimate. This effect can occur once every 1 minute and the heal scales off your Max Health.",,,,,,,,Sets,itemset,Increase Healing Received,Maximum Health,Minor Aegis,Double Increase Healing Received,Near Death Effect,Heavy Armor,Restore Health,Hel Ra Citadel,Ultimate Gain,5-Piece Bonus,Heavy Armor,Any Weapon,Jewelry,,,Yokudan Style,,28-1206 Maximum,,,,,,,,,,,,,,,,,,,,,,,,2-100,
Online:Euphotic Gatekeeper (set),Adds 3-129 Stamina Recovery,"When you use Roll Dodge, create a Hadolid Husk after you roll. While within 5 meters of the Hadolid Husk, it will absorb all direct damage attacks against you. After 1 second, the Hadolid Husk explodes, dealing 1155 Poison damage to all enemies within 5 meters. This effect can occur once every 20 seconds and scales off the higher of your Weapon Damage and Spell Damage.",,,,,,,,,,,Sets,itemset,Stamina Recovery,Summon,Dodge Roll Bonus,Area of Effect,Dodge,Monster Helm Sets,Poison Damage,Graven Deep,Undaunted Style,2-Piece Bonus,Head and Shoulders,,,Lost Depths,Lost Depths,,y,,,3-129,,,,,,,the item set,the enemy,The Euphotic Gatekeeper,,Recovery,,,Graven Deep,Urgarlag Chief-bane,The Euphotic Gatekeeper,,,,,,,
Online:Executioner's Blade,,Hidden Blade deals up to 250% more damage to targets under 100% Health when you are standing behind them. Restores 1890 Stamina if the target was below 50% Health.,,,,,,,,,,,Sets,itemset,Skill Bonus,Execute,Increase Damage Dealt,Positioning Bonus,Execute Bonus,Weapon,Restore Stamina,Vateshran Hollows,2-Piece Bonus,One Handed Weapon,Ancestral Reach Style,,,Markarth,Markarth,,,100%,,1890,,,,,,,,,,,,,,,,,,,,,,,
Online:Explosive Rebuke,,Adds 25-1096 Maximum Stamina,Adds 28-1206 Maximum Health,Adds 3-129 Weapon Damage and Spell Damage,"When you Block, you place a bomb on the enemy for 10 seconds. When they are hit with a fully-charged Heavy Attack, the bomb detonates, dealing 0 Flame damage to all enemies within 8 meters and applying the Burning status effect to them. This effect can occur once every 8 seconds and scales off the higher of your Physical Resistance or Spell Resistance.",,,,,,,,Sets,itemset,Maximum Stamina,Weapon/Spell Damage,Maximum Health,Block Bonus,Heavy Attack Bonus,Heavy Armor,Flame Damage,Vateshran Hollows,Area of Effect,Apply Status Effects,5-Piece Bonus,Heavy Armor,Any Weapon,Markarth,Markarth,Jewelry,y,28-1206 Maximum,Ancestral Reach Style,25-1096 Maximum,,,,,,,,,,,,,,,,,,,,,,,
Online:Eye of Nahviintaas,,Adds 3-129 Magicka Recovery,"Gain Minor Aegis at all times, reducing your damage taken from Dungeon, Trial, and Arena Monsters by 5%.",Adds 25-1096 Maximum Magicka,"When an ally activates a synergy you have created within 10 seconds, you and the ally who activated the synergy get 12% cost reduction for non-Ultimate abilities for 3 seconds. This effect can occur every 6 seconds per target.",,,,,,,,Sets,itemset,Magicka Recovery,Maximum Magicka,Minor Aegis,Skill Bonus,Synergy Bonus,Light Armor,Reduce Magicka Cost,Sunspire,Reduce Stamina Cost,Reduce Health Cost,5-Piece Bonus,Light Armor,Any Weapon,Elsweyr,Elsweyr,Jewelry,,,Sunspire Style,,3-129,,,,,,,,,Recovery,,,,,,,,,,,,,
Online:Eye of the Grasp,,Adds 25-1096 Maximum Magicka,Adds 3-129 Weapon Damage and Spell Damage,Adds 15-657 Critical Chance,"When you deal Critical Damage, generate 7 Ultimate. This effect can occur once every 5 seconds.",,,,,,,,Sets,itemset,Maximum Magicka,Weapon/Spell Critical,Weapon/Spell Damage,Weapon/Spell Critical,Critical Damage Bonus,Light Armor,Ultimate Gain,The Deadlands,5-Piece Bonus,Light Armor,Any Weapon,Jewelry,Fargrave Guardian Style,The Deadlands,The Deadlands,,y,,,,25-1096 Maximum,,,,,,,,,,,,,,,,,,,,,7,
Online:Eyes of Mara,,Adds 3-129 Magicka Recovery,Adds 25-1096 Maximum Magicka,Adds 3-129 Weapon Damage and Spell Damage,Reduces the cost of your Restoration Staff abilities by 15%.,,,,,,,,Sets,itemset,Magicka Recovery,Weapon/Spell Damage,Maximum Magicka,Reduce Magicka Cost,Reduce Ultimate Cost,All Weights,Skill Bonus,Mara's Eye Manufactory,5-Piece Bonus,Light Armor,Medium Armor,Heavy Armor,Any Weapon,,,Jewelry,y,,Crafting Site(s),,3-129,,,,,,,,,Recovery,,,Mara's Eye Manufactory,,,,,,,,,,
Online:False God's Devotion,,Adds 15-657 Critical Chance,"Gain Minor Slayer at all times, increasing your damage done to Dungeon, Trial, and Arena Monsters by 5%.",Adds 15-657 Critical Chance,"Reduces the cost of your Magicka abilities by 8%. When an enemy you recently damaged dies, you restore 57-2454 Magicka and gain Major Expedition for 8 seconds, increasing your Movement Speed by 30%. These effects can occur once every second.",,,,,,,,Sets,itemset,Weapon/Spell Critical,Double Weapon/Spell Critical,Minor Slayer,Reduce Magicka Cost,Kill Bonus,Light Armor,Restore Magicka,Sunspire,Major Expedition,5-Piece Bonus,Light Armor,Any Weapon,Jewelry,Elsweyr,Elsweyr,Sunspire Style,,,,,57-2454,,,,,,,,,,,,,,,,,,,,,,
Online:Farstrider,,Adds 34-1487 Armor,Adds 9-421 Critical Resistance,Adds 15-657 Critical Chance,"When you deal direct damage with a Blink, Charge, Leap, Teleport, or Pull ability, decrease the Critical Resistance of your enemy by 40% and increase your Critical Resistance by an equal amount for 10 seconds. This effect can occur once every 7 seconds.",,,,,,,,Sets,itemset,Physical/Spell Resistance,Weapon/Spell Critical,Maximum Stamina,Gap Close Bonus,Direct Damage Bonus,Medium Armor,Reduce Enemy Defense,Battlegrounds,Critical Resistance,5-Piece Bonus,Medium Armor,Any Weapon,Jewelry,,,Militant Ordinator Style,,,,,,,,,,,,,,,,,,,,,,,,,,,
Online:Fasalla's Guile,,Adds 28-1206 Maximum Health,Adds 28-1206 Maximum Health,Adds 4% Healing Taken,"While in combat, every 1 second you apply Minor Defile to enemies within 5 meters of you for 2 seconds, reducing their healing received and damage shield strength by 6%.",,,,,,,,Sets,itemset,Maximum Health,Increase Healing Received,Double Maximum Health,Physical/Spell Resistance,Area of Effect,Heavy Armor,Distance Bonus,Elite Gear Vendors,Minor Defile,5-Piece Bonus,Heavy Armor,Any Weapon,Jewelry,,,Alliance Style,,28-1206 Maximum,Alliance Point Cost,,,,,,,,,,,,,,,,,,,,,,,,
Online:Faun's Lark Cladding,"If you continuously Sprint for 1 second, you gain the ability to pass through enemies. Enemies you pass through become Charmed for 4 seconds, removing their ability to attack or cast abilities as they move toward you. Charming an enemy this way restores 678 Stamina and Magicka to you, and heals you for 678 Health. Charming an enemy removes you from Stealth.",,,,,,,,,,,,Sets,itemset,Sprint Bonus,Restore Health,Crowd Control,Restore Stamina,Restore Magicka,Medium Armor,1-Piece Bonus,Antiquities,Medium Armor,Unique Style,,,,Greymoor,Firesong,,,678,,678,,5,,,,,the antiquity,the achievement,Faun's Lark Cladding (achievement),,,,,,,,,armor,Faun's Lark Cladding,m,Mythic,,right
Online:Fellowship's Fortitude,,,,,Adds 172-7425 Armor,,,,,Adds 140-6020 Maximum Health,,"Gain Major Protection, reducing your damage taken by 10%.",Sets,itemset,Physical/Spell Resistance,Major Protection,Maximum Health,12-Piece Bonus,Light Armor,All Weights,Medium Armor,Fellowship Forge,Heavy Armor,Any Weapon,Jewelry,Crafting Site(s),,2025 Content Pass,Seasons of the Worm Cult,,,140-6020 Maximum,,,,,,,,,,,,,,,Fellowship Forge,,,,,,,,,,
Online:Fiord's Legacy,,Adds 3-129 Weapon Damage and Spell Damage,Adds 15-657 Critical Chance,Adds 3-129 Stamina Recovery,Reduces the cost and increases the Movement Speed bonus of Sprint by 15%.,,,,,,,,Sets,itemset,Weapon/Spell Damage,Weapon/Spell Critical,Weapon/Spell Critical,Stamina Recovery,Improved Sprint,Medium Armor,Reduce Sprint Cost,Eastmarch,Increase Movement Speed,5-Piece Bonus,Medium Armor,Any Weapon,Jewelry,,,Nord Style,y,,,3-129,,2,,7661,1,Darkwater Hand Warmers,,,,,Recovery,,,,,,,,,,,,
Online:Flame Blossom,,Adds 25-1096 Maximum Magicka,Adds 3-129 Weapon Damage and Spell Damage,Adds 34-1487 Offensive Penetration,"When you deal damage, you summon a line of flame that moves forward after 1 second, dealing 1537 Flame damage to any enemy in its path and applying the Burning status effect. This effect can occur once every 10 seconds and scales off the higher of your Weapon Damage and Spell Damage.",,,,,,,,Sets,itemset,Maximum Magicka,Physical/Spell Penetration,Weapon/Spell Damage,Physical/Spell Penetration,Flame Damage,Light Armor,Area of Effect,Bloodroot Forge,Apply Status Effects,5-Piece Bonus,Light Armor,Any Weapon,Jewelry,Horns of the Reach,Horns of the Reach,Bloodforge Style,y,,,,25-1096 Maximum,,,,,,,,,,,,,,,,,,,,,,
Online:Flanking Strategist,,Adds 25-1096 Maximum Stamina,Adds 15-657 Critical Chance,Adds 3-129 Weapon Damage and Spell Damage,Adds 34-400 Weapon Damage and Spell Damage to your damaging abilities when you attack an enemy from behind or their sides.,,,,,,,,Sets,itemset,Maximum Stamina,Weapon/Spell Damage,Weapon/Spell Critical,Weapon/Spell Damage,Positioning Bonus,Medium Armor,5-Piece Bonus,Gold Coast,Medium Armor,Any Weapon,Jewelry,Order of the Hour Style,,Dark Brotherhood,Dark Brotherhood,,y,,,25-1096 Maximum,,,,,,,,,,,,,,,,,,,,,,,
Online:Fledgling's Nest,,Adds 3-129 Magicka Recovery,Adds 25-1096 Maximum Magicka,Adds 25-1096 Maximum Magicka,"While in combat, casting an ability that leaves an effect on the ground creates an 8 meter Gryphon Nest for 10 seconds. You and group members inside the Nest gain 168 Magicka and Stamina Recovery. The first time you or a group member leaves the Nest, they gain Minor Courage for 10 seconds, increasing their Weapon Damage and Spell Damage by 215. This effect can occur once every 10 seconds.",,,,,,,,Sets,itemset,Magicka Recovery,Double Maximum Magicka,Maximum Magicka,Area of Effect Bonus,Area of Effect,Light Armor,Group Bonus,Lep Seclusa,Minor Courage,5-Piece Bonus,Light Armor,Any Weapon,Jewelry,Fallen Banners,Fallen Banners,Militant Monk Style,y,,,,3-129,,,,,,,,,Recovery,Recovery,,,,,,,,,,,,
Online:Foolkiller's Ward,,Adds 34-1487 Armor,Adds 34-1487 Armor,Adds 28-1206 Maximum Health,"Bracing while in combat places a damage shield on you and up to 3 group members within 18 meters for 2 seconds that absorbs up to 4000 direct damage. If a damage shield breaks, the wearer of the shield restores 132-5680 Magicka and Stamina. This effect can occur once every 30 seconds if a damage shield broke. This effect can occur once every 10 seconds if no damage shields broke.",,,,,,,,Sets,itemset,Physical/Spell Resistance,Double Physical/Spell Resistance,Double Physical/Spell Resistance,Maximum Health,Block Bonus,Heavy Armor,Damage Shield,The Cauldron,Distance Bonus,Group Bonus,Restore Magicka,Restore Stamina,5-Piece Bonus,Flames of Ambition,Flames of Ambition,Heavy Armor,,28-1206 Maximum,Any Weapon,,,,Jewelry,,,,,,,,,Waking Flame Style,,,,,,,,,,,
Online:Footman's Fortune,,Adds 28-1206 Maximum Health,Adds 34-1487 Armor,Adds 34-1487 Armor,Increases the amount of damage you block by 14%.,,,,,,,,Sets,itemset,Maximum Health,Double Physical/Spell Resistance,Physical/Spell Resistance,Double Physical/Spell Resistance,Improved Block,Heavy Armor,Heavy Armor,Dragonstar Arena,Any Weapon,Orcish Style,5-Piece Bonus,Any Weapon,Jewelry,,,,,28-1206 Maximum,,,,,,,,,,,,,,,,,,,,,,,,,
Online:Force Overflow,,"Casting Force Siphon on a target within 15 meters of you causes a surge of magical energy to tether between you for 10 seconds. While the tether persists and you remain in range, you and allies in the tether restore 4-175 Magicka and Stamina every 1 second. This effect can occur once every 10 seconds.",,,,,,,,,,,Sets,itemset,Skill Bonus,Tether,Distance Bonus,Area of Effect,Restore Stamina,Weapon,Restore Magicka,Vateshran Hollows,2-Piece Bonus,Restoration Staff,Ancestral Reach Style,,,Markarth,Markarth,,,,,,,,,,,,,,,,,,,,,,,,,,,,
Online:Fortified Brass,,Adds 28-1206 Maximum Health,Adds 34-1487 Armor,Adds 34-1487 Armor,Adds 80-3460 Armor,,,,,,,,Sets,itemset,Maximum Health,Double Physical/Spell Resistance,Physical/Spell Resistance,Double Physical/Spell Resistance,Triple Physical/Spell Resistance,All Weights,Reduce Damage Taken,Restricted Brassworks,5-Piece Bonus,Light Armor,Medium Armor,Heavy Armor,Any Weapon,Clockwork City,Clockwork City,Jewelry,,28-1206 Maximum,Crafting Site(s),,,,,,,,,,,,,,Restricted Brassworks,,,,,,,,,,
Online:Frenzied Momentum,,"While Momentum is active, casting Stamina abilities while in combat generates a stack of Frenzied Momentum for 20 seconds, increasing your Weapon Damage and Spell Damage by 0-30 up to 10 times. After 5 or more stacks, your next Heavy Attack consumes all stacks and releases a violent explosion of energy around you, dealing 1084 Physical Damage to all enemies within 8 meters, scaling off the higher of your Weapon Damage and Spell Damage.",,,,,,,,,,,Sets,itemset,Skill Bonus,Heavy Attack Bonus,Weapon/Spell Damage,Physical Damage,Area of Effect,Weapon,2-Piece Bonus,Vateshran Hollows,Two Handed Weapon,Ancestral Reach Style,,,,Markarth,Markarth,,y,,,,,,,,,,,,,,,,,,,,,,,,,,
Online:Frostbite,,Adds 3-129 Weapon Damage and Spell Damage,Adds 15-657 Critical Chance,Adds 3-129 Weapon Damage and Spell Damage,Increases your damage done with Frost abilities by 8%. Increases your damage done against Chilled enemies by 4%. Increases your damage done against enemies afflicted with Minor Brittle by 2%.,,,,,,,,Sets,itemset,Weapon/Spell Damage,Weapon/Spell Critical,Weapon/Spell Critical,Double Weapon/Spell Damage,Frost Damage Bonus,Light Armor,Increase Damage Dealt,Blackwood,Status Effect Bonus,Debuff Bonus,5-Piece Bonus,Light Armor,Any Weapon,Blackwood,Blackwood,Jewelry,y,,Ivory Brigade Style,,,2,,174862,1,Stibbons's Slime-Covered Spaulders,,,,,,,,,,,,,,,,,
Online:Frozen Watcher,,Adds 25-1096 Maximum Stamina,Adds 28-1206 Maximum Health,Adds 25-1096 Maximum Stamina,"Summon a blizzard around you while you are Bracing, inflicting 496 Frost damage every 1 second to enemies within 6 meters. This effect scales off your Max Health and has a 15% chance of inflicting the Chilled status effect.",,,,,,,,Sets,itemset,Maximum Stamina,Double Maximum Stamina,Maximum Health,Block Bonus,Area of Effect,Heavy Armor,Frost Damage,Depths of Malatar,Apply Status Effects,5-Piece Bonus,Heavy Armor,Any Weapon,Jewelry,Wrathstone,Wrathstone,Meridian Style,,28-1206 Maximum,,25-1096 Maximum,,,,,,,,,,,,,,,,,,,,,,,
Online:Full Belly Barricade,,Adds 28-1206 Maximum Health,Adds 25-1096 Maximum Stamina,Adds 25-1096 Maximum Stamina,"While you have a food buff active, your Block Mitigation is increased by 0-8% and block cost is reduced by 0-8%.",,,,,,,,Sets,itemset,Maximum Health,Double Maximum Stamina,Maximum Stamina,Consumable Bonus,Reduce Block Cost,Heavy Armor,Improved Block,Solstice,5-Piece Bonus,Heavy Armor,Any Weapon,Jewelry,Tide-Born Style,2025 Content Pass,Seasons of the Worm Cult,,,28-1206 Maximum,,25-1096 Maximum,,,,,,,,,,,,,,,,,,,,,,,
Online:Galerion's Revenge,,Adds 15-657 Critical Chance,Adds 9-424 Critical Resistance,Adds 3-129 Weapon Damage and Spell Damage,"When you deal damage with a Light or Heavy Attack, you put a Mark of Revenge on the enemy for 15 seconds. After stacking 5 Marks of Revenge on an enemy they detonate for 1462 Magic Damage. You can only apply a stack once every half second and the damage scales off the higher of your Weapon Damage and Spell Damage.",,,,,,,,Sets,itemset,Weapon/Spell Critical,Weapon/Spell Damage,Magicka Recovery,Light Attack Bonus,Heavy Attack Bonus,Light Armor,Magic Damage,Tel Var Merchants,5-Piece Bonus,Light Armor,Any Weapon,Jewelry,High Elf Style,Imperial City,,Tel Var Cost,y,,,,,,,,,,,,,,,,,,,,,,,,,,
Online:Gallant Charge,,Reduces the cost of Shield Charge by 25% and reduces the cost of your next non-Shield Charge One Handed and Shield ability cast within 3 seconds by 100%.,,,,,,,,,,,Sets,itemset,Skill Bonus,2-Piece Bonus,Reduce Stamina Cost,One Handed Weapon,Shield,Weapon,Honor Guard Style,Blackrose Prison,,,,,,Murkmire,Murkmire,,,,,,,,,,,,,,,,,,,,,,,,,,,,
Online:Gardener of Seasons,,Adds 4% Healing Done,Adds 3-129 Magicka Recovery,Adds 3-129 Weapon Damage and Spell Damage,"Gain Herald of Spring, causing your Green Balance overheals to apply Minor Heroism for 3 seconds. Casting a Heal ability while Bracing consumes Herald of Spring and gives you Harbinger of Fall for 6 seconds, causing your Green Balance overheals to create an 8 meter area for 5 seconds, applying Major Cowardice to enemies and Minor Vitality to allies. You can create an area once every 5 seconds. When Harbinger of Fall ends, regain Herald of Spring.",,,,,,,,Sets,itemset,Increase Healing Done,Weapon/Spell Damage,Magicka Recovery,Skill Bonus,Class Abilities Bonus,All Weights,Healing Bonus,Infinite Archive,Minor Heroism,Block Bonus,Area of Effect,Major Cowardice,Minor Vitality,,,5-Piece Bonus,y,,Light Armor,,3-129,,Medium Armor,,,,,,,Recovery,,Heavy Armor,,,,,,,,,,,
Online:Gaze of Sithis,Reduces your Block Mitigation to 0.,,,,,,,,,,,,Sets,itemset,Maximum Health,Physical/Spell Resistance,Health Recovery,Reduce Damage Taken,Drawbacks,Heavy Armor,1-Piece Bonus,Antiquities,Heavy Armor,Unique Style,,,,Dark Brotherhood,Blackwood,,,3276 Maximum,,,,5,,,,Glass Skeletal Visage,the antiquity,the achievement,Gaze of Sithis (achievement),,,,,,,,,armor,Gaze of Sithis,m,Mythic,,right
Online:Giant Spider (set),Adds 4% Healing Taken,"When you Block an enemy that is between 8 and 22 meters from you, you spin strands of spider silk to pull the enemy to you and taunt them for 15 seconds if they are not already taunted. This effect can occur once every 1 second.",,,,,,,,,,,Sets,itemset,,,,,,,,,,,,,,,,,,,,,,,,,,,,,,,,,,,,,,,,,,,
Online:Glacial Guardian,,Adds 34-1487 Armor,Adds 25-1096 Maximum Stamina,Adds 3-129 Health Recovery,"When you Block, tether to the enemy if they are within 8 meters of you for 8 seconds. While tethered, you deal 256 Frost damage every second to enemies touching the tether and cause them to have a 200% increased Status Effect Chance. The tether breaks if the target moves more than 12 meters away. This effect can occur once every 12 seconds and the damage scales off your Max Health.",,,,,,,,Sets,itemset,Physical/Spell Resistance,Health Recovery,Maximum Stamina,Block Bonus,Distance Bonus,Heavy Armor,Area of Effect,Coral Aerie,Tether,Damage Over Time,Frost Damage,Apply Status Effects,5-Piece Bonus,Ascending Tide,Ascending Tide,Heavy Armor,,3-129,Any Weapon,25-1096 Maximum,,,Jewelry,,,,,,,,,Ascendant Order Style,,,,,,,,,,,
Online:Glittering Goad (set),Adds 3-129 Weapon Damage and Spell Damage,"Dealing damage with a Bash or Heavy Attack deals 812 Frost damage over 8 seconds to the enemy. This effect can occur once every 8 seconds. If the effect completes, the enemy applies Minor Brittle to up to 6 enemies within 12 meters of itself for 10 seconds. If the enemy dies, the enemy releases glittering energy, restoring 847 Magicka and Stamina to you and group members within 12 meters of the defeated enemy.",,,,,,,,,,,Sets,itemset,Weapon/Spell Damage,Heavy Attack Bonus,Bash Bonus,Frost Damage,Minor Brittle,Monster Helm Sets,Restore Magicka,Night Market,Restore Stamina,Group Bonus,2-Piece Bonus,Head and Shoulders,Glittering Goad Style,,,,y,,,,,4,,224674,,Curated Glittering Goad Coffers,the item set,the faction,Glittering Goad,,,,,Night Market,Nymisasha,,,,,,,,
Online:Glorgoloch the Destroyer (set),Adds 28-1206 Maximum Health,"While in combat, each second you stand still grants you a stack of Flesh Fortress, up to 10 stacks. Each stack increases your Armor by 8-380 and your Critical Resistance by 0-38. Each second you move removes a stack of Flesh Fortress. Exiting combat removes all stacks of Flesh Fortress. Using charge and teleport abilities do not remove stacks of Flesh Fortress.",,,,,,,,,,,Sets,itemset,Maximum Health,Physical/Spell Resistance,Standing Still Bonus,Critical Resistance,Unique Style,Monster Helm Sets,2-Piece Bonus,Imperial City,Head and Shoulders,,,,,Imperial City,Imperial City,,,28-1206 Maximum,,,,,,,,,the armor set,the boss,Glorgoloch the Destroyer,,,,,Arena District,Tel Var equipment lockbox merchant,Glorgoloch the Destroyer,,,,,,,
Online:Glorious Defender,,Adds 28-1206 Maximum Health,Adds 28-1206 Maximum Health,Adds 3-129 Weapon Damage and Spell Damage,"When you Bash an enemy, you gain Glorious Defense for 10 seconds, allowing you to dodge the next attack made against you and all others afterwards for 1 second. This effect can occur once every 13 seconds.",,,,,,,,Sets,itemset,Maximum Health,Weapon/Spell Damage,Double Maximum Health,Bash Bonus,Dodge,Heavy Armor,5-Piece Bonus,Maelstrom Arena (place),Heavy Armor,Any Weapon,Jewelry,Trinimac Style,,Orsinium,Orsinium,,y,28-1206 Maximum,,,,,,,,,,,,,,,,,,,,,,,,,
Online:Gorethief,,Adds 25-1096 Maximum Stamina,Adds 28-1206 Maximum Health,Adds 3-129 Weapon Damage and Spell Damage,"Dealing direct damage generates a stack of Gorethief for 30 seconds, up to 10 stacks. While you have Gorethief equipped, Roll Dodge consumes 1 stack and heals you for 2021 Health, scaling off your Max Health. At max stacks, while you have Gorethief equipped, bash an enemy to consume all stacks and deal 2144 Bleed damage, scaling off the higher of your Weapon Damage and Spell Damage, to enemies within 8 meters of you.",,,,,,,,Sets,itemset,Maximum Stamina,Weapon/Spell Damage,Maximum Health,Direct Damage Bonus,Dodge Roll Bonus,All Weights,Restore Health,Rewards for the Worthy,Bash Bonus,Bleed Damage,Distance Bonus,5-Piece Bonus,Light Armor,,,Medium Armor,y,28-1206 Maximum,Heavy Armor,25-1096 Maximum,,,Any Weapon,,,,,,,,,Jewelry,,,,,,,,,,,
Online:Gossamer,,Adds 3-129 Magicka Recovery,Adds 25-1096 Maximum Magicka,Adds 25-1096 Maximum Magicka,"When you heal yourself or an ally, you grant them Major Evasion for 4 seconds, reducing damage from area attacks by 20%.",,,,,,,,Sets,itemset,Magicka Recovery,Double Maximum Magicka,Maximum Magicka,Healing Bonus,Major Evasion,Light Armor,5-Piece Bonus,Cradle of Shadows,Light Armor,Any Weapon,Jewelry,Silken Ring Style,,Shadows of the Hist,Shadows of the Hist,,,,,,3-129,,,,,,,,,Recovery,,,,,,,,,,,,,
Online:Grace of Gloom,,Adds 28-1206 Maximum Health,Adds 4% Healing Taken,Adds 28-1206 Maximum Health,"When you take damage, you become a living shadow for 10 seconds, causing you to heal for 927 every 2 seconds and gaining Major Evasion, reducing damage from area attacks by 20%. This effect can occur every 20 seconds and scales off your Max Health.",,,,,,,,Sets,itemset,Maximum Health,Double Maximum Health,Increase Healing Received,Counterattack,Restore Health,Heavy Armor,Major Evasion,Summerset,5-Piece Bonus,Heavy Armor,Any Weapon,Jewelry,Ebonshadow Style,Summerset,Summerset,,,28-1206 Maximum,,,,3,,134692,,Ritemaster's Memorial Battlesword,,,,,,,,,,,,,,,,,
Online:Grace of the Ancients,,Adds 25-1096 Maximum Magicka,Adds 55-2406 Maximum Magicka,,,,,,,,,,Sets,itemset,Maximum Magicka,Jewelry,Double Maximum Magicka,3-Piece Bonus,Any Weapon,Three Piece,Shield,Cropsford,Alliance Style,Alliance Point Cost,,,,,,,,,,,25-1096 Maximum,,,,,,,,,,,,,,,,,,,,,,
Online:Grand Rejuvenation,,"The initial heal of Grand Healing invigorates you and group members affected for 6 seconds, restoring 5-224 Magicka and Stamina every 2 seconds.",,,,,,,,,,,Sets,itemset,Skill Bonus,Restore Stamina,Group Bonus,Restore Magicka,2-Piece Bonus,Weapon,Restoration Staff,Dragonstar Arena,Breton Style,,,,,,,,,,,,,,,,,,,,,,,,,,,,,,,,,,
Online:Grave Guardian (set),,Adds 25-1096 Maximum Stamina,Adds 28-1206 Maximum Health,Adds 28-1206 Maximum Health,"Summon a stone aura while you are Bracing, hardening you and your nearby group members, increasing your Physical Resistance and Spell Resistance by 103-4430.",,,,,,,,Sets,itemset,Maximum Stamina,Double Maximum Health,Maximum Health,Block Bonus,Area of Effect,Heavy Armor,Group Bonus,Unhallowed Grave,Physical/Spell Resistance,Reduce Damage Taken,5-Piece Bonus,Heavy Armor,Any Weapon,Harrowstorm,Harrowstorm,Jewelry,,28-1206 Maximum,Pyre Watch Style,25-1096 Maximum,,,,,,,,,,,,,,,,,,,,,,,
Online:Grave Inevitability,,Adds 15-657 Critical Chance,Adds 3-129 Weapon Damage and Spell Damage,Adds 15-657 Critical Chance,"Dealing damage with a Light or Heavy Attack grants you a stack of Remorseless for 5 seconds, up to 5 stacks, up to once every 0.5 seconds. While you have 5 stacks, you generate an aura of focus, granting you Major Force, increasing your Critical Damage by 20%, while group members within 12 meters of you gain Minor Force, increasing their Critical Damage by 10%.",,,,,,,,Sets,itemset,Weapon/Spell Critical,Weapon/Spell Damage,Weapon/Spell Damage,Double Weapon/Spell Critical,Light Attack Bonus,Light Armor,Heavy Attack Bonus,Graven Deep,Major Force,Area of Effect,Group Bonus,Minor Force,5-Piece Bonus,Lost Depths,Lost Depths,Medium Armor,y,,Any Weapon,,,,Jewelry,,,,,,,,,,,,,,,,,,,,
Online:Grave-Stake Collector,,Adds 25-1096 Maximum Magicka,Adds 25-1096 Maximum Stamina,Adds 28-1206 Maximum Health,"When an enemy you recently damaged dies, they drop a grave-stake for 6 seconds. When you touch the grave-stake, you restore 106-4564 Stamina and Magicka. Only one grave-stake can appear at a time.",,,,,,,,Sets,itemset,Maximum Magicka,Maximum Health,Maximum Stamina,Kill Bonus,Restore Stamina,All Weights,Restore Magicka,Sweet Breeze Overlook,5-Piece Bonus,Light Armor,Medium Armor,Heavy Armor,Any Weapon,Murkmire,Murkmire,Jewelry,,28-1206 Maximum,Crafting Site(s),25-1096 Maximum,25-1096 Maximum,,,,,,,,,,,,Sweet Breeze Overlook,,,,,,,,,,
Online:Green Pact,,Adds 28-1206 Maximum Health,Adds 3-129 Health Recovery,Adds 28-1206 Maximum Health,"While you have a food buff active, your Max Health is increased by 58-2500 and Health Recovery by 8-356.",,,,,,,,Sets,itemset,Maximum Health,Double Maximum Health,Health Recovery,Consumable Bonus,Triple Maximum Health,Heavy Armor,Double Health Recovery,Grahtwood,5-Piece Bonus,Heavy Armor,Any Weapon,Jewelry,Wood Elf Style,,,,,28-1206 Maximum,,,,3,,34663,1,,,,,,,,,,,,Time Buckler of the Green Pact,,,,,,
Online:Grisly Gourmet,,Adds 25-1096 Maximum Stamina,Adds 3-129 Weapon Damage and Spell Damage,Adds 34-1487 Offensive Penetration,"Dealing Light Attack damage grants you a stack of Baker's Delight for 5 seconds. When you gain 3 stacks, you create a Sweetroll next to your target for 5 seconds. If you or an ally touches the Sweetroll, both you and your ally gain one of the following effects: Restore 1593 Health, Magicka and Stamina Gain Empower for 10 seconds Gain Major Force for 10 seconds This effect can occur once every 2 seconds.",,,,,,,,Sets,itemset,Maximum Stamina,Physical/Spell Penetration,Weapon/Spell Damage,Physical/Spell Penetration,Double Maximum Stamina,Medium Armor,Light Attack Bonus,Red Petal Bastion,Heal Others,Restore Health,Restore Stamina,Restore Magicka,Empower,Waking Flame,Waking Flame,Major Force,y,1593,5-Piece Bonus,25-1096 Maximum,,,Medium Armor,,,,,,,,,Any Weapon,,,,,,,,,,,
Online:Grothdarr (set),Adds 25-1096 Maximum Magicka,"When you deal damage to an enemy within 8 meters, you have a 10% chance to create lava pools that swirl around you, dealing 259 Flame damage to all enemies within 8 meters of you every 1 second for 5 seconds. This effect can occur once every 10 seconds and scales off the higher of your Weapon Damage and Spell Damage.",,,,,,,,,,,Sets,itemset,Maximum Magicka,Flame Damage,Distance Bonus,Damage Over Time,Area of Effect,Monster Helm Sets,Undaunted Style,Vaults of Madness,2-Piece Bonus,Head and Shoulders,,,,,,,y,,,,25-1096 Maximum,,,,,,the item set,the enemy,Grothdarr,,,,,Vaults of Madness,Glirion the Redbeard,Mad Architect,,,,,,,
Online:Grundwulf (set),Adds 15-657 Critical Chance,"Whenever you deal critical damage, restore 16-700 Magicka or Stamina, whichever maximum is higher. You also gain 8-350 of the other resource. This effect can occur once every 5 seconds.",,,,,,,,,,,Sets,itemset,Weapon/Spell Critical,Restore Magicka,Critical Damage Bonus,Restore Stamina,Undaunted Style,Monster Helm Sets,2-Piece Bonus,Moongrave Fane,Head and Shoulders,,,,,Scalebreaker,Scalebreaker,,,,,,,,,,,,the item set,the enemy,Grundwulf,,,,,Moongrave Fane,Urgarlag Chief-bane,Grundwulf,,,,,,,
Online:Gryphon's Ferocity,,Adds 15-657 Critical Chance,Adds 15-657 Critical Chance,Adds 3-129 Weapon Damage and Spell Damage,"After dealing direct damage, you gain Minor Force and Minor Expedition for 10 seconds, increasing your Critical Damage done by 10% and increasing your Movement Speed by 15%.",,,,,,,,Sets,itemset,Weapon/Spell Critical,Double Weapon/Spell Critical,Double Weapon/Spell Critical,Weapon/Spell Damage,Direct Damage Bonus,Medium Armor,Minor Force,Summerset,Minor Expedition,5-Piece Bonus,Medium Armor,Any Weapon,Jewelry,Summerset,Summerset,Ancient Elf Style,y,,,,,2,,134703,,Ghost's Skullcap,,,,,,,,,,,,,,,,,
Online:Gryphon's Reprisal,,Adds 15-657 Critical Chance,Adds 34-1487 Offensive Penetration,Adds 15-657 Critical Chance,"When you deal Critical Damage, you or an ally can activate the Gryphon's Reprisal on the enemy within the next 8 seconds, causing a small gryphon to fly by and deal 4758 Bleed damage over 10 seconds to enemies within 5 meters. This effect can occur once every 20 seconds and scales off the higher of the synergy activator's Weapon Damage and Spell Damage.",,,,,,,,Sets,itemset,Weapon/Spell Critical,Physical/Spell Penetration,Physical/Spell Penetration,Double Weapon/Spell Critical,Synergy Bonus,Medium Armor,Damage Over Time,Coral Aerie,Area of Effect,Bleed Damage,5-Piece Bonus,Medium Armor,Any Weapon,Ascending Tide,Ascending Tide,Jewelry,y,,Ascendant Order Style,,,,,,,,,,,,,,,,,,,,,,,,
Online:Hagraven's Garden,,Adds 28-1206 Maximum Health,Adds 3-129 Health Recovery,Adds 4% Healing Taken,"When you take damage while under 50% Health, you summon a preservation of nature around you in a 8 meter radius for 8 seconds which grants Major Protection to you and up to 5 group members while in the area, reducing your damage taken by 10%. This effect can occur once every 30 seconds.",,,,,,,,Sets,itemset,Maximum Health,Increase Healing Received,Health Recovery,Counterattack,Near Death Effect,Heavy Armor,Area of Effect,Bloodroot Forge,Group Bonus,Major Protection,5-Piece Bonus,Heavy Armor,Any Weapon,Horns of the Reach,Horns of the Reach,Jewelry,,28-1206 Maximum,Bloodforge Style,,,,,,,,,,,,,,,,,,,,,,,,
Online:Hand of Mephala,,Adds 4% Healing Taken,Adds 28-1206 Maximum Health,Adds 34-1487 Armor,"When you take damage, you encase the ground beneath you in webs for 5 seconds, reducing the Movement Speed of enemies within a 4 meter radius by 33% and applying Minor Breach to them, reducing their Physical Resistance and Spell Resistance by 2974. After 5 seconds the webs burst into venom, dealing 0 Poison damage. This effect can occur once every 5 seconds and scales off the higher of your Physical Resistance or Spell Resistance.",,,,,,,,Sets,itemset,Increase Healing Received,Physical/Spell Resistance,Maximum Health,Counterattack,Area of Effect,Heavy Armor,Crowd Control,Cradle of Shadows,Minor Breach,Poison Damage,5-Piece Bonus,Heavy Armor,Any Weapon,Shadows of the Hist,Shadows of the Hist,Jewelry,,28-1206 Maximum,Silken Ring Style,,,,,,,,,,,,,,,,,,,,,,,,
Online:Hanu's Compassion,,Adds 3-129 Magicka Recovery,Adds 25-1096 Maximum Magicka,Adds 3-129 Magicka Recovery,"When you resurrect an ally while in combat, both you and your ally gain Major Heroism for 15 seconds, granting 3 Ultimate every 1.5 seconds.",,,,,,,,Sets,itemset,Magicka Recovery,Double Magicka Recovery,Maximum Magicka,Double Maximum Magicka,Improve Resurrection,Light Armor,Major Heroism,March of Sacrifices,5-Piece Bonus,Light Armor,Any Weapon,Jewelry,Huntsman Style,Wolfhunter,Wolfhunter,,,,,,3-129,,,,,,,,,Recovery,,,,,,,,,,,,3,
Online:Harmony in Chaos,,Adds 3-129 Weapon Damage and Spell Damage,"Gain Minor Slayer at all times, increasing your damage done to Dungeon, Trial, and Arena Monsters by 5%.",Adds 3-129 Weapon Damage and Spell Damage,"While in combat, activating a synergy increases your Weapon Damage and Spell Damage by 88 for 15 seconds, stacking up to 5 times.",,,,,,,,Sets,itemset,Weapon/Spell Damage,Double Weapon/Spell Damage,Weapon/Spell Damage,Triple Weapon/Spell Damage,Minor Slayer,Light Armor,Synergy Bonus,Ossein Cage,5-Piece Bonus,Light Armor,Any Weapon,Jewelry,Coldharbour Dominator Style,2025 Content Pass,Seasons of the Worm Cult,,y,,,,,,,,,,,,,,,,,,,,,,,,,,
Online:Harpooner's Wading Kilt,"Dealing direct damage grants you a stack of Hunter's Focus for 20 seconds, up to 10 stacks max. You can only gain 1 stack of Hunter's Focus per second. Each stack of Hunter's Focus increases your Critical Chance by 110 and your Critical Damage by 1%. Taking direct damage removes 5 stacks of Hunter's Focus, up to once per second. Removing Harpooner's Wading Kilt removes all stacks of Hunter's Focus.",,,,,,,,,,,,Sets,itemset,Direct Damage Bonus,Increase Critical Damage,Weapon/Spell Critical,1-Piece Bonus,Medium Armor,Medium Armor,Unique Style,Antiquities,,,,,,Greymoor,Blackwood,,,,,,,5,,,,,the antiquity,the achievement,Harpooner's Wading Kilt (achievement),,,,,,,,,armor,Harpooner's Wading Kilt,m,Mythic,,right
Online:Harvester's Hope-Ring,"Whenever you gather resources from a harvesting node, gain 1 stack of Harvester, up to 20 stacks max. Each stack of Harvester increases your chance of gathering bonus materials by 10%. Removing this ring removes all stacks of Harvester. Harvester does not affect resources gathered with Crafting Surveys or bonus resources received during holiday events.",,,,,,,,,,,,Sets,itemset,,,,,,,,,,,,,,,,,,,,,,,,,,,,,,,,,,,,,,,,,,,
Online:Hatchling's Shell,,Adds 34-1487 Armor,Adds 34-1487 Armor,Adds 28-1206 Maximum Health,Whenever you take damage you gain a damage shield that absorbs up to 3200 damage for 6 seconds. This effect can occur once every 6 seconds and scales off your Max Health.,,,,,,,,Sets,itemset,Physical/Spell Resistance,Double Physical/Spell Resistance,Double Physical/Spell Resistance,Maximum Health,Counterattack,Heavy Armor,Damage Shield,Shadowfen,5-Piece Bonus,Heavy Armor,Any Weapon,Jewelry,Argonian Style,,,,,28-1206 Maximum,,,,2,,43522,,Chieftain's Greaves,,,,,,,,,,,,,,,,,
Online:Haven of Ursus,,Adds 28-1206 Maximum Health,Adds 4% Healing Taken,Adds 28-1206 Maximum Health,"When you take damage while you are under 50% Health, summon Ursus's spirit for 6 seconds at a random group member. You or a group member can activate a synergy on Ursus to grant a shield that protects up to 6 group members within a 28 meter radius from 13967 damage for 6 seconds. This effect can occur once every 10 seconds.",,,,,,,,Sets,itemset,Maximum Health,Double Maximum Health,Increase Healing Received,Counterattack,Near Death Effect,Heavy Armor,Group Bonus,March of Sacrifices,Synergy Bonus,Distance Bonus,Damage Shield,5-Piece Bonus,Heavy Armor,Wolfhunter,Wolfhunter,Any Weapon,,28-1206 Maximum,Jewelry,,,,Huntsman Style,,,,,,,,,,,,,,,,,,,,
Online:Hawk's Eye,,Adds 15-657 Critical Chance,Adds 15-657 Critical Chance,Adds 3-129 Weapon Damage and Spell Damage,Reduces the cost and increases the damage of your Bow abilities by 6%.,,,,,,,,Sets,itemset,Maximum Stamina,Weapon/Spell Damage,Double Maximum Stamina,Skill Bonus,Bow Bonus,Medium Armor,Increase Damage Dealt,Bruma,Reduce Stamina Cost,5-Piece Bonus,Medium Armor,Any Weapon,Jewelry,,,Alliance Style,y,,Alliance Point Cost,,,,Unique Style,,,,the set,the skill,Hawk Eye,,,,,,,,,,,,,,
Online:Healer's Habit,,Adds 25-1096 Maximum Magicka,Adds 3-129 Magicka Recovery,Adds 3-129 Weapon Damage and Spell Damage,"Gain Minor Mending at all times, increasing your healing done by 8%.",,,,,,,,Sets,itemset,Maximum Magicka,Weapon/Spell Damage,Magicka Recovery,Increase Healing Done,Minor Mending,Light Armor,Light Armor,Dragonstar Arena,Ancient Elf Style,5-Piece Bonus,Any Weapon,Jewelry,,,,,y,,,,25-1096 Maximum,,,,,,,,,Recovery,,,,,,,,,,,,,
Online:Healing Mage,,Adds 3-129 Magicka Recovery,Adds 25-1096 Maximum Magicka,Adds 4% Healing Done,"When you use an area of effect heal ability, you apply Minor Cowardice to enemies within 10 meters of you, reducing their Weapon Damage and Spell Damage by 215 for 5 seconds. This effect can occur once every 3 seconds.",,,,,,,,Sets,itemset,Magicka Recovery,Increase Healing Done,Maximum Magicka,Area of Effect Bonus,Healing Bonus,Light Armor,Minor Cowardice,Aetherian Archive,5-Piece Bonus,Light Armor,Any Weapon,Jewelry,Celestial Style,,,,y,,,,3-129,,,,,,,,,Recovery,,,,,,,,,,,,,
Online:Heartland Conqueror,,Adds 3-129 Weapon Damage and Spell Damage,Adds 25-1096 Maximum Magicka,Adds 25-1096 Maximum Stamina,Increase the effectiveness of your Weapon Traits by 100%. This does not affect Ornate or Intricate traits.,,,,,,,,Sets,itemset,Weapon/Spell Damage,Maximum Stamina,Maximum Magicka,Improved Traits,5-Piece Bonus,All Weights,Light Armor,Sariellen's Sword,Medium Armor,Heavy Armor,Any Weapon,Jewelry,Crafting Site(s),Blackwood,Blackwood,,y,,,25-1096 Maximum,25-1096 Maximum,,,,,,,,,,,,Sariellen's Sword,,,,,,,,,,
Online:Heem-Jas' Retribution,,Adds 3-129 Stamina Recovery,Adds 25-1096 Maximum Stamina,Adds 15-657 Critical Chance,"When you are within 28 meters of an enemy you are in combat with, and the enemy dies, you gain Major Berserk for 10 seconds, increasing your damage done by 10%.",,,,,,,,Sets,itemset,Stamina Recovery,Weapon/Spell Critical,Maximum Stamina,Weapon/Spell Damage,Weapon/Spell Damage,Medium Armor,Distance Bonus,Ruins of Mazzatun,Kill Bonus,Major Berserk,5-Piece Bonus,Medium Armor,Any Weapon,Shadows of the Hist,Shadows of the Hist,Jewelry,y,,Mazzatun Style,3-129,,,,,,,,,,,Recovery,,,,,,,,,,,,
Online:Heroic Unity,,Adds 25-1096 Maximum Stamina,Adds 28-1206 Maximum Health,Adds 28-1206 Maximum Health,"Activating a Synergy gives you and up to 3 group members within 12 meters Major Heroism for 6 seconds, granting 3 Ultimate every 1.5 seconds. This effect can occur once every 1 second.",,,,,,,,Sets,itemset,Maximum Stamina,Double Maximum Health,Maximum Health,Synergy Bonus,Group Bonus,Heavy Armor,Major Heroism,Lep Seclusa,5-Piece Bonus,Heavy Armor,Any Weapon,Jewelry,Militant Monk Style,Fallen Banners,Fallen Banners,,,28-1206 Maximum,,25-1096 Maximum,,,,,,,,,,,,,,,,,,,,,,3,
Online:Hew and Sunder,,Adds 3-129 Weapon Damage and Spell Damage,Adds 34-1487 Offensive Penetration,Adds 3-129 Weapon Damage and Spell Damage,"When you deal damage with a Heavy Attack, gain 28-1236 Offensive Penetration for each enemy within 8 meters of your target for 10 seconds. This effect can occur once every 7 seconds.",,,,,,,,Sets,itemset,Maximum Stamina,Weapon/Spell Damage,Double Maximum Stamina,Heavy Attack Bonus,Multiple Targets Hit Bonus,Medium Armor,Physical/Spell Penetration,Elite Gear Vendors,5-Piece Bonus,Alliance Style,Medium Armor,Any Weapon,Jewelry,,,Alliance Point Cost,y,,,,,,,,,,,,,,,,,,,,,,,,,,
Online:Hex Siphon,,Adds 25-1096 Maximum Magicka,Adds 3-129 Weapon Damage and Spell Damage,Adds 15-657 Critical Chance,"Whenever you Bash an enemy, you release a cone of hexing energy in front of you. Each enemy hit increases your Weapon Damage and Spell Damage by 2-88 for 8 seconds, up to a maximum of 6 enemies. This effect can occur once every 8 seconds. Whenever you successfully interrupt a target, you restore 23-1000 Magicka.",,,,,,,,Sets,itemset,Maximum Magicka,Weapon/Spell Critical,Weapon/Spell Damage,Weapon/Spell Critical,Double Weapon/Spell Damage,Light Armor,Bash Bonus,Vateshran Hollows,Multiple Targets Hit Bonus,Triple Weapon/Spell Damage,Interrupt Bonus,Restore Magicka,5-Piece Bonus,Markarth,Markarth,Light Armor,y,,Any Weapon,,25-1096 Maximum,,Jewelry,,,,,,,,,,,,,,,,,,,,
Online:Hexos' Ward,,Adds 15-657 Critical Chance,Adds 3-129 Weapon Damage and Spell Damage,Adds 15-657 Critical Chance,Dealing direct Critical Damage grants you a damage shield that absorbs up to 286-12305 damage for 6 seconds. This effect can occur once every 7 seconds.,,,,,,,,Sets,itemset,Weapon/Spell Critical,Weapon/Spell Damage,Weapon/Spell Damage,Double Weapon/Spell Critical,Critical Damage Bonus,Medium Armor,Damage Shield,The Deadlands,5-Piece Bonus,Medium Armor,Any Weapon,Jewelry,House Hexos Style,The Deadlands,The Deadlands,,y,,,,,,,,,,,,,,,,,,,,,ava,Heartier Guards,,,,
Online:Hide of Morihaus,,Adds 28-1206 Maximum Health,Adds 34-1487 Armor,Adds 25-1096 Maximum Stamina,"When you Roll Dodge through an enemy, you deal 0 Physical Damage and knock them down for 3 seconds. This effect scales off the higher of your Physical Resistance or Spell Resistance.",,,,,,,,Sets,itemset,Maximum Health,Maximum Stamina,Physical/Spell Resistance,Stamina Recovery,Dodge Roll Bonus,Heavy Armor,Physical Damage,Gold Coast,Crowd Control,5-Piece Bonus,Heavy Armor,Any Weapon,Jewelry,Dark Brotherhood,Dark Brotherhood,Minotaur Style,,28-1206 Maximum,,25-1096 Maximum,,,,,,,,,,,Recovery,,,,,,,,,,,,
Online:Hide of the Werewolf,,Adds 28-1206 Maximum Health,Adds 25-1096 Maximum Stamina,Adds 3-129 Weapon Damage and Spell Damage,"When you take damage, you generate 6 Ultimate. This effect can occur once every 5 seconds and the Ultimate triples while in Werewolf Transformation.",,,,,,,,Sets,itemset,Maximum Health,Weapon/Spell Damage,Maximum Stamina,Counterattack,Ultimate Gain,Medium Armor,5-Piece Bonus,Glenumbra,Medium Armor,Any Weapon,Jewelry,Primal Style,,,,,y,28-1206 Maximum,,25-1096 Maximum,,2,,1129,1,Werewolf Hide King Deleyn's Longbow,,,,,,,,,,,,,,,,6,
Online:Highland Sentinel,,Adds 15-657 Critical Chance,Adds 15-657 Critical Chance,Adds 15-657 Critical Chance,"While in combat, each second you stand still grants you a stack of Sentinel's Eye, increasing your Critical Chance by 10-443 per stack, stacking up to 3 times. Each second you move, one stack is removed. Using charge and teleport abilities does not remove stacks, and exiting combat will remove all stacks of Sentinel's Eye.",,,,,,,,Sets,itemset,Weapon/Spell Critical,Double Weapon/Spell Critical,Double Weapon/Spell Critical,Triple Weapon/Spell Critical,Standing Still Bonus,All Weights,Quadruple Weapon/Spell Critical,Leftwheal Granary,5-Piece Bonus,Light Armor,Medium Armor,Heavy Armor,Any Weapon,Gold Road,Gold Road,Jewelry,,,Crafting Site(s),,,,,,,,,,,,,,Leftwheal Granary,,,,,,,,,,
Online:Hircine's Veneer,,Adds 3-129 Stamina Recovery,Adds 25-1096 Maximum Stamina,Adds 3-129 Stamina Recovery,Grants 3-145 Stamina Recovery to you and up to 11 other group members within 28 meters of you. This bonus persists through death.,,,,,,,,Sets,itemset,Stamina Recovery,Double Stamina Recovery,Maximum Stamina,Group Bonus,Full Group Bonus,Medium Armor,Distance Bonus,Selene's Web,Triple Stamina Recovery,5-Piece Bonus,Medium Armor,Any Weapon,Jewelry,,,Unique Style,,Maximum,Savior's Hide Style,3-129,,3,Soul-Shriven Style,23668,1,,,,,Recovery,Recovery,Mixed Style,,,,,Adventurer's Lost Medallion,,,,,,
Online:Hist Bark,,Adds 34-1487 Armor,Adds 25-1096 Maximum Stamina,Adds 28-1206 Maximum Health,"While you are Bracing, you gain Major Evasion, reducing damage from area attacks by 20%.",,,,,,,,Sets,itemset,Physical/Spell Resistance,Maximum Health,Maximum Stamina,Block Bonus,Major Evasion,All Weights,5-Piece Bonus,,Light Armor,Medium Armor,Heavy Armor,Any Weapon,Jewelry,,,Crafting Site(s),,28-1206 Maximum,,25-1096 Maximum,,,,,,,,,,,,,,,,,,,,,,,
Online:Hist Whisperer,,Adds 3-129 Health Recovery,Adds 3-129 Stamina Recovery,Adds 3-129 Magicka Recovery,Dealing damage with a Light or Medium Attack heals you for 7-318 Health and restores 7-318 Stamina and Magicka. Dealing damage with a fully-charged Heavy Attack heals you for 14-636 Health and restores 14-636 Stamina and Magicka.,,,,,,,,Sets,itemset,Health Recovery,Magicka Recovery,Stamina Recovery,Light Attack Bonus,Heavy Attack Bonus,All Weights,Restore Health,Withered Root,Restore Stamina,Restore Magicka,5-Piece Bonus,Light Armor,Medium Armor,Blackwood,Blackwood,Heavy Armor,,3-129,Any Weapon,3-129,3-129,,Jewelry,,,,,,,Recovery,Recovery,Crafting Site(s),Withered Root,,,,,,,,,,
Online:Hiti's Hearth,,Adds 3-129 Magicka Recovery,Adds 3-129 Magicka Recovery,Adds 25-1096 Maximum Magicka,"When you heal yourself or an ally with an ability, gain a Warming Aura for 10 seconds. While in the Warming Aura, you and group members restore 565 Health every 2 seconds and reduce the cost of Sprint, Block, and Roll Dodge by 5%. This effect can occur once every 12 seconds and the heal scales off the higher of your Max Magicka or Stamina.",,,,,,,,Sets,itemset,Magicka Recovery,Maximum Magicka,Double Magicka Recovery,Healing Bonus,Skill Bonus,Light Armor,Group Bonus,Icereach,Area of Effect,Restore Health,Heal Others,Reduce Sprint Cost,Reduce Roll Dodge Cost,Harrowstorm,Harrowstorm,Reduce Block Cost,,565,5-Piece Bonus,,3-129,,Light Armor,,,,,,,Recovery,,Any Weapon,,,,,,,,,,,
Online:Hollowfang Thirst,,Adds 15-657 Critical Chance,Adds 25-1096 Maximum Magicka,Adds 15-657 Critical Chance,"When your healing critically strikes or when you critically damage a target, spawn a ball of Hemoglobin at their location. After 2 seconds the ball explodes, restoring 40-1750 Magicka and applying Minor Vitality to you and your group members within 6 meters of the ball for 9 seconds, increasing their healing received and damage shield strength by 6%. This effect can occur once every 9 seconds.",,,,,,,,Sets,itemset,Weapon/Spell Critical,Double Weapon/Spell Critical,Maximum Magicka,Critical Healing Bonus,Critical Damage Bonus,Light Armor,Area of Effect,Moongrave Fane,Restore Magicka,Minor Vitality,5-Piece Bonus,Light Armor,Any Weapon,Scalebreaker,Scalebreaker,Jewelry,,,Moongrave Fane Style,,25-1096 Maximum,,,,,,,,,,,,,,,,,,,,,,
Online:Hrothgar's Chill,,Adds 28-1206 Maximum Health,Adds 34-1487 Armor,Adds 34-1487 Offensive Penetration,"Stunning or immobilizing your enemy causes them to burst with frost magic, applying the Chilled status effect and dealing 13% of their total Physical Resistance and Spell Resistance as Frost Damage to themselves and enemies within 8 meters of them. This effect can occur once every 7 seconds, ignores Spell Resistance, and cannot be blocked.",,,,,,,,Sets,itemset,Maximum Health,Physical/Spell Penetration,Physical/Spell Resistance,Physical/Spell Penetration,Crowd Control Bonus,Heavy Armor,Apply Status Effects,Elite Gear Vendors,Frost Damage,Area of Effect,5-Piece Bonus,Heavy Armor,Any Weapon,,,Jewelry,,28-1206 Maximum,Alliance Style,,,,Alliance Point Cost,,,,,,,,,,,,,,,,,,,,
Online:Hunding's Rage,,Adds 15-657 Critical Chance,Adds 25-1096 Maximum Stamina,Adds 15-657 Critical Chance,Adds 6-300 Weapon Damage and Spell Damage,,,,,,,,Sets,itemset,Weapon/Spell Critical,Double Weapon/Spell Critical,Maximum Stamina,Weapon/Spell Damage,Weapon/Spell Damage,All Weights,5-Piece Bonus,,Light Armor,Medium Armor,Heavy Armor,Any Weapon,Jewelry,,,Crafting Site(s),y,,,25-1096 Maximum,,,,,,,,,,,,,,,,,,,,,,,
Online:Hunt Leader,,Adds 25-1096 Maximum Stamina,Adds 25-1096 Maximum Stamina,Adds 3-129 Weapon Damage and Spell Damage,"When your pets attack an enemy you have also attacked in the last 10 seconds, you heal for 56-2433 Health and restore 28-1216 Stamina. This effect can occur once every 5 seconds.",,,,,,,,Sets,itemset,Maximum Stamina,Weapon/Spell Damage,Double Maximum Stamina,Pet Bonus,Restore Stamina,Medium Armor,Restore Health,Maelstrom Arena (place),5-Piece Bonus,Medium Armor,Any Weapon,Jewelry,Malacath Style,Orsinium,Orsinium,,y,56-2433,,25-1096 Maximum,,,,,,,,,,,,,,,,,,,,,,,
Online:Huntsman's Warmask,"Dealing damage with a Bash or fully-charged Heavy Attack places the Mark of Hircine on your target for 1 minute. While active, you gain Minor Berserk, increasing damage done by 5%, and deal 15% more damage to the target and 50% less damage to all other enemies. If the enemy dies while marked, you gain 2418 Stamina or Magicka, based off your highest maximum resource. This effect can trigger up to every 10 seconds.",,,,,,,,,,,,Sets,itemset,Heavy Attack Bonus,Restore Stamina,Restore Magicka,Drawbacks,Increase Damage Dealt,Medium Armor,1-Piece Bonus,Antiquities,Medium Armor,Unique Style,,,,2025 Content Pass,Seasons of the Worm Cult,,,,,2418,,5,,,,,the antiquity,the achievement,Huntsman's Warmask (achievement),,,,,,,,,armor,Huntsman's Warmask,m,Mythic,,right
Online:Iceheart (set),Adds 15-657 Critical Chance,"When you deal Critical Damage, you have a 20% chance to gain a damage shield that absorbs 116-5000 damage for 6 seconds. While the damage shield holds, you deal 259 Frost damage to all enemies within 5 meters of you every 1 second. This effect can occur once every 6 seconds and the damage scales off the higher of your Weapon Damage and Spell Damage.",,,,,,,,,,,Sets,itemset,Weapon/Spell Critical,Damage Shield,Critical Damage Bonus,Frost Damage,Damage Over Time,Monster Helm Sets,Area of Effect,Direfrost Keep,Undaunted Style,2-Piece Bonus,Head and Shoulders,,,,,,y,,,,,,,,,,the item set,the enemy,Iceheart,,,,,Direfrost Keep,Glirion the Redbeard,Drodda of Icereach,,,,,,,
Online:Icy Conjurer,,Adds 25-1096 Maximum Magicka,Adds 3-129 Weapon Damage and Spell Damage,Adds 34-1487 Offensive Penetration,"Applying a minor debuff to your enemy summons a non-reflectable Ice Wraith that will charge into your enemy, dealing 3070 Frost damage over 10 seconds. This effect can occur every 10 seconds and scales off the higher of your Weapon Damage and Spell Damage.",,,,,,,,Sets,itemset,Maximum Magicka,Physical/Spell Penetration,Weapon/Spell Damage,Physical/Spell Penetration,Debuff Bonus,Light Armor,Frost Damage,Frostvault,Damage Over Time,5-Piece Bonus,Light Armor,Any Weapon,Jewelry,Wrathstone,Wrathstone,Coldsnap Style,y,,,,25-1096 Maximum,,,,,,,,,,,,,,,,,,,,,,
Online:Ilambris,Adds 25-1096 Maximum Magicka,"When you deal Flame or Shock Damage, you have a 33% chance to summon a meteor shower that deals 145 Flame damage and 145 Shock damage to all enemies within 4 meters every 1 second for 5 seconds. This effect can occur once every 8 seconds and scales off the higher of your Weapon Damage and Spell Damage.",,,,,,,,,,,Sets,itemset,Maximum Magicka,Shock Damage Bonus,Flame Damage Bonus,Flame Damage,Shock Damage,Monster Helm Sets,Damage Over Time,Crypt of Hearts I,Area of Effect,Undaunted Style,2-Piece Bonus,Head and Shoulders,,,,,y,,,,25-1096 Maximum,,,,,,the item set,the enemy,Ilambris-Athor,,,,,Crypt of Hearts I,Glirion the Redbeard,Ilambris-Athor or Ilambris-Zaven,,,,,,,
Online:Immolator Charr (set),Adds 34-1487 Armor,"When you take damage while below 50% Health, gain immunity to immobilization, snares, and crowd control effects for 10 seconds. This effect can occur once every 40 seconds.",,,,,,,,,,,Sets,itemset,Physical/Spell Resistance,Counterattack,Maximum Health,Near Death Effect,Immunity,Monster Helm Sets,Unique Style,Imperial City,2-Piece Bonus,Head and Shoulders,,,,Imperial City,Imperial City,,,28-1206 Maximum,,,,,,,,,the item set,the enemy,Immolator Charr,,,,,Temple District,Tel Var equipment lockbox merchant,Immolator Charr,,,,,,,
Online:Immortal Warrior,,Adds 4% Healing Taken,Adds 28-1206 Maximum Health,Adds 4% Healing Taken,"When you take damage while below 35% Health you gain Major Protection for 20 seconds, reducing your damage taken by 10%. This effect can occur once every 20 seconds.",,,,,,,,Sets,itemset,Increase Healing Received,Maximum Health,Double Increase Healing Received,Counterattack,Near Death Effect,Heavy Armor,Major Protection,Sanctum Ophidia,5-Piece Bonus,Heavy Armor,Any Weapon,Jewelry,Celestial Style,,,,,28-1206 Maximum,,,,,,,,,,,,,,,,,,,,,,,,,
Online:Imperial Physique,,Adds 3-129 Stamina Recovery,Adds 3-129 Magicka Recovery,Adds 3-129 Weapon Damage and Spell Damage,"While you are in Imperial City, you tap into the power of the Tel Var Stones you are carrying, increasing your Health, Magicka, and Stamina by 24-1032. While you have a 4x Tel Var Stone multiplier this effect is increased by 600%.",,,,,,,,Sets,itemset,Stamina Recovery,Weapon/Spell Damage,Magicka Recovery,PvP Bonus,Maximum Health,All Weights,Maximum Magicka,Tel Var Merchants,Maximum Stamina,5-Piece Bonus,Light Armor,Medium Armor,Heavy Armor,Imperial City,,Any Weapon,y,,Jewelry,3-129,3-129,,Order of the Hour Style,,,,,,,Recovery,Recovery,Tel Var Cost,,,,,,,,,,,
Online:Impregnable Armor,,Adds 9-424 Critical Resistance,Adds 9-424 Critical Resistance,Adds 9-424 Critical Resistance,Adds 22-986 Critical Resistance,,,,,,,,Sets,itemset,Maximum Health,Maximum Stamina,Maximum Magicka,Critical Resistance,5-Piece Bonus,All Weights,Light Armor,Battlegrounds,Medium Armor,Heavy Armor,Any Weapon,Jewelry,Militant Ordinator Style,,,,,,,,,,,,,,,,,,,,,,,,,,,,,,
Online:Indomitable Fury,,Adds 9-424 Critical Resistance,Adds 9-424 Critical Resistance,Adds 3-129 Stamina Recovery,"After Breaking Free, you gain Minor Protection and Minor Heroism for 7 seconds, reducing your damage taken by 5% and generating 1 Ultimate every 1.5 seconds.",,,,,,,,Sets,itemset,Maximum Magicka,Stamina Recovery,Double Maximum Magicka,Break Free Bonus,Minor Protection,Light Armor,Minor Heroism,Elite Gear Vendors,5-Piece Bonus,Light Armor,Any Weapon,Jewelry,Alliance Style,,,Alliance Point Cost,,,,3-129,,,,,,,,,,,Recovery,,,,,,,,,,,1,
Online:Infallible Mage,,Adds 15-657 Critical Chance,"Gain Minor Slayer at all times, increasing your damage done to Dungeon, Trial, and Arena Monsters by 5%.",Adds 3-129 Weapon Damage and Spell Damage,"Your Heavy Attacks deal an additional 20-900 damage to monsters. Enemies you damage with fully-charged Heavy Attacks are afflicted with Minor Vulnerability for 10 seconds, increasing their damage taken by 5%.",,,,,,,,Sets,itemset,Weapon/Spell Critical,Weapon/Spell Damage,Minor Slayer,Double Weapon/Spell Critical,Double Weapon/Spell Critical,Light Armor,Increase Light/Heavy Attack Damage,Aetherian Archive,Heavy Attack Bonus,Minor Vulnerability,5-Piece Bonus,Light Armor,Yokudan Style,,,Any Weapon,y,,Jewelry,,,,,,,,,,,,,,,,,,,,,,,,
Online:Infernal Guardian (set),Adds 25-1096 Maximum Magicka,"When you apply a damage shield to yourself or an ally, you have a 50% chance to lob 3 mortars over 2 seconds at the furthest enemy from you that each deal 641 Flame damage to all enemies within 5 meters of the blast area. This effect can occur once every 6 seconds and scales off the higher of your Weapon Damage and Spell Damage.",,,,,,,,,,,Sets,itemset,Maximum Magicka,Flame Damage,Damage Shield Bonus,Area of Effect,Undaunted Style,Monster Helm Sets,2-Piece Bonus,City of Ash I,Head and Shoulders,,,,,,,,y,,,,25-1096 Maximum,,,,,,the item set,the enemy,Infernal Guardian,,,,,City of Ash I,Glirion the Redbeard,Razor Master Erthas,,,,,,,
Online:Innate Axiom,,Adds 3-129 Weapon Damage and Spell Damage,Adds 25-1096 Maximum Stamina,Adds 15-657 Critical Chance,Adds 9-400 Weapon Damage and Spell Damage to your Class abilities.,,,,,,,,Sets,itemset,Maximum Stamina,Weapon/Spell Critical,Maximum Magicka,Weapon/Spell Damage,Weapon/Spell Damage,All Weights,Skill Bonus,The Refurbishing Yard,Class Abilities Bonus,5-Piece Bonus,Light Armor,Medium Armor,Heavy Armor,Clockwork City,Clockwork City,Any Weapon,y,,Jewelry,25-1096 Maximum,25-1096 Maximum,,Crafting Site(s),,,,,,,,,,The Refurbishing Yard,,,,,,,,,,
Online:Inventor's Guard,,Adds 3-129 Magicka Recovery,"Gain Minor Aegis at all times, reducing your damage taken from Dungeon, Trial, and Arena Monsters by 5%.",Adds 4% Healing Done,"When you use an Ultimate ability while in combat, you and the closest 5 group members within 28 meters of you gain Major Aegis for 1 second per 10 Ultimate spent, reducing your damage taken from Dungeon, Trial, and Arena Monsters by 10%.",,,,,,,,Sets,itemset,Magicka Recovery,Increase Healing Done,Minor Aegis,Ultimate Bonus,Group Bonus,Light Armor,Distance Bonus,Halls of Fabrication,Major Aegis,5-Piece Bonus,Light Armor,Any Weapon,Jewelry,Morrowind,Morrowind,Refabricated Style,,,,,3-129,,,,,,,,,Recovery,,,,,,,,,,,,10,
Online:Iron Flask,,Adds 28-1206 Maximum Health,Adds 28-1206 Maximum Health,Adds 34-1487 Armor,"When you drink a potion while in combat, gain 7779 Armor for 20 seconds.",,,,,,,,Sets,itemset,Maximum Health,Physical/Spell Resistance,Double Maximum Health,Consumable Bonus,Double Physical/Spell Resistance,All Weights,Reduce Damage Taken,Forgotten Feretory,5-Piece Bonus,Light Armor,Medium Armor,Heavy Armor,Any Weapon,The Deadlands,The Deadlands,Jewelry,,28-1206 Maximum,Crafting Site(s),,,,,,,,,,,,,,Forgotten Feretory,,,,,,,,,,
Online:Ironblood,,Adds 28-1206 Maximum Health,Adds 34-1487 Armor,Adds 34-1487 Armor,"When you take damage, you have a 10% chance to turn your blood into pure iron for 10 seconds, gaining Major Protection, Major Aegis, and Minor Protection, but also reducing your Movement Speed by 25%. This effect can occur once every 10 seconds.",,,,,,,,Sets,itemset,Maximum Health,Double Physical/Spell Resistance,Physical/Spell Resistance,Double Physical/Spell Resistance,Counterattack,Heavy Armor,Major Protection,Falkreath Hold,Minor Protection,Major Aegis,Drawbacks,5-Piece Bonus,Heavy Armor,Horns of the Reach,Horns of the Reach,Any Weapon,,28-1206 Maximum,Jewelry,,,,Dreadhorn Style,,,,,,,,,,,,,,,,,,,,
Online:Jailbreaker,,Adds 25-1096 Maximum Stamina,Adds 3-129 Stamina Recovery,Adds 3-129 Stamina Recovery,"Gain Minor Expedition at all times, increasing your Movement Speed by 15%.",,,,,,,,Sets,itemset,Maximum Stamina,Double Stamina Recovery,Stamina Recovery,Triple Stamina Recovery,Minor Expedition,Medium Armor,5-Piece Bonus,The Banished Cells,Medium Armor,Any Weapon,Jewelry,Khajiit Style,,,,,,,,25-1096 Maximum,,3,,32167,1,Corruptor's Maul,,,,,Recovery,,,,,,,,,,,,
Online:Jailer's Tenacity,,Adds 4% Healing Taken,Adds 28-1206 Maximum Health,Adds 4% Healing Taken,"When you lose 7000 or more Health from a single attack, you gain Major Vitality for 8 seconds, increasing your healing received and damage shield strength by 12%.",,,,,,,,Sets,itemset,Increase Healing Received,Double Increase Healing Received,Maximum Health,Counterattack,Major Vitality,Heavy Armor,5-Piece Bonus,Moon Hunter Keep,Heavy Armor,Any Weapon,Jewelry,Silver Dawn Style,,Wolfhunter,Wolfhunter,,,28-1206 Maximum,,,,,,,,,,,,,,,,,,,,,,,,,
Online:Jerall Mountains Warchief,Adds 3-129 Weapon Damage and Spell Damage,"Dealing damage applies a stack of Malady to your enemy, reducing healing received by 1% for 5 seconds, up to 35 stacks. You can apply a stack once every 0.5 seconds. Applying Malady gives you a stack of Contagion, reducing healing received by 1% for 5 seconds, up to 15 stacks. You can only gain a stack once every 1 second.",,,,,,,,,,,Sets,itemset,Weapon/Spell Damage,Drawbacks,Reduce Enemy Healing,Undaunted Style,Light Armor,Monster Helm Sets,Medium Armor,Elite Gear Vendors,Heavy Armor,2-Piece Bonus,Head and Shoulders,Alliance Style,Alliance Point Cost,,,,y,,,,,,,,,,,,,,,,,,,,,misc,Draining Poison,,,,
Online:Jerensi's Bladestorm,,Adds 3-129 Weapon Damage and Spell Damage,Adds 34-1487 Offensive Penetration,Adds 34-1487 Offensive Penetration,"While in combat, casting an ability that leaves an effect on the ground creates a 6 meter Spike Vortex that deals 3855 Physical damage over 5 seconds to enemies inside it. After 5 seconds, enemies within the Vortex are dealt 1925 Physical damage over 5 seconds. This effect can occur once every 15 seconds and scales off the higher of your Weapon Damage and Spell Damage.",,,,,,,,Sets,itemset,Weapon/Spell Damage,Double Physical/Spell Penetration,Physical/Spell Penetration,Area of Effect Bonus,Physical Damage,Medium Armor,Damage Over Time,Exiled Redoubt,5-Piece Bonus,Medium Armor,Any Weapon,Jewelry,Exile's Revenge Style,Fallen Banners,Fallen Banners,,y,,,,,,,,,,,,,,,,,,,,,,,,,,
Online:Jewelry Sets,,,,,,,,,,,,,Sets,,,,,,,,,,,,,,,,,,,,,,,,,,,,,,,,,,,,,,,,,,,,
Online:Jolting Arms,,Adds 28-1206 Maximum Health,Adds 34-1487 Armor,Adds 34-1487 Armor,"When you Block, you charge your arms, increasing your Physical Resistance and Spell Resistance by 107-4620 for 6 seconds and causing your next Bash attack to deal an additional 81-3513 damage. This effect can occur once every 6 seconds.",,,,,,,,Sets,itemset,Maximum Health,Double Physical/Spell Resistance,Physical/Spell Resistance,Double Physical/Spell Resistance,Block Bonus,Heavy Armor,Triple Physical/Spell Resistance,Tempest Island,Reduce Damage Taken,Improved Bash,5-Piece Bonus,Heavy Armor,Any Weapon,,,Jewelry,,28-1206 Maximum,Ancient Elf Style,,,3,,33284,1,,,,,,,,,,,,,,,,,,
Online:Jorvuld's Guidance,,Adds 3-129 Magicka Recovery,Adds 3-129 Magicka Recovery,Adds 4% Healing Done,"While in combat, increases the duration of all Major buffs, Minor buffs, and damage shields you apply to yourself and allies by 40%.",,,,,,,,Sets,itemset,Magicka Recovery,Increase Healing Done,Double Magicka Recovery,Increase Effect Duration,Increase Shields Done,Light Armor,5-Piece Bonus,Scalecaller Peak,Light Armor,Any Weapon,Jewelry,Dragon Priest Style,,Dragon Bones,Dragon Bones,,,,,,3-129,,,,,,,,,Recovery,,,,,,,,,,,,,
Online:Judgment of Akatosh,,Adds 3-129 Weapon Damage and Spell Damage,Adds 28-1206 Maximum Health,Adds 28-1206 Maximum Health,"When you deal direct damage with a Blink, Charge, Leap, Teleport, or Pull ability, you distort time on your enemy. After 3 seconds, the enemy bursts with temporal energy, reducing the Movement Speed of all enemies within 12 meters by 70% for 6 seconds and stunning them for 3 seconds. This effect can be blocked and can occur once every 15 seconds.",,,,,,,,Sets,itemset,Weapon/Spell Damage,Double Maximum Health,Maximum Health,Physical/Spell Resistance,Gap Close Bonus,Heavy Armor,Direct Damage Bonus,Rewards for the Worthy,Area of Effect,Crowd Control,5-Piece Bonus,Heavy Armor,Any Weapon,,,Jewelry,y,28-1206 Maximum,Alliance Style,,,,,,,,,,,,,,,,,,,,,,,,
Online:Kagrenac's Hope,,Adds 25-1096 Maximum Magicka,Adds 3-129 Magicka Recovery,Adds 28-1206 Maximum Health,"Decreases the time it takes to resurrect an ally by 25%. When you successfully resurrect an ally, you restore 40-1720 Magicka.",,,,,,,,Sets,itemset,Maximum Magicka,Maximum Health,Magicka Recovery,Weapon/Spell Damage,Improve Resurrection,All Weights,Restore Magicka,The Earth Forge,5-Piece Bonus,Light Armor,Medium Armor,Heavy Armor,Any Weapon,,,Jewelry,y,28-1206 Maximum,Crafting Site(s),,25-1096 Maximum,,,,,,,,,Recovery,,,The Earth Forge,,,,,,,,,,
Online:Kargaeda (set),Adds 17-731 Maximum Stamina,"On dealing damage with a Heavy Attack, create a 6 meter whirlwind that slowly moves forward for 8 seconds, growing by 3 meters every 3 seconds. Enemies within the whirlwind take 150 Shock damage and 150 Physical damage every second, while group members reduce their Magicka and Stamina costs by 10%. This effect can occur once every 20 seconds and the damage scales off the higher of your Weapon Damage and Spell Damage.",,,,,,,,,,,Sets,itemset,Maximum Stamina,Heavy Attack Bonus,Maximum Magicka,Shock Damage,Physical Damage,Monster Helm Sets,Area of Effect,Coral Aerie,Damage Over Time,Group Bonus,Reduce Magicka Cost,Reduce Stamina Cost,Undaunted Style,Ascending Tide,Ascending Tide,2-Piece Bonus,y,,Head and Shoulders,17-731 Maximum,17-731 Maximum,,,,,,the item set,the enemy,Kargaeda,,,,,Coral Aerie,Urgarlag Chief-bane,Varallion,,,,,,,
Online:Kazpian's Cruel Signet,,Adds 3-129 Weapon Damage and Spell Damage,"Gain Minor Slayer at all times, increasing your damage done to Dungeon, Trial, and Arena Monsters by 5%.",Adds 34-1487 Offensive Penetration,"On dealing area direct damage, place a Sword above an enemy, up to once every 1 second. You cannot place a Sword on an enemy who already has one from you. After 6 seconds, the Sword falls, dealing 772 Physical damage. This damage scales off the higher of your Weapon Damage and Spell Damage. Applying a Sword increases your damage done by 2% for 6 seconds, stacking up to 6 times.",,,,,,,,Sets,itemset,Weapon/Spell Damage,Physical/Spell Penetration,Minor Slayer,Area of Effect,Direct Damage Bonus,Medium Armor,Area of Effect Bonus,Ossein Cage,Physical Damage,5-Piece Bonus,Medium Armor,Any Weapon,Jewelry,2025 Content Pass,Seasons of the Worm Cult,Coldharbour Dominator Style,y,,,,,,,,,,,,,,,,,,,,,,,,,,
Online:Kinras's Wrath,,Adds 3-129 Weapon Damage and Spell Damage,Adds 15-657 Critical Chance,Adds 3-129 Weapon Damage and Spell Damage,"Dealing damage with a Light or Heavy Attack grants you a stack of Burning Heart for 5 seconds, up to 5 stacks. While you have 5 stacks, you generate an aura of wrath, granting you Major Berserk, increasing your damage done by 10%. While you have an aura of wrath, group members within 12 meters of you gain Minor Berserk, increasing their damage done by 5%.",,,,,,,,Sets,itemset,Weapon/Spell Damage,Weapon/Spell Critical,Weapon/Spell Critical,Double Weapon/Spell Damage,Light Attack Bonus,Medium Armor,Heavy Attack Bonus,Black Drake Villa,Major Berserk,Group Bonus,Area of Effect,Minor Berserk,5-Piece Bonus,Flames of Ambition,Flames of Ambition,Medium Armor,y,,Any Weapon,,,,Jewelry,,,,,,,,,True-Sworn Style,,,,,,,,,,,
Online:Kjalnar's Nightmare,Adds 3-129 Weapon Damage and Spell Damage,"Damaging an enemy with a Light Attack puts a Bone stack on them for 5 seconds, up to once every 0.5 seconds. At 5 stacks, an undodgeable skeletal hand attacks your enemy after 1 second, knocking them into the air and stunning them for 3 seconds, or dealing 2221 Magic damage if they cannot be stunned. Enemies then become immune to Kjalnar's Nightmare stacks for 4 seconds. The damage scales off the higher of your Weapon Damage and Spell Damage.",,,,,,,,,,,Sets,itemset,Weapon/Spell Damage,Knockback,Light Attack Bonus,Crowd Control,Magic Damage,Monster Helm Sets,Undaunted Style,Unhallowed Grave,2-Piece Bonus,Head and Shoulders,,,,Harrowstorm,Harrowstorm,,y,,,,,,,,,,the item set,the enemy,Kjalnar Tombskald,,,,,Unhallowed Grave,Urgarlag Chief-bane,Kjalnar Tombskald,,,,,,,
Online:Knight Slayer,,Adds 9-424 Critical Resistance,Adds 3-129 Weapon Damage and Spell Damage,Adds 28-1206 Maximum Health,Your fully-charged Heavy Attacks deal an additional 8% of an enemy's Max Health as Oblivion Damage. This can deal a maximum of 186-8000 Oblivion Damage.,,,,,,,,Sets,itemset,Maximum Magicka,Maximum Health,Weapon/Spell Damage,Heavy Attack Bonus,Irresistible Damage,Light Armor,5-Piece Bonus,Battlegrounds,Light Armor,Any Weapon,Jewelry,Militant Ordinator Style,,,,,y,28-1206 Maximum,,,,,,,,,,,,,,,,,,,,,,,,,
Online:Knight-Errant's Mail,,Adds 28-1206 Maximum Health,Adds 25-1096 Maximum Stamina,Adds 3-129 Weapon Damage and Spell Damage,"Adds 10-450 Weapon Damage and Spell Damage to your One Hand and Shield abilities. When you use a One Hand and Shield ability, you heal for 35-1537 Health.",,,,,,,,Sets,itemset,Maximum Health,Weapon/Spell Damage,Maximum Stamina,Skill Bonus,Restore Health,Heavy Armor,5-Piece Bonus,Blackheart Haven,Heavy Armor,Any Weapon,Jewelry,Mercenary Style,,,,,y,28-1206 Maximum,,25-1096 Maximum,,3,,22196,1,Pillager's Ring,,,,,,,,,,,,,,,,,
Online:Knightmare,,Adds 34-1487 Armor,Adds 28-1206 Maximum Health,Adds 34-1487 Armor,"When you deal Martial melee damage, you apply Minor Maim to all enemies within 8 meters of you for 5 seconds, reducing their damage done by 5%. This effect can occur once every 3 seconds.",,,,,,,,Sets,itemset,Physical/Spell Resistance,Double Physical/Spell Resistance,Maximum Health,Double Maximum Health,Melee Damage Bonus,Heavy Armor,Minor Maim,Spindleclutch,5-Piece Bonus,Heavy Armor,Any Weapon,Jewelry,Wood Elf Style,,,,,28-1206 Maximum,,,,3,,29075,1,,,,,,,,,,,,,,,,,,
Online:Kra'gh,Adds 34-1487 Offensive Penetration,"When you deal damage, you have a 10% chance to spawn dreugh limbs that create shockwaves in front of you dealing 249 Physical damage every 0.6 seconds for 2.4 seconds. This effect can occur once every 6 seconds and scales off the higher of your Weapon Damage and Spell Damage.",,,,,,,,,,,Sets,,Physical/Spell Penetration,Damage Over Time,Physical Damage,Area of Effect,Undaunted Style,Monster Helm Sets,2-Piece Bonus,Fungal Grotto I,Head and Shoulders,,,,,,,,y,,,,,,,,,,the set,the creature,Kra'gh the Dreugh King,,,,,Fungal Grotto I,Maj al-Ragath,Kra'gh the Dreugh King,,,,,,,
Online:Kraglen's Howl,,Adds 15-657 Critical Chance,Adds 3-129 Stamina Recovery,Adds 3-129 Weapon Damage and Spell Damage,"After an enemy you've recently damaged dies, you let out a howl, granting three allies within 15 meters the Heed the Call synergy. Activating the synergy gives you and the activator 12 Ultimate. This effect can occur once every 20 seconds.",,,,,,,,Sets,itemset,Weapon/Spell Critical,Weapon/Spell Damage,Stamina Recovery,Kill Bonus,Synergy Bonus,Medium Armor,Ultimate Gain,Stone Garden,5-Piece Bonus,Medium Armor,Any Weapon,Jewelry,Hazardous Alchemy Style,Stonethorn,Stonethorn,,y,,,3-129,,,,,,,,,,,Recovery,,,,,,,,,,,12,
Online:Kvatch Gladiator,,Adds 15-657 Critical Chance,Adds 15-657 Critical Chance,Adds 3-129 Weapon Damage and Spell Damage,You gain 128-1475 Weapon Damage and Spell Damage against targets who are at or below 25% Health.,,,,,,,,Sets,itemset,Weapon/Spell Critical,Double Weapon/Spell Critical,Double Weapon/Spell Critical,Weapon/Spell Damage,Execute Bonus,All Weights,5-Piece Bonus,Marja's Mill,Light Armor,Medium Armor,Heavy Armor,Any Weapon,Jewelry,Dark Brotherhood,Dark Brotherhood,Crafting Site(s),y,25%,,,,,,,,,,,,,,,Marja's Mill,,,,,,,,,,
Online:Kyne's Kiss,,Adds 25-1096 Maximum Stamina,Adds 3-129 Stamina Recovery,Adds 15-657 Critical Chance,"When you deal direct damage while 12 meters or further from your target, you heal for 521 Health and restore 30-1314 Stamina. This effect can occur once every 5 seconds and the heal scales off the higher of your Max Magicka or Stamina.",,,,,,,,Sets,itemset,Maximum Stamina,Weapon/Spell Critical,Stamina Recovery,Direct Damage Bonus,Distance Bonus,Medium Armor,Restore Stamina,Bruma,Restore Health,5-Piece Bonus,Medium Armor,Any Weapon,Jewelry,,,Alliance Style,,521,Alliance Point Cost,25-1096 Maximum,,,,,,,,,,,Recovery,,,,,,,,,,,,
Online:Kyne's Wind,,Adds 3-129 Magicka Recovery,"Gain Minor Aegis at all times, reducing your damage taken from Dungeon, Trial, and Arena Monsters by 5%.",Adds 4% Healing Done,"When you overheal yourself or a group member, you create a pool of Kyne's Blessing under the target for 4 seconds. You and group members standing in Kyne's Blessing restore 9-420 Stamina and Magicka every 1 second. This effect can occur once every 10 seconds.",,,,,,,,Sets,itemset,Magicka Recovery,Increase Healing Done,Minor Aegis,Skill Bonus,Buff Bonus,Light Armor,Group Bonus,Kyne's Aegis,Area of Effect,Restore Stamina,Restore Magicka,5-Piece Bonus,Light Armor,Greymoor,Greymoor,Any Weapon,,,Jewelry,9-420,3-129,,Sea Giant Style,,,,,,,Recovery,,,,,,,,,,,,,
Online:Kynmarcher's Cruelty,,Adds 28-1206 Maximum Health,Adds 3-129 Stamina Recovery,Adds 34-1487 Armor,"When you deal direct damage, you apply one of 5 random Major debuffs to enemies within 8 meters of you for 18 seconds. This effect can occur once every 8 seconds and only if an enemy is in range. Eligible effects are Major Breach, Major Cowardice, Major Defile, Major Maim, and Major Vulnerability.",,,,,,,,Sets,itemset,Maximum Health,Physical/Spell Resistance,Stamina Recovery,Direct Damage Bonus,Area of Effect,Heavy Armor,Major Breach,The Deadlands,Major Cowardice,Major Defile,Major Maim,Major Vulnerability,5-Piece Bonus,The Deadlands,The Deadlands,Medium Armor,,28-1206 Maximum,Any Weapon,3-129,,,Jewelry,,,,,,,,Recovery,Annihilarch's Chosen Style,,,,,,,,,,,
Online:Lady Malygda (set),Adds 34-1487 Offensive Penetration,"When you deal direct damage to a target within 12 meters, create a 5 meter area that after 1 second, quickly moves forward and then returns, dealing 811 Shock damage to enemies and applying Minor Enervation for 5 seconds, causing the target to deal 10% less Critical Damage. This effect can occur once every 15 seconds and scales off the higher of your Weapon Damage and Spell Damage.",,,,,,,,,,,Sets,,Physical/Spell Penetration,Distance Bonus,Direct Damage Bonus,Shock Damage,Area of Effect,Monster Helm Sets,Damage Over Time,Imperial City,Minor Enervation,PvP Bonus,Undaunted Style,2-Piece Bonus,Head and Shoulders,Imperial City,Imperial City,,y,,,,,,,,,,the item set,the enemy,Lady Malygda,,,,,Arboretum District,Tel Var equipment lockbox merchant,Lady Malygda,,,,,,,
Online:Lady Thorn (set),Adds 28-1206 Maximum Health,"Casting an ability that costs Health spawns a blood ball for 10 seconds. This effect can occur once every 10 seconds. You or an ally near the blood ball can activate the Sanguine Burst synergy, dealing 2879 Disease damage to nearby enemies and applying Major Maim for 8 seconds, decreasing their damage done by 10%. Enemies can only receive Major Maim from Sanguine Burst once every 20 seconds. The damage scales off the synergy activator's Max Health.",,,,,,,,,,,Sets,itemset,Maximum Health,Synergy Bonus,Skill Bonus,Area of Effect,Disease Damage,Monster Helm Sets,Major Maim,Castle Thorn,Undaunted Style,2-Piece Bonus,Head and Shoulders,,,Stonethorn,Stonethorn,,,28-1206 Maximum,,,,,,,,,the item set,the enemy,Lady Thorn,,,,,Castle Thorn,Urgarlag Chief-bane,Lady Thorn,,,,,,,
Online:Lamia's Song,,Adds 25-1096 Maximum Magicka,Adds 3-129 Magicka Recovery,Adds 25-1096 Maximum Magicka,"When you use an Ultimate ability, you and your group members within 20 meters of you heal for 0-25 Health and restore 0-25 Magicka and Stamina per Ultimate spent.",,,,,,,,Sets,itemset,Maximum Magicka,Double Maximum Magicka,Magicka Recovery,Ultimate Bonus,Group Bonus,Light Armor,Full Group Bonus,Arx Corinium,Distance Bonus,Restore Health,Restore Stamina,Restore Magicka,Heal Others,,,5-Piece Bonus,,0-25,Light Armor,,25-1096 Maximum,3,Any Weapon,16046,1,Matron's Mark,,,,Recovery,,Jewelry,,,,,,,,,,,
Online:Lamp Knight's Art,,Adds 25-1096 Maximum Stamina,Adds 25-1096 Maximum Stamina,Adds 3-129 Weapon Damage and Spell Damage,Gain 100000 Offensive Penetration. Reduce your damage done by 46%.,,,,,,,,Sets,itemset,Maximum Stamina,Weapon/Spell Damage,Double Maximum Stamina,Physical/Spell Penetration,Drawbacks,Medium Armor,5-Piece Bonus,"""Rewards for the Worthy"" mails",Medium Armor,Any Weapon,Jewelry,Alliance Style,,,,,y,,,25-1096 Maximum,,,,,,,,,,,,,,,,,,,,,,,
Online:Languor of Peryite,,Adds 3-129 Weapon Damage and Spell Damage,Adds 9-424 Critical Resistance,Adds 34-1487 Offensive Penetration,"You deal 6% increased damage to Bracing players. When you deal Light Attack damage to an enemy that is immune to crowd control, apply Languor for 10 seconds, reducing their Magicka Recovery and Stamina Recovery by 5-248. This effect can occur once every 10 seconds.",,,,,,,,Sets,itemset,Weapon/Spell Damage,Physical/Spell Penetration,Critical Resistance,Increase Damage Dealt,Light Attack Bonus,Light Armor,PvP Bonus,Rewards for the Worthy,Negative Effect Bonus,5-Piece Bonus,Light Armor,Any Weapon,Jewelry,,,Alliance Style,y,,,,,,,,,,,,,Recovery,Recovery,,,,,,,,,,,,
Online:Law of Julianos,,Adds 15-657 Critical Chance,Adds 25-1096 Maximum Magicka,Adds 15-657 Critical Chance,Adds 6-300 Weapon Damage and Spell Damage,,,,,,,,Sets,itemset,Weapon/Spell Critical,Double Weapon/Spell Critical,Maximum Magicka,Weapon/Spell Damage,Weapon/Spell Damage,All Weights,5-Piece Bonus,Boreal Forge,Light Armor,Medium Armor,Heavy Armor,Any Weapon,Jewelry,Orsinium,Orsinium,Crafting Site(s),y,,,,25-1096 Maximum,,,,,,,,,,,,Boreal Forge,,,,,,,,,,
Online:Leeching Plate,,Adds 28-1206 Maximum Health,Adds 4% Healing Taken,Adds 28-1206 Maximum Health,"When you take damage, you summon a cloud of leeching poison under the assailant. The cloud deals 427 Poison damage every 1 second for 5 seconds and heals you for 100% of the damage caused. This effect can occur once every 5 seconds and scales off your Max Health.",,,,,,,,Sets,itemset,Maximum Health,Double Maximum Health,Increase Healing Received,Counterattack,Area of Effect,Heavy Armor,Damage Over Time,Imperial City Prison,Poison Damage,Restore Health,5-Piece Bonus,Heavy Armor,Any Weapon,Imperial City,Imperial City,Jewelry,,28-1206 Maximum,Xivkyn Style,,,3,,114284,1,,,,,,,,,,,,Grievous Leeching Ward,,,,,,
Online:Lefthander's Aegis Belt,Roll Dodge no longer evades attack and instead grants a damage shield that absorbs up to 20990 damage over 1 second. This damage shield is unaffected by Battle Spirit.,,,,,,,,,,,,Sets,itemset,Drawbacks,Damage Shield,Dodge Roll Bonus,PvP Bonus,1-Piece Bonus,Medium Armor,Medium Armor,Antiquities,Unique Style,,,,,Greymoor,High Isle,,,,,,,5,,,,,the antiquity,the achievement,Lefthander's Aegis Belt (achievement),,,,,,,,,armor,Lefthander's Aegis Belt,m,Mythic,,right
Online:Legacy of Karth,,Adds 15-657 Critical Chance,Adds 3-129 Weapon Damage and Spell Damage,Adds 34-1487 Offensive Penetration,Enemies affected by your alchemic poisons take 285 Disease damage every 1 second. This effect scales off the higher of your Weapon Damage and Spell Damage.,,,,,,,,Sets,itemset,Weapon/Spell Critical,Weapon/Spell Damage,Weapon/Spell Damage,Physical/Spell Penetration,Consumable Bonus,All Weights,Disease Damage,Druadach Redoubt]],Damage Over Time,5-Piece Bonus,Light Armor,Medium Armor,Heavy Armor,Markarth,Markarth,Any Weapon,y,,Jewelry,,,,Crafting Site(s),,,,,,,,,,Druadach Redoubt,,,,,,,,,,
Online:Leki's Focus,,Adds 3-129 Weapon Damage and Spell Damage,Adds 9-424 Critical Resistance,Adds 9-424 Critical Resistance,"Reduces your damage done with area of effect attacks by 5%, but grants Major Evasion at all times; reducing your damage taken from area of effect attacks by 20%.",,,,,,,,Sets,itemset,Weapon/Spell Damage,Stamina Recovery,Maximum Stamina,Major Evasion,Drawbacks,Medium Armor,5-Piece Bonus,Elite Gear Vendors,Medium Armor,Any Weapon,Jewelry,Alliance Style,Alliance Point Cost,,,,y,,,,,,,,,,,,,,,,,,,,,,,,,,
Online:Leviathan,,Adds 25-1096 Maximum Stamina,Adds 15-657 Critical Chance,Adds 15-657 Critical Chance,Adds 35-1528 Critical Chance,,,,,,,,Sets,itemset,Maximum Stamina,Double Weapon/Spell Critical,Weapon/Spell Critical,Double Weapon/Spell Critical,Triple Weapon/Spell Critical,Medium Armor,5-Piece Bonus,Crypt of Hearts,Medium Armor,Any Weapon,Jewelry,Barbaric Style,,,,,,,,25-1096 Maximum,,3,,23727,1,,,,,,,,,,,,Athor's Sundering Voice,,,,,,
Online:Light Speaker,,Adds 15-657 Critical Chance,Adds 25-1096 Maximum Magicka,Adds 3-129 Weapon Damage and Spell Damage,Adds 13-600 Weapon Damage and Spell Damage to your Restoration Staff abilities.,,,,,,,,Sets,itemset,Weapon/Spell Critical,Weapon/Spell Damage,Maximum Magicka,Skill Bonus,5-Piece Bonus,Light Armor,Light Armor,Elden Hollow,Any Weapon,Jewelry,Wood Elf Style,,,,,,y,,,,25-1096 Maximum,3,,26168,1,,,,,,,,,,,,Band of the Shadow Guard,,,,,,
Online:Light of Cyrodiil,,Adds 3-129 Weapon Damage and Spell Damage,Adds 15-657 Critical Chance,Adds 3-129 Weapon Damage and Spell Damage,"While you are casting or channeling an ability, your damage taken is reduced by 15%. When you are interrupted, your next Health, Magicka, or Stamina ability cast within 30 seconds will cost no resources.",,,,,,,,Sets,itemset,Weapon/Spell Damage,Double Maximum Magicka,Maximum Magicka,Skill Bonus,Reduce Damage Taken,Light Armor,Negative Effect on Friendly Bonus,Cropsford,Reduce Magicka Cost,5-Piece Bonus,Light Armor,Any Weapon,Jewelry,,,Alliance Style,y,,Alliance Point Cost,,,3,,45739,1,,,,,,,,,,,,Sargos' Vestments of Cyrodiil's Light,,,,,,
Online:Livewire,,Adds 4% Healing Taken,Adds 28-1206 Maximum Health,Adds 4% Healing Taken,"When you take damage, you overload your circuits, applying Concussion to enemies within 8 meters of you and healing for 76-1000 Health for each enemy hit. This effect can occur once every 6 seconds.",,,,,,,,Sets,itemset,Increase Healing Received,Double Increase Healing Received,Maximum Health,Counterattack,Distance Bonus,Heavy Armor,Apply Status Effects,Clockwork City,Multiple Targets Hit Bonus,Restore Health,5-Piece Bonus,Heavy Armor,Any Weapon,Clockwork City,Clockwork City,Jewelry,,28-1206 Maximum,Apostle Style,,,3,,133239,1,,,,,,,,,,,,Explorer's Boots,,,,,,
Online:Lord Warden,Adds 34-1487 Armor,"When you take damage, you have a 50% chance to summon a shadow orb for 10 seconds that increases the Physical Resistance and Spell Resistance of you and your group members within 8 meters by 73-3180. This effect can occur once every 10 seconds.",,,,,,,,,,,Sets,itemset,Physical/Spell Resistance,Area of Effect,Counterattack,Group Bonus,Double Physical/Spell Resistance,Monster Helm Sets,Reduce Damage Taken,Imperial City Prison,Undaunted Style,2-Piece Bonus,Head and Shoulders,,,Imperial City,Imperial City,,,,,,,,,,,,the item set,the enemy,Lord Warden Dusk,,,,,Imperial City Prison,Urgarlag Chief-bane,Lord Warden Dusk,,,,,,,
Online:Lucent Echoes,,Adds 4% Healing Taken,"Gain Minor Aegis at all times, reducing your damage taken from Dungeon, Trial, and Arena Monsters by 5%.",Adds 28-1206 Maximum Health,"While you have more than 50% Health, the Critical Damage and Critical Healing of any group members not wearing Lucent Echoes within 28 meters of you increases by 11%. While you have 50% or less Health, your damage taken from monsters is reduced by 20%.",,,,,,,,Sets,itemset,Increase Healing Received,Maximum Health,Minor Aegis,Full Health Bonus,Group Bonus,Heavy Armor,Full Group Bonus,Lucent Citadel,Increase Critical Damage,Increase Critical Healing,Near Death Effect,Reduce Damage Taken,5-Piece Bonus,Gold Road,Gold Road,Heavy Armor,,28-1206 Maximum,Any Weapon,,,,Jewelry,,,,,,,,,Lucent Sentinel Style,,,,,,,,,,,
Online:Lucilla's Windshield,,Adds 4% Healing Taken,Adds 28-1206 Maximum Health,Adds 25-1096 Maximum Stamina,"Blocking 3 attacks within 10 seconds creates an 8 meter Windshield at your feet for 10 seconds. Enemies within the area gain Minor Brittle, increasing their Critical Damage taken by 10%. While you are within the area, you gain Major Protection, reducing your damage taken by 10%. This effect can occur once every 7 seconds. You can only have 1 Windshield active at a time.",,,,,,,,Sets,itemset,Healing Bonus,Maximum Stamina,Maximum Health,Block Bonus,Minor Brittle,Heavy Armor,Major Protection,Exiled Redoubt,5-Piece Bonus,Heavy Armor,Any Weapon,Jewelry,Exile's Revenge Style,Fallen Banners,Fallen Banners,,,28-1206 Maximum,,25-1096 Maximum,,,,,,,,,,,,,,,,,,,,,,,
Online:Lunar Bastion,,Adds 4% Healing Taken,"Gain Minor Aegis at all times, reducing your damage taken from Dungeon, Trial, and Arena Monsters by 5%.",Adds 28-1206 Maximum Health,"When you activate a synergy, you create a lunar blessing underneath you for 8 seconds. The blessing grants a stacking damage shield every 2 seconds that absorbs 63-2737 damage per stack for you and your group members within 8 meters. The damage shield lasts for 4 seconds and refreshes every tick. This effect can occur once every 20 seconds, and stacks up to 6 times.",,,,,,,,Sets,itemset,Increase Healing Received,Maximum Health,Minor Aegis,Synergy Bonus,Group Bonus,Heavy Armor,Area of Effect,Maw of Lorkhaj,Damage Shield,5-Piece Bonus,Heavy Armor,Any Weapon,Jewelry,Thieves Guild,Thieves Guild,Dro-m'Athra Style,,28-1206 Maximum,,,,,,,,,,,,,,,,,,,,,,,,,
Online:Lustrous Soulwell,,Adds 3-129 Health Recovery,Adds 3-129 Magicka Recovery,Adds 25-1096 Maximum Magicka,"When you use an Ultimate ability while in combat, you and the closest 3 group members within 28 meters of you gain 465 Health Recovery, Magicka Recovery, and Stamina Recovery that lasts for 2 seconds for each 20 Ultimate spent.",,,,,,,,Sets,itemset,Magicka Recovery,Health Recovery,Double Magicka Recovery,Stamina Recovery,Ultimate Bonus,Light Armor,Distance Bonus,Black Gem Foundry,Group Bonus,Maximum Magicka,5-Piece Bonus,Light Armor,Any Weapon,Feast of Shadows,Feast of Shadows,Jewelry,,3-129,Black Soul Gem Style,,3-129,,,,,,,,,Recovery,Recovery,,,,,,,,,,,20,
Online:Maarselok (set),Adds 25-1096 Maximum Stamina,"When you deal damage with a melee Heavy Attack, you spew a cone of corruption, dealing 1492 Disease damage to enemies over 4 seconds. This damage is increased by 10% for each negative effect the enemies have, up to a maximum of 300%. This effect can occur once every 10 seconds and scales off the higher of your Weapon Damage and Spell Damage.",,,,,,,,,,,Sets,itemset,Maximum Stamina,Heavy Attack Bonus,Melee Damage Bonus,Damage Over Time,Area of Effect,Monster Helm Sets,Disease Damage,Lair of Maarselok,Negative Effect Bonus,Undaunted Style,2-Piece Bonus,Head and Shoulders,,Scalebreaker,Scalebreaker,,y,,,25-1096 Maximum,,,,,,,the item set,the enemy,Maarselok,,,,,Lair of Maarselok,Urgarlag Chief-bane,Maarselok,,,,,,,
Online:Macabre Vintage,,Adds 3-129 Weapon Damage and Spell Damage,Adds 3-129 Weapon Damage and Spell Damage,Adds 3-129 Weapon Damage and Spell Damage,"When you kill a monster they burst with blood magic, dealing 50% of their Max Health to enemies within 6 meters as Bleed Damage, up to 24096 Bleed Damage. This damage cannot critically strike. This effect can occur once every 0.5 seconds.",,,,,,,,Sets,itemset,Weapon/Spell Damage,Double Weapon/Spell Damage,Double Weapon/Spell Damage,Triple Weapon/Spell Damage,Quadruple Weapon/Spell Damage,Medium Armor,Kill Bonus,West Weald,Bleed Damage,Area of Effect,5-Piece Bonus,Medium Armor,Any Weapon,Gold Road,Gold Road,Jewelry,y,Max,Shardborn Style,,,,,,,,,,,,,,,,,,,,,,,,
Online:Mad God's Dancing Shoes,"While in combat, roll dodging creates a random effect. This effect can occur once every 3 seconds. Effects: -Create a cheese wheel under an enemy within 15 meters that deals 1249 Magic damage to enemies in 3 meters after 1 second. -Deal 1000 Physical damage to enemies facing you after 1.5 seconds. -Deal 1394 Magic damage to the nearest enemy. -Gain Major Expedition for 4.5 seconds. -Restore 1172 Stamina. -Reduce the cost of your next non-Ultimate ability by 14%. -Gain 7 Ultimate.",,,,,,,,,,,,Sets,itemset,Area of Effect,Physical Damage,Magic Damage,Major Expedition,Restore Stamina,Light Armor,Ultimate Gain,Antiquities,Reduce Ultimate Cost,1-Piece Bonus,Light Armor,Unique Style,,2025 Content Pass,Seasons of the Worm Cult,,,,,1172,,5,,,,,the antiquity,the achievement,Mad God's Dancing Shoes (achievement),,,,,,,,,armor,Mad God's Dancing Shoes,m,Mythic,7,right
Online:Mad Tinkerer,,Adds 15-657 Critical Chance,Adds 15-657 Critical Chance,Adds 3-129 Weapon Damage and Spell Damage,"When you deal damage, you summon a Verminous Fabricant that charges forward, dealing 1504 Shock Damage to all enemies in its path, and knocking up to 6 into the air, stunning them for 2 seconds. This effect can occur once every 8 seconds and scales off the higher of your Weapon Damage and Spell Damage.",,,,,,,,Sets,itemset,Weapon/Spell Critical,Double Weapon/Spell Critical,Double Weapon/Spell Critical,Weapon/Spell Damage,Summon,Light Armor,Distance Bonus,Clockwork City,Shock Damage,Area of Effect,Knockback,Crowd Control,5-Piece Bonus,Clockwork City,Clockwork City,Light Armor,y,,Any Weapon,,,3,Jewelry,133234,1,Gardening Gloves,,,,,,Apostle Style,,,,,,,,,,,
Online:Maelstrom Weapons,,,,,,,,,,,,,Sets,,,,,,,,,,,,,,,Orsinium,,,,,,,,,,,,,,,,,,,,,,,,w,Axe-Maelstrom,,,,
Online:Magicka Furnace,,Adds 34-1487 Armor,Adds 25-1096 Maximum Magicka,Adds 3-129 Weapon Damage and Spell Damage,"When you take damage while you are under 50% Magicka, you restore 176-7590 Magicka. This effect can occur once every 30 seconds.",,,,,,,,Sets,itemset,Physical/Spell Resistance,Weapon/Spell Damage,Maximum Magicka,Counterattack,Low Magicka Bonus,Light Armor,Restore Magicka,Direfrost Keep,5-Piece Bonus,Light Armor,Any Weapon,Jewelry,Dark Elf Style,,,,y,,,,25-1096 Maximum,3,,33160,1,,,,,,,,,,,,Apprentice's Chain,,,,,,
Online:Magma Incarnate (set),Adds 3-129 Stamina Recovery,"When you heal yourself or a group member with a single target heal ability, grant the lowest Health group member within 28 meters Minor Courage and Minor Resolve, increasing their Weapon Damage and Spell Damage by 215 and Armor by 2974 for 10 seconds. Daedric Energy will then bounce to a nearby group member within 8 meters, up to 3 times, applying Minor Courage and Minor Resolve for 10 seconds. This effect can occur once every 15 seconds.",,,,,,,,,,,Sets,itemset,Magicka Recovery,Healing Bonus,Stamina Recovery,Minor Courage,Minor Resolve,Monster Helm Sets,Group Bonus,The Dread Cellar,Distance Bonus,Undaunted Style,2-Piece Bonus,Head and Shoulders,,Waking Flame,Waking Flame,,y,,,3-129,3-129,,,,,,the item set,the enemy,Magma Incarnate,Recovery,Recovery,,,The Dread Cellar,Urgarlag Chief-bane,Magma Incarnate,,,,,,,
Online:Magnus' Gift,,Adds 25-1096 Maximum Magicka,Adds 3-129 Magicka Recovery,Adds 3-129 Weapon Damage and Spell Damage,"When you cast a Magicka ability, you have a 15% chance to negate that ability's cost.",,,,,,,,Sets,itemset,Maximum Magicka,Weapon/Spell Damage,Magicka Recovery,Skill Bonus,Reduce Magicka Cost,All Weights,5-Piece Bonus,,Light Armor,Medium Armor,Heavy Armor,Any Weapon,Jewelry,,,Crafting Site(s),y,,,,25-1096 Maximum,,,,,,,,,Recovery,,,,,,,,,,,,,
Online:Malacath's Band of Brutality,Increases your damage done by 16% but decreases your Critical Damage done by 50%.,,,,,,,,,,,,Sets,itemset,Increase Damage Dealt,1-Piece Bonus,Drawbacks,Jewelry,Unique Style,Jewelry,,Antiquities,,,,,,Greymoor,Greymoor,,,,,,,5,,,,Malacath's Brutal Might Loop,the antiquity,the achievement,Malacath's Band of Brutality (achievement),,,,,,,,,armor,Malacath's Band of Brutality,m,Mythic,,right
Online:Maligalig's Maelstrom,,Adds 25-1096 Maximum Magicka,Adds 4% Healing Done,Adds 3-129 Weapon Damage and Spell Damage,"When you overheal yourself or a group member with a Direct Heal, you apply Maligalig's Maelstrom to the target for 6 seconds, dealing 33% of the overhealing amount, up to a maximum of 3300, as Shock Damage once every 1 second to enemies within 7 meters. This effect can occur once every 10 seconds.",,,,,,,,Sets,itemset,Maximum Magicka,Weapon/Spell Damage,Increase Healing Done,Healing Bonus,Group Bonus,Light Armor,Shock Damage,Coral Aerie,Damage Over Time,Area of Effect,5-Piece Bonus,Light Armor,Any Weapon,Ascending Tide,Ascending Tide,Jewelry,y,,Ascendant Order Style,,25-1096 Maximum,,,,,,,,,,,,,,,,,,,,,,
Online:Mantle of Siroria,,Adds 3-129 Weapon Damage and Spell Damage,"Gain Minor Slayer at all times, increasing your damage done to Dungeon, Trial, and Arena Monsters by 5%.",Adds 3-129 Weapon Damage and Spell Damage,"Dealing damage with a Light or Heavy Attack creates a ring of fire beneath you for 8 seconds. This effect can occur once every 8 seconds. Every second spent standing in the ring increases your Weapon Damage and Spell Damage by 1-44 for 5 seconds, stacking up to 10 times.",,,,,,,,Sets,itemset,Weapon/Spell Damage,Double Weapon/Spell Damage,Minor Slayer,Light Attack Bonus,Heavy Attack Bonus,Light Armor,Area of Effect,Cloudrest,Triple Weapon/Spell Damage,5-Piece Bonus,Light Armor,Any Weapon,Jewelry,Summerset,Summerset,Welkynar Style,y,,,,,,,,,,,,,,,,,,,,,,,,,,
Online:Mara's Balm,,Adds 34-1487 Armor,Adds 9-424 Critical Resistance,Adds 4% Healing Taken,"When a negative effect is removed from you, restore 25-1106 Health. This effect can occur once every 1 second. When you take damage and have 6 or more negative effects, restore 25-1106 Health per negative effect and then cleanse all. This effect can occur once every 30 seconds.",,,,,,,,Sets,itemset,Physical/Spell Resistance,Increase Healing Received,Critical Resistance,Reduce Debuff Effects,Restore Health,Heavy Armor,Counterattack,"""Rewards for the Worthy"" mails",5-Piece Bonus,Heavy Armor,Any Weapon,Jewelry,Alliance Style,,,,,25-1106,,,,,,,,,,,,,,,,,,,,,,,,,
Online:Marauder's Haste,,Adds 3-129 Magicka Recovery,Adds 25-1096 Maximum Magicka,Adds 3-129 Magicka Recovery,"When you apply a damage shield to yourself or an ally, increase your Movement Speed by 0-20% for 9 seconds.",,,,,,,,Sets,itemset,Magicka Recovery,Double Magicka Recovery,Maximum Magicka,Damage Shield Bonus,Increase Movement Speed,Light Armor,5-Piece Bonus,Southern Elsweyr,Pellitine Style,Light Armor,Any Weapon,Jewelry,,Dragonhold,Dragonhold,,,,,,3-129,3,,153839,1,,,,,Recovery,,,,,,,Paint-Stained Ring,,,,,,
Online:Mark of the Pariah,,Adds 28-1206 Maximum Health,Adds 34-1487 Armor,Adds 34-1487 Armor,Increases your Physical Resistance and Spell Resistance by up to 237-10206 based on your missing Health. Current value: 55-2373,,,,,,,,Sets,itemset,Maximum Health,Double Physical/Spell Resistance,Physical/Spell Resistance,Double Physical/Spell Resistance,Near Death Effect,Heavy Armor,Triple Physical/Spell Resistance,Wrothgar,Reduce Damage Taken,5-Piece Bonus,Heavy Armor,Any Weapon,Jewelry,Orsinium,Orsinium,Malacath Style,,28-1206 Maximum,,,,2,,71000,1,,,,,,,,,,,,Barbute of Clan Shatul,,,,,,
Online:Marksman's Crest,,Adds 3-129 Stamina Recovery,Adds 3-129 Stamina Recovery,Adds 3-129 Weapon Damage and Spell Damage,Reduces the cost of your Stamina abilities by 5% and increases the damage of your Bow abilities against Players by 8%.,,,,,,,,Sets,itemset,Stamina Recovery,Weapon/Spell Damage,Double Stamina Recovery,Reduce Stamina Cost,Skill Bonus,Medium Armor,PvP Bonus,Elite Gear Vendors,Bow Bonus,5-Piece Bonus,Medium Armor,Any Weapon,Jewelry,,,Alliance Style,y,,Alliance Point Cost,3-129,,,,,,,,,,,Recovery,,,,,,,,,,,,
Online:Markyn Ring of Majesty,Gain 100 Weapon Damage and Spell Damage and 1157 Armor for every set you are wearing 3 or more pieces of. Current bonus: 0 Weapon Damage and Spell Damage and 0 Armor.,,,,,,,,,,,,Sets,itemset,Weapon/Spell Damage,Physical/Spell Resistance,Physical/Spell Resistance,1-Piece Bonus,Jewelry,Jewelry,Unique Style,Antiquities,,,,,,Greymoor,Deadlands,,y,,,,,5,,,,,the antiquity,the achievement,Markyn Ring of Majesty (achievement),,,,,,,,,armor,Markyn Ring of Majesty,m,Mythic,,right
Online:Master Architect,,Adds 25-1096 Maximum Magicka,"Gain Minor Slayer at all times, increasing your damage done to Dungeon, Trial, and Arena Monsters by 5%.",Adds 3-129 Weapon Damage and Spell Damage,"When you use an Ultimate ability while in combat, you and the closest 5 group members within 28 meters of you gain Major Slayer for 1 second per 10 Ultimate spent, increasing your damage done to Dungeon, Trial, and Arena Monsters by 10%.",,,,,,,,Sets,itemset,Maximum Magicka,Weapon/Spell Damage,Minor Slayer,Ultimate Bonus,Group Bonus,Light Armor,Major Slayer,Halls of Fabrication,Distance Bonus,5-Piece Bonus,Light Armor,Any Weapon,Jewelry,Morrowind,Morrowind,Refabricated Style,y,,,,25-1096 Maximum,,,,,,,,,,,,,,,,,,,,,10,
Online:Master's Weapons,,,,,,,,,,,,,Sets,,,,,,,,,,,,,,,,,,,,,,,,,,,,,,,,,,,,,,,w,Yew Bow-Wood Elf,,,,
Online:Maw of the Infernal (set),Adds 3-129 Weapon Damage and Spell Damage,"When you deal damage with a Light or Heavy Attack, you have a 33% chance to summon a fire breathing Daedroth for 15 seconds. The Daedroth's attacks deal 599 Flame damage every 2 seconds. The Daedroth can only be summoned once every 15 seconds and its damage scales off the higher of your Weapon Damage and Spell Damage.",,,,,,,,,,,Sets,itemset,Maximum Magicka,Heavy Attack Bonus,Light Attack Bonus,Summon,Physical Damage,Monster Helm Sets,Flame Damage,Banished Cells II,Damage Over Time,Undaunted Style,2-Piece Bonus,Head and Shoulders,,,,,y,,,,,,,,,,the item set,the enemy,Maw of the Infernal,,,,,Banished Cells II,Maj al-Ragath,High Kinlord Rilis,,,,,,,
Online:Mechanical Acuity,,Adds 25-1096 Maximum Stamina,Adds 25-1096 Maximum Magicka,Adds 3-129 Weapon Damage and Spell Damage,"When you deal non Critical Damage, you gain a stack of Mechanical Acuity for 4 seconds, granting you 20% Critical Strike chance per stack, up to once every 1 second and stacking up to 5 times. Upon reaching max stacks or after the effect ends, this effect cannot occur again for 25 seconds.",,,,,,,,Sets,itemset,Maximum Stamina,Weapon/Spell Damage,Maximum Magicka,Weapon/Spell Critical,Weapon/Spell Critical,All Weights,5-Piece Bonus,Pavilion of Artifice,Light Armor,Medium Armor,Heavy Armor,Any Weapon,Jewelry,Clockwork City,Clockwork City,Crafting Site(s),y,,,25-1096 Maximum,25-1096 Maximum,,,,,,,,,,,,Pavilion of Artifice,,,,,,,,,,
Online:Medusa,,Adds 15-657 Critical Chance,Adds 15-657 Critical Chance,Adds 15-657 Critical Chance,"Gain Minor Force at all times, increasing your Critical Damage by 10%.",,,,,,,,Sets,itemset,Weapon/Spell Critical,Double Weapon/Spell Critical,Double Weapon/Spell Critical,Triple Weapon/Spell Critical,Quadruple Weapon/Spell Critical,Heavy Armor,Minor Force,Arx Corinium,5-Piece Bonus,Heavy Armor,Any Weapon,Jewelry,Argonian Style,,,,,,,,,3,,16149,1,Swampbinder,,,,,,,,,,,,,,,,,
Online:Mender's Ward,,"Steadfast Ward applies Major Vitality to your target for 4 seconds, increasing their healing received and damage shield strength by 12%.",,,,,,,,,,,Sets,itemset,Skill Bonus,2-Piece Bonus,Major Vitality,Restoration Staff,Honor Guard Style,Weapon,,Blackrose Prison,,,,,,Murkmire,Murkmire,,,,,,,,,,,,,,,,,,,,,,,,,,,,
Online:Merciless Charge,,"Activating Critical Charge stirs up a barbarous lust for battle within you for 18 seconds, increasing your damage done with direct damage attacks by 1%, up to a maximum of 12%. This effect scales off the higher of your Weapon Damage and Spell Damage.",,,,,,,,,,,Sets,itemset,Skill Bonus,2-Piece Bonus,Increase Damage Dealt,Two Handed Weapon,Dwemer Style,Weapon,,Maelstrom Arena (place),,,,,,Orsinium,,,y,,,,,,,,,,,,,,,,,,,,,,,,,,
Online:Meridia's Blessed Armor,,Adds 34-1487 Armor,Adds 3-129 Stamina Recovery,Adds 34-1487 Armor,"When you Block, you gain Meridia's Blessed Armor for 5 seconds, causing you to dodge all incoming attacks. This effect can occur once every 25 seconds.",,,,,,,,Sets,itemset,Physical/Spell Resistance,Double Physical/Spell Resistance,Stamina Recovery,Block Bonus,Dodge,Heavy Armor,5-Piece Bonus,Coldharbour,Heavy Armor,Any Weapon,Jewelry,Ancient Elf Style,,,,,,,,3-129,,2,,15737,1,Arbiter's Vambraces,,,,,Recovery,,,,,,,,,,,,
Online:Meritorious Service,,Adds 28-1206 Maximum Health,Adds 25-1096 Maximum Magicka,Adds 3-129 Weapon Damage and Spell Damage,"When you cast a Support ability while in combat, you increase the Physical Resistance and Spell Resistance of yourself and up to 5 group members within 10 meters by 82-3540 for 20 seconds.",,,,,,,,Sets,itemset,Maximum Health,Weapon/Spell Damage,Maximum Magicka,Skill Bonus,Group Bonus,Light Armor,Distance Bonus,Tel Var Merchants,Physical/Spell Resistance,Reduce Damage Taken,5-Piece Bonus,Light Armor,Any Weapon,Imperial City,,Jewelry,y,28-1206 Maximum,Alliance Style,,25-1096 Maximum,,Tel Var Cost,,,,,,,,,,,,,,,,,,,,
Online:Might of the Lost Legion,,Adds 25-1096 Maximum Stamina,Adds 25-1096 Maximum Magicka,Adds 3-129 Weapon Damage and Spell Damage,"When you Block, you gain Empower, increasing the damage of your Heavy Attacks against monsters by 150% for 3 seconds.",,,,,,,,Sets,itemset,Maximum Magicka,Weapon/Spell Damage,Maximum Stamina,Maximum Health,Block Bonus,All Weights,Empower,Ruined Village,5-Piece Bonus,Light Armor,Medium Armor,Heavy Armor,Any Weapon,Murkmire,Murkmire,Jewelry,y,28-1206 Maximum,Crafting Site(s),25-1096 Maximum,25-1096 Maximum,,,,,,,,,,,,Ruined Village,,,,,,,,,,
Online:Mighty Chudan (set),Adds 34-1487 Armor,"Gain Major Resolve at all times, increasing your Physical Resistance and Spell Resistance by 5948.",,,,,,,,,,,Sets,itemset,Physical/Spell Resistance,Major Resolve,Maximum Health,Undaunted Style,2-Piece Bonus,Monster Helm Sets,Head and Shoulders,Ruins of Mazzatun,,,,,,Shadows of the Hist,Shadows of the Hist,,,28-1206 Maximum,,,,,,,,,the item set,the enemy,Mighty Chudan,,,,,Ruins of Mazzatun,Urgarlag Chief-bane,Tree-Minder Na-Kesh,,,,,,,
Online:Mighty Glacier,,Adds 25-1096 Maximum Stamina,Adds 25-1096 Maximum Magicka,Adds 3-129 Magicka Recovery,"When you activate a snare or immobilize ability or hit a target with a snare or immobilize ability, you and up to 11 group members gain Major Resolve for 15 seconds, increasing your Physical Resistance and Spell Resistances by 5948. This effect can occur once every 10 seconds.",,,,,,,,Sets,itemset,Maximum Stamina,Stamina Recovery,Maximum Magicka,Magicka Recovery,Skill Bonus,Heavy Armor,Crowd Control Bonus,Frostvault,Group Bonus,Full Group Bonus,Major Resolve,5-Piece Bonus,Heavy Armor,Wrathstone,Wrathstone,Any Weapon,,,Jewelry,25-1096 Maximum,25-1096 Maximum,,Coldsnap Style,,,,,,,Recovery,Recovery,,,,,,,,,,,,
Online:Molag Kena (set),Adds 3-129 Weapon Damage and Spell Damage,"When you consecutively Light Attack 2 times, you trigger Overkill for 6 seconds, which increases your Weapon Damage and Spell Damage by 13-560 but also increases the cost of your abilities by 8%. This effect can occur once every 6 seconds.",,,,,,,,,,,Sets,itemset,Weapon/Spell Damage,Double Weapon/Spell Damage,Light Attack Bonus,Drawbacks,Undaunted Style,Monster Helm Sets,2-Piece Bonus,White-Gold Tower,Head and Shoulders,,,,,Imperial City,Imperial City,,y,,,,,,,,,,the item set,the enemy,Molag Kena,,,,,White-Gold Tower,Urgarlag Chief-bane,Molag Kena,,,,,,,
Online:Monolith of Storms,,Adds 15-657 Critical Chance,Adds 3-129 Weapon Damage and Spell Damage,Adds 3-129 Weapon Damage and Spell Damage,"Dealing damage with a Storm Calling ability's initial hit or every 5th tick creates a Monolith near the enemy for 10 seconds, up to one every 1 second, up to 3 total. Your Monoliths within 28 meters of one another link together, dealing 742 Shock damage, scaling off of the higher of your Weapon Damage and Spell Damage, every 2 seconds to enemies near the links, up to once every 2 seconds per enemy. Each Monolith active grants you 100 Weapon Damage and Spell Damage.",,,,,,,,Sets,itemset,Weapon/Spell Critical,Weapon/Spell Damage,Weapon/Spell Damage,Double Weapon/Spell Damage,Skill Bonus,All Weights,Class Abilities Bonus,Infinite Archive,Damage Over Time Bonus,Distance Bonus,Area of Effect,Shock Damage,5-Piece Bonus,,,Light Armor,y,,Medium Armor,,,,Heavy Armor,,,,,,,,,Any Weapon,,,,,,,,,,,
Online:Monomyth Reforged,"While in combat and on your Primary Weapon gain Major Force, Minor Berserk, and Minor Vulnerability. While in combat and on your Secondary Weapon gain Major Protection, Minor Vitality, and Minor Timidity.",,,,,,,,,,,,Sets,itemset,Major Force,Minor Vulnerability,Minor Berserk,Major Protection,Minor Vitality,Jewelry,Minor Timidity,Antiquities,1-Piece Bonus,Jewelry,Unique Style,,,2025 Content Pass,Seasons of the Worm Cult,,,,,,,5,,,,,the antiquity,the achievement,Monomyth Reforged (achievement),,,,,,,,,armor,Monomyth Reforged,m,Mythic,,right
Online:Monster Helm Sets,,,,,,,,,,,,,Sets,,,,,,,,,,,,,,,,,,,,,,,,,,,,,,,,,,,,,,,,,,,,
Online:Moon Hunter,,Adds 3-129 Weapon Damage and Spell Damage,Adds 3-129 Weapon Damage and Spell Damage,Adds 15-657 Critical Chance,"When your alchemical poison fires, increase your Weapon Damage and Spell Damage by 12-547 for 8 seconds.",,,,,,,,Sets,itemset,Weapon/Spell Damage,Double Weapon/Spell Damage,Double Weapon/Spell Damage,Weapon/Spell Critical,Consumable Bonus,Light Armor,Triple Weapon/Spell Damage,Moon Hunter Keep,5-Piece Bonus,Light Armor,Any Weapon,Jewelry,Silver Dawn Style,Wolfhunter,Wolfhunter,,y,,,,,,,,,,,,,,,,,,,,,,,,,,
Online:Moondancer,,Adds 25-1096 Maximum Magicka,"Gain Minor Slayer at all times, increasing your damage done to Dungeon, Trial, and Arena Monsters by 5%.",Adds 3-129 Weapon Damage and Spell Damage,"When you activate a synergy while in combat, you gain a shadow blessing that increases your Weapon Damage and Spell Damage by 11-474 or a lunar blessing that increases your Magicka Recovery by 11-474 for 20 seconds. You can only have one blessing active at a time.",,,,,,,,Sets,itemset,Maximum Magicka,Weapon/Spell Damage,Minor Slayer,Synergy Bonus,Double Weapon/Spell Damage,Light Armor,Restore Magicka,Maw of Lorkhaj,5-Piece Bonus,Light Armor,Any Weapon,Jewelry,Dro-m'Athra Style,Thieves Guild,Thieves Guild,,y,,,,25-1096 Maximum,,,,,,,,,Recovery,,,,,,,,,,,,,
Online:Mora Scribe's Thesis,,Adds 15-657 Critical Chance,"Gain Minor Slayer at all times, increasing your damage done to Dungeon, Trial, and Arena Monsters by 5%.",Adds 3-129 Weapon Damage and Spell Damage,"Increase your Critical Chance by 128 for every Major Buff active on you, up to 1536 Critical Chance. Increase your Critical Damage done by 1% for every Minor Buff active on you, up to 12% Critical Damage done. Current Bonus: 0 Critical Chance and 0% Critical Damage",,,,,,,,Sets,itemset,Weapon/Spell Critical,Maximum Magicka,Minor Slayer,Buff Bonus,Double Weapon/Spell Critical,Light Armor,Increase Critical Damage,Lucent Citadel,5-Piece Bonus,Light Armor,Any Weapon,Jewelry,Lucent Sentinel Style,Gold Road,Gold Road,,y,,,,,,,,,,,,,,,,,,,,,,,,,,
Online:Mora's Whispers,"Gain up to 1528 Critical Chance and 10% increased Inspiration, Alliance Rank, Alliance skill, and 15% monster kill experience based off how many books of Shalidor's Library have been collected. Current Bonus: 229 Critical Chance 1% Inspiration, Alliance Rank, and Alliance skill 2% monster kill experience.",,,,,,,,,,,,Sets,itemset,Weapon/Spell Critical,1-Piece Bonus,Kill Bonus,Light Armor,Unique Style,Light Armor,,Antiquities,,,,,,Greymoor,High Isle,,,,,,,5,,,,,the antiquity,the achievement,Mora's Whispers (achievement),,,,,,,,,armor,Mora's Whispers,m,Mythic,,right
Online:Morkuldin,,Adds 3-129 Weapon Damage and Spell Damage,Adds 15-657 Critical Chance,Adds 3-129 Weapon Damage and Spell Damage,"When you deal damage with a Light or Heavy Attack, you summon an animated weapon to attack your enemies for 15 seconds. The animated weapon's basic attacks deal 422 Physical Damage. This effect can occur once every 15 seconds and scales off the higher of your Weapon Damage and Spell Damage.",,,,,,,,Sets,itemset,Maximum Stamina,Weapon/Spell Damage,Stamina Recovery,Light Attack Bonus,Heavy Attack Bonus,All Weights,Summon,Morkuldin Forge,Physical Damage,5-Piece Bonus,Light Armor,Medium Armor,Heavy Armor,Orsinium,Orsinium,Any Weapon,y,,Jewelry,,,,Crafting Site(s),,,,,,,,,,Morkuldin Forge,,,,,,,,,,
Online:Mother Ciannait (set),Adds 25-1096 Maximum Magicka,"While in combat, casting an ability with a cast time or channeling an ability grants you a damage shield that absorbs 116-5000 damage for 6 seconds. If the damage shield is broken, you restore 22-985 Magicka. This effect can occur once every 7 seconds.",,,,,,,,,,,Sets,itemset,Maximum Magicka,Damage Shield,Skill Bonus,Restore Magicka,Undaunted Style,Monster Helm Sets,2-Piece Bonus,Icereach,Head and Shoulders,,,,,Harrowstorm,Harrowstorm,,,,,,25-1096 Maximum,,,,,,the item set,the enemy,Mother Ciannait,,,,,Icereach,Urgarlag Chief-bane,Mother Ciannait,,,,,,,
Online:Mother's Sorrow,,Adds 25-1096 Maximum Magicka,Adds 15-657 Critical Chance,Adds 15-657 Critical Chance,Adds 35-1528 Critical Chance,,,,,,,,Sets,itemset,Maximum Magicka,Double Weapon/Spell Critical,Weapon/Spell Critical,Double Weapon/Spell Critical,Triple Weapon/Spell Critical,Light Armor,5-Piece Bonus,Deshaan,Light Armor,Any Weapon,Jewelry,Argonian Style,,,,,,,,,25-1096 Maximum,2,,4325,1,,,,,,,,,,,,Argonian Muck Minder of Mother's Sorrow,,,,,,
Online:Mythic Items,,,,,,,,,,,,,Sets,,,,,,,,,,,,,,,Greymoor,,,,,,,,6,,,,Belharza's Band,,,,,,,,,,,,armor,Belharza's Band,,,,right
Online:Naga Shaman,,Adds 4% Healing Taken,Adds 4% Healing Done,Adds 25-1096 Maximum Magicka,"When you apply a damage shield to yourself or an ally, you gain Minor Mending and Minor Vitality for 6 seconds, increasing your healing done by 8% and healing received and damage shield strength by 6%. This effect can occur once every 6 seconds.",,,,,,,,Sets,itemset,Increase Healing Received,Maximum Magicka,Increase Healing Done,Damage Shield Bonus,Minor Mending,All Weights,Minor Vitality,Deep Swamp Forge,5-Piece Bonus,Light Armor,Medium Armor,Heavy Armor,Any Weapon,Murkmire,Murkmire,Jewelry,,,Crafting Site(s),,25-1096 Maximum,,,,,,,,,,,,Deep Swamp Forge,,,,,,,,,,
Online:Nazaray (set),Adds 28-1206 Maximum Health,"When you use an Ultimate ability, the closest 6 enemies within 12 meters have all Major and Minor debuffs applied to them extended by 1 second per 20 Ultimate spent. This effect can occur once every 30 seconds per target.",,,,,,,,,,,Sets,itemset,Maximum Health,Debuff Bonus,Ultimate Bonus,Undaunted Style,2-Piece Bonus,Monster Helm Sets,Head and Shoulders,Shipwright's Regret,,,,,,Ascending Tide,Ascending Tide,,,28-1206 Maximum,,,,,,,,,the item set,the enemy,Nazaray,,,,,Shipwright's Regret,Urgarlag Chief-bane,Captain Numirril,,,,,,20,
Online:Necropotence,,Adds 25-1096 Maximum Magicka,Adds 25-1096 Maximum Magicka,Adds 25-1096 Maximum Magicka,"While you have a pet active, your Max Magicka is increased by 72-3132.",,,,,,,,Sets,itemset,Maximum Magicka,Triple Maximum Magicka,Double Maximum Magicka,Pet Bonus,Quadruple Maximum Magicka,Light Armor,5-Piece Bonus,Rivenspire,Light Armor,Any Weapon,Jewelry,Argonian Style,,,,,,,,,25-1096 Maximum,2,,7313,1,Magister's Staff,,,,,,,,,,,Barrow Hammer of Necropotence,,,,,,
Online:Nerien'eth (set),Adds 3-129 Weapon Damage and Spell Damage,"When you deal direct damage, you have a 15% chance to summon a Lich crystal that explodes after 2 seconds, dealing 1360 Magic damage to all enemies within 4 meters. This effect can occur once every 3 seconds and scales off the higher of your Weapon Damage and Spell Damage.",,,,,,,,,,,Sets,itemset,Weapon/Spell Damage,Magic Damage,Direct Damage Bonus,Area of Effect,Undaunted Style,Monster Helm Sets,2-Piece Bonus,Crypt of Hearts II,Head and Shoulders,,,,,,,,y,,,,,,,,,,the item set,the enemy,Nerien'eth,,,,,Crypt of Hearts II,Glirion the Redbeard,Nerien'eth,,,,,,,
Online:Netch Oil,,Adds 25-1096 Maximum Stamina,Adds 28-1206 Maximum Health,Adds 25-1096 Maximum Stamina,"While you have Crowd Control Immunity, you are immune to Snares and Immobilizations.",,,,,,,,Sets,itemset,Maximum Stamina,Double Maximum Stamina,Maximum Health,Negative Effect on Friendly Bonus,Immunity,Heavy Armor,5-Piece Bonus,Battlegrounds,Heavy Armor,Any Weapon,Jewelry,Militant Ordinator Style,,,,,,28-1206 Maximum,,25-1096 Maximum,,,,,,,,,,,,,,,,,,,,,,,
Online:Netch's Touch,,Adds 15-657 Critical Chance,Adds 25-1096 Maximum Magicka,Adds 3-129 Weapon Damage and Spell Damage,Adds 9-400 Weapon Damage and Spell Damage to your Shock Damage abilities.,,,,,,,,Sets,itemset,Weapon/Spell Critical,Weapon/Spell Damage,Maximum Magicka,Shock Damage Bonus,5-Piece Bonus,Light Armor,Light Armor,Darkshade Caverns,Any Weapon,Jewelry,Barbaric Style,,,,,,y,,,,25-1096 Maximum,3,,29461,1,Alit Tongue Charm,,,,,,,,,,,,,,,,,
Online:New Moon Acolyte,,Adds 15-657 Critical Chance,Adds 3-129 Weapon Damage and Spell Damage,Adds 34-1487 Offensive Penetration,Adds 9-401 Weapon Damage and Spell Damage. Increases the cost of your active abilities by 5%.,,,,,,,,Sets,itemset,Weapon/Spell Critical,Weapon/Spell Damage,Weapon/Spell Damage,Physical/Spell Penetration,Double Weapon/Spell Damage,All Weights,Double Weapon/Spell Damage,Fur-Forge Cove,Drawbacks,5-Piece Bonus,Light Armor,Medium Armor,Heavy Armor,Dragonhold,Dragonhold,Any Weapon,y,,Jewelry,,,,Crafting Site(s),,,,,,,,,,Fur-Forge Cove,,,,,,,,,,
Online:Nibenay Bay Battlereeve,Adds 9-424 Critical Resistance,"When you are forcefully moved via a Pull, Knockback or Teleport ability, gain a damage shield that absorbs up to 15112 damage for 6 seconds. This damage shield is not affected by Battle Spirit. This effect can occur once every 14 seconds. While you do not have the damage shield from this set, reduce your damage taken from players by 5%.",,,,,,,,,,,Sets,itemset,Critical Resistance,PvP Bonus,Damage Shield,Negative Effect on Friendly Bonus,Reduce Damage from Players,Monster Helm Sets,Undaunted Style,Elite Gear Vendors,Light Armor,Medium Armor,Heavy Armor,2-Piece Bonus,Head and Shoulders,,,Alliance Style,,,Alliance Point Cost,,,,,,,,,,,,,,,,,,,,,,,,
Online:Night Mother's Embrace,,Adds 25-1096 Maximum Stamina,Adds 3-129 Weapon Damage and Spell Damage,Adds 3-129 Stamina Recovery,Reduces the radius you can be detected while Sneaking by 2 meters. Reduces the cost of Sneak by 25%.,,,,,,,,Sets,itemset,Maximum Stamina,Stamina Recovery,Weapon/Spell Damage,Double Weapon/Spell Damage,Improved Stealth,Medium Armor,Reduce Stealth Cost,Deshaan,5-Piece Bonus,Medium Armor,Any Weapon,Jewelry,Thieves Guild Style,,,,y,,,25-1096 Maximum,,3,,43023,1,,,,,,Recovery,,,,,,Abomination's Bulwark of Mother's Embrace,,,,,,
Online:Night Mother's Gaze,,Adds 15-657 Critical Chance,Adds 3-129 Weapon Damage and Spell Damage,Adds 15-657 Critical Chance,"When you deal Critical Damage you apply Major Breach to the enemy, reducing their Physical Resistance and Spell Resistance by 5948 for 4 seconds.",,,,,,,,Sets,itemset,Weapon/Spell Critical,Weapon/Spell Damage,Weapon/Spell Damage,Double Weapon/Spell Critical,Critical Damage Bonus,All Weights,Major Breach,,5-Piece Bonus,Light Armor,Medium Armor,Heavy Armor,Any Weapon,,,Jewelry,y,,Crafting Site(s),,,,,,,,,,,,,,,,,,,,,,,,
Online:Night Terror (set),,Adds 25-1096 Maximum Stamina,Reduces the radius you can be detected while Sneaking by 2 meters. Reduces the cost of Sneak by 0-10%.,Adds 28-1206 Maximum Health,"When you take melee damage, you deal 285 Poison damage to the attacker. This effect can occur once every 1 second and scales off the higher of your Weapon Damage and Spell Damage.",,,,,,,,Sets,itemset,Maximum Stamina,Reduce Stealth Cost,Improved Stealth,Maximum Health,Counterattack,Medium Armor,Poison Damage,Stormhaven,5-Piece Bonus,Medium Armor,Any Weapon,Jewelry,Daedric Style,,,,y,28-1206 Maximum,,25-1096 Maximum,,3,,35025,1,,,,,,,,,,,,Bone-Handled Dirk of Night Terror,,,,,,
Online:Night's Silence,,Adds 25-1096 Maximum Stamina,Adds 3-129 Stamina Recovery,Adds 15-657 Critical Chance,Ignore the Movement Speed penalty of Sneak.,,,,,,,,Sets,itemset,Maximum Stamina,Weapon/Spell Critical,Stamina Recovery,Improved Stealth,5-Piece Bonus,All Weights,Light Armor,,Medium Armor,Heavy Armor,Any Weapon,Jewelry,Crafting Site(s),,,,,,,25-1096 Maximum,,,,,,,,,,,Recovery,,,,,,,,,,,,
Online:Nightflame,Adds 25-1096 Maximum Magicka,"When you heal yourself or an ally, you have a 20% chance to summon a totem for 6 seconds that heals you and your allies within 5 meters for 704 Health every 1 second. This effect can occur once every 10 seconds and scales off the higher of your Max Magicka or Stamina.",,,,,,,,,,,Sets,itemset,Maximum Magicka,Area of Effect,Healing Bonus,Restore Health,Heal Others,Monster Helm Sets,Undaunted Style,Elden Hollow II,2-Piece Bonus,Head and Shoulders,,,,,,,,704,,,25-1096 Maximum,,,,,,the item set,the enemy,Bogdan the Nightflame,,,,,Elden Hollow II,Maj al-Ragath,Bogdan the Nightflame,,,,,,,
Online:Nikulas' Heavy Armor,,Adds 34-1487 Armor,Adds 34-1487 Armor,Adds 28-1206 Maximum Health,"When you Block, you gain a stack of Nikulas' Resolve for 5 seconds, up to once every half second. After 8 stacks you consume Nikulas' Resolve and deflect the next direct damaging attack made against you within 5 seconds, avoiding it completely.",,,,,,,,Sets,itemset,Physical/Spell Resistance,Double Physical/Spell Resistance,Double Physical/Spell Resistance,Maximum Health,Block Bonus,Heavy Armor,Dodge,Blessed Crucible,5-Piece Bonus,Heavy Armor,Any Weapon,Jewelry,Nord Style,,,,,28-1206 Maximum,,,,3,,22184,1,Necklace of Giant Toes,,,,,,,,,,,,,,,,,
Online:Nix-Hound's Howl,,Adds 3-129 Weapon Damage and Spell Damage,Adds 3-129 Weapon Damage and Spell Damage,Adds 3-129 Weapon Damage and Spell Damage,"Completing a fully-charged Heavy Attack applies Major Cowardice to your target for 1 second per 1000 Weapon Damage you have, lowering their Weapon Damage and Spell Damage by 430. You then gain Major Courage for the same duration, increasing your Weapon Damage and Spell Damage by 430. This effect can occur once every 12 seconds. Current Durations Major Cowardice: 1 second Major Courage: 1 second",,,,,,,,Sets,itemset,Weapon/Spell Damage,Double Weapon/Spell Damage,Double Weapon/Spell Damage,Triple Weapon/Spell Damage,Heavy Attack Bonus,Medium Armor,Major Cowardice,Bal Sunnar,Major Courage,5-Piece Bonus,Medium Armor,Any Weapon,Jewelry,Scribes of Fate,Scribes of Fate,,y,,Blessed Inheritor Style,,,,,,,,,,,,,,,,,,,,,,,,
Online:Nobility in Decay,,Adds 28-1206 Maximum Health,Adds 4% Healing Taken,Adds 28-1206 Maximum Health,"Casting a Bone Tyrant ability while in combat grants you Beautiful Corpse and Death's Favor for 16 seconds. Death's Favor increases your healing received and reduces damage taken by up to 12% based on your missing Health. This can occur once every 20 seconds, and is reduced by 2 seconds for each slotted Bone Tyrant ability. Casting a corpse consumer ability consumes Beautiful Corpse, treating you as a corpse.",,,,,,,,Sets,itemset,Maximum Health,Double Maximum Health,Increase Healing Received,Skill Bonus,Class Abilities Bonus,All Weights,Double Increase Healing Received,Infinite Archive,Reduce Damage Taken,5-Piece Bonus,Light Armor,Medium Armor,Heavy Armor,,,Any Weapon,,28-1206 Maximum,Jewelry,,,,Nobility in Decay Style,,,,,,,,,,,,,,,,,,,,
Online:Noble Duelist's Silks,,Adds 3-129 Stamina Recovery,Adds 3-129 Weapon Damage and Spell Damage,Adds 3-129 Weapon Damage and Spell Damage,"When you deal damage with a Light or Heavy Attack in melee range, you increase the damage of your Light and Heavy Attacks against monsters by 49-2110 for 15 seconds. This effect can occur once every 12 seconds.",,,,,,,,Sets,itemset,Stamina Recovery,Double Weapon/Spell Damage,Weapon/Spell Damage,Double Weapon/Spell Damage,Light Attack Bonus,Light Armor,Heavy Attack Bonus,Blessed Crucible,Distance Bonus,Increase Light/Heavy Attack Damage,5-Piece Bonus,Light Armor,Any Weapon,,,Jewelry,y,,Breton Style,3-129,,3,,22161,1,Beastmaster's Crop,,,,,Recovery,,,,,,,,,,,,
Online:Noble's Conquest,,Adds 28-1206 Maximum Health,Adds 25-1096 Maximum Stamina,Adds 4% Healing Taken,"When you Bash a target, you heal for 3408 Health over 10 seconds and apply Minor Vulnerability to the enemy for 10 seconds, increasing their damage taken by 5%. The heal can only activate once every 10 seconds and scales off your Max Health.",,,,,,,,Sets,itemset,Maximum Health,Increase Healing Received,Maximum Stamina,Bash Bonus,Restore Health,All Weights,Minor Vulnerability,Nobles Armory,5-Piece Bonus,Light Armor,Medium Armor,Heavy Armor,Any Weapon,Imperial City,Imperial City,Jewelry,,28-1206 Maximum,Crafting Site(s),25-1096 Maximum,,,,,,,,,,,,,Nobles Armory,,,,,,,,,,
Online:Nocturnal's Favor,,Adds 3-129 Stamina Recovery,Adds 28-1206 Maximum Health,Adds 28-1206 Maximum Health,"Whenever you successfully Dodge, you heal yourself for 2820 Health over 5 seconds. This effect can occur every 5 seconds and scales off the higher of your Max Magicka or Stamina.",,,,,,,,Sets,itemset,Stamina Recovery,Double Maximum Health,Maximum Health,Dodge Bonus,Restore Health,All Weights,5-Piece Bonus,Augury Basin,Light Armor,Medium Armor,Heavy Armor,Any Weapon,Jewelry,Summerset,Summerset,Crafting Site(s),,28-1206 Maximum,,3-129,,,,,,,,,,,Recovery,,Augury Basin,,,,,,,,,,
Online:Nocturnal's Ploy,,Adds 34-1487 Offensive Penetration,Adds 9-424 Critical Resistance,Adds 3-129 Stamina Recovery,"When you directly apply a Major Debuff to an enemy, remove a Major Buff with a duration from the target. When you directly apply a Minor Debuff, remove a Minor Buff from the target. These effects can both occur once every 15 seconds and a target can be affected once every 15 seconds. This does not apply to abilities with delays.",,,,,,,,Sets,itemset,Physical/Spell Penetration,Stamina Recovery,Critical Resistance,Debuff Bonus,PvP Bonus,Medium Armor,5-Piece Bonus,"""Rewards for the Worthy"" mails",Medium Armor,Any Weapon,Jewelry,Alliance Style,,,,,,,,3-129,,,,,,,,,,,Recovery,,,,,,,,,,,,
Online:Noxious Boulder,,Adds 3-129 Weapon Damage and Spell Damage,Adds 15-657 Critical Chance,Adds 34-1487 Offensive Penetration,"Dealing damage with a fully-charged Heavy Attack creates a 3 meter poison boulder. After 1.2 seconds the boulder rolls forward until it hits an enemy, dealing 1049 Poison damage in a 6 meter area and creating a 6 meter pool of poison for 5 seconds, dealing 730 Poison damage and applying the Poisoned status effect each second. This effect can occur once every 20 seconds and scales off the higher of your Weapon Damage and Spell Damage.",,,,,,,,Sets,itemset,Weapon/Spell Damage,Physical/Spell Penetration,Weapon/Spell Critical,Heavy Attack Bonus,Poison Damage,Medium Armor,Area of Effect,Lep Seclusa,Damage Over Time,Apply Status Effects,5-Piece Bonus,Medium Armor,Any Weapon,Fallen Banners,Fallen Banners,Jewelry,y,,Militant Monk Style,,,,,,,,,,,,,,,,,,,,,,,,
Online:Nunatak (set),Adds 34-1487 Armor,"On dealing Frost Damage, create a 6 meter area under the target for 6 seconds, dealing 191 Frost damage to enemies every 1 second and applying a 40% snare for 4 seconds. Enemies damaged four times become immobilized and afflicted with Major Brittle for 4 seconds, causing the target to take 20% increased Critical Damage. This effect can occur once every 15 seconds and scales off the higher of your Weapon Damage and Spell Damage.",,,,,,,,,,,Sets,,Physical/Spell Resistance,Area of Effect,Frost Damage Bonus,Damage Over Time,Frost Damage,Monster Helm Sets,Crowd Control,Imperial City,Major Brittle,Undaunted Style,2-Piece Bonus,Head and Shoulders,,Imperial City,Imperial City,,y,,,,,,,,,,the item set,the enemy,Nunatak,,,,,Memorial District,Tel Var equipment lockbox merchant,Nunatak,,,,,,,
Online:Oakensoul Ring,"While equipped, you are unable to swap between your Primary and Backup Weapon Sets and gain Minor Berserk, Minor Courage, Major Brutality, Major Sorcery, Major Prophecy, Major Savagery, Minor Force, Minor Protection, Major Resolve, Minor Mending, Minor Fortitude, Minor Intellect, Minor Endurance, Minor Heroism, Minor Slayer, Minor Aegis, and Empower.",,,,,,,,,,,,Sets,itemset,Drawbacks,Minor Courage,Minor Berserk,Major Brutality,Major Sorcery,Jewelry,Major Prophecy,Antiquities,Major Savagery,Minor Force,Minor Protection,Major Resolve,Minor Mending,Greymoor,High Isle,Minor Fortitude,,,Minor Intellect,,,5,Minor Endurance,,,,the antiquity,the achievement,Oakensoul Ring (achievement),,,Minor Heroism,,,,,,armor,Oakensoul Ring,m,Mythic,,right
Online:Oakfather's Retribution,,Adds 3-129 Weapon Damage and Spell Damage,Adds 3-129 Weapon Damage and Spell Damage,Adds 3-129 Weapon Damage and Spell Damage,Gain 449 Offensive Penetration against enemies for each Major Buff they have active. Gain 20 Weapon Damage and Spell Damage against enemies for each Minor Buff they have active.,,,,,,,,Sets,itemset,Weapon/Spell Damage,Double Weapon/Spell Damage,Double Weapon/Spell Damage,PvP Bonus,Triple Weapon/Spell Damage,Light Armor,Physical/Spell Penetration,"""Rewards for the Worthy"" mails",Physical/Spell Penetration,5-Piece Bonus,Light Armor,Any Weapon,Jewelry,,,Alliance Style,y,,,,,,,,,,,,,,,,,,,,,,,,,,
Online:Oblivion's Edge,,Adds 15-657 Critical Chance,Adds 3-129 Weapon Damage and Spell Damage,Adds 3-129 Stamina Recovery,"When you kill an enemy, you fill an empty Soul Gem and heal for 5906 Health. The heal can occur once every 10 seconds and scales off the higher of your Max Magicka or Stamina.",,,,,,,,Sets,itemset,Weapon/Spell Critical,Weapon/Spell Damage,Weapon/Spell Damage,Stamina Recovery,Double Weapon/Spell Damage,Medium Armor,Kill Bonus,Vaults of Madness,Soul Trap,Restore Health,5-Piece Bonus,Medium Armor,Any Weapon,,,Jewelry,y,5906,Breton Style,3-129,,3,,44756,1,Death's Amulet,,,,,Recovery,,,,,,,,,,,,
Online:Oblivion's Foe,,Adds 3-129 Weapon Damage and Spell Damage,Adds 34-1487 Offensive Penetration,Adds 15-657 Critical Chance,"When you deal damage with Soul Magic, you mark the target's soul dealing 1875 Magic Damage over 10 seconds, as long as they are not already marked from you. This effect scales off the higher of your Weapon Damage and Spell Damage.",,,,,,,,Sets,itemset,Weapon/Spell Damage,Physical/Spell Penetration,Physical/Spell Penetration,Weapon/Spell Critical,Double Weapon/Spell Damage,All Weights,Double Weapon/Spell Damage,Font of Schemes,Skill Bonus,Magic Damage,Damage Over Time,5-Piece Bonus,Light Armor,,,Medium Armor,y,,Heavy Armor,,,4,Any Weapon,61022,1,The Emperor's Blessing,,,,,,Jewelry,Font of Schemes,,,,,,,,,,
Online:Old Growth Brewer,,Adds 3-129 Stamina Recovery,Adds 3-129 Magicka Recovery,Adds 3-129 Health Recovery,"When you drink a potion while in combat, you gain 5-245 Health, Magicka, and Stamina Recovery for 45 seconds.",,,,,,,,Sets,itemset,Stamina Recovery,Health Recovery,Magicka Recovery,Consumable Bonus,Double Health Recovery,All Weights,Double Magicka Recovery,,Double Stamina Recovery,Light Armor,Medium Armor,Heavy Armor,Any Weapon,Firesong,Firesong,Jewelry,,3-129,Crafting Site(s),3-129,3-129,,,,,,,,,Recovery,Recovery,,Old Port Mornard,,,,,,,,,,
Online:Order of Diagna,,Adds 28-1206 Maximum Health,Adds 28-1206 Maximum Health,Adds 4% Healing Taken,"Gain Minor Vitality at all times, increasing your healing received and damage shield strength by 6%.",,,,,,,,Sets,itemset,Maximum Health,Increase Healing Received,Double Maximum Health,Double Increase Healing Received,Minor Vitality,Heavy Armor,5-Piece Bonus,Alik'r Desert,Heavy Armor,Any Weapon,Jewelry,Redguard Style,,,,,,28-1206 Maximum,,,,2,,7520,1,Gauntlets of the Ra Gada,,,,,,,,,,,,,,,,,
Online:Order's Wrath,,Adds 15-657 Critical Chance,Adds 3-129 Weapon Damage and Spell Damage,Adds 15-657 Critical Chance,Increases your Critical Damage and Critical Healing by 8%.,,,,,,,,Sets,itemset,Weapon/Spell Critical,Weapon/Spell Damage,Weapon/Spell Damage,Double Weapon/Spell Critical,Triple Weapon/Spell Critical,All Weights,Triple Weapon/Spell Critical,Steadfast Hammer and Saw,Increase Critical Damage,Increase Critical Healing,Light Armor,Medium Armor,Heavy Armor,High Isle,High Isle,Any Weapon,y,,Jewelry,,,,Crafting Site(s),,,,,,,,,,Steadfast Hammer and Saw,,,,,,,,,,
Online:Orgnum's Scales,,Adds 3-129 Health Recovery,Adds 28-1206 Maximum Health,Adds 28-1206 Maximum Health,"While you are under 60% Health, your Health Recovery is increased by 18-800 and your Physical Resistance and Spell Resistance is increased by 148-6400.",,,,,,,,Sets,itemset,Health Recovery,Double Maximum Health,Maximum Health,Near Death Effect,Double Health Recovery,All Weights,Physical/Spell Resistance,The Earth Forge,Reduce Damage Taken,5-Piece Bonus,Light Armor,Medium Armor,Heavy Armor,,,Any Weapon,,3-129,Jewelry,,,,Crafting Site(s),,,,,,,,,,Pressure Room III,,,,,,,,,,
Online:Orpheon the Tactician (set),Adds 3-129 Weapon Damage and Spell Damage,"While in combat, casting an ability that leaves an effect on the ground summons a tentacle at the target's location. After 2 seconds, the tentacle swings wildly in a 5 meter radius, dealing 229 Physical damage and stunning up to 6 enemies for 3 seconds. Enemies immune to stun take 1429 Physical damage instead. This effect can occur every 8 seconds and the damage scales off the higher of your Weapon Damage and Spell Damage.",,,,,,,,,,,Sets,itemset,Weapon/Spell Damage,Summon,Area of Effect Bonus,Area of Effect,Physical Damage,Monster Helm Sets,Crowd Control,Lep Seclusa,Undaunted Style,2-Piece Bonus,Head and Shoulders,,,Fallen Banners,Fallen Banners,,y,,,,,,,,,,the item set,the enemy,Orpheon the Tactician,,,,,Lep Seclusa,Urgarlag Chief-bane,Orpheon the Tactician,,,,,,,
Online:Overland Sets,,,,,,,,,,,,,Sets,,,,,,,,,,,,,,,,,,,,,,,,,,,,,,,,,,,,,,,,,,,,
Online:Overland Sets/DLC Drops,,,,,,,,,,,,,,,,,,,,,,,,,,,,,,,,,,,,,,,,,,,,,,,,,,,,,,2,Fine quality,,
Online:Overland Sets/Vanilla Drops,,,,,,,,,,,,,,,,,,,,,,,,,,,,,,,,,,,,,,,,,,,,,,,,,,,,,,2,Fine quality,,
Online:Overwhelming Surge,,Adds 25-1096 Maximum Magicka,Adds 3-129 Weapon Damage and Spell Damage,Adds 3-129 Weapon Damage and Spell Damage,"When you deal damage with a Class ability, you surround yourself with a torrent that deals 149 Shock damage to enemies within 8 meters of you every 1 second for 6 seconds. 15% of the damage you deal this way is restored to you as Magicka. This effect can occur every 7 seconds and scales off the higher of your Weapon Damage and Spell Damage.",,,,,,,,Sets,itemset,Maximum Magicka,Double Weapon/Spell Damage,Weapon/Spell Damage,Double Weapon/Spell Damage,Skill Bonus,Light Armor,Class Abilities Bonus,Tempest Island,Shock Damage,Area of Effect,Damage Over Time,Restore Magicka,5-Piece Bonus,,,Light Armor,y,,Any Weapon,,25-1096 Maximum,3,Jewelry,33188,1,Commodore's Medal,,,,,,Ancient Elf Style,,,,,,,,,,,
Online:Ozezan the Inferno (set),Adds 3-129 Magicka Recovery,"Overhealing yourself or an ally grants them 4272 Armor for 1.1 seconds. Healing yourself or an ally grants them Minor Vitality for 1.1 seconds, increasing their healing received and damage shield strength by 6%.",,,,,,,,,,,Sets,itemset,Magicka Recovery,Physical/Spell Resistance,Healing Bonus,Reduce Damage Taken,Minor Vitality,Monster Helm Sets,Undaunted Style,Scrivener's Hall,2-Piece Bonus,Head and Shoulders,,,,Scribes of Fate,Scribes of Fate,,,,,,3-129,,,,,,the item set,the enemy,Ozezan the Inferno,Recovery,,,,Scrivener's Hall,Urgarlag Chief-bane,Valinna,,,,,,,
Online:PVP Sets,,,,,,,,,,,,,Sets,,,,,,,,,,,,,,,,,,,,,,,,,,,,,,,,,,,,,,,,,,,,
Online:Pangrit Denmother,,Adds 4% Healing Taken,Adds 34-1487 Armor,Adds 3-129 Health Recovery,"When you Block, you and up to 3 group members within 12 meters gain Minor Courage for 10 seconds, increasing your Weapon Damage and Spell Damage by 215. This effect can occur once every 5 seconds.",,,,,,,,Sets,itemset,Increase Healing Received,Health Recovery,Physical/Spell Resistance,Maximum Stamina,Block Bonus,Heavy Armor,Group Bonus,Graven Deep,Distance Bonus,Minor Courage,5-Piece Bonus,Heavy Armor,Any Weapon,Lost Depths,Lost Depths,Jewelry,y,3-129,,43-1890 Maximum,,,Drowned Mariner Style,,,,,,,,,,,,,,,,,,,,
Online:Para Bellum,,Adds 25-1096 Maximum Stamina,Adds 28-1206 Maximum Health,Adds 25-1096 Maximum Stamina,When you deal damage you gain a damage shield that absorbs up to 195-8412 damage for 6 seconds. This effect can occur once every 6 seconds.,,,,,,,,Sets,itemset,Maximum Stamina,Maximum Health,Double Maximum Stamina,Damage Shield,5-Piece Bonus,Medium Armor,Medium Armor,Maelstrom Arena (place),Any Weapon,Jewelry,Trinimac Style,,,Orsinium,Orsinium,,,28-1206 Maximum,,25-1096 Maximum,,,,,,,,,,,,,,,,,,,,,,,
Online:Peace and Serenity,,Adds 15-657 Critical Chance,"Gain Minor Slayer at all times, increasing your damage done to Dungeon, Trial, and Arena Monsters by 5%.",Adds 3-129 Weapon Damage and Spell Damage,"While you are standing still, you gain 10-465 Weapon Damage and Spell Damage. While you are moving, you gain 4-203 Health, Magicka, and Stamina Recovery.",,,,,,,,Sets,itemset,Weapon/Spell Critical,Weapon/Spell Damage,Minor Slayer,Standing Still Bonus,Double Weapon/Spell Damage,Light Armor,Health Recovery,Sanity's Edge,Magicka Recovery,Stamina Recovery,5-Piece Bonus,Light Armor,Any Weapon,Necrom,Necrom,Jewelry,y,,Clan Dreamcarver Style,,,,,,,,,,,,Recovery,,,,,,,,,,,,
Online:Pearlescent Ward,,Adds 28-1206 Maximum Health,"Gain Minor Aegis at all times, reducing your damage taken from Dungeon, Trial, and Arena Monsters by 5%.",Adds 4% Healing Taken,Grants you and up to 11 other group members Pearlescent Ward. This bonus persists through death. Pearlescent Ward increases Weapon Damage and Spell Damage by up to 4-180 based on the number of group members that are alive. Current 4-180 Weapon Damage and Spell Damage. Pearlescent Ward increases damage reduction from non-player enemies out of 66% based on the number of group members that are dead. Current 0% damage reduction.,,,,,,,,Sets,itemset,Maximum Health,Increase Healing Received,Minor Aegis,Group Bonus,Full Group Bonus,Heavy Armor,Weapon/Spell Damage,Dreadsail Reef,Reduce Damage Taken,5-Piece Bonus,Heavy Armor,Any Weapon,Jewelry,High Isle,High Isle,Syrabanic Marine Style,y,28-1206 Maximum,,,,,,,,,,,,,,,,,,,,,,,,,
Online:Pearls of Ehlnofey,"When you attempt to use resources to cast a healing ability while in combat and your dominant resource is under 50%, gain Major Heroism for 1.5 seconds, granting you 3 Ultimate every 1.5 seconds.",,,,,,,,,,,,Sets,itemset,Skill Bonus,Low Stamina Bonus,Healing Bonus,Low Magicka Bonus,Ultimate Gain,Jewelry,1-Piece Bonus,Antiquities,Jewelry,Unique Style,,,,Greymoor,Markarth,,,,,,,5,,,,Aetherquartz Prayer Beads,the antiquity,the achievement,Pearls of Ehlnofey (achievement),,,,,,,,,armor,Pearls of Ehlnofey,m,Mythic,3,right
Online:Pelinal's Wrath,,Adds 3-129 Weapon Damage and Spell Damage,Adds 34-1487 Offensive Penetration,Adds 3-129 Weapon Damage and Spell Damage,"Whenever you kill an enemy you gain a damage shield that absorbs up to 3876 damage for 10 seconds and a stack of Wrath of Whitestrake for 10 seconds. Each stack of Wrath of Whitestrake grants you 2-100 Weapon Damage and Spell Damage, but causes you to take 159 Oblivion damage every second, up to 10 stacks. The damage shield scales off the higher of your Weapon Damage and Spell Damage, and the damage scales off your Max Health.",,,,,,,,Sets,itemset,Weapon/Spell Damage,Physical/Spell Penetration,Physical/Spell Penetration,Double Weapon/Spell Damage,Kill Bonus,All Weights,Damage Shield,Colovian Revolt Forge Yard,Triple Weapon/Spell Damage,Drawbacks,Irresistible Damage,5-Piece Bonus,Light Armor,Dark Brotherhood,Dark Brotherhood,Medium Armor,y,Max,Heavy Armor,3-129,3-129,,Any Weapon,,,,,,,Recovery,Recovery,Jewelry,Colovian Revolt Forge Yard,,,,,,,,,,
Online:Perfected Aegis of Galenwe,,Adds 28-1206 Maximum Health,"Gain Minor Aegis at all times, reducing your damage taken from Dungeon, Trial, and Arena Monsters by 5%.",Adds 4% Healing Taken 5 perfected items: Adds 28-1206 Maximum Health,"When you Block, you grant Empower to 11 other group members within 15 meters for 3 seconds, increasing the damage of their Heavy Attacks against monsters by 150%. This effect can occur once every 2 seconds.",,,,,,,,Sets,itemset,Maximum Health,Increase Healing Received,Minor Aegis,Double Maximum Health,Block Bonus,Heavy Armor,Group Bonus,Cloudrest,Full Group Bonus,Distance Bonus,Empower,5-Piece Bonus,Heavy Armor,Summerset,Summerset,Any Weapon,,28-1206 Maximum,Jewelry,,,,Welkynar Style,,,,,,,,,,,,,,,,,,,,
Online:Perfected Ansuul's Torment,,Adds 15-657 Critical Chance,"Gain Minor Slayer at all times, increasing your damage done to Dungeon, Trial, and Arena Monsters by 5%.",Adds 34-1487 Offensive Penetration 5 perfected items: Adds 15-657 Critical Chance,"Increases your damage done against monsters by 0-7%. When you interrupt an enemy, you increase your damage done against monsters by an additional 0-14% for 30 seconds.",,,,,,,,Sets,itemset,Weapon/Spell Critical,Double Weapon/Spell Critical,Double Weapon/Spell Critical,Minor Slayer,Physical/Spell Penetration,Medium Armor,Increase Damage Dealt,Sanity's Edge,Interrupt Bonus,5-Piece Bonus,Medium Armor,Any Weapon,Jewelry,Necrom,Necrom,Clan Dreamcarver Style,,,,,,,,,,,,,,,,,,,,,,,,,,,
Online:Perfected Arms of Relequen,,Adds 3-129 Weapon Damage and Spell Damage,"Gain Minor Slayer at all times, increasing your damage done to Dungeon, Trial, and Arena Monsters by 5%.",Adds 34-1487 Offensive Penetration 5 perfected items: Adds 3-129 Weapon Damage and Spell Damage,"Your Light and Heavy attacks apply a stack of harmful winds to your target for 5 seconds, reduced to 1 second against players. Harmful winds deal 51 Physical damage per stack every 1 second. This effect can stack once every 0.5 seconds, up to 10 times, and scales off the higher of your Weapon Damage and Spell Damage.",,,,,,,,Sets,itemset,Weapon/Spell Damage,Physical/Spell Penetration,Minor Slayer,Double Weapon/Spell Damage,Light Attack Bonus,Medium Armor,Heavy Attack Bonus,Cloudrest,Physical Damage,Damage Over Time,5-Piece Bonus,Medium Armor,Any Weapon,Summerset,Summerset,Jewelry,y,,Welkynar Style,,,,,,,,,,,,,,,,,,,,,,,,
Online:Perfected Bahsei's Mania,,Adds 3-129 Weapon Damage and Spell Damage,"Gain Minor Slayer at all times, increasing your damage done to Dungeon, Trial, and Arena Monsters by 5%.",Adds 15-657 Critical Chance 5 perfected items: Adds 3-129 Weapon Damage and Spell Damage,"Increases your damage done against monsters by up to 15% based on your missing Magicka, reaching the maximum at 50% Magicka. Current value: 0%",,,,,,,,Sets,itemset,Weapon/Spell Damage,Weapon/Spell Critical,Minor Slayer,Double Weapon/Spell Damage,Double Weapon/Spell Damage,Light Armor,Increase Damage Dealt,Rockgrove,Low Magicka Bonus,5-Piece Bonus,Light Armor,Any Weapon,Jewelry,Blackwood,Blackwood,Sul-Xan Style,y,,,,50%,,,,,,,,,,,,,,,,,,,,,,
Online:Perfected Caustic Arrow,,Increases your Weapon Damage and Spell Damage by 7-330 against targets affected by your Poison Arrow.,,,,,,,,,,,Sets,itemset,Weapon/Spell Damage,Bow Bonus,Skill Bonus,Negative Effect Bonus,2-Piece Bonus,Weapon,Bow,Dragonstar Arena,Wood Elf Style,,,,,,,,y,,,,,,,,,,,,,,,,,,,,,,,,,,
Online:Perfected Chaotic Whirlwind,,"When you cast Whirlwind while in combat, you gain a stack of Chaotic Whirlwind for 5 seconds, granting you 5% Movement Speed per stack, up to a maximum of 5 times. While Chaotic Whirlwind is active, you gain 6 Weapon Damage and Spell Damage for every 1% bonus Movement Speed you have, up to a maximum of 450. At 5 stacks, the duration doubles but cannot be refreshed.",,,,,,,,,,,Sets,itemset,Weapon/Spell Critical,Increase Movement Speed,Skill Bonus,Weapon/Spell Damage,2-Piece Bonus,Weapon,One Handed Weapon,Asylum Sanctorium,Asylum Style,,,,,Clockwork City,Clockwork City,,y,,,,,,,,,,,,,,,,,,,,,,,,,,
Online:Perfected Claw of Yolnahkriin,,Adds 28-1206 Maximum Health,"Gain Minor Aegis at all times, reducing your damage taken from Dungeon, Trial, and Arena Monsters by 5%.",Adds 25-1096 Maximum Stamina 5 perfected items: Adds 28-1206 Maximum Health,"When you taunt an enemy, you give yourself and 11 group members Minor Courage for 15 seconds, increasing your Weapon Damage and Spell Damage by 215. This effect can occur once every 8 seconds.",,,,,,,,Sets,itemset,Maximum Health,Maximum Stamina,Minor Aegis,Double Maximum Health,Taunt Bonus,Heavy Armor,Group Bonus,Sunspire,Full Group Bonus,Minor Courage,5-Piece Bonus,Heavy Armor,Any Weapon,Elsweyr,Elsweyr,Jewelry,y,28-1206 Maximum,Sunspire Style,25-1096 Maximum,,,,,,,,,,,,,,,,,,,,,,,
Online:Perfected Concentrated Force,,"Every second cast of Force Shock will always apply the Burning, Concussion, and Chilled status effects. The Force Shock casts must be made within 5 seconds of each other for this effect to occur.",,,,,,,,,,,Sets,itemset,Weapon/Spell Damage,Apply Status Effects,Skill Bonus,2-Piece Bonus,Destruction Staff,Weapon,Asylum Style,Asylum Sanctorium,,,,,,Clockwork City,Clockwork City,,y,,,,,,,,,,,,,,,,,,,,,,,,,,
Online:Perfected Coral Riptide,,Adds 15-657 Critical Chance,"Gain Minor Slayer at all times, increasing your damage done to Dungeon, Trial, and Arena Monsters by 5%.",Adds 3-129 Weapon Damage and Spell Damage 5 perfected items: Adds 15-657 Critical Chance,"Increases your Weapon Damage and Spell Damage by up to 600, based on your missing Stamina, reaching the maximum at 50% Stamina. Current bonus: 0 Weapon Damage and Spell Damage.",,,,,,,,Sets,itemset,Weapon/Spell Critical,Weapon/Spell Damage,Minor Slayer,Double Weapon/Spell Critical,Double Weapon/Spell Critical,Medium Armor,Low Stamina Bonus,Dreadsail Reef,Double Weapon/Spell Damage,5-Piece Bonus,Medium Armor,Any Weapon,Jewelry,High Isle,High Isle,Syrabanic Marine Style,y,,,50%,,,,,,,,,,,,,,,,,,,,,,,
Online:Perfected Cruel Flurry,,"When you deal damage with Flurry, your single target damage over time abilities used within 5 seconds gain 39-1690 Weapon Damage and Spell Damage.",,,,,,,,,,,Sets,itemset,Weapon/Spell Damage,Damage Over Time Bonus,Skill Bonus,Double Weapon/Spell Damage,2-Piece Bonus,Weapon,One Handed Weapon,Maelstrom Arena (place),Dwemer Style,,,,,Orsinium,,,y,,,,,,,,,,,,,,,,,,,,,,,,,,
Online:Perfected Crushing Wall,,Increases the damage Wall of Elements deals by 29-1250.,,,,,,,,,,,Sets,itemset,Physical/Spell Penetration,Increase Damage Dealt,Skill Bonus,2-Piece Bonus,Destruction Staff,Weapon,Dwemer Style,Maelstrom Arena (place),,,,,,Orsinium,,,,,,,,,,,,,,,,,,,,,,,,,,,,,
Online:Perfected Defensive Position,,"When you reflect or absorb a spell projectile with Defensive Posture, you restore 51-2200 Magicka. If Defensive Posture expires without reflecting or absorbing a spell projectile, you restore 153-6600 Magicka instead.",,,,,,,,,,,Sets,itemset,Stamina Recovery,Protection from Projectiles,Skill Bonus,Restore Magicka,2-Piece Bonus,Weapon,One Handed Weapon,Asylum Sanctorium,Shield,Asylum Style,,,,Clockwork City,Clockwork City,,,,,2-103,51-2200,,,,,,,,,,Recovery,,,,,,,,,,,,
Online:Perfected Destructive Impact,,Reduces the cost of Destructive Touch by 10% and increases your Weapon Damage and Spell Damage by 13-600 for 4 seconds after activating it.,,,,,,,,,,,Sets,itemset,Weapon/Spell Damage,Reduce Magicka Cost,Skill Bonus,Double Weapon/Spell Damage,2-Piece Bonus,Weapon,Destruction Staff,Dragonstar Arena,High Elf Style,Dark Elf Style,Nord Style,Mixed Style,,,,,y,,,,,,,,,,,,,,,,,,,,,,,,,,
Online:Perfected Disciplined Slash,,"When you deal damage with Reverse Slash, you generate up to 12 Ultimate based on how much execute bonus damage it dealt.",,,,,,,,,,,Sets,itemset,Maximum Stamina,Execute Bonus,Skill Bonus,Ultimate Gain,2-Piece Bonus,Weapon,Two Handed Weapon,Asylum Sanctorium,Asylum Style,,,,,Clockwork City,Clockwork City,,,,,20-877 Maximum,,,,,,,,,,,,,,,,,,,,,,12,
Online:Perfected Dolorous Arena,,Adds 28-1206 Maximum Health,"Gain Minor Aegis at all times, reducing your damage taken from Dungeon, Trial, and Arena Monsters by 5%.",Adds 34-1487 Armor 5 perfected items: Adds 25-1096 Maximum Stamina,"While bracing you create a distortion barrier around yourself after 2 seconds. After the delay, every 2 seconds you gain 14-614 Armor and enemies within the distortion barrier have their Armor reduced by 42-1843 for 5 seconds. These effects stack up to 3 times.",,,,,,,,Sets,itemset,Maximum Health,Minor Aegis,Maximum Stamina,Physical/Spell Resistance,Double Physical/Spell Resistance,Heavy Armor,Block Bonus,Ossein Cage,Area of Effect,Reduce Enemy Defense,5-Piece Bonus,Heavy Armor,Any Weapon,2025 Content Pass,Seasons of the Worm Cult,Jewelry,,28-1206 Maximum,Coldharbour Dominator Style,25-1096 Maximum,,,,,,,,,,,,,,,,,,,,,,,
Online:Perfected Executioner's Blade,,Hidden Blade deals up to 250% more damage to targets under 100% Health when you are standing behind them. Restores 1890 Stamina if the target was below 50% Health.,,,,,,,,,,,Sets,itemset,Weapon/Spell Critical,Increase Damage Dealt,Skill Bonus,Execute,Positioning Bonus,Weapon,Execute Bonus,Vateshran Hollows,Restore Stamina,2-Piece Bonus,One Handed Weapon,Ancestral Reach Style,,Markarth,Markarth,,,100%,,1890,,,,,,,,,,,,,,,,,,,,,,,
Online:Perfected Eye of Nahviintaas,,Adds 3-129 Magicka Recovery,"Gain Minor Aegis at all times, reducing your damage taken from Dungeon, Trial, and Arena Monsters by 5%.",Adds 25-1096 Maximum Magicka 5 perfected items: Adds 25-1096 Maximum Magicka,"When an ally activates a synergy you have created within 10 seconds, you and the ally who activated the synergy get 12% cost reduction for non-Ultimate abilities for 3 seconds. This effect can occur every 6 seconds per target.",,,,,,,,Sets,itemset,Magicka Recovery,Maximum Magicka,Minor Aegis,Double Maximum Magicka,Synergy Bonus,Light Armor,Skill Bonus,Sunspire,Reduce Magicka Cost,Reduce Stamina Cost,Reduce Health Cost,5-Piece Bonus,Light Armor,Elsweyr,Elsweyr,Any Weapon,,,Jewelry,,3-129,,Sunspire Style,,,,,,,Recovery,,,,,,,,,,,,,
Online:Perfected False God's Devotion,,Adds 15-657 Critical Chance,"Gain Minor Slayer at all times, increasing your damage done to Dungeon, Trial, and Arena Monsters by 5%.",Adds 15-657 Critical Chance 5 perfected items: Adds 3-129 Weapon Damage and Spell Damage,"Reduces the cost of your Magicka abilities by 8%. When an enemy you recently damaged dies, you restore 57-2454 Magicka and gain Major Expedition for 8 seconds, increasing your Movement Speed by 30%. These effects can occur once every second.",,,,,,,,Sets,itemset,Weapon/Spell Critical,Double Weapon/Spell Critical,Minor Slayer,Weapon/Spell Damage,Weapon/Spell Damage,Light Armor,Reduce Magicka Cost,Sunspire,Kill Bonus,Restore Magicka,Major Expedition,5-Piece Bonus,Light Armor,Elsweyr,Elsweyr,Any Weapon,y,,Jewelry,,57-2454,,Sunspire Style,,,,,,,,,,,,,,,,,,,,
Online:Perfected Force Overflow,,"Casting Force Siphon on a target within 15 meters of you causes a surge of magical energy to tether between you for 10 seconds. While the tether persists and you remain in range, you and allies in the tether restore 4-175 Magicka and Stamina every 1 second. This effect can occur once every 10 seconds.",,,,,,,,,,,Sets,itemset,Maximum Magicka,Distance Bonus,Skill Bonus,Tether,Area of Effect,Weapon,Restore Stamina,Vateshran Hollows,Restore Magicka,2-Piece Bonus,Restoration Staff,Ancestral Reach Style,,Markarth,Markarth,,,,,,20-877 Maximum,,,,,,,,,,,,,,,,,,,,,,
Online:Perfected Frenzied Momentum,,"While Momentum is active, casting Stamina abilities while in combat generates a stack of Frenzied Momentum for 20 seconds, increasing your Weapon Damage and Spell Damage by 0-30 up to 10 times. After 5 or more stacks, your next Heavy Attack consumes all stacks and releases a violent explosion of energy around you, dealing 1084 Physical Damage to all enemies within 8 meters, scaling off the higher of your Weapon Damage and Spell Damage.",,,,,,,,,,,Sets,itemset,Maximum Stamina,Weapon/Spell Damage,Skill Bonus,Heavy Attack Bonus,Physical Damage,Weapon,Area of Effect,Vateshran Hollows,2-Piece Bonus,Two Handed Weapon,Ancestral Reach Style,,,Markarth,Markarth,,y,,,20-877 Maximum,,,,,,,,,,,,,,,,,,,,,,,
Online:Perfected Gallant Charge,,Reduces the cost of Shield Charge by 25% and reduces the cost of your next non-Shield Charge One Handed and Shield ability cast within 3 seconds by 100%.,,,,,,,,,,,Sets,itemset,Physical/Spell Resistance,Reduce Stamina Cost,Skill Bonus,2-Piece Bonus,One Handed Weapon,Weapon,Shield,Blackrose Prison,Honor Guard Style,,,,,Murkmire,Murkmire,,,,,,,,,,,,,,,,,,,,,,,,,,,,
Online:Perfected Grand Rejuvenation,,"The initial heal of Grand Healing invigorates you and group members affected for 6 seconds, restoring 5-224 Magicka and Stamina every 2 seconds.",,,,,,,,,,,Sets,itemset,Maximum Magicka,Group Bonus,Skill Bonus,Restore Stamina,Restore Magicka,Weapon,2-Piece Bonus,Dragonstar Arena,Restoration Staff,Breton Style,,,,,,,,,,,20-877 Maximum,,,,,,,,,,,,,,,,,,,,,,
Online:Perfected Harmony in Chaos,,Adds 3-129 Weapon Damage and Spell Damage,"Gain Minor Slayer at all times, increasing your damage done to Dungeon, Trial, and Arena Monsters by 5%.",Adds 3-129 Weapon Damage and Spell Damage,"While in combat, activating a synergy increases your Weapon Damage and Spell Damage by 88 for 15 seconds, stacking up to 5 times.",,,,,,,,Sets,itemset,Weapon/Spell Damage,Double Weapon/Spell Damage,Weapon/Spell Damage,Triple Weapon/Spell Damage,Quadruple Weapon/Spell Damage,Light Armor,Minor Slayer,Ossein Cage,Synergy Bonus,5-Piece Bonus,Light Armor,Any Weapon,Jewelry,2025 Content Pass,Seasons of the Worm Cult,Coldharbour Dominator Style,y,,,,,,,,,,,,,,,,,,,,,,,,,,
Online:Perfected Kazpian's Cruel Signet,,Adds 3-129 Weapon Damage and Spell Damage,"Gain Minor Slayer at all times, increasing your damage done to Dungeon, Trial, and Arena Monsters by 5%.",Adds 34-1487 Offensive Penetration 5 perfected items: Adds 3-129 Weapon Damage and Spell Damage,"On dealing area direct damage, place a Sword above an enemy, up to once every 1 second. You cannot place a Sword on an enemy who already has one from you. After 6 seconds, the Sword falls, dealing 772 Physical Damage. This damage scales off the higher of your Weapon Damage and Spell Damage. Applying a Sword increases your damage done by 2% for 6 seconds, stacking up to 6 times.",,,,,,,,Sets,itemset,Weapon/Spell Damage,Minor Slayer,Double Weapon/Spell Damage,Physical/Spell Penetration,Area of Effect,Medium Armor,Direct Damage Bonus,Ossein Cage,Area of Effect Bonus,Physical Damage,5-Piece Bonus,Medium Armor,Any Weapon,2025 Content Pass,Seasons of the Worm Cult,Jewelry,y,,Coldharbour Dominator Style,,,,,,,,,,,,,,,,,,,,,,,,
Online:Perfected Kyne's Wind,,Adds 3-129 Magicka Recovery,"Gain Minor Aegis at all times, reducing your damage taken from Dungeon, Trial, and Arena Monsters by 5%.",Adds 4% Healing Done 5 perfected items: Adds 3-129 Magicka Recovery,"When you overheal yourself or a group member, you create a pool of Kyne's Blessing under the target for 4 seconds. You and group members standing in Kyne's Blessing restore 9-420 Stamina and Magicka every 1 second. This effect can occur once every 10 seconds.",,,,,,,,Sets,itemset,Magicka Recovery,Increase Healing Done,Minor Aegis,Double Magicka Recovery,Skill Bonus,Light Armor,Buff Bonus,Kyne's Aegis,Group Bonus,Area of Effect,Restore Stamina,Restore Magicka,5-Piece Bonus,Greymoor,Greymoor,Light Armor,,,Any Weapon,9-420,3-129,,Jewelry,,,,,,,Recovery,,Sea Giant Style,,,,,,,,,,,
Online:Perfected Lucent Echoes,,Adds 4% Healing Taken,"Gain Minor Aegis at all times, reducing your damage taken from Dungeon, Trial, and Arena Monsters by 5%.",Adds 28-1206 Maximum Health 5 perfected items: Adds 28-1206 Maximum Health,"While you have more than 50% Health, the Critical Damage and Critical Healing of any group members not wearing Lucent Echoes within 28 meters of you increases by 11%. While you have 50% or less Health, your damage taken from monsters is reduced by 20%.",,,,,,,,Sets,itemset,Increase Healing Received,Maximum Health,Minor Aegis,Double Maximum Health,Full Health Bonus,Heavy Armor,Group Bonus,Lucent Citadel,Full Group Bonus,Increase Critical Damage,Increase Critical Healing,Near Death Effect,Reduce Damage Taken,Gold Road,Gold Road,5-Piece Bonus,,28-1206 Maximum,Heavy Armor,,,,Any Weapon,,,,,,,,,Jewelry,,,,,,,,,,,
Online:Perfected Mantle of Siroria,,Adds 3-129 Weapon Damage and Spell Damage,"Gain Minor Slayer at all times, increasing your damage done to Dungeon, Trial, and Arena Monsters by 5%.",Adds 3-129 Weapon Damage and Spell Damage,"Dealing damage with a Light or Heavy Attack creates a ring of fire beneath you for 8 seconds. This effect can occur once every 8 seconds. Every second spent standing in the ring increases your Weapon Damage and Spell Damage by 1-44 for 5 seconds, stacking up to 10 times.",,,,,,,,Sets,itemset,Weapon/Spell Damage,Double Weapon/Spell Damage,Minor Slayer,Triple Weapon/Spell Damage,Triple Weapon/Spell Damage,Light Armor,Light Attack Bonus,Cloudrest,Heavy Attack Bonus,Area of Effect,Quadruple Weapon/Spell Damage,5-Piece Bonus,Light Armor,Summerset,Summerset,Any Weapon,y,,Jewelry,,,,Welkynar Style,,,,,,,,,,,,,,,,,,,,
Online:Perfected Mender's Ward,,"Steadfast Ward applies Major Vitality to your target for 4 seconds, increasing their healing received and damage shield strength by 12%.",,,,,,,,,,,Sets,itemset,Magicka Recovery,Major Vitality,Skill Bonus,2-Piece Bonus,Restoration Staff,Weapon,Honor Guard Style,Blackrose Prison,,,,,,Murkmire,Murkmire,,,,,,2-103,,,,,,,,,Recovery,,,,,,,,,,,,,
Online:Perfected Merciless Charge,,"Activating Critical Charge stirs up a barbarous lust for battle within you for 18 seconds, increasing your damage done with direct damage attacks by 1%, up to a maximum of 12%. This effect scales off the higher of your Weapon Damage and Spell Damage.",,,,,,,,,,,Sets,itemset,Physical/Spell Penetration,Increase Damage Dealt,Skill Bonus,2-Piece Bonus,Two Handed Weapon,Weapon,Dwemer Style,Maelstrom Arena (place),,,,,,Orsinium,,,y,,,,,,,,,,,,,,,,,,,,,,,,,,
Online:Perfected Mora Scribe's Thesis,,Adds 15-657 Critical Chance,"Gain Minor Slayer at all times, increasing your damage done to Dungeon, Trial, and Arena Monsters by 5%.",Adds 3-129 Weapon Damage and Spell Damage 5 perfected items: Adds 15-657 Critical Chance,"Increase your Critical Chance by 128 for every Major Buff active on you, up to 1536 Critical Chance. Increase your Critical Damage done by 1% for every Minor Buff active on you, up to 12% Critical Damage done. Current Bonus: 0 Critical Chance and 0% Critical Damage",,,,,,,,Sets,itemset,Weapon/Spell Critical,Maximum Magicka,Minor Slayer,Double Weapon/Spell Critical,Buff Bonus,Light Armor,Triple Weapon/Spell Critical,Lucent Citadel,Increase Critical Damage,5-Piece Bonus,Light Armor,Any Weapon,Jewelry,Gold Road,Gold Road,Lucent Sentinel Style,y,,,,,,,,,,,,,,,,,,,,,,,,,,
Online:Perfected Peace and Serenity,,Adds 15-657 Critical Chance,"Gain Minor Slayer at all times, increasing your damage done to Dungeon, Trial, and Arena Monsters by 5%.",Adds 3-129 Weapon Damage and Spell Damage 5 perfected items: Adds 3-129 Weapon Damage and Spell Damage,"While you are standing still, you gain 10-465 Weapon Damage and Spell Damage. While you are moving, you gain 4-203 Health, Magicka, and Stamina Recovery.",,,,,,,,Sets,itemset,Weapon/Spell Critical,Weapon/Spell Damage,Minor Slayer,Double Weapon/Spell Damage,Double Weapon/Spell Damage,Light Armor,Standing Still Bonus,Sanity's Edge,Triple Weapon/Spell Damage,Health Recovery,Magicka Recovery,Stamina Recovery,5-Piece Bonus,Necrom,Necrom,Light Armor,y,,Any Weapon,,,,Jewelry,,,,,,,,Recovery,Clan Dreamcarver Style,,,,,,,,,,,
Online:Perfected Pearlescent Ward,,Adds 28-1206 Maximum Health,"Gain Minor Aegis at all times, reducing your damage taken from Dungeon, Trial, and Arena Monsters by 5%.",Adds 4% Healing Taken 5 perfected items: Adds 28-1206 Maximum Health,Grants you and up to 11 other group members Pearlescent Ward. This bonus persists through death. Pearlescent Ward increases Weapon Damage and Spell Damage by up to 4-180 based on the number of group members that are alive. Current 4-180 Weapon Damage and Spell Damage. Pearlescent Ward increases damage reduction from non-player enemies out of 66% based on the number of group members that are dead. Current 0% damage reduction.,,,,,,,,Sets,itemset,Maximum Health,Minor Aegis,Double Maximum Health,Increase Healing Received,Group Bonus,Heavy Armor,Full Group Bonus,Dreadsail Reef,Weapon/Spell Damage,Reduce Damage Taken,5-Piece Bonus,Heavy Armor,Any Weapon,High Isle,High Isle,Jewelry,y,28-1206 Maximum,Syrabanic Marine Style,,,,,,,,,,,,,,,,,,,,,,,,
Online:Perfected Piercing Spray,,"When you deal damage with Arrow Spray, you cause enemies hit to have 153-6600 less Armor against Bow attacks for 10 seconds.",,,,,,,,,,,Sets,itemset,Physical/Spell Penetration,Reduce Enemy Defense,Skill Bonus,Negative Effect Bonus,Bow Bonus,Weapon,2-Piece Bonus,Asylum Sanctorium,Bow,Asylum Style,,,,Clockwork City,Clockwork City,,,,,,,,,,,,,,,,,,,,,,,,,,,,
Online:Perfected Pillager's Profit,,Adds 4% Healing Done,"Gain Minor Aegis at all times, reducing your damage taken from Dungeon, Trial, and Arena Monsters by 5%.",Adds 25-1096 Maximum Magicka 5 perfected items: Adds 3-129 Magicka Recovery,Casting an Ultimate ability while in combat grants 2% of Ultimate spent as Ultimate to up to 11 other group members within 12 meters every 2 seconds over 10 seconds. Group members can only be affected by this set once every 45 seconds.,,,,,,,,Sets,itemset,Increase Healing Done,Maximum Magicka,Minor Aegis,Magicka Recovery,Ultimate Bonus,Light Armor,Group Bonus,Dreadsail Reef,Full Group Bonus,Distance Bonus,Ultimate Gain,5-Piece Bonus,Light Armor,High Isle,High Isle,Any Weapon,,,Jewelry,,25-1096 Maximum,,Syrabanic Marine Style,,,,,,,Recovery,,,,,,,,,,,,,
Online:Perfected Point-Blank Snipe,,Increases your damage done with Snipe based on how close you are to your target. Max Damage: 33% at 3 meters. Minimum Damage: 5% at 18.5 meters.,,,,,,,,,,,Sets,itemset,Weapon/Spell Damage,Bow Bonus,Skill Bonus,Distance Bonus,2-Piece Bonus,Weapon,Bow,Vateshran Hollows,Ancestral Reach Style,,,,,Markarth,Markarth,,y,,,,,,,,,,,,,,,,,,,,,,,,,,
Online:Perfected Precise Regeneration,,"When your Regeneration critically strikes, you restore 12-558 Magicka. This effect cannot occur from simultaneous critical strikes.",,,,,,,,,,,Sets,itemset,Weapon/Spell Critical,Critical Healing Bonus,Skill Bonus,Restore Magicka,2-Piece Bonus,Weapon,Restoration Staff,Maelstrom Arena (place),Dwemer Style,,,,,Orsinium,,,,,,,12-558,,,,,,,,,,,,,,,,,,,,,,
Online:Perfected Puncturing Remedy,,"When you deal damage with Puncture, you heal for 2230 Health and gain Spell Resistance and Physical Resistance equal to the amount of healing or over healing done for 5 seconds. The healing scales off your Max Health.",,,,,,,,,,,Sets,itemset,Increase Healing Received,Restore Health,Skill Bonus,Physical/Spell Resistance,Reduce Damage Taken,Weapon,2-Piece Bonus,Dragonstar Arena,One Handed Weapon,Shield,Khajiit Style,Argonian Style,Dark Elf Style,,,Nord Style,,2230,Mixed Style,,,,,,,,,,,,,,,,,,,,,,,,
Online:Perfected Radial Uppercut,,Uppercut deals 45% of its damage to all enemies near your primary target.,,,,,,,,,,,Sets,itemset,Physical/Spell Penetration,Area of Effect,Skill Bonus,2-Piece Bonus,Two Handed Weapon,Weapon,Honor Guard Style,Blackrose Prison,,,,,,Murkmire,Murkmire,,,,,,,,,,,,,,,,,,,,,,,,,,,,
Online:Perfected Rampaging Slash,,"When you deal damage with Low Slash, your next fully-charged Heavy Attack used within 5 seconds restores 44-1904 Magicka and Stamina.",,,,,,,,,,,Sets,itemset,Magicka Recovery,Skill Bonus,Stamina Recovery,Heavy Attack Bonus,Restore Magicka,Weapon,Restore Stamina,Maelstrom Arena (place),2-Piece Bonus,One Handed Weapon,Shield,Dwemer Style,,Orsinium,,,,,,1-77,1-77,,,,,,,,,Recovery,Recovery,,,,,,,,,,,,
Online:Perfected Recovery Convergence,,Adds 4% Healing Done,"Gain Minor Aegis at all times, reducing your damage taken from Dungeon, Trial, and Arena Monsters by 5%.",Adds 25-1096 Maximum Magicka 5 perfected items: Adds 4% Healing Done,"While in combat, overhealing done is converted into stored energy on you for 20 seconds. After overhealing 100000 Health, your energy maxes out, granting you the Convergence Release synergy. When you activate this synergy, restore 160-6886 Stamina and Magicka to yourself and group members within 28 meters of you.",,,,,,,,Sets,itemset,Maximum Magicka,Increase Healing Done,Minor Aegis,Double Increase Healing Done,Healing Bonus,Light Armor,Synergy Bonus,Ossein Cage,Distance Bonus,Group Bonus,Restore Magicka,Restore Stamina,5-Piece Bonus,2025 Content Pass,Seasons of the Worm Cult,Light Armor,,100000,Any Weapon,160-6886,25-1096 Maximum,,Jewelry,,,,,,,,,Coldharbour Dominator Style,,,,,,,,,,,
Online:Perfected Roaring Opportunist,,Adds 3-129 Weapon Damage and Spell Damage,"Gain Minor Slayer at all times, increasing your damage done to Dungeon, Trial, and Arena Monsters by 5%.",Adds 3-129 Weapon Damage and Spell Damage 5 perfected items: Adds 25-1096 Maximum Magicka,"After completing a fully-charged Heavy Attack, you and up to 5 group members gain Major Slayer, increasing your damage done to Dungeon, Trial, and Arena Monsters by 10% for 1 second for every 600 Spell Damage or 6300 Magicka you have. Roaring Opportunist can only affect a target every 22 seconds. Maximum duration 12 seconds.",,,,,,,,Sets,itemset,Physical/Spell Penetration,Weapon/Spell Damage,Minor Slayer,Maximum Magicka,Heavy Attack Bonus,Light Armor,Group Bonus,Kyne's Aegis,Major Slayer,5-Piece Bonus,Light Armor,Any Weapon,Jewelry,Greymoor,Greymoor,Sea Giant Style,y,,,,25-1096 Maximum,,,,,,,,,,,,,,,,,,,,,,
Online:Perfected Saxhleel Champion,,Adds 25-1096 Maximum Magicka,"Gain Minor Aegis at all times, reducing your damage taken from Dungeon, Trial, and Arena Monsters by 5%.",Adds 25-1096 Maximum Stamina 5 perfected items: Adds 25-1096 Maximum Stamina,"When you use an Ultimate ability while in combat, you and up to 11 group members within 28 meters of you gain Major Force for 1 second per 15 Ultimate spent, increasing your Critical Damage done by 20%.",,,,,,,,Sets,itemset,Maximum Magicka,Maximum Stamina,Minor Aegis,Double Maximum Stamina,Ultimate Bonus,Heavy Armor,Group Bonus,Rockgrove,Full Group Bonus,Distance Bonus,Major Force,5-Piece Bonus,Heavy Armor,Blackwood,Blackwood,Any Weapon,,,Jewelry,25-1096 Maximum,25-1096 Maximum,,Sul-Xan Style,,,,,,,,,,,,,,,,,,,15,
Online:Perfected Slivers of the Null Arca,,Adds 15-657 Critical Chance,"Gain Minor Slayer at all times, increasing your damage done to Dungeon, Trial, and Arena Monsters by 5%.",Adds 15-657 Critical Chance 5 perfected items: Adds 3-129 Weapon Damage and Spell Damage,"Dealing Critical Damage gives you a stack of Sliver for 10 seconds, up to once every 0.5 seconds. Upon gaining your third stack, they merge into a crystal that launches at the last enemy you damaged, dealing 1952 Physical Damage. This effect scales off the higher of your Weapon Damage and Spell Damage, and you cannot gain Sliver for 4 seconds after the crystal is launched.",,,,,,,,Sets,itemset,Weapon/Spell Critical,Double Weapon/Spell Critical,Minor Slayer,Weapon/Spell Damage,Weapon/Spell Damage,Medium Armor,Critical Damage Bonus,Lucent Citadel,Physical Damage,5-Piece Bonus,Medium Armor,Any Weapon,Jewelry,Gold Road,Gold Road,Lucent Sentinel Style,y,,,,,,,,,,,,,,,,,,,,,,,,,,
Online:Perfected Spectral Cloak,,"Activating Blade Cloak while in combat allows you to gain Spectral Cloak whenever Blade Cloak deals damage for 2 seconds, reducing your damage taken and increasing your damage done by 6%.",,,,,,,,,,,Sets,itemset,Stamina Recovery,Reduce Damage Taken,Skill Bonus,Increase Damage Dealt,2-Piece Bonus,Weapon,One Handed Weapon,Blackrose Prison,Honor Guard Style,,,,,Murkmire,Murkmire,,,,,2-103,,,,,,,,,,,Recovery,,,,,,,,,,,,
Online:Perfected Stinging Slashes,,Twin Slashes deals 209 more damage for each hit of the initial attack and bleed. This effect scales off the higher of your Weapon Damage and Spell Damage.,,,,,,,,,,,Sets,itemset,Weapon/Spell Critical,2-Piece Bonus,Skill Bonus,One Handed Weapon,Khajiit Style,Weapon,Argonian Style,Dragonstar Arena,Nord Style,Mixed Style,,,,,,,y,,,,,,,,,,,,,,,,,,,,,,,,,,
Online:Perfected Stone-Talker's Oath,,Adds 3-129 Magicka Recovery,"Gain Minor Aegis at all times, reducing your damage taken from Dungeon, Trial, and Arena Monsters by 5%.",Adds 3-129 Magicka Recovery 5 perfected items: Adds 25-1096 Maximum Magicka,"Your fully-charged Heavy Attacks place a soul bomb on your target that charges as the target takes damage. After 10 seconds, the bomb explodes, restoring 5% of the damage received as Stamina and Magicka, up to 2240 Stamina and Magicka, to 12 group members within 16 meters of the explosion. This effect can occur every 10 seconds.",,,,,,,,Sets,itemset,Magicka Recovery,Double Magicka Recovery,Minor Aegis,Maximum Magicka,Heavy Attack Bonus,Light Armor,Group Bonus,Rockgrove,Full Group Bonus,Area of Effect,Restore Stamina,Restore Magicka,5-Piece Bonus,Blackwood,Blackwood,Light Armor,,,Any Weapon,2240,3-129,,Jewelry,,,,,,,Recovery,,Sul-Xan Style,,,,,,,,,,,
Online:Perfected Sul-Xan's Torment,,Adds 3-129 Weapon Damage and Spell Damage,"Gain Minor Slayer at all times, increasing your damage done to Dungeon, Trial, and Arena Monsters by 5%.",Adds 15-657 Critical Chance 5 perfected items: Adds 15-657 Critical Chance,"When an enemy you recently damaged dies, they leave behind a vengeful soul for 6 seconds. You can only create one vengeful soul at a time. Touching the soul increases your Critical Chance by 50-2160 and your Critical Damage by 12% for 30 seconds.",,,,,,,,Sets,itemset,Weapon/Spell Damage,Weapon/Spell Critical,Minor Slayer,Double Weapon/Spell Critical,Double Weapon/Spell Critical,Medium Armor,Kill Bonus,Rockgrove,Triple Weapon/Spell Critical,Increase Critical Damage,5-Piece Bonus,Medium Armor,Any Weapon,Blackwood,Blackwood,Jewelry,y,,Sul-Xan Style,,,,,,,,,,,,,,,,,,,,,,,,
Online:Perfected Test of Resolve,,Adds 34-1487 Armor,"Gain Minor Aegis at all times, reducing your damage taken from Dungeon, Trial, and Arena Monsters by 5%.",Adds 28-1206 Maximum Health 5 perfected items: Adds 34-1487 Armor,"When you take damage while under 50% Health, your resolve is tested. If you are also below 50% Stamina, you restore full Health, Magicka, and Stamina while also gaining Major Protection and Major Aegis for 10 seconds. If you are above 50% Stamina you become a Beacon of Hope for 20 seconds, causing your Major and Minor buffs to also grant Major Aegis for 10 seconds. This effect can occur once every 45 seconds.",,,,,,,,Sets,itemset,Physical/Spell Resistance,Maximum Health,Minor Aegis,Double Physical/Spell Resistance,Near Death Effect,Heavy Armor,Low Stamina Bonus,Sanity's Edge,Restore Health,Restore Magicka,Restore Stamina,Major Protection,Major Aegis,Necrom,Necrom,Buff Bonus,,28-1206 Maximum,5-Piece Bonus,50%,,,Heavy Armor,,,,,,,,,Any Weapon,,,,,,,,,,,
Online:Perfected Thunderous Volley,,"Increases the damage Volley deals by 10-430 each tick. This bonus increases by 4-191 every time Volley ticks, up to a maximum of 8 times.",,,,,,,,,,,Sets,itemset,Weapon/Spell Critical,Bow Bonus,Skill Bonus,2-Piece Bonus,Bow,Weapon,Dwemer Style,Maelstrom Arena (place),,,,,,Orsinium,,,,,,,,,,,,,,,,,,,,,,,,,,,,,
Online:Perfected Timeless Blessing,,"When you cast Blessing of Protection, the cost of your Magicka and Stamina healing abilities are reduced by 21% for 3 seconds.",,,,,,,,,,,Sets,itemset,Maximum Magicka,Reduce Magicka Cost,Skill Bonus,Reduce Stamina Cost,2-Piece Bonus,Weapon,Restoration Staff,Asylum Sanctorium,Asylum Style,,,,,Clockwork City,Clockwork City,,,,,,20-877 Maximum,,,,,,,,,,,,,,,,,,,,,,
Online:Perfected Titanic Cleave,,Increases the direct damage Cleave deals by 36-1550 for each enemy in its cone.,,,,,,,,,,,Sets,itemset,Physical/Spell Penetration,Multiple Targets Hit Bonus,Skill Bonus,2-Piece Bonus,Two Handed Weapon,Weapon,Dark Elf Style,Dragonstar Arena,Orcish Style,Redguard Style,Mixed Style,,,,,,,,,,,,,,,,,,,,,,,,,,,,,,,,
Online:Perfected Tooth of Lokkestiiz,,Adds 3-129 Weapon Damage and Spell Damage,"Gain Minor Slayer at all times, increasing your damage done to Dungeon, Trial, and Arena Monsters by 5%.",Adds 3-129 Weapon Damage and Spell Damage 5 perfected items: Adds 15-657 Critical Chance,"When you activate a synergy while in combat, gain Major Slayer for 16 seconds, increasing your damage done to Dungeon and Trial monsters by 10%.",,,,,,,,Sets,itemset,Weapon/Spell Damage,Double Weapon/Spell Damage,Minor Slayer,Weapon/Spell Critical,Weapon/Spell Critical,Medium Armor,Synergy Bonus,Sunspire,Major Slayer,5-Piece Bonus,Medium Armor,Any Weapon,Jewelry,Elsweyr,Elsweyr,Sunspire Style,y,,,,,,,,,,,,,,,,,,,,,,,,,,
Online:Perfected Transformative Hope,,Adds 4% Healing Done,"Gain Minor Aegis at all times, reducing your damage taken from Dungeon, Trial, and Arena Monsters by 5%.",Adds 3-129 Magicka Recovery 5 perfected items: Adds 4% Healing Done,"While in combat, when you heal yourself or an ally that is below 50% Health, you ignite a Spark of Hope within them for 3 seconds. If they are above 90% Health when the effect ends, you and the ally gain Major Heroism for 15 seconds. This effect can occur once every 20 seconds per target.",,,,,,,,Sets,itemset,Increase Healing Done,Magicka Recovery,Minor Aegis,Double Increase Healing Done,Healing Bonus,Light Armor,Near Death Effect,Sanity's Edge,Full Health Bonus,Major Heroism,5-Piece Bonus,Light Armor,Any Weapon,Necrom,Necrom,Jewelry,,50%,Clan Dreamcarver Style,,3-129,,,,,,,,,Recovery,,,,,,,,,,,,,
Online:Perfected Vestment of Olorime,,Adds 3-129 Magicka Recovery,"Gain Minor Aegis at all times, reducing your damage taken from Dungeon, Trial, and Arena Monsters by 5%.",Adds 3-129 Magicka Recovery 5 perfected items: Adds 25-1096 Maximum Magicka,"Casting abilities that leave an effect on the ground in combat will create a circle of might for 5 seconds. You and your group members in the circle gain Major Courage for 20 seconds, increasing your Weapon Damage and Spell Damage by 430 for 20 seconds. This effect can occur once every 10 seconds.",,,,,,,,Sets,itemset,Magicka Recovery,Double Magicka Recovery,Minor Aegis,Maximum Magicka,Skill Bonus,Light Armor,Area of Effect Bonus,Cloudrest,Area of Effect,Group Bonus,Major Courage,5-Piece Bonus,Light Armor,Summerset,Summerset,Any Weapon,y,,Jewelry,,3-129,,Welkynar Style,,,,,,,Recovery,,,,,,,,,,,,,
Online:Perfected Virulent Shot,,Scatter Shot applies a damage over time effect that deals 65% of your initial attack as Poison Damage every 2 seconds for 4 seconds. The duration increases if you are farther away from your target to a maximum of 12 seconds.,,,,,,,,,,,Sets,itemset,Weapon/Spell Critical,Bow Bonus,Skill Bonus,Poison Damage,Damage Over Time,Weapon,Distance Bonus,Blackrose Prison,2-Piece Bonus,Bow,Honor Guard Style,,,Murkmire,Murkmire,,,,,,,,,,,,,,,,,,,,,,,,,,,,
Online:Perfected Void Bash,,"When you deal damage with Power Bash, you apply Call of the Void to yourself for 2 seconds. Enemies within 12 meters are immediately pulled to you. After Call of the Void ends, you apply Major Maim to enemies in the area for 10 seconds, reducing their damage done by 10%. This effect can occur once every 13 seconds.",,,,,,,,,,,Sets,itemset,Maximum Health,Distance Bonus,Skill Bonus,Pull,Area of Effect,Weapon,Major Maim,Vateshran Hollows,2-Piece Bonus,One Handed Weapon,Shield,Ancestral Reach Style,,Markarth,Markarth,,,22-965 Maximum,,,,,,,,,,,,,,,,,,,,,,,,,
Online:Perfected Vrol's Command,,Adds 25-1096 Maximum Stamina,"Gain Minor Aegis at all times, reducing your damage taken from Dungeon, Trial, and Arena Monsters by 5%.",Adds 28-1206 Maximum Health 5 perfected items: Adds 4% Healing Taken,"After completing a fully-charged Heavy Attack, apply Major Aegis to you and up to 11 nearby group members for 12 seconds, reducing damage taken from Dungeon, Trial, and Arena enemies by 10%. This effect can occur once every 21 seconds.",,,,,,,,Sets,itemset,Maximum Stamina,Maximum Health,Minor Aegis,Increase Healing Received,Heavy Attack Bonus,Heavy Armor,Group Bonus,Kyne's Aegis,Full Group Bonus,Distance Bonus,Major Aegis,5-Piece Bonus,Heavy Armor,Greymoor,Greymoor,Any Weapon,,28-1206 Maximum,Jewelry,25-1096 Maximum,,,Sea Giant Style,,,,,,,,,,,,,,,,,,,,
Online:Perfected Whorl of the Depths,,Adds 3-129 Weapon Damage and Spell Damage,"Gain Minor Slayer at all times, increasing your damage done to Dungeon, Trial, and Arena Monsters by 5%.",Adds 3-129 Weapon Damage and Spell Damage 5 perfected items: Adds 15-657 Critical Chance,"When you deal damage with a Light Attack, you apply Whorl of the Depths to the target, dealing 1016 Frost Damage over 8 seconds. When this effect ends, a 5 meter whirlpool is created under the target for 6 seconds and deals 764 Frost Damage every 1 second. This effect can occur once every 18 seconds and scales off the higher of your Weapon Damage and Spell Damage.",,,,,,,,Sets,itemset,Weapon/Spell Damage,Double Weapon/Spell Damage,Minor Slayer,Weapon/Spell Critical,Weapon/Spell Critical,Light Armor,Light Attack Bonus,Dreadsail Reef,Frost Damage,Damage Over Time,Area of Effect,5-Piece Bonus,Light Armor,High Isle,High Isle,Any Weapon,y,,Jewelry,,,,Syrabanic Marine Style,,,,,,,,,,,,,,,,,,,,
Online:Perfected Wild Impulse,,"Reduce the cost of Impulse by 10%. Impulse places lingering elemental damage on your targets, dealing 605 Flame, 605 Shock, and 605 Frost Damage over 8 seconds. Each element ticks once over the duration and its damage scales off the higher of your Weapon Damage and Spell Damage.",,,,,,,,,,,Sets,itemset,Physical/Spell Penetration,Skill Bonus,Reduce Magicka Cost,Flame Damage,Shock Damage,Weapon,Frost Damage,Blackrose Prison,Damage Over Time,2-Piece Bonus,Destruction Staff,Honor Guard Style,,Murkmire,Murkmire,,y,,,,,,,,,,,,,,,,,,,,,,,,,,
Online:Perfected Wrath of Elements,,"Casting Weakness to Elements on a target within 15 meters of you causes a surge of elemental energy to tether between you for 10 seconds. While the tether persists, enemies touching the tether take 331 Flame Damage, 331 Shock Damage, or 331 Frost Damage every 1 second, which increases by 1% each time it deals damage, up to 20%. This effect can occur once every 10 seconds, and scales off the higher of your Weapon Damage and Spell Damage.",,,,,,,,,,,Sets,itemset,Physical/Spell Penetration,Distance Bonus,Skill Bonus,Area of Effect,Damage Over Time,Weapon,Tether,Vateshran Hollows,Flame Damage,Shock Damage,Frost Damage,2-Piece Bonus,Destruction Staff,Markarth,Markarth,Ancestral Reach Style,y,,,,,,,,,,,,,,,,,,,,,,,,,,
Online:Perfected Xoryn's Masterpiece,,Adds 25-1096 Maximum Magicka,"Gain Minor Aegis at all times, reducing your damage taken from Dungeon, Trial, and Arena Monsters by 5%.",Adds 3-129 Magicka Recovery 5 perfected items: Adds 25-1096 Maximum Magicka,Increases Max Magicka and Max Stamina by 1667 for you and up to 11 other group members within 28 meters of you. This bonus persists through death.,,,,,,,,Sets,itemset,Maximum Magicka,Magicka Recovery,Minor Aegis,Double Maximum Magicka,Group Bonus,Light Armor,Full Group Bonus,Lucent Citadel,Distance Bonus,Triple Maximum Magicka,Maximum Stamina,5-Piece Bonus,Light Armor,Gold Road,Gold Road,Any Weapon,,,Jewelry,Max,25-1096 Maximum,,Lucent Sentinel Style,,,,,,,Recovery,,,,,,,,,,,,,
Online:Perfected Yandir's Might,,Adds 3-129 Weapon Damage and Spell Damage,"Gain Minor Slayer at all times, increasing your damage done to Dungeon, Trial, and Arena Monsters by 5%.",Adds 3-129 Weapon Damage and Spell Damage 5 perfected items: Adds 3-129 Weapon Damage and Spell Damage,"Dealing Critical Damage increases your Weapon Damage and Spell Damage by 2-86, stacking up to 5 times. This effect can occur once every 0.5 seconds. Completing a fully-charged Heavy Attack removes all stacks and increases your Weapon Damage and Spell Damage by 3-136 per stack removed. You cannot have both effects active at the same time.",,,,,,,,Sets,itemset,Weapon/Spell Damage,Double Weapon/Spell Damage,Minor Slayer,Physical/Spell Penetration,Physical/Spell Penetration,Medium Armor,Critical Damage Bonus,Kyne's Aegis,Triple Weapon/Spell Damage,Heavy Attack Bonus,5-Piece Bonus,Medium Armor,Any Weapon,Greymoor,Greymoor,Jewelry,y,,Sea Giant Style,,,,,,,,,,,,,,,,,,,,,,,,
Online:Permafrost,,Adds 28-1206 Maximum Health,Adds 25-1096 Maximum Magicka,Adds 3-129 Magicka Recovery,"While you have a damage shield on you, your Health Recovery is increased by 25-1106.",,,,,,,,Sets,itemset,Maximum Health,Magicka Recovery,Maximum Magicka,Damage Shield Bonus,Health Recovery,Heavy Armor,5-Piece Bonus,Maelstrom Arena (place),Heavy Armor,Any Weapon,Jewelry,Reach Winter Style,Unique Style,Orsinium,Orsinium,,,28-1206 Maximum,,,25-1096 Maximum,,,,,,the item set,the morph of Sleet Storm,Permafrost (morph),Recovery,,,,,,,,,,,,,
Online:Pestilent Host,,Adds 34-1487 Offensive Penetration,Adds 25-1096 Maximum Stamina,Adds 3-129 Weapon Damage and Spell Damage,"Whenever you kill an enemy afflicted with a poison effect, their corpse releases a writhing mass of Fetcherflies, which seek out the nearest enemy within 12 meters, causing them to bleed for 5850 Bleed damage over 10 seconds. This effect scales off the higher of your Weapon Damage and Spell Damage.",,,,,,,,Sets,itemset,Physical/Spell Penetration,Weapon/Spell Damage,Maximum Stamina,Double Physical/Spell Penetration,Double Physical/Spell Penetration,Medium Armor,Kill Bonus,Vateshran Hollows,Negative Effect Bonus,Poison Damage Bonus,Distance Bonus,Bleed Damage,Damage Over Time,Markarth,Markarth,5-Piece Bonus,y,,Medium Armor,25-1096 Maximum,,,Any Weapon,,,,,,,,,Jewelry,,,,,,,,,,,
Online:Phoenix,,Adds 3-129 Weapon Damage and Spell Damage,Adds 9-424 Critical Resistance,Adds 3-129 Weapon Damage and Spell Damage,"When you take damage while below 25% Health, gain a damage shield that absorbs 581-25000 damage for 10 seconds and deals 1006 Flame Damage to nearby enemies. This effect can occur once every 1 minute and the damage scales off the higher of your Weapon Damage and Spell Damage.",,,,,,,,Sets,itemset,Maximum Magicka,Weapon/Spell Damage,Magicka Recovery,Near Death Effect,Damage Shield,Light Armor,Flame Damage,Tel Var Merchants,Area of Effect,5-Piece Bonus,Light Armor,Any Weapon,Jewelry,Imperial City,,Alliance Style,y,25%,Tel Var Cost,,,,,,,,,,,,,,,,,,,,,,,,
Online:Phoenix Moth Theurge,,Adds 3-129 Stamina Recovery,Adds 3-129 Stamina Recovery,Adds 25-1096 Maximum Stamina,"Healing yourself or an ally grants the target Minor Courage and Minor Force for 10 seconds, increasing their Weapon Damage and Spell Damage by 215 and their Critical Damage done by 10%. This effect can occur once every 12 seconds per target.",,,,,,,,Sets,itemset,Stamina Recovery,Maximum Stamina,Double Stamina Recovery,Healing Bonus,Minor Courage,Medium Armor,Minor Force,Galen,5-Piece Bonus,Medium Armor,Any Weapon,Jewelry,Firesong Style,Firesong,Firesong,,y,,,3-129,,,,,,,,,,,Recovery,,,,,,,,,,,,
Online:Phylactery's Grasp,,Adds 3-129 Weapon Damage and Spell Damage,Adds 15-657 Critical Chance,Adds 15-657 Critical Chance,"On Light Attack Critical Damage, you apply Withered Soul, dealing 1500 Disease damage over 10 seconds. On Light Attack Critical Damage on an enemy with Withered Soul, restore 13-575 Stamina. Withered Soul can occur once every 10 seconds and the damage scales off the higher of your Weapon Damage and Spell Damage.",,,,,,,,Sets,itemset,Weapon/Spell Damage,Weapon/Spell Critical,Weapon/Spell Critical,Double Weapon/Spell Critical,Light Attack Bonus,Medium Armor,Critical Damage Bonus,Graven Deep,Damage Over Time,Disease Damage,Negative Effect Bonus,Restore Stamina,5-Piece Bonus,Lost Depths,Lost Depths,Medium Armor,y,,Any Weapon,13-575,,,Jewelry,,,,,,,,,,,,,,,,,,,,
Online:Piercing Spray,,"When you deal damage with Arrow Spray, you cause enemies hit to have 153-6600 less Armor against Bow attacks for 10 seconds.",,,,,,,,,,,Sets,itemset,Skill Bonus,Reduce Enemy Defense,Bow Bonus,Negative Effect Bonus,2-Piece Bonus,Weapon,Bow,Asylum Sanctorium,Asylum Style,,,,,Clockwork City,Clockwork City,,,,,,,,,,,,,,,,,,,,,,,,,,,,
Online:Pillager's Profit,,Adds 4% Healing Done,"Gain Minor Aegis at all times, reducing your damage taken from Dungeon, Trial, and Arena Monsters by 5%.",Adds 25-1096 Maximum Magicka,Casting an Ultimate ability while in combat grants 2% of Ultimate spent as Ultimate to up to 11 other group members within 12 meters every 2 seconds over 10 seconds. Group members can only be affected by this set once every 45 seconds.,,,,,,,,Sets,itemset,Increase Healing Done,Maximum Magicka,Minor Aegis,Ultimate Bonus,Group Bonus,Light Armor,Full Group Bonus,Dreadsail Reef,Distance Bonus,Ultimate Gain,5-Piece Bonus,Light Armor,Any Weapon,High Isle,High Isle,Jewelry,,,Syrabanic Marine Style,,25-1096 Maximum,,,,,,,,,,,,,,,,,,,,,,
Online:Pillar of Nirn,,Adds 15-657 Critical Chance,Adds 15-657 Critical Chance,Adds 3-129 Weapon Damage and Spell Damage,"When you deal damage, you create a fissure underneath the enemy after 1 second, dealing 803 Bleed damage to all enemies within 2.5 meters and causing them to bleed for an additional 2405 Bleed damage over 10 seconds. This effect can occur once every 10 seconds and scales off the higher of your Weapon Damage and Spell Damage.",,,,,,,,Sets,itemset,Weapon/Spell Critical,Double Weapon/Spell Critical,Double Weapon/Spell Critical,Weapon/Spell Damage,Bleed Damage,Medium Armor,Area of Effect,Falkreath Hold,Damage Over Time,5-Piece Bonus,Medium Armor,Any Weapon,Jewelry,Horns of the Reach,Horns of the Reach,Dreadhorn Style,y,,,,,,,,,,,,,,,,,,,,,,,,,,
Online:Pirate Skeleton,Adds 34-1487 Armor,"When you take damage, you transform into a skeleton and gain Major Protection and Minor Defile for 15 seconds, reducing your damage taken by 10% but reducing your healing received and damage shield strength by 6%. This effect can occur once every 20 seconds.",,,,,,,,,,,Sets,itemset,Physical/Spell Resistance,Major Protection,Counterattack,Drawbacks,Minor Defile,Monster Helm Sets,Undaunted Style,Blackheart Haven,2-Piece Bonus,Head and Shoulders,,,,,,,,,,,,,,,,,the item set,the enemy,Captain Blackheart,,,,,Blackheart Haven,Glirion the Redbeard,Captain Blackheart,,,,,,,
Online:Plague Doctor,,Adds 28-1206 Maximum Health,Adds 28-1206 Maximum Health,Adds 28-1206 Maximum Health,Adds 65-2804 Maximum Health,,,,,,,,Sets,itemset,Maximum Health,Triple Maximum Health,Double Maximum Health,Quadruple Maximum Health,5-Piece Bonus,Heavy Armor,Heavy Armor,Deshaan,Any Weapon,Jewelry,Breton Style,,,,,,,28-1206 Maximum,,Maximum,Maximum,2,,4305,1,Dres Dirk,,,,,,,,,,,,,,,,,
Online:Plague Slinger,,Adds 3-129 Weapon Damage and Spell Damage,Adds 28-1206 Maximum Health,Adds 3-129 Weapon Damage and Spell Damage,"When you take damage, summon a Skeever corpse which will launch five poison balls over 5 seconds that each deal 737 Poison damage to the nearest enemy within 10 meters. This effect can occur once every 8 seconds and scales off the higher of your Weapon Damage and Spell Damage.",,,,,,,,Sets,itemset,Weapon/Spell Damage,Double Weapon/Spell Damage,Maximum Health,Counterattack,Distance Bonus,Medium Armor,Poison Damage,Scalecaller Peak,5-Piece Bonus,Medium Armor,Any Weapon,Jewelry,Dragon Priest Style,Dragon Bones,Dragon Bones,,y,28-1206 Maximum,,,,,,,,,,,,,,,,,,,,,,,,,
Online:Plaguebreak,,Adds 34-1487 Offensive Penetration,Adds 3-129 Weapon Damage and Spell Damage,Adds 3-129 Weapon Damage and Spell Damage,"Dealing direct damage causes player enemies to become a Plague Carrier, dealing 1000 Disease damage over 10 seconds and applying the Diseased status effect. If the plague is removed early it explodes and deals 735 Disease damage to all enemies within 8 meters of the carrier, increasing by 50% per enemy hit. This effect can occur once every 20 seconds per target, once per attack, and scales off the higher of your Weapon Damage and Spell Damage.",,,,,,,,Sets,itemset,Physical/Spell Penetration,Weapon/Spell Damage,Weapon/Spell Damage,Double Weapon/Spell Damage,PvP Bonus,Medium Armor,Direct Damage Bonus,Elite Gear Vendors,Disease Damage,Damage Over Time,Area of Effect,Multiple Targets Hit Bonus,5-Piece Bonus,,,Medium Armor,y,,Any Weapon,,,,Jewelry,,,,,,,,,Alliance Style,,,,,,,,,,,
Online:Point-Blank Snipe,,Increases your damage done with Snipe based on how close you are to your target. Max Damage: 33% at 3 meters. Minimum Damage: 5% at 18.5 meters.,,,,,,,,,,,Sets,itemset,Skill Bonus,Distance Bonus,Bow Bonus,2-Piece Bonus,Bow,Weapon,Ancestral Reach Style,Vateshran Hollows,,,,,,Markarth,Markarth,,,,,,,,,,,,,,,,,,,,,,,,,,,,
Online:Poisonous Serpent,,Adds 3-129 Weapon Damage and Spell Damage,Adds 3-129 Weapon Damage and Spell Damage,Adds 15-657 Critical Chance,"When you deal damage with a Light or Heavy Attack against an enemy who has a Poison Damage ability on them, you deal an additional 48 Poison damage and apply the Poisoned status effect to the enemy. This effect can occur once every 2 seconds and scales off the higher of your Weapon Damage and Spell Damage.",,,,,,,,Sets,itemset,Maximum Stamina,Double Maximum Stamina,Weapon/Spell Damage,Negative Effect Bonus,Light Attack Bonus,Medium Armor,Heavy Attack Bonus,Hel Ra Citadel,Poison Damage,5-Piece Bonus,Medium Armor,Any Weapon,Jewelry,,,Celestial Style,y,,,,,,,,,,,,,,,,,,,,,,,,,,
Online:Powerful Assault,,Adds 28-1206 Maximum Health,Adds 25-1096 Maximum Stamina,Adds 3-129 Weapon Damage and Spell Damage,"When you cast an Assault ability while in combat, you and up to 5 group members within 12 meters gain 7-307 Weapon Damage and Spell Damage for 15 seconds.",,,,,,,,Sets,itemset,Maximum Health,Weapon/Spell Damage,Maximum Stamina,Skill Bonus,Group Bonus,Medium Armor,Distance Bonus,Tel Var Merchants,Double Weapon/Spell Damage,5-Piece Bonus,Medium Armor,Any Weapon,Jewelry,Imperial City,,Alliance Style,y,28-1206 Maximum,Tel Var Cost,25-1096 Maximum,,,,,,,,,,,,,,,,,,,,,,,
Online:Prayer Shawl,,Adds 25-1096 Maximum Magicka,Adds 3-129 Weapon Damage and Spell Damage,Adds 3-129 Magicka Recovery,"When you overheal yourself or an ally, you grant them a damage shield that absorbs 116-4997 damage for 6 seconds. This effect can occur once every 2 seconds.",,,,,,,,Sets,itemset,Maximum Magicka,Magicka Recovery,Weapon/Spell Damage,Healing Bonus,Damage Shield,Light Armor,5-Piece Bonus,Spindleclutch,Light Armor,Any Weapon,Jewelry,Dark Elf Style,,,,,y,,,,25-1096 Maximum,3,,10067,1,,,,,Recovery,,,,,,,Chain of the Coven,,,,,,
Online:Precise Regeneration,,"When your Regeneration critically strikes, you restore 12-558 Magicka. This effect cannot occur from simultaneous critical strikes.",,,,,,,,,,,Sets,itemset,Skill Bonus,Restore Magicka,Critical Healing Bonus,2-Piece Bonus,Restoration Staff,Weapon,Dwemer Style,Maelstrom Arena (place),,,,,,Orsinium,,,,,,,12-558,,,,,,,,,,,,,,,,,,,,,,
Online:Prior Thierric,Adds 3-129 Weapon Damage and Spell Damage,Dealing direct damage with an area of effect ability creates a 6 meter shadowy whirlwind below your enemy for 7 seconds. Enemies within the whirlwind take 283 Physical damage each second and increase their damage taken from your area of effect abilities by 5%. This effect can occur once every 15 seconds and scales off the higher of your Weapon Damage and Spell Damage.,,,,,,,,,,,Sets,itemset,Weapon/Spell Damage,Area of Effect Bonus,Direct Damage Bonus,Area of Effect,Damage Over Time,Monster Helm Sets,Physical Damage,Red Petal Bastion,Reduce Enemy Defense,Increase Area of Effect Damage,Undaunted Style,2-Piece Bonus,Head and Shoulders,Waking Flame,Waking Flame,,y,,,,,,,,,,the item set,the enemy,Prior Thierric Sarazen,,,,,Red Petal Bastion,Urgarlag Chief-bane,Prior Thierric Sarazen,,,,,,,
Online:Prisoner's Rags,,Adds 25-1096 Maximum Stamina,Adds 3-129 Stamina Recovery,Adds 3-129 Stamina Recovery,"Reduces the cost of Sprint by 50%. While Sprinting, restore 24-1035 Magicka every 1 second.",,,,,,,,Sets,itemset,Maximum Stamina,Double Stamina Recovery,Stamina Recovery,Reduce Sprint Cost,Sprint Bonus,Light Armor,Restore Magicka,Coldharbour,5-Piece Bonus,Light Armor,Any Weapon,Jewelry,Soul-Shriven Style,,,,,,,25-1096 Maximum,24-1035,2,,15743,1,,the item set,the motif,Prisoner's Rags Style,,Recovery,,,,,,,,,,,,
Online:Prophet's,Adds 28-1206 Maximum Health,,,,,,,,,,,,Sets,itemset,Maximum Health,Any Weapon,1-Piece Bonus,Light Armor,Medium Armor,,Heavy Armor,,Jewelry,,,,,,,,,28-1206 Maximum,,,,f,,134958,,Prophet's Inferno Staff,,,,,,,,,,,,,,f,fine,,
Online:Prowler's Talisman,"While Battle Spirit is inactive, bracing while crouching turns you invisible for 10 seconds. This can occur once every 45 seconds. Increase your chances of successfully Pickpocketing by 5%. On dealing Critical Damage, increase your Max Magicka and Max Stamina for 10 seconds, up to 1900 at 10 stacks. On dealing non-Critical Damage, increase your Health, Magicka, and Stamina Recovery for 10 seconds, up to 160 at 10 stacks. Either effect can occur up to once every 1 second.",,,,,,,,,,,,Sets,itemset,Crouch Bonus,Pickpocket Bonus,Invisibility,Critical Damage Bonus,Maximum Magicka,Jewelry,Maximum Stamina,The Codex Caper,Magic Damage Bonus,Physical Damage Bonus,Direct Damage Bonus,Health Recovery,Magicka Recovery,,Season Zero,Stamina Recovery,,,,Max,Max,5,1-Piece Bonus,,,Phynaster's Gem of Stealth,,,,,Recovery,Jewelry,,,,,,armor,Prowler's Talisman,m,Mythic,,right
Online:Puncturing Remedy,,"When you deal damage with Puncture, you heal for 2230 Health and gain Spell Resistance and Physical Resistance equal to the amount of healing or over healing done for 5 seconds. The healing scales off your Max Health.",,,,,,,,,,,Sets,itemset,Skill Bonus,Physical/Spell Resistance,Restore Health,Reduce Damage Taken,2-Piece Bonus,Weapon,One Handed Weapon,Dragonstar Arena,Shield,Khajiit Style,Argonian Style,Dark Elf Style,Nord Style,,,Mixed Style,,2230,,,,,,,,,,,,,,,,,,,,,,,,,
Online:Pyrebrand,,Adds 34-1487 Offensive Penetration,Adds 3-129 Weapon Damage and Spell Damage,Adds 3-129 Weapon Damage and Spell Damage,"Your Light Attacks deal 836 Flame damage over 6 seconds. This effect can activate Wildfire Embers, up to once every 10 seconds. Your fully-charged Heavy Attacks consume up to 3 stacks of your Wildfire Embers to deal 629 Flame damage around the target, dealing up to 200% more damage to enemies below 33% Health. The damage scales off the higher of your Weapon Damage and Spell Damage increases by 25% per stack of Recursive Flame and Pyrebrand.",,,,,,,,Sets,itemset,Physical/Spell Penetration,Weapon/Spell Damage,Weapon/Spell Damage,Double Weapon/Spell Damage,Light Attack Bonus,All Weights,Damage Over Time,Infinite Archive,Flame Damage,Heavy Attack Bonus,Damage Over Time Bonus,Area of Effect,Execute,,,Negative Effect Bonus,y,33%,5-Piece Bonus,,,,Light Armor,,,,,,,,,Medium Armor,,,,,,,,,,,
Online:Queen's Elegance,,Adds 3-129 Weapon Damage and Spell Damage,Adds 25-1096 Maximum Magicka,Adds 25-1096 Maximum Magicka,"When you use a Light Attack you reduce the Health, Magicka, or Stamina cost of your next active ability cast within 2 seconds by 10%. When you use a fully-charged Heavy Attack you gain Empower for 3 seconds, increasing the damage of your Heavy Attacks against monsters by 150%. Each of these effects can occur once every second.",,,,,,,,Sets,itemset,Weapon/Spell Damage,Double Maximum Magicka,Maximum Magicka,Light Attack Bonus,Reduce Health Cost,Light Armor,Reduce Magicka Cost,Auridon,Reduce Stamina Cost,Heavy Attack Bonus,Empower,5-Piece Bonus,Light Armor,,,Any Weapon,y,,Jewelry,,25-1096 Maximum,2,High Elf Style,29953,1,Artificer's Bolt,,,,,,,,,,,Plaguetender's Staff,,,,,,
Online:Quick Serpent,,Adds 15-657 Critical Chance,Adds 25-1096 Maximum Stamina,Adds 25-1096 Maximum Stamina,"Reduces the costs of your Stamina abilities by 8%. When an enemy you have recently damaged dies, you restore 57-2454 Stamina and gain Major Expedition for 8 seconds, increasing your Movement Speed by 30%. These effects can occur once every second.",,,,,,,,Sets,itemset,Weapon/Spell Critical,Double Maximum Stamina,Maximum Stamina,Reduce Stamina Cost,Kill Bonus,Medium Armor,Restore Stamina,Aetherian Archive,Major Expedition,5-Piece Bonus,Medium Armor,Any Weapon,Jewelry,,,Celestial Style,,,,25-1096 Maximum,,,,,,,,,,,,,,,,,,,,,,,
Online:Radial Uppercut,,Uppercut deals 45% of its damage to all enemies near your primary target.,,,,,,,,,,,Sets,itemset,Skill Bonus,2-Piece Bonus,Area of Effect,Two Handed Weapon,Honor Guard Style,Weapon,,Blackrose Prison,,,,,,Murkmire,Murkmire,,,,,,,,,,,,,,,,,,,,,,,,,,,,
Online:Radiant Bastion,,Adds 28-1206 Maximum Health,Adds 3-129 Weapon Damage and Spell Damage,Adds 28-1206 Maximum Health,"Deal 10% of all direct damage done to you back to the attacker, up to 4250 damage.",,,,,,,,Sets,itemset,Maximum Health,Double Maximum Health,Weapon/Spell Damage,Counterattack,5-Piece Bonus,Heavy Armor,Heavy Armor,The Reach,Any Weapon,Jewelry,Arkthzand Armory Style,,,Markarth,Markarth,,y,28-1206 Maximum,,,,,,,,,,,,,,,,,,,,,,,,,
Online:Rage of the Ursauk,,Adds 34-1487 Offensive Penetration,Adds 34-1487 Offensive Penetration,Adds 15-657 Critical Chance,"When you deal damage with a Heavy Attack, create a 12 meter area for 12 seconds that grants Empower to group members inside, increasing the damage of their Heavy Attacks against monsters by 150%. This effect can occur once every 8 seconds.",,,,,,,,Sets,itemset,Physical/Spell Penetration,Double Physical/Spell Penetration,Double Physical/Spell Penetration,Weapon/Spell Critical,Heavy Attack Bonus,Medium Armor,Area of Effect,Earthen Root Enclave,Group Bonus,Empower,5-Piece Bonus,Medium Armor,Any Weapon,Lost Depths,Lost Depths,Jewelry,,,,,,,Y'ffre's Will Style,,,,,,,,,,,,,,,,,,,,
Online:Rakkhat's Voidmantle,"Increases your damage done with non-Ultimate Heavy Attacks and decreases your damage done with Light Attacks by 50% each. Dealing damage with a Light Attack restores 431 Magicka or Stamina, depending on your equipped weapon type. This resource restore is treated as a Heavy Attack resource restore for bonuses and penalties. Your Heavy Attacks no longer restore resources.",,,,,,,,,,,,Sets,itemset,Restore Magicka,Off Balance Bonus,Restore Stamina,Increase Light/Heavy Attack Damage,Drawbacks,Medium Armor,Light Attack Bonus,Antiquities,1-Piece Bonus,Medium Armor,Unique Style,,,Elsweyr,Seasons of the Worm Cult,,,,,,,5,,,,,the antiquity,the achievement,Rakkhat's Voidmantle (achievement),,,,,,,,,armor,Rakkhat's Voidmantle,m,Mythic,,right
Online:Rallying Cry,,Adds 15-657 Critical Chance,Adds 9-424 Critical Resistance,Adds 3-129 Weapon Damage and Spell Damage,"When your healing critically strikes while Battle Spirit is active, you and group members within 12 meters of you gain 22-986 Critical Resistance and 6-300 Weapon Damage and Spell Damage for 20 seconds. Each group member affected reduces the Weapon Damage and Spell Damage by 0-15 and Critical Resistance by 1-50. This effect can occur once every 15 seconds.",,,,,,,,Sets,itemset,Weapon/Spell Critical,Double Weapon/Spell Critical,Maximum Magicka,PvP Bonus,Critical Healing Bonus,Light Armor,Group Bonus,Elite Gear Vendors,Full Group Bonus,Area of Effect,Distance Bonus,Weapon/Spell Damage,Critical Resistance,,,Drawbacks,y,,5-Piece Bonus,,,,Alliance Style,,,,,,,,,Light Armor,,,,,,,,,,,
Online:Rampaging Slash,,"When you deal damage with Low Slash, your next fully-charged Heavy Attack used within 5 seconds restores 44-1904 Magicka and Stamina.",,,,,,,,,,,Sets,itemset,Skill Bonus,Restore Magicka,Heavy Attack Bonus,Restore Stamina,2-Piece Bonus,Weapon,One Handed Weapon,Maelstrom Arena (place),Shield,Dwemer Style,,,,Orsinium,,,,,,,,,,,,,,,,,,,,,,,,,,,,,
Online:Ranger's Gait,,Adds 3-129 Stamina Recovery,Adds 15-657 Critical Chance,Adds 25-1096 Maximum Stamina,Reduce the effectiveness of snares applied to you by 50%.,,,,,,,,Sets,itemset,Stamina Recovery,Maximum Stamina,Weapon/Spell Critical,Double Stamina Recovery,Reduce Debuff Effects,Medium Armor,5-Piece Bonus,Grahtwood,Medium Armor,Any Weapon,Jewelry,Wood Elf Style,,,,,,,,3-129,,2,,1663,1,,,,,,Recovery,,,,,,Cheliceral Hook,,,,,,
Online:Rattlecage,,Adds 28-1206 Maximum Health,Adds 3-129 Weapon Damage and Spell Damage,Adds 3-129 Weapon Damage and Spell Damage,"Gain Major Brutality and Sorcery at all times, increasing your Weapon Damage and Spell Damage by 20%.",,,,,,,,Sets,itemset,Maximum Health,Double Weapon/Spell Damage,Weapon/Spell Damage,Double Weapon/Spell Damage,Triple Weapon/Spell Damage,Heavy Armor,Major Brutality,Vaults of Madness,Major Sorcery,5-Piece Bonus,Heavy Armor,Any Weapon,Jewelry,,,Daedric Style,y,28-1206 Maximum,,,,3,,54249,1,Forbidden Jewels,,,,,,,,,,,,,,,,,
Online:Ravager,,Adds 15-657 Critical Chance,Adds 28-1206 Maximum Health,Adds 3-129 Weapon Damage and Spell Damage,"Each time you attempt to reduce the target's Physical Resistance or Spell Resistance, you gain a stack of Ravager for 5 seconds, increasing your Weapon Damage and Spell Damage by 3-146. You can gain a stack every 1 second. At 4 stacks, the duration doubles but cannot be refreshed.",,,,,,,,Sets,itemset,Weapon/Spell Critical,Weapon/Spell Damage,Maximum Health,Debuff Bonus,Negative Effect Bonus,Heavy Armor,Double Weapon/Spell Damage,Vlastarus,5-Piece Bonus,Heavy Armor,Any Weapon,Jewelry,Alliance Style,,,Alliance Point Cost,y,28-1206 Maximum,,,,,,,,,,,,,,,,,,,,,,,,,
Online:Reactive Armor,,Adds 25-1096 Maximum Stamina,Adds 3-129 Stamina Recovery,Adds 28-1206 Maximum Health,"After you are affected by a disabling effect, your damage taken is reduced by 33% for 5 seconds. This effect can occur every 20 seconds.",,,,,,,,Sets,itemset,Maximum Stamina,Maximum Health,Stamina Recovery,Negative Effect on Friendly Bonus,Reduce Damage Taken,Heavy Armor,5-Piece Bonus,Tel Var Merchants,Heavy Armor,Any Weapon,Jewelry,Alliance Style,Tel Var Cost,Imperial City,,,,28-1206 Maximum,,25-1096 Maximum,,,,,,,,,,,Recovery,,,,,,,,,,,,
Online:Reawakened Hierophant,,Adds 17-731 Maximum Stamina,Adds 17-731 Maximum Stamina,Adds 17-731 Maximum Stamina,"Casting a non-Ultimate Curative Runeform ability grants an effect for 6 seconds to your affected allies based on how many Crux you had. At 1 Crux, allies gain a damage shield that absorbs 3618 damage. At 2 Crux, allies gain Minor Heroism, granting 1 Ultimate every 1.5 seconds. At 3 Crux, allies gain Major Protection, reducing damage taken by 10%.",,,,,,,,Sets,itemset,Maximum Magicka,Double Maximum Magicka,Maximum Stamina,Double Maximum Stamina,Triple Maximum Magicka,All Weights,Triple Maximum Stamina,Infinite Archive,Skill Bonus,Class Abilities Bonus,Damage Shield,Minor Heroism,Major Protection,,,5-Piece Bonus,,,Light Armor,17-731 Maximum,17-731 Maximum,,Medium Armor,,,,,,,,,Heavy Armor,,,,,,,,,,1,
Online:Recovery Convergence,,Adds 4% Healing Done,"Gain Minor Aegis at all times, reducing your damage taken from Dungeon, Trial, and Arena Monsters by 5%.",Adds 25-1096 Maximum Magicka,"While in combat, overhealing done is converted into stored energy on you for 20 seconds. After overhealing 100000 Health, your energy maxes out, granting you the Convergence Release synergy. When you activate this synergy, restore 160-6886 Stamina and Magicka to yourself and group members within 28 meters of you.",,,,,,,,Sets,itemset,Maximum Magicka,Increase Healing Done,Minor Aegis,Healing Bonus,Synergy Bonus,Light Armor,Distance Bonus,Ossein Cage,Group Bonus,Restore Magicka,Restore Stamina,5-Piece Bonus,Light Armor,2025 Content Pass,Seasons of the Worm Cult,Any Weapon,,100000,Jewelry,160-6886,25-1096 Maximum,,Coldharbour Dominator Style,,,,,,,,,,,,,,,,,,,,
Online:Red Eagle's Fury,,Adds 3-129 Weapon Damage and Spell Damage,Adds 15-657 Critical Chance,Adds 3-129 Weapon Damage and Spell Damage,Adds 10-469 Weapon Damage and Spell Damage to your Weapon Skill abilities. Increases the cost of your Weapon Skill abilities by 5%.,,,,,,,,Sets,itemset,Weapon/Spell Damage,Weapon/Spell Critical,Weapon/Spell Critical,Double Weapon/Spell Damage,Skill Bonus,All Weights,Drawbacks,Red Eagle Redoubt,5-Piece Bonus,Light Armor,Medium Armor,Heavy Armor,Any Weapon,Markarth,Markarth,Jewelry,y,,Crafting Site(s),,,,,,,,,,,,,,Red Eagle Redoubt,,,,,,,,,,
Online:Redistributor,,Adds 28-1206 Maximum Health,Adds 25-1096 Maximum Stamina,Adds 25-1096 Maximum Magicka,"When you overheal yourself, you heal a group member within 15 meters of you for 663 Health. This effect can occur once every 1 second and scales off the higher of your Max Magicka or Stamina.",,,,,,,,Sets,itemset,Maximum Health,Maximum Magicka,Maximum Stamina,Healing Bonus,Group Bonus,All Weights,Distance Bonus,Arboretum Armory,Heal Others,5-Piece Bonus,Light Armor,Medium Armor,Heavy Armor,Imperial City,Imperial City,Any Weapon,,28-1206 Maximum,Jewelry,25-1096 Maximum,25-1096 Maximum,,Crafting Site(s),,,,,,,,,,Arboretum Armory,,,,,,,,,,
Online:Reflected Fury,,Adds 28-1206 Maximum Health,Adds 28-1206 Maximum Health,Adds 25-1096 Maximum Stamina,"When you taunt an enemy, gain a stack of Broken Shards for 5 seconds, up to 5 stacks max. You can only gain one stack every 1 second. When Broken Shards ends, you release the stacks in an 8 meter blast, dealing 920 Physical damage to enemies hit and applying Major Maim to them for 3 seconds per stack of Broken Shards consumed, reducing their damage done by 10%. The damage scales off your Max Health.",,,,,,,,Sets,itemset,Maximum Health,Maximum Stamina,Double Maximum Health,Taunt Bonus,Area of Effect,Heavy Armor,Physical Damage,Bedlam Veil,Major Maim,5-Piece Bonus,Heavy Armor,Any Weapon,Jewelry,Scions of Ithelia,Scions of Ithelia,Cultist Style,,28-1206 Maximum,,25-1096 Maximum,,,,,,,,,,,,,,,,,,,,,,,
"Online:Relics of the Physician, Ansur",,Adds 25-1096 Maximum Magicka,Increases your healing done by 5%.,,,,,,,,,,Sets,itemset,,,,,,,,,,,,,,,,,,,,,25-1096 Maximum,4,,,,Healing Staff of Thorn,,,,,,,,,,,,,,,,,
Online:Relics of the Rebellion,,Adds 28-1206 Maximum Health,"When you deal damage, you have a 5% chance to gain a damage shield that absorbs 70-3010 damage for 5 seconds",,,,,,,,,,Sets,itemset,,,,,,,,,,,,,,,,,,28-1206 Maximum,,,,4,,,,Auriel's Shield,,,,,,,,,,,,,,,,,
Online:Renald's Resolve,,Adds 28-1206 Maximum Health,Adds 4% Healing Taken,Adds 28-1206 Maximum Health,"Whenever you deal direct damage, gain a stack of Resolve for 5 seconds. Each stack increases your healing received by 1% and your Physical Resistance and Spell Resistance by 9-420. This effect can occur once every half second and can stack up to 9 times.",,,,,,,,Sets,itemset,Maximum Health,Double Maximum Health,Increase Healing Received,Direct Damage Bonus,Double Increase Healing Received,Heavy Armor,Physical/Spell Resistance,Moongrave Fane,Reduce Damage Taken,5-Piece Bonus,Heavy Armor,Any Weapon,Jewelry,Scalebreaker,Scalebreaker,Moongrave Fane Style,,28-1206 Maximum,,,,,,,,,,,,,,,,,,,,,,,,,
Online:Ring of the Pale Order,"Restore 20% of the damage you deal as Health. This value is decreased by 4% per ally you are grouped with. You cannot be healed by anyone but yourself, your pets, or your Companions.",,,,,,,,,,,,Sets,itemset,Restore Health,1-Piece Bonus,Drawbacks,Jewelry,Unique Style,Jewelry,,Antiquities,,,,,,Greymoor,Markarth,,,,,,,5,,,,Aurmine Ancestral Signet,the antiquity,the achievement,Ring of the Pale Order (achievement),,,,,,,,,armor,Ring of the Pale Order,m,Mythic,,right
Online:Ring of the Wild Hunt,Increases your movement speed by 15% while in combat. Increases your movement speed by 45% while out of combat.,,,,,,,,,,,,Sets,itemset,Increase Movement Speed,Jewelry,1-Piece Bonus,Unique Style,,Jewelry,,Antiquities,,,,,,Greymoor,Greymoor,,,,,,,5,,,,Band of Water,the antiquity,the achievement,Ring of the Wild Hunt (achievement),,,,,,,,,armor,Ring of the Wild Hunt,m,Mythic,,right
Online:Ritemaster's Bond,,Adds 3-129 Magicka Recovery,Adds 4% Healing Done,Adds 25-1096 Maximum Magicka,"Healing an ally within 12 meters with a Direct Heal creates a 15 meter tether between you for 10 seconds. This effect can occur once every 15 seconds. You and allies touching the tether are healed for 981 Health every second, scaling off the higher of your Max Magicka or Stamina. If you or an ally is overhealed by the tether, they gain Minor Heroism for 1.5 seconds.",,,,,,,,Sets,itemset,Magicka Recovery,Maximum Magicka,Increase Healing Done,Healing Bonus,Distance Bonus,Light Armor,Tether,Bal Sunnar,Area of Effect,Restore Health,Heal Others,Minor Heroism,5-Piece Bonus,Scribes of Fate,Scribes of Fate,Light Armor,,981,Any Weapon,,3-129,,Jewelry,,,,,,,Recovery,,,,,,,,,,,,,
Online:Roar of Alkosh,,Adds 15-657 Critical Chance,"Gain Minor Slayer at all times, increasing your damage done to Dungeon, Trial, and Arena Monsters by 5%.",Adds 3-129 Weapon Damage and Spell Damage,"When you activate a synergy, you send a shockwave from your position that deals 318 Physical Damage and an additional 1590 Physical Damage over 10 seconds. Reduces the Physical Resistance and Spell Resistance of any enemy hit by the amount of your Weapon Damage for the duration, up to a maximum of 6000. The damage scales off the higher of your Weapon Damage and Spell Damage.",,,,,,,,Sets,itemset,Weapon/Spell Critical,Weapon/Spell Damage,Minor Slayer,Synergy Bonus,Area of Effect,Medium Armor,Physical Damage,Maw of Lorkhaj,Damage Over Time,Reduce Enemy Defense,5-Piece Bonus,Medium Armor,Any Weapon,Thieves Guild,Thieves Guild,Jewelry,y,,Dro-m'Athra Style,,,,,,,,,,,,,,,,,,,,,,,,
Online:Roaring Opportunist,,Adds 3-129 Weapon Damage and Spell Damage,"Gain Minor Slayer at all times, increasing your damage done to Dungeon, Trial, and Arena Monsters by 5%.",Adds 3-129 Weapon Damage and Spell Damage,"After completing a fully-charged Heavy Attack, you and up to 5 group members gain Major Slayer, increasing your damage done to Dungeon, Trial, and Arena Monsters by 10% for 1 second for every 600 Spell Damage or 6300 Magicka you have. Roaring Opportunist can only affect a target every 22 seconds. Maximum duration 12 seconds.",,,,,,,,Sets,itemset,Physical/Spell Penetration,Weapon/Spell Damage,Minor Slayer,Heavy Attack Bonus,Major Slayer,Light Armor,Group Bonus,Kyne's Aegis,5-Piece Bonus,Light Armor,Any Weapon,Jewelry,Sea Giant Style,Greymoor,Greymoor,,y,,,,6300,,,,,,,,,,,,,,,,,,,,,,
Online:Robes of Alteration Mastery,,Adds 3-129 Magicka Recovery,Adds 3-129 Magicka Recovery,Adds 15-657 Critical Chance,Reduces the cost of all of your abilities by 6%.,,,,,,,,Sets,itemset,Magicka Recovery,Weapon/Spell Critical,Double Magicka Recovery,Reduce Magicka Cost,Reduce Stamina Cost,Light Armor,Reduce Health Cost,Cropsford,Reduce Ultimate Cost,5-Piece Bonus,Light Armor,Any Weapon,Jewelry,,,Alliance Style,,,Alliance Point Cost,,3-129,,,,,,,,,Recovery,,,,,,,,,,,,,
Online:Robes of Destruction Mastery,,Adds 25-1096 Maximum Magicka,Adds 15-657 Critical Chance,Adds 3-129 Weapon Damage and Spell Damage,"While you have a Destruction Staff equipped, your Max Magicka is increased by 66-2840.",,,,,,,,Sets,itemset,Maximum Magicka,Weapon/Spell Damage,Weapon/Spell Critical,Weapon/Spell Damage,Double Maximum Magicka,Light Armor,Light Armor,Dragonstar Arena,High Elf Style,5-Piece Bonus,Destruction Staff,Jewelry,,,,,y,,,,25-1096 Maximum,,,,,,,,,,,,,,,,,,,,,,
Online:Robes of Transmutation,,Adds 9-424 Critical Resistance,Adds 4% Healing Done,Adds 15-657 Critical Chance,"When you heal yourself or an ally with a healing over time ability, grant them 31-1363 Critical Resistance for 4 seconds.",,,,,,,,Sets,itemset,Magicka Recovery,Weapon/Spell Critical,Double Magicka Recovery,Healing Bonus,Critical Resistance,Light Armor,5-Piece Bonus,Elite Gear Vendors,Light Armor,Any Weapon,Jewelry,Alliance Style,Alliance Point Cost,,,,,,,,,,,,,,,,,,,,,,,,,,,,,,
Online:Robes of the Hist,,Adds 28-1206 Maximum Health,Adds 3-129 Weapon Damage and Spell Damage,Adds 25-1096 Maximum Magicka,"After being hit by a disabling effect, immobilization, or snare, you heal for 46-2000 Health every 1 second for 5 seconds. The effect can apply once every second, but cannot stack.",,,,,,,,Sets,itemset,Maximum Health,Maximum Magicka,Weapon/Spell Damage,Negative Effect on Friendly Bonus,Restore Health,Light Armor,5-Piece Bonus,Shadowfen,Light Armor,Any Weapon,Jewelry,Argonian Style,,,,,y,28-1206 Maximum,,,25-1096 Maximum,2,,10283,,Bogstaff,,,,,,,,,,,,,,,,,
Online:Robes of the Withered Hand,,Adds 3-129 Magicka Recovery,Adds 25-1096 Maximum Magicka,Adds 28-1206 Maximum Health,"When you are within 28 meters of an enemy you are in combat with, and the enemy dies, you heal for 38-1637 Health and gain 38-1637 Magicka. This effect can occur once every 3 seconds.",,,,,,,,Sets,itemset,Magicka Recovery,Maximum Health,Maximum Magicka,Distance Bonus,Kill Bonus,Light Armor,Restore Health,Alik'r Desert,Restore Magicka,5-Piece Bonus,Light Armor,Any Weapon,Jewelry,,,Unique Style,,28-1206 Maximum,Worm Cult Style,,3-129,2,,7514,1,Harpy Feather Shirt,,,,Recovery,,,,,,,,,,,,,
Online:Roksa the Warped (set),Adds 1-70 Health Recovery,"Each second you are in combat, gain a stack of Darklight, up to 30 stacks max. Each stack of Darklight increases your Stamina Recovery, Magicka Recovery, and Health Recovery by 8. Each second you are out of combat, lose a stack of Darklight.",,,,,,,,,,,Sets,itemset,Stamina Recovery,Health Recovery,Magicka Recovery,Double Stamina Recovery,Double Magicka Recovery,Monster Helm Sets,Double Health Recovery,Bal Sunnar,Undaunted Style,2-Piece Bonus,Head and Shoulders,,,Scribes of Fate,Scribes of Fate,,,1-70,,1-70,1-70,,,,,,the item set,the enemy,Roksa the Warped,Recovery,Recovery,,,Bal Sunnar,Urgarlag Chief-bane,Matriarch Lladi Telvanni,,,,,,,
Online:Rourken Steamguards,"While actively Bracing, you gain Steam Guardian for 0.5 seconds, reducing your damage taken by 90%. This effect activates only upon the start of Bracing and can occur once every 10 seconds. Blocking any attack while Steam Guardian is active reduces its cooldown by 5 seconds, up to once per application of the effect.",,,,,,,,,,,,Sets,itemset,Block Bonus,1-Piece Bonus,Reduce Damage Taken,Heavy Armor,Unique Style,Heavy Armor,,Antiquities,,,,,,Greymoor,Gold Road,,,,,,,5,,,,Heartland-Leather Gloves,the antiquity,the achievement,Rourken Steamguards (achievement),,,,,,,,,armor,Rourken Steamguards,m,Mythic,,right
Online:Runecarver's Blaze,,Adds 3-129 Weapon Damage and Spell Damage,Adds 3-129 Weapon Damage and Spell Damage,Adds 34-1487 Offensive Penetration,Your damage over time effects deal an additional 209 Flame damage every third damage tick. This damage scales off your Weapon Damage and Spell Damage.,,,,,,,,Sets,itemset,Weapon/Spell Damage,Double Weapon/Spell Damage,Double Weapon/Spell Damage,Physical/Spell Penetration,Damage Over Time Bonus,Light Armor,Flame Damage,Scrivener's Hall,5-Piece Bonus,Light Armor,Any Weapon,Jewelry,,Scribes of Fate,Scribes of Fate,Scribes of Mora Style,y,,,,,,,,,,,,,,,,,,,,,,,,,,
Online:Rush of Agony,,Adds 3-129 Stamina Recovery,Adds 3-129 Weapon Damage and Spell Damage,Adds 34-1487 Offensive Penetration,"Dealing direct damage with a Blink, Charge, Leap, Teleport, or Pull ability creates an area under the enemy that pulls enemies within 12 meters after 0.8 seconds. After 2 seconds, deal 1705 Physical damage to all enemies within 7 meters of you. This effect can occur once every 8 seconds and scales off the higher of your Weapon Damage and Spell Damage. The pull will not apply Crowd Control Immunity but works once every 7 seconds per target.",,,,,,,,Sets,itemset,Stamina Recovery,Physical/Spell Penetration,Weapon/Spell Damage,Physical/Spell Penetration,Direct Damage Bonus,Medium Armor,Gap Close Bonus,The Dread Cellar,Crowd Control,Pull,Area of Effect,Physical Damage,5-Piece Bonus,Waking Flame,Waking Flame,Medium Armor,y,,Any Weapon,3-129,,,Jewelry,,,,,,,,Recovery,Crimson Oath Style,,,,,,,,,,,
Online:Salvation,,Adds 25-1096 Maximum Stamina,Adds 3-129 Stamina Recovery,Adds 25-1096 Maximum Stamina,"Reduces the cost of your Werewolf Transformation ability by 33%. While in Werewolf form, your Weapon Damage and Spell Damage is increased by 5-150.",,,,,,,,Sets,itemset,Maximum Stamina,Stamina Recovery,Double Maximum Stamina,Reduce Ultimate Cost,Skill Bonus,Medium Armor,Ultimate Bonus,Malabal Tor,Weapon/Spell Damage,5-Piece Bonus,Medium Armor,Any Weapon,Jewelry,,,High Elf Style,y,,,25-1096 Maximum,,3,,34754,1,,,,,,Recovery,,,,,,Dead Man's Ring of Salvation,,,,,,
Online:Sanctuary,,Adds 28-1206 Maximum Health,Adds 4% Healing Taken,Adds 25-1096 Maximum Magicka,Increases your healing received by 10% for you and up to 11 group members within 10 meters of you. This bonus persists through death.,,,,,,,,Sets,itemset,Maximum Health,Maximum Magicka,Increase Healing Received,Group Bonus,Full Group Bonus,Light Armor,Distance Bonus,The Banished Cells,,Double Increase Healing Received,5-Piece Bonus,Light Armor,Any Weapon,,,Jewelry,,28-1206 Maximum,Orcish Style,,25-1096 Maximum,3,,29069,1,Angata's Signet,,,,,,,,,,,,,,,,,
Online:Savage Werewolf,,Adds 15-657 Critical Chance,Adds 3-129 Weapon Damage and Spell Damage,Adds 3-129 Weapon Damage and Spell Damage,"Your Light Attacks made within melee range rend flesh, causing your enemy to bleed for 290 Bleed damage instantly and additionally every 2 seconds for 4 seconds. This effect scales off the higher of your Weapon Damage and Spell Damage. If you are in Werewolf Transformation, you also gain 6% damage done.",,,,,,,,Sets,itemset,Maximum Stamina,Stamina Recovery,Weapon/Spell Damage,Light Attack Bonus,Distance Bonus,Medium Armor,Bleed Damage,Moon Hunter Keep,Damage Over Time,5-Piece Bonus,Medium Armor,Any Weapon,Jewelry,Wolfhunter,Wolfhunter,Silver Dawn Style,y,,,,,,,,,,,,,,,,,,,,,,,,,,
Online:Saxhleel Champion,,Adds 25-1096 Maximum Magicka,"Gain Minor Aegis at all times, reducing your damage taken from Dungeon, Trial, and Arena Monsters by 5%.",Adds 25-1096 Maximum Stamina,"When you use an Ultimate ability while in combat, you and up to 11 group members within 28 meters of you gain Major Force for 1 second per 15 Ultimate spent, increasing your Critical Damage done by 20%.",,,,,,,,Sets,itemset,Maximum Magicka,Maximum Stamina,Minor Aegis,Ultimate Bonus,Group Bonus,Heavy Armor,Full Group Bonus,Rockgrove,Distance Bonus,Major Force,5-Piece Bonus,Heavy Armor,Any Weapon,Blackwood,Blackwood,Jewelry,,,Sul-Xan Style,25-1096 Maximum,25-1096 Maximum,,,,,,,,,,,,,,,,,,,,,15,
Online:Scathing Mage,,Adds 25-1096 Maximum Magicka,Adds 15-657 Critical Chance,Adds 15-657 Critical Chance,"When you deal direct damage, you have a 20% chance to increase your Weapon Damage and Spell Damage by 12-516 for 5 seconds. This effect can occur once every 5 seconds.",,,,,,,,Sets,itemset,Maximum Magicka,Double Weapon/Spell Critical,Weapon/Spell Critical,Double Weapon/Spell Critical,Direct Damage Bonus,Light Armor,Weapon/Spell Damage,Imperial City Prison,5-Piece Bonus,Light Armor,Any Weapon,Jewelry,Xivkyn Style,Imperial City,Imperial City,,y,,,,25-1096 Maximum,3,,69400,1,,,,,,,,,,,,Abomination's Clout,,,,,,
Online:Scavenging Demise,,Adds 3-129 Weapon Damage and Spell Damage,Adds 15-657 Critical Chance,Adds 15-657 Critical Chance,"When you deal Critical Poison Damage to an enemy, summon the Scavenging Maw which attacks your enemy after 2 seconds. The Scavenging Maw deals 2587 Poison damage and inflicts Minor Vulnerability for 15 seconds, increasing their damage taken by 5%. This effect can occur every 10 seconds and scales off the higher of your Weapon Damage and Spell Damage.",,,,,,,,Sets,itemset,Weapon/Spell Damage,Weapon/Spell Critical,Weapon/Spell Critical,Double Weapon/Spell Critical,Critical Damage Bonus,Medium Armor,Poison Damage Bonus,Depths of Malatar,Summon,Poison Damage,Minor Vulnerability,5-Piece Bonus,Medium Armor,Wrathstone,Wrathstone,Any Weapon,y,,Jewelry,,,,Meridian Style,,,,,,,,,,,,,,,,,,,,
Online:Scorion's Feast,,Adds 25-1096 Maximum Magicka,Adds 3-129 Magicka Recovery,Adds 3-129 Weapon Damage and Spell Damage,"When you deal damage with a fully-charged Heavy Attack, you gain an Imbued Aura for 10 seconds, granting you and up to 3 other group members 7-307 Magicka and Stamina Recovery. This effect can occur once every 20 seconds. If you deal damage with a fully-charged Heavy Attack with an Imbued Aura active, consume it and gain an Overflow Aura for 10 seconds, granting you and up to 3 other group members 7-307 Weapon Damage and Spell Damage.",,,,,,,,Sets,itemset,Maximum Magicka,Weapon/Spell Damage,Magicka Recovery,Heavy Attack Bonus,Group Bonus,Light Armor,Stamina Recovery,The Dread Cellar,Double Magicka Recovery,Double Weapon/Spell Damage,5-Piece Bonus,Light Armor,Any Weapon,Waking Flame,Waking Flame,Jewelry,y,,Crimson Oath Style,,25-1096 Maximum,,,,,,,,,Recovery,Recovery,,,,,,,,,,,,
Online:Scourge Harvester,Adds 28-1206 Maximum Health,"When you take damage, you have a 10% chance to tether to your enemy for 6 seconds, as long as you remain within 8 meters of them. While tethered, you deal 311 Magic damage every second to the enemy, heal for the damage caused, and gain Major Vitality, increasing your healing received and damage shield strength by 12%. This effect can occur once every 6 seconds and scales off your Max Health.",,,,,,,,,,,Sets,itemset,Maximum Health,Tether,Counterattack,Area of Effect,Magic Damage,Monster Helm Sets,Damage Over Time,Wayrest Sewers II,Restore Health,Major Vitality,Undaunted Style,2-Piece Bonus,Head and Shoulders,,,,,28-1206 Maximum,,,,,,,,,,,,,,,,Wayrest Sewers II,Maj al-Ragath,Allene Pellingare or Varaine Pellingare,,,,,,,
Online:Sea-Serpent's Coil,"While at full Health, you gain 40% damage reduction. After taking damage while at full Health in combat, you gain Serpent's Rebuke for 10 seconds, snaring yourself by 40% and gaining Major Berserk and Major Courage, increasing your damage done by 10% and Weapon Damage and Spell Damage by 430. The damage resistance does not apply while Serpent's Rebuke is active.",,,,,,,,,,,,Sets,itemset,Full Health Bonus,Counterattack,Reduce Damage Taken,Drawbacks,Major Berserk,Jewelry,Major Courage,Antiquities,1-Piece Bonus,Jewelry,Unique Style,,,Greymoor,High Isle,,y,,,,,5,,,,Black Eltheric Pearls,the antiquity,the achievement,Sea-Serpent's Coil (achievement),,,,,,,,,armor,Sea-Serpent's Coil,m,Mythic,,right
Online:Seeker Synthesis,,Adds 28-1206 Maximum Health,Adds 25-1096 Maximum Magicka,Adds 25-1096 Maximum Stamina,"When you cast an ability that costs resources while in combat, you reduce your potion cooldown by 1 second. This effect can occur once every 2 seconds.",,,,,,,,Sets,itemset,Maximum Health,Maximum Stamina,Maximum Magicka,Skill Bonus,Reduce Potion Cooldown,All Weights,5-Piece Bonus,Versicolor Carrels,Light Armor,Medium Armor,Heavy Armor,Any Weapon,Jewelry,Necrom,Necrom,Crafting Site(s),,28-1206 Maximum,,25-1096 Maximum,25-1096 Maximum,,,,,,,,,,,,Versicolor Carrels,,,,,,,,,,
Online:Selene (set),Adds 3-129 Weapon Damage and Spell Damage,"When you deal Martial melee damage, you call upon a primal spirit that mauls the closest enemy in front of you after 1.3 seconds for 1702 Physical damage. This effect can occur once every 6 seconds and scales off the higher of your Weapon Damage and Spell Damage.",,,,,,,,,,,Sets,itemset,Weapon/Spell Damage,Physical Damage,Melee Damage Bonus,Area of Effect,Undaunted Style,Monster Helm Sets,2-Piece Bonus,Selene's Web,Head and Shoulders,,,,,,,,y,,,,,,,,,,the item set,the enemy,Selene,,,,,Selene's Web,Glirion the Redbeard,Selene,,,,,,,
Online:Sellistrix,Adds 25-1096 Maximum Stamina,"When you deal damage you create an earthquake under the enemy that erupts after 1.5 seconds, dealing 975 Physical damage to all enemies within 4 meters and stunning them for 3 seconds. This effect can occur once every 6 seconds and the damage scales off the higher of your Weapon Damage and Spell Damage.",,,,,,,,,,,Sets,itemset,Maximum Stamina,Physical Damage,Area of Effect,Crowd Control,Undaunted Style,Monster Helm Sets,2-Piece Bonus,Arx Corinium,Head and Shoulders,,,,,,,,y,,,25-1096 Maximum,,,,,,,the item set,the enemy,Sellistrix the Lamia Queen,,,,,Arx Corinium,Glirion the Redbeard,Sellistrix the Lamia Queen,,,,,,,
Online:Senchal Defender,,Adds 25-1096 Maximum Stamina,Adds 28-1206 Maximum Health,Adds 25-1096 Maximum Magicka,"Dealing direct damage with a non-Heavy Attack grants you one persistent stack of Senchal's Duty, up to 10 stacks. After completing a fully-charged Heavy Attack, restore 17-757 Stamina and Magicka for each stack of Senchal's Duty and consume them. You can only gain one stack of Senchal's Duty every 1 second.",,,,,,,,Sets,itemset,Maximum Stamina,Maximum Magicka,Maximum Health,Direct Damage Bonus,Heavy Attack Bonus,Heavy Armor,Restore Stamina,Southern Elsweyr,Restore Magicka,5-Piece Bonus,Heavy Armor,Any Weapon,Jewelry,Dragonhold,Dragonhold,Shield of Senchal Style,,28-1206 Maximum,,25-1096 Maximum,25-1096 Maximum,2,,153837,1,Forsaken Citadel Armor,,,,,,,,,,,,,,,,,
Online:Senche's Bite,,Adds 3-129 Stamina Recovery,Adds 15-657 Critical Chance,Adds 25-1096 Maximum Stamina,"Whenever you successfully Dodge, increase your Critical Damage and Critical Healing by 0-15% for 10 seconds.",,,,,,,,Sets,itemset,Stamina Recovery,Maximum Stamina,Weapon/Spell Critical,Dodge Bonus,Increase Critical Damage,Medium Armor,Increase Critical Healing,Reaper's March,5-Piece Bonus,Medium Armor,Any Weapon,Jewelry,Khajiit Style,,,,,,,3-129,,3,,34798,1,,,,,,Recovery,,,,,,Limb-Render of the Senche,,,,,,
Online:Senche-raht's Grit,,Adds 4% Healing Done,Adds 28-1206 Maximum Health,Adds 4% Healing Taken,"After being damaged by a damage over time ability, increase your Healing Received by 0-6% and your Physical Resistance and Spell Resistance by 60-2585 for 3 seconds.",,,,,,,,Sets,itemset,Increase Healing Done,Increase Healing Received,Maximum Health,Counterattack,Double Increase Healing Received,All Weights,Physical/Spell Resistance,Starlight Adeptorium,Reduce Damage Taken,5-Piece Bonus,Light Armor,Medium Armor,Heavy Armor,Elsweyr,Elsweyr,Any Weapon,,28-1206 Maximum,Jewelry,,,,Crafting Site(s),,,,,,,,,,Starlight Adeptorium,,,,,,,,,,
Online:Sentinel of Rkugamz (set),Adds 4% Healing Done,When you heal yourself or an ally you summon a Dwemer spider that heals for 23-1000 Health and restores 2-125 Magicka and Stamina to you and your allies within 5 meters every 1 second for 8 seconds. This effect can occur once every 15 seconds.,,,,,,,,,,,Sets,itemset,Increase Healing Done,Summon,Healing Bonus,Area of Effect,Restore Health,Monster Helm Sets,Restore Stamina,Darkshade Caverns I,Restore Magicka,Heal Others,Undaunted Style,2-Piece Bonus,Head and Shoulders,,,,,23-1000,,,,,,,,,the item set,the enemy,Sentinel of Rkugamz,,,,,Darkshade Caverns I,Maj al-Ragath,Sentinel of Rkugamz,,,,,,,
Online:Sentry (set),,Adds 9-424 Critical Resistance,Adds 3-129 Weapon Damage and Spell Damage,Adds 15-657 Critical Chance,"When you begin to crouch, gain Stealth Detection for 10 seconds. This effect can only be activated every 30 seconds.",,,,,,,,Sets,itemset,Maximum Stamina,Weapon/Spell Critical,Weapon/Spell Damage,Weapon/Spell Critical,Double Weapon/Spell Damage,Medium Armor,Crouch Bonus,Bruma,Detection,5-Piece Bonus,Medium Armor,Any Weapon,Jewelry,,,Alliance Style,y,,Alliance Point Cost,,,,,,,,,,,,,,,,,,,,,,,,
Online:Sergeant's Mail,,Adds 28-1206 Maximum Health,Adds 3-129 Health Recovery,Adds 3-129 Weapon Damage and Spell Damage,"When you deal damage with a Heavy Attack, you gain a stack of Sergeant's Focus for 5 seconds, increasing the damage of your Heavy Attacks by 15-645 per stack. This effect can occur once every second and stacks up to 4 times.",,,,,,,,Sets,itemset,Maximum Health,Weapon/Spell Damage,Health Recovery,Heavy Attack Bonus,Increase Light/Heavy Attack Damage,Heavy Armor,5-Piece Bonus,Wayrest Sewers,Heavy Armor,Any Weapon,Jewelry,Dark Elf Style,,,,,y,28-1206 Maximum,,,,3,,16228,1,,,,,,,,,,,,Mightmaker,,,,,,
Online:Serpent's Disdain,,Adds 25-1096 Maximum Stamina,Adds 28-1206 Maximum Health,Adds 25-1096 Maximum Magicka,Increase the duration of Status Effects you apply by 16 seconds.,,,,,,,,Sets,itemset,Maximum Stamina,Maximum Magicka,Maximum Health,Status Effect Bonus,Increase Effect Duration,All Weights,Light Armor,Stonelore Forge and Craft,Medium Armor,Heavy Armor,Any Weapon,Jewelry,Crafting Site(s),High Isle,High Isle,,,28-1206 Maximum,,25-1096 Maximum,25-1096 Maximum,,,,,,,,,,,,Stonelore Forge and Craft,,,,,,,,,,
Online:Seventh Legion Brute,,Adds 3-129 Weapon Damage and Spell Damage,Adds 3-129 Health Recovery,Adds 15-657 Critical Chance,"When you cast an ability that grants Major or Minor Resolve while in combat, you gain 7-341 Weapon Damage and Spell Damage and 7-341 Health Recovery for 15 seconds. This effect can occur every 15 seconds.",,,,,,,,Sets,itemset,Weapon/Spell Damage,Weapon/Spell Critical,Health Recovery,Skill Bonus,Buff Bonus,Heavy Armor,Double Weapon/Spell Damage,Bangkorai,Double Health Recovery,5-Piece Bonus,Heavy Armor,Any Weapon,Jewelry,,,Orcish Style,y,3-129,,,,2,,15616,1,,,,,,,,,,,,A Cheap Trinket,,,,,,
Online:Shacklebreaker,,Adds 3-129 Stamina Recovery,Adds 3-129 Magicka Recovery,Adds 3-129 Weapon Damage and Spell Damage,Adds 48-2065 Maximum Magicka,,,,,,,,Sets,itemset,Weapon/Spell Damage,Stamina Recovery,Magicka Recovery,Maximum Magicka,Maximum Stamina,All Weights,5-Piece Bonus,Zergonipal,Light Armor,Medium Armor,Heavy Armor,Any Weapon,Jewelry,Morrowind,Morrowind,Crafting Site(s),y,,,3-129,3-129,,,,,,,,,Recovery,Recovery,,Zergonipal,,,,,,,,,,
Online:Shadow Dancer's Raiment,,Adds 25-1096 Maximum Magicka,Adds 25-1096 Maximum Magicka,Adds 3-129 Weapon Damage and Spell Damage,"After leaving Sneak or invisibility, you dodge all incoming attacks within the next 1 second. This effect can occur once every 8 seconds.",,,,,,,,Sets,itemset,Maximum Magicka,Weapon/Spell Damage,Double Maximum Magicka,Stealth Bonus,Dodge,Light Armor,5-Piece Bonus,Greenshade,Light Armor,Any Weapon,Jewelry,Thieves Guild Style,,,,,y,,,,25-1096 Maximum,2,,10883,1,Ashenblade,,,,,,,,,,,,,,,,,
Online:Shadow Walker (set),,Adds 3-129 Weapon Damage and Spell Damage,Adds 25-1096 Maximum Stamina,Adds 3-129 Stamina Recovery,"While you are Sneaking or invisible and are not moving, heal for 50-2150 Health and restore 50-2150 Stamina every 1 second.",,,,,,,,Sets,itemset,Weapon/Spell Damage,Stamina Recovery,Maximum Stamina,Improved Stealth,Standing Still Bonus,Medium Armor,Restore Health,Bruma,Restore Stamina,5-Piece Bonus,Medium Armor,Any Weapon,Jewelry,,,Alliance Style,y,50-2150,Alliance Point Cost,25-1096 Maximum,,,,,,,,,,,Recovery,,,,,,,,,,,,
Online:Shadow of the Red Mountain,,Adds 3-129 Weapon Damage and Spell Damage,Adds 25-1096 Maximum Stamina,Adds 15-657 Critical Chance,"When you deal damage with a weapon, you spawn a volcano that erupts after 1 second, launching liquid hot lava at the closest enemy dealing 1860 Flame damage. This effect can occur once every 8 seconds and scales off the higher of your Weapon Damage and Spell Damage.",,,,,,,,Sets,itemset,Weapon/Spell Damage,Weapon/Spell Critical,Maximum Stamina,Critical Damage Bonus,Distance Bonus,Medium Armor,Flame Damage,Stonefalls,5-Piece Bonus,Medium Armor,Any Weapon,Jewelry,Ashlander Style,,,,y,,,25-1096 Maximum,,2,,7410,1,,,,,,,,,,,,Ahknara's Silent Slippers,,,,,,
Online:Shadowrend (set),Adds 3-129 Magicka Recovery,"When you take damage, you summon a shadowy Clannfear for 15 seconds. The Clannfear's attacks deal 615 Magic damage and apply Minor Maim, reducing the target's damage done by 5% for 2 seconds. The Clannfear can be summoned once every 15 seconds and its damage scales off your Max Health.",,,,,,,,,,,Sets,itemset,Magicka Recovery,Summon,Counterattack,Magic Damage,Minor Maim,Monster Helm Sets,Undaunted Style,The Banished Cells I,2-Piece Bonus,Head and Shoulders,,,,,,,,Max,,,3-129,,,,,,the item set,the enemy,Shadowrend,Recovery,,,,The Banished Cells I,Maj al-Ragath,Shadowrend,,,,,,,
Online:Shalidor's Curse,,Adds 28-1206 Maximum Health,Adds 4% Healing Taken,Adds 28-1206 Maximum Health,"While you are under 50% Health, dealing damage with a Light or Heavy Attack heals you for 941 Health. This effect can occur once every 1 second and scales off the higher of your Max Magicka or Stamina.",,,,,,,,Sets,itemset,Maximum Health,Increase Healing Received,Double Maximum Health,Near Death Effect,Light Attack Bonus,All Weights,Heavy Attack Bonus,Shalidor's Cursed Manufactory,Restore Health,5-Piece Bonus,Light Armor,Medium Armor,Heavy Armor,,,Any Weapon,,28-1206 Maximum,Jewelry,,,,Crafting Site(s),,,,,,,,,,Shalidor's Cursed Manufactory,,,,,,,,,,
Online:Shalk Exoskeleton,,Adds 28-1206 Maximum Health,Adds 3-129 Weapon Damage and Spell Damage,Adds 15-657 Critical Chance,"Gain Minor Heroism at all times while you are in combat, generating 1 Ultimate every 1.5 seconds.",,,,,,,,Sets,itemset,Maximum Health,Weapon/Spell Critical,Weapon/Spell Damage,Weapon/Spell Critical,Double Weapon/Spell Damage,Heavy Armor,Minor Heroism,Stonefalls,5-Piece Bonus,Heavy Armor,Any Weapon,Jewelry,Barbaric Style,,,,y,28-1206 Maximum,,,,2,,7388,1,Alexandra's Froststaff,,,,,,,,,,,,,,,,1,
Online:Shapeshifter's Chain,"Reduce the cost of your Transformation Ultimate and Werewolf abilities by 15%. While transformed, increase your Maximum Health, Stamina, and Magicka by 1707.",,,,,,,,,,,,Sets,itemset,Reduce Ultimate Cost,Reduce Magicka Cost,Reduce Stamina Cost,Skill Bonus,Maximum Health,Jewelry,Maximum Stamina,Antiquities,Maximum Magicka,,1-Piece Bonus,Jewelry,Unique Style,Greymoor,Blackwood,,,,,,,5,,,,Chain of the Bone Goliath,the antiquity,the achievement,Shapeshifter's Chain (achievement),,,,,,,,,armor,Shapeshifter's Chain,m,Mythic,,right
Online:Shared Burden,,Adds 25-1096 Maximum Stamina,Adds 28-1206 Maximum Health,Adds 25-1096 Maximum Magicka,"When you enter combat, 6% of the damage you take is transferred to your Companion instead. Reduce the damage your Companion takes by 0-16%. When your Companion dies in combat, they will automatically revive themselves after 12 seconds.",,,,,,,,Sets,itemset,Maximum Stamina,Maximum Magicka,Maximum Health,,5-Piece Bonus,All Weights,Light Armor,Salt-Air Station,Medium Armor,Heavy Armor,Any Weapon,Jewelry,Crafting Site(s),2025 Content Pass,Seasons of the Worm Cult,,,28-1206 Maximum,,25-1096 Maximum,25-1096 Maximum,,,,,,,,,,,,Salt-Air Station,,,,,,,,,,
Online:Shared Pain,,Adds 9-424 Critical Resistance,Adds 3-129 Weapon Damage and Spell Damage,Adds 3-129 Weapon Damage and Spell Damage,"Whenever you are dealt damage from a damage over time ability, you deal 139 Magic damage to the attacker. This effect scales off the higher of your Weapon Damage and Spell Damage. Reduce your damage taken from over time abilities by 8%.",,,,,,,,Sets,itemset,Maximum Stamina,Weapon/Spell Damage,Double Maximum Stamina,Counterattack,Magic Damage,Medium Armor,Reduce Damage Taken,"""Rewards for the Worthy"" mails",5-Piece Bonus,Medium Armor,Any Weapon,Jewelry,Alliance Style,,,,y,,,,,,,,,,,,,,,,,,,,,,,,,,
Online:Shattered Fate,,,,,Adds 184-7918 Offensive Penetration,,,,,Adds 15-687 Weapon Damage and Spell Damage,,Adds 35-1528 Critical Chance,Sets,itemset,Physical/Spell Penetration,Weapon/Spell Damage,Weapon/Spell Damage,Weapon/Spell Critical,5-Piece Bonus,All Weights,10-Piece Bonus,Versicolor Carrels,12-Piece Bonus,Light Armor,Medium Armor,Heavy Armor,Any Weapon,Necrom,Necrom,Jewelry,y,,Crafting Site(s),,,,,,,,,,,,,,Artisan's Hermitage,,,,,,,,,,
Online:Shattered Paths Signet,"Increase your damage done to monsters with status effects by 1% for every 1 Ultimate you have, up to 133%. The cap is halved if Feral Guardian is active. While you have 133 or more Ultimate, your Light and Heavy Attacks apply a random status effect, up to once every 2 seconds. While equipped, applies Minor Timidity to you, consuming 1 Ultimate every 1.5 seconds in combat.",,,,,,,,,,,,Sets,itemset,Increase Damage Dealt,Light Attack Bonus,Status Effect Bonus,Heavy Attack Bonus,Drawbacks,Jewelry,Ultimate Loss,Antiquities,1-Piece Bonus,Jewelry,Unique Style,,,,Season Zero,,,,,,,5,,,,Ossein Ring Mold,,,,,,,,,,,,armor,Shattered Paths Signet,m,Mythic,1,right
Online:Sheer Venom,,Adds 25-1096 Maximum Stamina,Adds 3-129 Weapon Damage and Spell Damage,Adds 3-129 Weapon Damage and Spell Damage,"When you deal damage with an Execute ability you infect the enemy, dealing 948 Poison damage over 6 seconds and dealing up to 100% more damage to enemies under 100% Health. This effect can occur once every 6 seconds per target and scales off the higher of your Weapon Damage and Spell Damage.",,,,,,,,Sets,itemset,Maximum Stamina,Double Weapon/Spell Damage,Weapon/Spell Damage,Double Weapon/Spell Damage,Skill Bonus,Medium Armor,Execute Bonus,Imperial City Prison,Poison Damage,Damage Over Time,Execute,5-Piece Bonus,Medium Armor,Imperial City,Imperial City,Any Weapon,y,100%,Jewelry,25-1096 Maximum,,3,Xivkyn Style,69398,1,,,,,,,,,,,,Toxic Cleaver,,,,,,
Online:Shell Splitter,,Adds 34-1487 Offensive Penetration,Adds 34-1487 Offensive Penetration,Adds 34-1487 Offensive Penetration,"When an enemy blocks one of your attacks, increase your Offensive Penetration by 631 for 5 seconds. This effect can stack up to 20 times. You can gain one stack every 0.5 seconds.",,,,,,,,Sets,itemset,Physical/Spell Penetration,Double Physical/Spell Penetration,Double Physical/Spell Penetration,Triple Physical/Spell Penetration,Quadruple Physical/Spell Penetration,Medium Armor,5-Piece Bonus,Rewards for the Worthy,Medium Armor,Any Weapon,Jewelry,Alliance Style,,,,,,,,,,,,,,,,,,,,,,,,,,,,,,,
Online:Shield Breaker,,Adds 15-657 Critical Chance,Adds 34-1487 Offensive Penetration,Adds 3-129 Weapon Damage and Spell Damage,Increases your damage done by 6%. This effect is doubled when attacking targets with a damage shield active.,,,,,,,,Sets,itemset,Maximum Stamina,Weapon/Spell Damage,Stamina Recovery,Increase Damage Dealt,5-Piece Bonus,Medium Armor,Medium Armor,Tel Var Merchants,Any Weapon,Jewelry,Alliance Style,Tel Var Cost,,Imperial City,,,y,,,,,,,,,,,,,,,,,,,,,,,,,,
Online:Shield of the Valiant,,Adds 28-1206 Maximum Health,Adds 4% Healing Taken,Reduces your damage taken from Players by 3%.,Reduces the cost of Break Free by 40%.,,,,,,,,Sets,itemset,Maximum Health,Reduce Damage from Players,Increase Healing Received,Improved Break Free,5-Piece Bonus,Medium Armor,Medium Armor,Bruma,Any Weapon,Jewelry,Alliance Style,Alliance Point Cost,,,,,,28-1206 Maximum,,,,,,,,,,,,,,,,,,,,,,,,,
Online:Shroud of the Lich,,Adds 3-129 Magicka Recovery,Adds 25-1096 Maximum Magicka,Adds 3-129 Magicka Recovery,"When you cast an ability that costs resources while under 33% Magicka while in combat, your Magicka Recovery is increased by 25-1106 for 20 seconds. This effect can occur once every 1 minute.",,,,,,,,Sets,itemset,Magicka Recovery,Maximum Magicka,Double Magicka Recovery,Skill Bonus,Low Magicka Bonus,Light Armor,Triple Magicka Recovery,Crypt of Hearts,5-Piece Bonus,Light Armor,Any Weapon,Jewelry,Lich Style,,,Daedric Style,,,Mixed Style,,3-129,3,Unique Style,23716,1,,,,,Recovery,,,,,,,Archmaster's Ritestaff,,,,,,
Online:Siegemaster's Focus,,Adds 9-424 Critical Resistance,Adds 28-1206 Maximum Health,Adds 34-1487 Armor,"While you are using a non-Ram Siege Weapon you are immune to knockback and disabling effects, you reduce your damage taken by 33%, and you can see enemies through walls.",,,,,,,,Sets,itemset,Maximum Stamina,Physical/Spell Resistance,Maximum Health,Immunity,Reduce Damage Taken,Heavy Armor,Detection,"""Rewards for the Worthy"" mails",5-Piece Bonus,Heavy Armor,Any Weapon,Jewelry,Alliance Style,,,,,28-1206 Maximum,,,,,,,,,,,,,,,,,,,,,,,,,
Online:Silks of the Sun,,Adds 15-657 Critical Chance,Adds 25-1096 Maximum Magicka,Adds 3-129 Weapon Damage and Spell Damage,Adds 9-400 Weapon Damage and Spell Damage to your Flame Damage abilities.,,,,,,,,Sets,itemset,Weapon/Spell Critical,Weapon/Spell Damage,Maximum Magicka,Flame Damage Bonus,5-Piece Bonus,Light Armor,Light Armor,Stonefalls,Any Weapon,Jewelry,Breton Style,,,,,,y,,,,25-1096 Maximum,3,,43017,1,,,,,,,,,,,,Ancestor's Kilt of the Sun,,,,,,
Online:Silver Rose Vigil,,Adds 25-1096 Maximum Stamina,Adds 28-1206 Maximum Health,Adds 25-1096 Maximum Stamina,"When you Block, gain a stack of Realmshaper for 15 seconds, gaining up to 1 stack every 0.5 seconds. When you reach 3 stacks, you consume them and launch necrotic energy at your attacker, dealing 3226 Magic damage and applying Major Maim for 12 seconds, reducing their damage done by 10%. Once you fire the necrotic energy, you cannot gain additional stacks of Realmshaper for 12 seconds. Damage scales off your Max Health.",,,,,,,,Sets,itemset,Maximum Stamina,Double Maximum Stamina,Maximum Health,Block Bonus,Magic Damage,Heavy Armor,Major Maim,Red Petal Bastion,5-Piece Bonus,Heavy Armor,Any Weapon,Jewelry,Silver Rose Style,Waking Flame,Waking Flame,,,28-1206 Maximum,,25-1096 Maximum,,,,,,,,,,,,,,,,,,,,,,,
Online:Sithis' Touch,,Adds 25-1096 Maximum Stamina,Adds 25-1096 Maximum Magicka,Adds 3-129 Weapon Damage and Spell Damage,When you kill an enemy you gain 5% movement speed for 30 seconds and become invisible for 3 seconds. The movement speed stacks up to 20 times.,,,,,,,,Sets,itemset,Maximum Stamina,Weapon/Spell Damage,Maximum Magicka,Kill Bonus,Increase Movement Speed,All Weights,Invisibility,Gold Coast,5-Piece Bonus,Light Armor,Medium Armor,Heavy Armor,Any Weapon,Dark Brotherhood,Dark Brotherhood,Jewelry,y,28-1206 Maximum,Dark Brotherhood Style,25-1096 Maximum,25-1096 Maximum,,,,,,,,,,,,,,,,,,,,,,
Online:Skooma Smuggler,,Adds 25-1096 Maximum Magicka,Adds 3-129 Magicka Recovery,Adds 3-129 Weapon Damage and Spell Damage,"When you drink a potion while in combat, you gain Major Expedition for 30 seconds, increasing your Movement Speed by 30%.",,,,,,,,Sets,itemset,Maximum Magicka,Weapon/Spell Damage,Magicka Recovery,Consumable Bonus,Major Expedition,Light Armor,5-Piece Bonus,Reaper's March,Light Armor,Any Weapon,Jewelry,Khajiit Style,,,,,y,,,,25-1096 Maximum,2,,10921,,Khaj Rawlith Crescent of the Smuggler,,,,Recovery,,,,,,,,,,,,,
Online:Slimecraw (set),Adds 15-657 Critical Chance,"Gain Minor Berserk at all times, increasing your damage done by 5%.",,,,,,,,,,,Sets,itemset,Weapon/Spell Critical,Undaunted Style,Minor Berserk,2-Piece Bonus,Head and Shoulders,Monster Helm Sets,,Wayrest Sewers I,,,,,,,,,,,,,,,,,,,the item set,the enemy,Slimecraw,,,,,Wayrest Sewers I,Maj al-Ragath,Slimecraw,,,,,,,
Online:Slivers of the Null Arca,,Adds 15-657 Critical Chance,"Gain Minor Slayer at all times, increasing your damage done to Dungeon, Trial, and Arena Monsters by 5%.",Adds 15-657 Critical Chance,"Dealing Critical Damage gives you a stack of Sliver for 10 seconds, up to once every 0.5 seconds. Upon gaining your third stack, they merge into a crystal that launches at the last enemy you damaged, dealing 1952 Physical damage. This effect scales off the higher of your Weapon Damage and Spell Damage, and you cannot gain Sliver for 4 seconds after the crystal is launched.",,,,,,,,Sets,itemset,Weapon/Spell Critical,Double Weapon/Spell Critical,Minor Slayer,Critical Damage Bonus,Physical Damage,Medium Armor,5-Piece Bonus,Lucent Citadel,Medium Armor,Any Weapon,Jewelry,Lucent Sentinel Style,,Gold Road,Gold Road,,y,,,,,,,,,,,,,,,,,,,,,,,,,,
Online:Sload's Semblance,,Adds 25-1096 Maximum Magicka,Adds 25-1096 Maximum Stamina,Adds 3-129 Weapon Damage and Spell Damage,"Damaging an enemy has a 10% chance to fire a Shadow Pearl at them, dealing 3% of the target's Max Health as Oblivion Damage every 1 second for 6 seconds. The Shadow Pearl cannot be reflected. Effect can occur every 6 seconds. This can deal a maximum of 69-3000 Oblivion Damage per tick.",,,,,,,,Sets,itemset,Maximum Magicka,Weapon/Spell Damage,Maximum Stamina,Damage Over Time,Irresistible Damage,All Weights,Damage Over Time,Artaeum Craftworks,5-Piece Bonus,Light Armor,Medium Armor,Heavy Armor,Any Weapon,Summerset,Summerset,Jewelry,y,Max,Crafting Site(s),25-1096 Maximum,25-1096 Maximum,,,,,,,,,,,,Artaeum Craftworks,,,,,,,,,,
Online:Sluthrug's Hunger,,Adds 3-129 Stamina Recovery,Adds 3-129 Weapon Damage and Spell Damage,Adds 34-1487 Offensive Penetration,"Healing yourself or an ally makes the recipient Blood Hungry for 3 seconds. When you deal direct damage to an enemy, the enemy becomes Bloodied for 3 seconds. Bloodied enemies take 4% more damage from and deal 4% less damage to Blood Hungry targets.",,,,,,,,Sets,itemset,Stamina Recovery,Physical/Spell Penetration,Weapon/Spell Damage,Physical/Spell Penetration,Healing Bonus,Medium Armor,Direct Damage Bonus,Oathsworn Pit,Reduce Enemy Defense,Reduce Enemy Damage Done,5-Piece Bonus,Medium Armor,Any Weapon,Scions of Ithelia,Scions of Ithelia,Jewelry,y,,The Recollection Style,3-129,,,,,,,,,,,Recovery,,,,,,,,,,,,
Online:Snake in the Stars,,Adds 3-129 Magicka Recovery,Adds 25-1096 Maximum Magicka,Adds 3-129 Weapon Damage and Spell Damage,"Applying a Major or Minor Debuff to an enemy applies Star Venom to them for 4 seconds. This effect can occur once every 12 seconds. Whenever an enemy with Star Venom is healed, they take 1170 Oblivion Damage, up to once every 0.1 seconds. An enemy can only be affected by one instance of Star Venom every 12 seconds.",,,,,,,,Sets,itemset,Magicka Recovery,Weapon/Spell Damage,Maximum Magicka,Double Magicka Recovery,Debuff Bonus,Light Armor,Irresistible Damage,Rewards for the Worthy,5-Piece Bonus,Light Armor,Any Weapon,Jewelry,Alliance Style,,,,y,,,,3-129,,,,,,,,,Recovery,,,,,,,,,,,,,
Online:Snow Treaders,"While you are in combat, you are immune to snares and immobilizations that can be cleansed, but you cannot Sprint.",,,,,,,,,,,,Sets,itemset,Immunity,Unique Style,Drawbacks,1-Piece Bonus,Medium Armor,Medium Armor,,Antiquities,,,,,,Greymoor,Greymoor,,,,,,,5,,,,,the antiquity,the achievement,Snow Treaders (achievement),,,,,,,,,armor,Snow Treaders,m,Mythic,,right
Online:Soldier of Anguish,,Adds 3-129 Weapon Damage and Spell Damage,Adds 15-657 Critical Chance,Adds 3-129 Weapon Damage and Spell Damage,"Your melee Light Attacks place a ring on the ground that explodes after 1.3 seconds, applying 112-4830 Heal Absorption to all enemies hit for 4 seconds, negating the next 112-4830 points of healing done. This effect can occur once every 6 seconds.",,,,,,,,Sets,itemset,Weapon/Spell Damage,Weapon/Spell Critical,Weapon/Spell Critical,Double Weapon/Spell Damage,Melee Damage Bonus,Medium Armor,Light Attack Bonus,Elite Gear Vendors,Area of Effect,Reduce Enemy Healing,5-Piece Bonus,Medium Armor,Any Weapon,,,Jewelry,y,,Alliance Style,,,,Alliance Point Cost,,,,,,,,,,,,,,,,,,,,
Online:Song of Lamae,,Adds 34-1487 Armor,Adds 34-1487 Armor,Adds 28-1206 Maximum Health,"When you take damage while you are under 30% Health, you deal 1377 Magic Damage to the attacker and heal for the damage done. This effect can occur once every 3 seconds and scales off your Max Health.",,,,,,,,Sets,itemset,Physical/Spell Resistance,Double Physical/Spell Resistance,Double Physical/Spell Resistance,Maximum Health,Near Death Effect,All Weights,Counterattack,,Magic Damage,Restore Health,5-Piece Bonus,Light Armor,Medium Armor,,,Heavy Armor,,28-1206 Maximum,Any Weapon,,,,Jewelry,,,,,,,,,Crafting Site(s),,,,,,,,,,,
Online:Soulcleaver,,Adds 3-129 Weapon Damage and Spell Damage,Adds 15-657 Critical Chance,Adds 3-129 Weapon Damage and Spell Damage,"While in combat, strengthens your Siphoning abilities at the cost of Ultimate: Increases the damage and healing of Siphoning abilities by 15%. Reduces the cost of Siphoning abilities by 15%. Casting Siphoning abilities drains you of 1 Ultimate and increases your damage done for 20 seconds by up to 12%, based on how high your current Health is.",,,,,,,,Sets,itemset,Weapon/Spell Damage,Double Weapon/Spell Damage,Maximum Magicka,Class Abilities Bonus,Increase Damage Dealt,All Weights,Increase Healing Done,Infinite Archive,Reduce Health Cost,Reduce Stamina Cost,Reduce Magicka Cost,Reduce Ultimate Cost,Drawbacks,,,Ultimate Loss,y,,5-Piece Bonus,,,,Light Armor,,,,,,,,,Medium Armor,,,,,,,,,,1,
Online:Soulshine,,Adds 25-1096 Maximum Magicka,Adds 15-657 Critical Chance,Adds 3-129 Weapon Damage and Spell Damage,Activating an ability with a cast or channel time grants you 8-369 Weapon Damage and Spell Damage for 5 seconds.,,,,,,,,Sets,itemset,Maximum Magicka,Weapon/Spell Damage,Weapon/Spell Critical,Weapon/Spell Damage,Skill Bonus,Heavy Armor,Double Weapon/Spell Damage,Reaper's March,5-Piece Bonus,Heavy Armor,Any Weapon,Jewelry,Khajiit Style,,,,y,,,,25-1096 Maximum,3,,34802,,Ex-Legionairy's Breastplate of Soulshine,,,,,,,,,,,,,,,,,
Online:Spattering Disjunction,,Adds 15-657 Critical Chance,Adds 3-129 Weapon Damage and Spell Damage,Adds 3-129 Weapon Damage and Spell Damage,"Dealing damage with an Arcanist ability applies two random status effects to your target and generates a Crux. This effect can occur once every 7 seconds. Dealing damage with a Herald of the Tome ability reduces this cooldown by 0.5 seconds, up to once every 1 second. Increases your damage done with status effects by 40%.",,,,,,,,Sets,itemset,Weapon/Spell Critical,Weapon/Spell Damage,Weapon/Spell Damage,Double Weapon/Spell Damage,Skill Bonus,All Weights,Class Abilities Bonus,Infinite Archive,Apply Status Effects,5-Piece Bonus,Light Armor,Medium Armor,Heavy Armor,,,Any Weapon,y,,Jewelry,,,,Reawakened Hierophant Style,,,,,,,,,,,,,,,,,,,,
Online:Spaulder of Ruin,"Activating crouch or Prowl activates and deactivates a 12 meter Aura of Pride. Up to 6 group members in the aura gain 260 Weapon Damage and Spell Damage. Reduce your Health, Magicka, and Stamina Recovery by 70 for every target benefiting from your Aura of Pride.",,,,,,,,,,,,Sets,itemset,Crouch Bonus,Area of Effect,Group Bonus,Weapon/Spell Damage,Drawbacks,Light Armor,1-Piece Bonus,Antiquities,Light Armor,Unique Style,,,,Greymoor,The Deadlands,,y,,,,,5,,,,,the antiquity,the achievement,Spaulder of Ruin (achievement),,Recovery,,,,,,,armor,Spaulder of Ruin,m,Mythic,,right
Online:Spawn of Mephala (set),Adds 25-1096 Maximum Stamina,"When you deal damage with a fully-charged Heavy Attack, you create a web under the target for 10 seconds that deals 218 Poison damage every 1 second to all enemies within 4 meters. This effect can occur once every 10 seconds and scales off the higher of your Weapon Damage and Spell Damage.",,,,,,,,,,,Sets,itemset,Maximum Stamina,Poison Damage,Heavy Attack Bonus,Damage Over Time,Crowd Control,Monster Helm Sets,Area of Effect,Fungal Grotto II,Undaunted Style,2-Piece Bonus,Head and Shoulders,,,,,,y,,,25-1096 Maximum,,,,,,,the item set,the enemy,Spawn of Mephala,,,,,Fungal Grotto II,Maj al-Ragath,Vila Theran,,,,,,,
Online:Spectral Cloak,,"Activating Blade Cloak while in combat allows you to gain Spectral Cloak whenever Blade Cloak deals damage for 2 seconds, reducing your damage taken and increasing your damage done by 6%.",,,,,,,,,,,Sets,itemset,Skill Bonus,Increase Damage Dealt,Reduce Damage Taken,2-Piece Bonus,One Handed Weapon,Weapon,Honor Guard Style,Blackrose Prison,,,,,,Murkmire,Murkmire,,,,,,,,,,,,,,,,,,,,,,,,,,,,
Online:Spectre's Eye,,Adds 34-1487 Armor,Adds 25-1096 Maximum Magicka,Adds 28-1206 Maximum Health,"When you cast a Magicka ability while in combat you gain Major Evasion for 30 seconds, reducing damage from area attacks by 20%. This effect can occur once every 30 seconds.",,,,,,,,Sets,itemset,Physical/Spell Resistance,Maximum Health,Maximum Magicka,Skill Bonus,Major Evasion,All Weights,5-Piece Bonus,Deathspinner's Lair,Light Armor,Medium Armor,Heavy Armor,Any Weapon,Jewelry,,,Crafting Site(s),,28-1206 Maximum,,,25-1096 Maximum,,,,,,,,,,,,Deathspinner's Lair,,,,,,,,,,
Online:Spell Parasite,,Adds 3-129 Weapon Damage and Spell Damage,Adds 15-657 Critical Chance,Adds 25-1096 Maximum Magicka,"Whenever you deal damage, you restore 1-63 Magicka. This effect can occur once every 0.25 seconds.",,,,,,,,Sets,itemset,Weapon/Spell Damage,Weapon/Spell Critical,Weapon/Spell Critical,Maximum Magicka,Restore Magicka,All Weights,5-Piece Bonus,Parasite's Cave,Light Armor,Medium Armor,Heavy Armor,Any Weapon,Jewelry,Greymoor,Greymoor,Crafting Site(s),y,,,,25-1096 Maximum,,,,,,,,,,,,Parasite's Cave,,,,,,,,,,
Online:Spell Power Cure,,Adds 25-1096 Maximum Magicka,Adds 25-1096 Maximum Magicka,Adds 3-129 Weapon Damage and Spell Damage,"When you overheal yourself or an ally, you give the target Major Courage for 5 seconds which increases their Weapon Damage and Spell Damage by 430.",,,,,,,,Sets,itemset,Maximum Magicka,Weapon/Spell Damage,Double Maximum Magicka,Healing Bonus,Major Courage,Light Armor,5-Piece Bonus,White-Gold Tower,Light Armor,Any Weapon,Jewelry,Xivkyn Style,,Imperial City,Imperial City,,y,,,,25-1096 Maximum,3,,114285,1,,,,,,,,,,,,Mara's Blessing of Spell Power Cure,,,,,,
Online:Spell Strategist,,Adds 3-129 Weapon Damage and Spell Damage,Adds 3-129 Weapon Damage and Spell Damage,Adds 3-129 Weapon Damage and Spell Damage,"When you deal damage with a Light Attack, you place a mark over your target for 5 seconds, granting you 10-460 Weapon Damage and Spell Damage against your marked target. This effect can occur every 4 seconds.",,,,,,,,Sets,itemset,Maximum Magicka,Double Weapon/Spell Damage,Weapon/Spell Damage,Double Weapon/Spell Damage,Light Attack Bonus,Light Armor,Negative Effect Bonus,Elite Gear Vendors,5-Piece Bonus,Light Armor,Any Weapon,Jewelry,Alliance Style,,,Alliance Point Cost,y,,,,,,,,,,,,,,,,,,,,,,,,,,
Online:Spellshredder,,Adds 34-1487 Offensive Penetration,Adds 34-1487 Offensive Penetration,Adds 15-657 Critical Chance,Increase your damage done against enemies by 2% for each Damage Shield or healing over time effect on them.,,,,,,,,Sets,itemset,,,,,,,,,,,,,,Feast of Shadows,,,,,,,,,,,,,,,,,,,,,,,,,,,,,
Online:Spelunker,,Adds 25-1096 Maximum Stamina,Adds 3-129 Stamina Recovery,Adds 3-129 Weapon Damage and Spell Damage,Reduces the cost of your Undaunted abilities by 10%. When an ally uses one of your Undaunted ability synergies you restore 16-730 Magicka and Stamina. This effect can occur once every 5 seconds.,,,,,,,,Sets,itemset,Maximum Stamina,Weapon/Spell Damage,Stamina Recovery,Skill Bonus,Reduce Magicka Cost,Medium Armor,Reduce Stamina Cost,Spindleclutch,Reduce Health Cost,Synergy Bonus,Restore Stamina,Restore Magicka,5-Piece Bonus,,,Medium Armor,y,,Any Weapon,25-1096 Maximum,,3,Jewelry,61001,1,Aegis of Meridia,,,,,Recovery,Mercenary Style,,,,,Bloodfury,,,,,,
Online:Spider Cultist Cowl,,Adds 15-657 Critical Chance,Adds 25-1096 Maximum Magicka,Adds 3-129 Weapon Damage and Spell Damage,Adds 13-600 Weapon Damage and Spell Damage to your Destruction Staff abilities.,,,,,,,,Sets,itemset,Weapon/Spell Critical,Weapon/Spell Damage,Maximum Magicka,Skill Bonus,5-Piece Bonus,Light Armor,Light Armor,Fungal Grotto,Destruction Staff,Jewelry,Daedric Style,,,,,,y,,,,25-1096 Maximum,3,,32177,1,,,,,,,,,,,,Band of the Breaker,,,,,,
Online:Spinner's Garments,,Adds 25-1096 Maximum Magicka,Adds 25-1096 Maximum Magicka,Adds 3-129 Weapon Damage and Spell Damage,Adds 80-3460 Offensive Penetration,,,,,,,,Sets,itemset,Maximum Magicka,Weapon/Spell Damage,Double Maximum Magicka,Physical/Spell Penetration,Physical/Spell Penetration,Light Armor,5-Piece Bonus,Malabal Tor,Light Armor,Any Weapon,Jewelry,Wood Elf Style,,,,,y,,,,25-1096 Maximum,3,,34753,1,,,,,,,,,,,,Spinner's Sapstung Helmet,,,,,,
Online:Spriggan's Thorns,,Adds 25-1096 Maximum Stamina,Adds 25-1096 Maximum Stamina,Adds 3-129 Weapon Damage and Spell Damage,Adds 80-3460 Offensive Penetration,,,,,,,,Sets,itemset,Maximum Stamina,Weapon/Spell Damage,Double Maximum Stamina,Physical/Spell Penetration,Physical/Spell Penetration,Medium Armor,5-Piece Bonus,Bangkorai,Medium Armor,Any Weapon,Jewelry,Wood Elf Style,,,,,y,,,25-1096 Maximum,,2,,15594,1,,,,,,,,,,,,Anexiel's Thorax,,,,,,
Online:Spriggan's Vigor,,Adds 15-657 Critical Chance,Adds 25-1096 Maximum Stamina,Adds 3-129 Weapon Damage and Spell Damage,"When you deal Critical Damage, restore 2-100 Stamina and gain a stack of Wild Growth for 5 seconds, increasing your Max Stamina by 5-222. This effect can stack up to 10 times and can occur once every 0.5 seconds.",,,,,,,,Sets,itemset,Weapon/Spell Critical,Weapon/Spell Damage,Maximum Stamina,Critical Damage Bonus,Restore Stamina,Medium Armor,Double Maximum Stamina,Shipwright's Regret,5-Piece Bonus,Medium Armor,Any Weapon,Jewelry,Dreadsails Style,Ascending Tide,Ascending Tide,,y,,,25-1096 Maximum,,,,,,,,,,,,,,,,,,,,,,,
Online:Squall of Retribution (set),Adds 28-1206 Maximum Health,"When you take damage, gain one random effect for 6 seconds: Gain Minor Protection, reducing your damage taken by 5%. Gain a damage shield that absorbs up to 5835 damage. Heal for 607 Health every 2 seconds. The Health restore scales off of your Max Health. This effect can occur once every 4.5 seconds.",,,,,,,,,,,Sets,itemset,Maximum Health,Damage Shield,Minor Protection,Restore Health,Undaunted Style,Monster Helm Sets,2-Piece Bonus,Exiled Redoubt,Head and Shoulders,,,,,Fallen Banners,Fallen Banners,,,28-1206 Maximum,,,,,,,,,the item set,the enemy,Squall of Retribution,,,,,Exiled Redoubt,Urgarlag Chief-bane,Squall of Retribution,,,,,,,
Online:Steadfast Hero,,Adds 34-1487 Armor,Adds 34-1487 Armor,Adds 28-1206 Maximum Health,"When you cleanse a negative effect from yourself or an ally, gain Major Protection for 10 seconds, reducing your damage taken by 10%. This effect can occur once every 12 seconds.",,,,,,,,Sets,itemset,Physical/Spell Resistance,Double Physical/Spell Resistance,Double Physical/Spell Resistance,Maximum Health,Major Protection,Heavy Armor,5-Piece Bonus,Elite Gear Vendors,Heavy Armor,Any Weapon,Jewelry,Alliance Style,Alliance Point Cost,,,,,28-1206 Maximum,,,,,,,,,,,,,,,,,,,,,,,,,
Online:Steadfast's Mettle,,Adds 3-129 Stamina Recovery,Adds 25-1096 Maximum Stamina,Adds 25-1096 Maximum Stamina,"While you have a food buff active, reduce the cost of your Core Combat abilities by 25%.",,,,,,,,Sets,itemset,Stamina Recovery,Double Maximum Stamina,Maximum Stamina,Consumable Bonus,Reduce Sprint Cost,Medium Armor,Reduce Roll Dodge Cost,High Isle,Reduce Block Cost,Reduce Stealth Cost,Improved Break Free,Improved Bash,5-Piece Bonus,High Isle,High Isle,Medium Armor,,,Any Weapon,3-129,,,Jewelry,,,,,,,,Recovery,Steadfast Society Style,,,,,,,,,,,
Online:Stendarr's Embrace,,Adds 3-129 Magicka Recovery,Adds 25-1096 Maximum Magicka,Adds 25-1096 Maximum Magicka,"When you heal yourself or an ally, you remove all negative effects from them. This effect can occur once every 30 seconds per target.",,,,,,,,Sets,itemset,Magicka Recovery,Double Maximum Magicka,Maximum Magicka,Healing Bonus,Reduce Debuff Effects,Light Armor,5-Piece Bonus,Eastmarch,Light Armor,Any Weapon,Jewelry,Wood Elf Style,,,,,,,,,3-129,2,,7685,1,Bathrobe of Vigor,,,,Recovery,,,,,,,,,,,,,
Online:Stinging Slashes,,Twin Slashes deals 209 more damage for each hit of the initial attack and bleed. This effect scales off the higher of your Weapon Damage and Spell Damage.,,,,,,,,,,,Sets,itemset,Skill Bonus,One Handed Weapon,2-Piece Bonus,Khajiit Style,Argonian Style,Weapon,Nord Style,Dragonstar Arena,Mixed Style,,,,,,,,y,,,,,,,,,,,,,,,,,,,,,,,,,,
Online:Stone Husk (set),Adds 15-657 Critical Chance,"Your Heavy Attacks tether you to enemies for 5 seconds, as long as you remain within 10 meters of them. Enemies touching the tether take 212 Physical damage every 1 second and you gain a stack of Husk Drain, up to 15 stacks. This effect can occur once every 10 seconds and scales off the higher of your Weapon Damage and Spell Damage. When the tether ends, you consume the stacks and gain 0-30 Weapon Damage and Spell Damage per stack for 5 seconds.",,,,,,,,,,,Sets,itemset,Weapon/Spell Critical,Distance Bonus,Heavy Attack Bonus,Physical Damage,Area of Effect,Monster Helm Sets,Tether,Stone Garden,Damage Over Time,Weapon/Spell Damage,Undaunted Style,2-Piece Bonus,Head and Shoulders,Stonethorn,Stonethorn,,y,,,,,,,,,,the item set,the enemy,Stone Husk,,,,,Stone Garden,Urgarlag Chief-bane,Arkasis the Mad Alchemist,,,,,,,
Online:Stone's Accord,,Adds 25-1096 Maximum Magicka,Adds 4% Healing Done,Adds 25-1096 Maximum Magicka,"On heal with an area effect, apply Minor Berserk and Minor Resolve to healed allies for 4 seconds. If a healed ally already has Minor Berserk or Minor Resolve from Stone's Accord, restore 12-550 Magicka. The restore can occur once every 5 seconds.",,,,,,,,Sets,itemset,Maximum Magicka,Double Maximum Magicka,Increase Healing Done,Healing Bonus,Area of Effect Bonus,Light Armor,Minor Berserk,Earthen Root Enclave,Minor Resolve,Restore Magicka,5-Piece Bonus,Light Armor,Any Weapon,Lost Depths,Lost Depths,Jewelry,,,,,25-1096 Maximum,,Y'ffre's Will Style,,,,,,,,,,,,,,,,,,,,
Online:Stone-Talker's Oath,,Adds 3-129 Magicka Recovery,"Gain Minor Aegis at all times, reducing your damage taken from Dungeon, Trial, and Arena Monsters by 5%.",Adds 3-129 Magicka Recovery,"Your fully-charged Heavy Attacks place a soul bomb on your target that charges as the target takes damage. After 10 seconds, the bomb explodes, restoring 5% of the damage received as Stamina and Magicka, up to 2240 Stamina and Magicka, to 12 group members within 16 meters of the explosion. This effect can occur every 10 seconds.",,,,,,,,Sets,itemset,Magicka Recovery,Double Magicka Recovery,Minor Aegis,Heavy Attack Bonus,Group Bonus,Light Armor,Full Group Bonus,Rockgrove,Area of Effect,Restore Stamina,Restore Magicka,5-Piece Bonus,Light Armor,Blackwood,Blackwood,Any Weapon,,,Jewelry,2240,3-129,,Sul-Xan Style,,,,,,,Recovery,,,,,,,,,,,,,
Online:Stonehulk Domination,,Adds 4% Healing Taken,Adds 25-1096 Maximum Stamina,Adds 25-1096 Maximum Stamina,"When you taunt an enemy, apply Major Vulnerability to them, increasing their damage taken by 10% for 12 seconds. This effect can occur once every 15 seconds.",,,,,,,,Sets,itemset,Increase Healing Received,Double Maximum Stamina,Maximum Stamina,Taunt Bonus,Major Vulnerability,Heavy Armor,5-Piece Bonus,Naj-Caldeesh,Heavy Armor,Any Weapon,Jewelry,Voskrona Guardian Style,,Feast of Shadows,Feast of Shadows,,,,,25-1096 Maximum,,,,,,,,,,,,,,,,,,,,,,,
Online:Stonekeeper,Adds 14-603 Maximum Health,"When you Block, you gain an energy Charge stack. When you gain 6 Charges, you release the energy, restoring 57-2480 Stamina and Magicka, and healing for 57-2480. After releasing the Charges, you cannot regain new Charges for 14 seconds. Charges can be accumulated up to once every.25 seconds.",,,,,,,,,,,Sets,itemset,Maximum Health,Maximum Magicka,Maximum Stamina,Block Bonus,Restore Health,Monster Helm Sets,Restore Stamina,Frostvault,Restore Magicka,Undaunted Style,2-Piece Bonus,Head and Shoulders,,Wrathstone,Wrathstone,,,14-603 Maximum,,12-548 Maximum,12-548 Maximum,,,,,,the item set,the enemy,The Stonekeeper,,,,,Frostvault,Urgarlag Chief-bane,The Stonekeeper,,,,,,,
Online:Storm Knight's Plate,,Adds 34-1487 Armor,Adds 34-1487 Armor,Adds 28-1206 Maximum Health,"When you take non-Physical Damage, you deal 357 Shock damage to all enemies within 5 meters of you every 2 seconds for 6 seconds. This effect can occur once every 6 seconds and scales off the higher of your Weapon Damage and Spell Damage.",,,,,,,,Sets,itemset,Physical/Spell Resistance,Double Physical/Spell Resistance,Double Physical/Spell Resistance,Maximum Health,Counterattack,Heavy Armor,Shock Damage,Stormhaven,Area of Effect,Damage Over Time,5-Piece Bonus,Heavy Armor,Any Weapon,,,Jewelry,y,28-1206 Maximum,Breton Style,,,3,,42963,1,Carapace-Shaped Heater of the Storm Knight,,,,,,,,,,,,,,,,,
Online:Storm Master,,Adds 15-657 Critical Chance,Adds 15-657 Critical Chance,Adds 3-129 Weapon Damage and Spell Damage,"When you deal Critical Damage with a fully-charged Heavy Attack, your Light and Heavy Attacks deal an additional 35-1542 damage to monsters for 8 seconds. This effect can occur once every 5 seconds.",,,,,,,,Sets,itemset,Weapon/Spell Critical,Double Weapon/Spell Critical,Double Weapon/Spell Critical,Weapon/Spell Damage,Critical Damage Bonus,Medium Armor,Heavy Attack Bonus,Tempest Island,Increase Light/Heavy Attack Damage,5-Piece Bonus,Medium Armor,Any Weapon,Jewelry,,,Ancient Elf Style,y,,,,,3,,33305,1,Windwhisper,,,,,,,,,,,,,,,,,
Online:Storm-Cursed's Revenge,,Adds 25-1096 Maximum Magicka,Adds 3-129 Weapon Damage and Spell Damage,Adds 34-1487 Offensive Penetration,"When you deal Shock Damage, you have a 15% chance to deal 433 Shock damage to the enemy and up to two other enemies within 5 meters. This effect scales off the higher of your Weapon Damage and Spell Damage.",,,,,,,,Sets,itemset,Maximum Magicka,Physical/Spell Penetration,Weapon/Spell Damage,Physical/Spell Penetration,Shock Damage Bonus,Light Armor,Shock Damage,Shipwright's Regret,Distance Bonus,5-Piece Bonus,Light Armor,Any Weapon,Jewelry,Ascending Tide,Ascending Tide,Dreadsails Style,y,,,,25-1096 Maximum,,,,,,,,,,,,,,,,,,,,,,
Online:Stormfist (set),Adds 3-129 Stamina Recovery,"When you deal damage, you have a 10% chance to create a thunderfist to crush the enemy, dealing 277 Shock damage every 1 second for 3 seconds to all enemies within 4 meters and a final 1110 Physical damage when the fist closes. This effect can occur once every 8 seconds and scales off the higher of your Weapon Damage and Spell Damage.",,,,,,,,,,,Sets,itemset,Stamina Recovery,Damage Over Time,Shock Damage,Area of Effect,Physical Damage,Monster Helm Sets,Undaunted Style,Tempest Island,2-Piece Bonus,Head and Shoulders,,,,,,,y,,,3-129,,,,,,,the item set,the enemy,Stormfist,,Recovery,,,Tempest Island,Glirion the Redbeard,Stormreeve Neidir,,,,,,,
Online:Stormweaver's Cavort,"Sprint, Roll Dodge, Bash, Break Free, Sneak, and Block now consume Magicka instead of Stamina. You reduce your Magicka Recovery to 0 while Blocking, Sneaking, or Sprinting. You no longer reduce your Stamina Recovery to 0 while Blocking, Sneaking or Sprinting.",,,,,,,,,,,,Sets,itemset,Magicka Recovery,Improve Roll Dodge,Improved Sprint,Improved Block,Improved Stealth,Light Armor,Improved Break Free,Antiquities,Improved Bash,1-Piece Bonus,Light Armor,Unique Style,,Greymoor,Firesong,,,,,,300,5,,,,,the antiquity,the achievement,Stormweaver's Cavort (achievement),Recovery,Recovery,,,,,,,armor,Stormweaver's Cavort,m,Mythic,,right
Online:Strength of the Automaton,,Adds 15-657 Critical Chance,Adds 25-1096 Maximum Stamina,Adds 3-129 Weapon Damage and Spell Damage,Adds 9-400 Weapon Damage and Spell Damage to your Physical and Bleed Damage abilities.,,,,,,,,Sets,itemset,Weapon/Spell Critical,Weapon/Spell Damage,Maximum Stamina,Physical Damage Bonus,Bleed Damage Bonus,Medium Armor,5-Piece Bonus,Darkshade Caverns,Medium Armor,Any Weapon,Jewelry,Dwemer Style,,,,,y,,,25-1096 Maximum,,3,,34372,1,Automaton's Helm of House Selos,,,,,,,,,,,,,,,,,
Online:Stuhn's Favor,,Adds 3-129 Weapon Damage and Spell Damage,Adds 34-1487 Offensive Penetration,Adds 3-129 Weapon Damage and Spell Damage,"When you deal damage to an enemy who is Off Balance, your Offensive Penetration is increased by 123-5312 for 10 seconds.",,,,,,,,Sets,itemset,Weapon/Spell Damage,Physical/Spell Penetration,Physical/Spell Penetration,Double Weapon/Spell Damage,Off Balance Bonus,All Weights,Double Physical/Spell Penetration,Hunter's House,5-Piece Bonus,Light Armor,Medium Armor,Heavy Armor,Any Weapon,Greymoor,Greymoor,Jewelry,y,,Crafting Site(s),,,,,,,,,,,,,,Hunter's House,,,,,,,,,,
Online:Stygian,,Adds 3-129 Weapon Damage and Spell Damage,Adds 3-129 Weapon Damage and Spell Damage,Adds 34-1487 Offensive Penetration,"When you leave Sneak or invisibility while in combat, your Weapon Damage and Spell Damage is increased by 8-369 for 15 seconds.",,,,,,,,Sets,itemset,Weapon/Spell Damage,Double Weapon/Spell Damage,Double Weapon/Spell Damage,Physical/Spell Penetration,Stealth Bonus,Medium Armor,Triple Weapon/Spell Damage,Coldharbour,5-Piece Bonus,Medium Armor,Any Weapon,Jewelry,Draugr Style,,,,y,,,,,2,,15738,1,Ayleid's Wrath,,,,,,,,,,,,,,,,,
Online:Sul-Xan's Torment,,Adds 3-129 Weapon Damage and Spell Damage,"Gain Minor Slayer at all times, increasing your damage done to Dungeon, Trial, and Arena Monsters by 5%.",Adds 15-657 Critical Chance,"When an enemy you recently damaged dies, they leave behind a vengeful soul for 6 seconds. You can only create one vengeful soul at a time. Touching the soul increases your Critical Chance by 50-2160 and your Critical Damage by 12% for 30 seconds.",,,,,,,,Sets,itemset,Weapon/Spell Damage,Weapon/Spell Critical,Minor Slayer,Kill Bonus,Double Weapon/Spell Critical,Medium Armor,Increase Critical Damage,Rockgrove,5-Piece Bonus,Medium Armor,Any Weapon,Jewelry,Sul-Xan Style,Blackwood,Blackwood,,y,,,,,,,,,,,,,,,,,,,,,,,,,,
Online:Sunderflame,,Adds 25-1096 Maximum Stamina,Adds 3-129 Weapon Damage and Spell Damage,Adds 15-657 Critical Chance,"When you deal damage with a fully-charged Heavy Attack, you deal an additional 1925 Flame damage over 10 seconds and apply Minor Breach to the enemy, reducing their Physical Resistance and Spell Resistance by 2974. This effect scales off the higher of your Weapon Damage and Spell Damage.",,,,,,,,Sets,itemset,Maximum Stamina,Weapon/Spell Critical,Weapon/Spell Damage,Weapon/Spell Critical,Heavy Attack Bonus,Medium Armor,Flame Damage,City of Ash,Damage Over Time,Minor Breach,5-Piece Bonus,Medium Armor,Any Weapon,,,Jewelry,y,,Daedric Style,25-1096 Maximum,,3,,28979,1,Bow of the Deadlands,,,,,,,,,,,Ember Eye,,,,,,
Online:Swamp Raider,,Adds 15-657 Critical Chance,Adds 25-1096 Maximum Stamina,Adds 3-129 Weapon Damage and Spell Damage,Adds 13-600 Weapon Damage and Spell Damage to your Poison and Disease Damage abilities.,,,,,,,,Sets,itemset,Weapon/Spell Critical,Weapon/Spell Damage,Maximum Stamina,Poison Damage Bonus,Disease Damage Bonus,Medium Armor,5-Piece Bonus,Shadowfen,Medium Armor,Any Weapon,Jewelry,Argonian Style,,,,,y,,,25-1096 Maximum,,3,,34935,1,,,,,,,,,,,,Swamp Raider's Bile-Soaked Boots,,,,,,
Online:Swarm Mother (set),Adds 25-1096 Maximum Magicka,"When you Block an enemy that is between 8 and 22 meters from you, you spin strands of spider silk to pull the enemy to you and taunt them for 15 seconds if they are not already taunted. This effect can occur once every 1 second.",,,,,,,,,,,Sets,itemset,Maximum Stamina,Block Bonus,Maximum Magicka,Distance Bonus,Pull,Monster Helm Sets,Taunt,Spindleclutch I,Undaunted Style,2-Piece Bonus,Head and Shoulders,,,,,,,,,25-1096 Maximum,25-1096 Maximum,,,,,,the item set,the enemy,,,,,,Spindleclutch I,Maj al-Ragath,The Whisperer,,,,,,,
Online:Sword Dancer,,Adds 15-657 Critical Chance,Adds 25-1096 Maximum Stamina,Adds 3-129 Weapon Damage and Spell Damage,Adds 13-600 Weapon Damage and Spell Damage to your Dual Wield abilities.,,,,,,,,Sets,itemset,Weapon/Spell Critical,Weapon/Spell Damage,Maximum Stamina,Skill Bonus,5-Piece Bonus,Medium Armor,Medium Armor,Blessed Crucible,Any Weapon,Jewelry,Redguard Style,,,,,,y,,,25-1096 Maximum,,3,,22169,1,Captain's Medallion,,,,,,,,,,,,,,,,,
Online:Sword-Singer,,Adds 25-1096 Maximum Stamina,Adds 3-129 Weapon Damage and Spell Damage,Adds 15-657 Critical Chance,Adds 13-600 Weapon Damage and Spell Damage to your Two Handed abilities.,,,,,,,,Sets,itemset,Maximum Stamina,Weapon/Spell Critical,Weapon/Spell Damage,Weapon/Spell Critical,Skill Bonus,Medium Armor,5-Piece Bonus,Alik'r Desert,Medium Armor,Any Weapon,Jewelry,Redguard Style,,,,,y,,,25-1096 Maximum,,3,,7508,1,Suturah's Hubris,,,,,,,,,,,,,,,,,
Online:Symmetry of the Weald,,Adds 3-129 Weapon Damage and Spell Damage,Adds 3-129 Weapon Damage and Spell Damage,Adds 15-657 Critical Chance,Adds 200% Status Effect Chance while your Health is above 50%. Adds 10% Healing Done while your Health is 50% or less.,,,,,,,,Sets,itemset,Weapon/Spell Damage,Double Weapon/Spell Damage,Double Weapon/Spell Damage,Weapon/Spell Critical,Full Health Bonus,Light Armor,Apply Status Effects,West Weald,Near Death Effect,Increase Healing Done,5-Piece Bonus,Light Armor,Any Weapon,Gold Road,Gold Road,Jewelry,y,,Shardborn Style,,,,,,,,,,,,,,,,,,,,,,,,
Online:Symphony of Blades (set),Adds 4% Healing Done,"When you heal a group member who is under 50% of their primary resource, grant them Meridia's Favor, which restores 13-570 Magicka or Stamina every 1 second for 6 seconds. This effect can occur every 18 seconds per target. This effect cannot target yourself, and the resource returned is based off the target's highest maximum resource.",,,,,,,,,,,Sets,itemset,Increase Healing Done,Group Bonus,Healing Bonus,Restore Stamina,Restore Magicka,Monster Helm Sets,Undaunted Style,Depths of Malatar,2-Piece Bonus,Head and Shoulders,,,,Wrathstone,Wrathstone,,,,,,,,,,,,the item set,the enemy,Symphony of Blades,,,,,Depths of Malatar,Urgarlag Chief-bane,Symphony of Blades,,,,,,,
Online:Syrabane's Grip,,Adds 3-129 Magicka Recovery,Adds 3-129 Weapon Damage and Spell Damage,Adds 25-1096 Maximum Magicka,"When you Block Flame, Frost, Shock, or Magic Damage, you restore 18-805 Magicka. This effect can occur once every 1 second.",,,,,,,,Sets,itemset,Magicka Recovery,Maximum Magicka,Weapon/Spell Damage,Block Bonus,Restore Magicka,Light Armor,5-Piece Bonus,Grahtwood,Light Armor,Any Weapon,Jewelry,High Elf Style,,,,,y,,,,3-129,3,,34662,1,,,,,Recovery,,,,,,,Charging Chestpiece of Syrabane,,,,,,
Online:Syrabane's Ward,"While actively Bracing, you create a 12 meter zone of protection but you can no longer move. Group members within the zone increase the amount of damage they can block by 30% and their Health Recovery by 950. The Health Recovery cannot affect yourself.",,,,,,,,,,,,Sets,itemset,Drawbacks,Area of Effect,Block Bonus,Group Bonus,Improved Block,Heavy Armor,Health Recovery,Antiquities,1-Piece Bonus,Heavy Armor,Unique Style,,,Greymoor,Firesong,,,,,,,5,,,,,the antiquity,the achievement,Syrabane's Ward (achievement),,,,,,,,,armor,Syrabane's Ward,m,Mythic,,right
Online:Systres' Scowl,,Adds 25-1096 Maximum Stamina,Adds 28-1206 Maximum Health,Adds 25-1096 Maximum Stamina,"When you Bash an enemy, place Systres' Scowl on them for 15 seconds. When hit by a Light Attack, a target with Systres' Scowl takes 45-1973 Frost Damage, up to once every second.",,,,,,,,Sets,itemset,Maximum Stamina,Double Maximum Stamina,Maximum Health,Bash Bonus,Negative Effect Bonus,Heavy Armor,Light Attack Bonus,High Isle,Frost Damage,5-Piece Bonus,Heavy Armor,Any Weapon,Jewelry,High Isle,High Isle,Systres Guardian Style,,28-1206 Maximum,,25-1096 Maximum,,,,,,,,,,,,,,,,,,,,,,,
Online:Syvarra's Scales,,Adds 28-1206 Maximum Health,Adds 25-1096 Maximum Stamina,Reduces your damage taken from Guards by 20%.,"When you deal damage, you cause a burst of lamia poison that deals 149 Poison damage in a 5 meter radius and an additional 1494 Poison damage over 6 seconds to all enemies hit. This effect can occur once every 7 seconds and scales off the higher of your Weapon Damage and Spell Damage.",,,,,,,,Sets,itemset,Maximum Health,Maximum Magicka,Maximum Stamina,Reduce Damage Taken,Escape Justice,All Weights,Poison Damage,Hew's Bane,Area of Effect,Damage Over Time,5-Piece Bonus,Light Armor,Medium Armor,Thieves Guild,Thieves Guild,Heavy Armor,y,28-1206 Maximum,Any Weapon,25-1096 Maximum,25-1096 Maximum,,Jewelry,,,,,,,,,Thieves Guild Style,,,,,,,,,,,
Online:Talfyg's Treachery,,Adds 15-657 Critical Chance,Adds 25-1096 Maximum Magicka,Adds 3-129 Weapon Damage and Spell Damage,Increases your Weapon Damage and Spell Damage by 8-372. Increases your damage taken from Flame and Guild abilities by 5%.,,,,,,,,Sets,itemset,Weapon/Spell Critical,Weapon/Spell Damage,Maximum Magicka,Double Weapon/Spell Damage,Double Weapon/Spell Damage,Light Armor,Drawbacks,Castle Thorn,5-Piece Bonus,Light Armor,Any Weapon,Jewelry,Thorn Legion Style,Stonethorn,Stonethorn,,y,,,,25-1096 Maximum,,,,,,,,,,,,,,,,,,,,,,
Online:Tarnished Nightmare,,Adds 15-657 Critical Chance,Adds 15-657 Critical Chance,Adds 15-657 Critical Chance,"When you deal Critical Damage to an enemy, glass shards burst 8 meters around them after 1.3 seconds, dealing 1129 Physical damage to enemies in the burst and applying the Sundered status effect. This effect can occur once every 8 seconds and the damage scales off the higher of your Weapon Damage and Spell Damage.",,,,,,,,Sets,itemset,Weapon/Spell Critical,Double Weapon/Spell Critical,Double Weapon/Spell Critical,Triple Weapon/Spell Critical,Critical Damage Bonus,Medium Armor,Area of Effect,Bedlam Veil,Physical Damage,Apply Status Effects,5-Piece Bonus,Medium Armor,Any Weapon,Scions of Ithelia,Scions of Ithelia,Jewelry,y,,Cultist Style,,,,,,,,,,,,,,,,,,,,,,,,
Online:Tava's Favor,,Adds 28-1206 Maximum Health,Adds 3-129 Stamina Recovery,Adds 3-129 Magicka Recovery,"When you dodge an attack, you receive the blessing of Tava, generating 12 Ultimate over 3 seconds. This effect can occur once every 3 seconds.",,,,,,,,Sets,itemset,Maximum Health,Magicka Recovery,Stamina Recovery,Dodge Bonus,Ultimate Gain,All Weights,5-Piece Bonus,Forebear's Junction,Light Armor,Medium Armor,Heavy Armor,Any Weapon,Jewelry,Thieves Guild,Thieves Guild,Crafting Site(s),,28-1206 Maximum,,3-129,3-129,,,,,,,,,Recovery,Recovery,,Forebear's Junction,,,,,,,,,12,
Online:Telvanni Efficiency,,Adds 25-1096 Maximum Stamina,Adds 28-1206 Maximum Health,Adds 25-1096 Maximum Magicka,"While you have a living Companion, reduce the cooldown of their abilities by 50%. While you do not have a living Companion, reduce the cost of your Magicka, Stamina, Health, and Ultimate abilities by 8%.",,,,,,,,Sets,itemset,Maximum Health,Maximum Stamina,Maximum Magicka,Reduce Stamina Cost,Reduce Magicka Cost,All Weights,Reduce Health Cost,Versicolor Carrels,Reduce Ultimate Cost,5-Piece Bonus,Light Armor,Medium Armor,Heavy Armor,Necrom,Necrom,Any Weapon,,28-1206 Maximum,Jewelry,25-1096 Maximum,25-1096 Maximum,,Crafting Site(s),,,,,,,,,,Tel Hlurag Ven,,,,,,,,,,
Online:Telvanni Enforcer,,Adds 25-1096 Maximum Stamina,Adds 28-1206 Maximum Health,Adds 25-1096 Maximum Magicka,"While Bracing, increase your Magicka Recovery by 369. While you are not Bracing, increase your Stamina Recovery by 369.",,,,,,,,Sets,itemset,Maximum Stamina,Maximum Magicka,Maximum Health,Block Bonus,Magicka Recovery,Heavy Armor,Stamina Recovery,Bal Sunnar,5-Piece Bonus,Heavy Armor,Any Weapon,Jewelry,,Scribes of Fate,Scribes of Fate,Blessed Inheritor Style,,28-1206 Maximum,,25-1096 Maximum,25-1096 Maximum,,,,,,,,,Recovery,Recovery,,,,,,,,,,,,
Online:Template Drop Healer,,Adds 25-1096 Maximum Magicka,Adds 25-1096 Maximum Magicka,Adds 25-1096 Maximum Magicka,,,,,,,,,Sets,itemset,,,,,,,,,,,,,,,,,,,,,25-1096 Maximum,,,,,,,,,,,,,,,,,,,,,,
Online:Template Drop Healer P,,Adds 25-1096 Maximum Magicka,Adds 25-1096 Maximum Magicka,Adds 25-1096 Maximum Magicka,Adds 25-1096 Maximum Magicka,,,,,,,,Sets,itemset,,,,,,,,,,,,,,,,,,,,,25-1096 Maximum,,,,,,,,,,,,,,,,,,,,,,
Online:Template Drop Magi,,Adds 25-1096 Maximum Magicka,Adds 25-1096 Maximum Magicka,Adds 25-1096 Maximum Magicka,,,,,,,,,Sets,itemset,,,,,,,,,,,,,,,,,,,,,25-1096 Maximum,,,,,,,,,,,,,,,,,,,,,,
Online:Template Drop Magi P,,Adds 25-1096 Maximum Magicka,Adds 25-1096 Maximum Magicka,Adds 25-1096 Maximum Magicka,Adds 25-1096 Maximum Magicka,,,,,,,,Sets,itemset,,,,,,,,,,,,,,,,,,,,,25-1096 Maximum,,,,,,,,,,,,,,,,,,,,,,
Online:Template Drop Stamina,,Adds 3-129 Magicka Recovery,Adds 3-129 Stamina Recovery,Adds 3-129 Stamina Recovery,,,,,,,,,Sets,itemset,,,,,,,,,,,,,,,,,,,,3-129,3-129,,,,,,,,,Recovery,Recovery,,,,,,,,,,,,
Online:Template Drop Stamina P,,Adds 3-129 Magicka Recovery,Adds 3-129 Stamina Recovery,Adds 3-129 Stamina Recovery,Adds 3-129 Stamina Recovery,,,,,,,,Sets,itemset,,,,,,,,,,,,,,,,,,,,3-129,3-129,,,,,,,,,Recovery,Recovery,,,,,,,,,,,,
Online:Template Drop Tank,,Adds 4% Healing Taken,Adds 28-1206 Maximum Health,Adds 4% Healing Done,,,,,,,,,Sets,itemset,,,,,,,,,,,,,,,,,,28-1206 Maximum,,,,,,,,,,,,,,,,,,,,,,,,,
Online:Template Drop Tank P,,Adds 4% Healing Taken,Adds 28-1206 Maximum Health,Adds 4% Healing Done,Adds 28-1206 Maximum Health,,,,,,,,Sets,itemset,,,,,,,,,,,,,,,,,,28-1206 Maximum,,,,,,,,,,,,,,,,,,,,,,,,,
Online:Test of Resolve,,Adds 34-1487 Armor,"Gain Minor Aegis at all times, reducing your damage taken from Dungeon, Trial, and Arena Monsters by 5%.",Adds 28-1206 Maximum Health,"When you take damage while under 50% Health, your resolve is tested. If you are also below 50% Stamina, you restore full Health, Magicka, and Stamina while also gaining Major Protection and Major Aegis for 10 seconds. If you are above 50% Stamina you become a Beacon of Hope for 20 seconds, causing your Major and Minor buffs to also grant Major Aegis for 10 seconds. This effect can occur once every 45 seconds.",,,,,,,,Sets,itemset,Physical/Spell Resistance,Maximum Health,Minor Aegis,Near Death Effect,Low Stamina Bonus,Heavy Armor,Restore Health,Sanity's Edge,Restore Magicka,Restore Stamina,Major Protection,Major Aegis,Buff Bonus,Necrom,Necrom,5-Piece Bonus,,28-1206 Maximum,Heavy Armor,50%,,,Any Weapon,,,,,,,,,Jewelry,,,,,,,,,,,
Online:Tharriker's Strike,,Adds 3-129 Weapon Damage and Spell Damage,Adds 3-129 Weapon Damage and Spell Damage,Adds 3-129 Weapon Damage and Spell Damage,"Dealing damage with a fully-charged Heavy Attack grants you Major Berserk for 4 seconds, increasing your damage done by 10%. This effect can occur once every 1 second.",,,,,,,,Sets,itemset,Weapon/Spell Damage,Double Weapon/Spell Damage,Double Weapon/Spell Damage,Triple Weapon/Spell Damage,Heavy Attack Bonus,All Weights,Major Berserk,Singer's Outpost,5-Piece Bonus,Light Armor,Medium Armor,Heavy Armor,Any Weapon,Gold Road,Gold Road,Jewelry,y,,Crafting Site(s),,,,,,,,,,,,,,Singer's Outpost,,,,,,,,,,
Online:The Arch-Mage,,Adds 3-129 Magicka Recovery,Adds 3-129 Weapon Damage and Spell Damage,Adds 25-1096 Maximum Magicka,"When you complete a fully-charged Heavy Attack, you gain an additional 11-506 Magicka Recovery for 10 seconds.",,,,,,,,Sets,itemset,Magicka Recovery,Maximum Magicka,Weapon/Spell Damage,Heavy Attack Bonus,Double Magicka Recovery,Light Armor,Light Armor,Cropsford,Alliance Style,Alliance Point Cost,5-Piece Bonus,,,,,,y,,,,3-129,,,,,,,,,Recovery,,,,,,,,,,,,,
Online:The Blind (set),Adds 15-657 Critical Chance,"When your healing critically strikes, your target gains a Hydroglass Damage Shield that absorbs up to 62-2692 damage for 6 seconds. While the Damage Shield holds and for 3 seconds after it ends, the target gains Minor Force, increasing their Critical Damage done by 10%. This effect can occur once every 6 seconds per target.",,,,,,,,,,,Sets,itemset,Weapon/Spell Critical,Damage Shield,Critical Healing Bonus,Minor Force,Undaunted Style,Monster Helm Sets,2-Piece Bonus,Bedlam Veil,Head and Shoulders,,,,,Scions of Ithelia,Scions of Ithelia,,,,,,,,,,,,,,,,,,,Bedlam Veil,Urgarlag Chief-bane,The Blind,,,,,,,
Online:The Destruction Suite,,,Adds 34-1487 Armor,,,,,,,,,,Sets,itemset,,,,,,,,,,,,,,,,,,,,,,4,,,1,Arsonist's Staff,,,,,,,,,,,,,,,,,
Online:The Ice Furnace,,Adds 25-1096 Maximum Magicka,Adds 15-657 Critical Chance,Adds 3-129 Weapon Damage and Spell Damage,"When you deal Frost Damage, you deal an additional 238 Flame damage to all enemies within 8 meters around the initial target. This effect can occur once every 1 second and scales off the higher of your Weapon Damage and Spell Damage.",,,,,,,,Sets,itemset,Maximum Magicka,Weapon/Spell Damage,Weapon/Spell Critical,Weapon/Spell Damage,Frost Damage Bonus,Heavy Armor,Flame Damage,Direfrost Keep,Area of Effect,5-Piece Bonus,Heavy Armor,Any Weapon,Jewelry,,,Nord Style,y,,Redguard Style,,25-1096 Maximum,3,,33170,1,,,,,,,,,,,,Drodda's Boreal Staff,,,,,,
Online:The Juggernaut,,Adds 28-1206 Maximum Health,Adds 34-1487 Armor,Adds 28-1206 Maximum Health,"When you take damage while under 30% Health, heal for 4428 Health immediately and gain 465-20000 Armor for 15 seconds. This effect can occur once every 1 minute and the heal scales off your Max Health.",,,,,,,,Sets,itemset,Maximum Health,Double Maximum Health,Physical/Spell Resistance,Near Death Effect,Counterattack,Heavy Armor,Restore Health,Vlastarus,Double Physical/Spell Resistance,Reduce Damage Taken,5-Piece Bonus,Heavy Armor,Any Weapon,,,Jewelry,,28-1206 Maximum,Alliance Style,,,,Alliance Point Cost,,,,,,,,,,,,,,,,,,,,
Online:The Morag Tong,,Adds 3-129 Weapon Damage and Spell Damage,Adds 15-657 Critical Chance,Adds 3-129 Weapon Damage and Spell Damage,"When you deal direct damage, you cause the enemy to take 10% more damage from Poison and Disease attacks for 5 seconds.",,,,,,,,Sets,itemset,Weapon/Spell Damage,Double Weapon/Spell Damage,Maximum Stamina,Direct Damage Bonus,Reduce Enemy Defense,Medium Armor,5-Piece Bonus,Bruma,Medium Armor,Any Weapon,Jewelry,Alliance Style,Alliance Point Cost,,,,y,,,,,,,,,,the item set,the group of assassins,Morag Tong,,,,,,,,,,,,,,
Online:The Ruckus (set),Adds 28-1206 Maximum Health,"Taking or dealing direct damage grants you a stack of Skirmish for 10 seconds. You can gain Skirmish every 1 second, up to 10 stacks. Lose 1 stack every 5 seconds when not taking or dealing damage. At max stacks, you no longer gain or lose stacks of Skirmish and you gain Major Protection, Major Expedition, and Major Force for 10 seconds. When max Skirmish ends, your Stamina, Magicka, and Health Recovery are reduced by 422 for 10 seconds.",,,,,,,,,,,Sets,itemset,Maximum Health,Major Protection,Direct Damage Bonus,Major Expedition,Major Force,Monster Helm Sets,Drawbacks,Night Market,2-Piece Bonus,Head and Shoulders,The Ruckus Style,,,,,,,28-1206 Maximum,,,,4,,224676,,Curated The Ruckus Coffer,the item set,the faction,The Ruckus,,,,,Night Market,Najirra (Starlit Plaza),,,,,,,,
Online:The Saint and the Seducer,"While in combat, you gain one of five random Major buffs which changes every 10 seconds. Enemies within 12 meters of you gain one of five random Minor debuffs depending on which buff you have. The available effects are: Major Berserk and Minor Maim Major Resolve and Minor Breach Major Force and Minor Brittle Major Evasion and Minor Vulnerability Major Courage and Minor Cowardice",,,,,,,,,,,,Sets,itemset,Area of Effect,Minor Maim,Major Berserk,Major Resolve,Minor Breach,Jewelry,Major Force,Antiquities,Minor Brittle,Major Evasion,Minor Vulnerability,Major Courage,Minor Cowardice,Greymoor,Gold Road,1-Piece Bonus,,,Jewelry,,,5,Unique Style,,,Cylarne-crafted Yoke,the antiquity,the achievement,The Saint and the Seducer (achievement),,,,,,,,,armor,The Saint and the Seducer,m,Mythic,,right
Online:The Shadow Queen's Cowl,"While crouched, you can see Witnesses and Guards through walls. Successfully pickpocketing a Witness or Guard applies Distracted to them for 10 seconds, stunning them and decreasing their Stealth detection radius by 30 meters for the duration.",,,,,,,,,,,,Sets,itemset,Crouch Bonus,Crowd Control,Pickpocket Bonus,Improved Stealth,1-Piece Bonus,Light Armor,Light Armor,Antiquities,Unique Style,,,,,Greymoor,Gold Road,,,,,,,5,,,,Shadowy Creatia Stitching,the antiquity,the achievement,The Shadow Queen's Cowl (achievement),,,,,,,,,armor,The Shadow Queen's Cowl,m,Mythic,,right
Online:The Troll King (set),Adds 4% Healing Done,"When you heal yourself or an ally, if they are still below 50% Health, their Health Recovery is increased by 21-925 for 10 seconds.",,,,,,,,,,,Sets,itemset,Increase Healing Done,Near Death Effect,Healing Bonus,Health Recovery,Undaunted Style,Monster Helm Sets,2-Piece Bonus,Blessed Crucible,Head and Shoulders,,,,,,,,,50%,,,,,,,,,the item set,the enemy,The Troll King,,,,,Blessed Crucible,Glirion the Redbeard,The Lava Queen,,,,,,,
Online:The Worm's Raiment,,Adds 3-129 Magicka Recovery,Adds 25-1096 Maximum Magicka,Adds 3-129 Magicka Recovery,Grants 3-145 Magicka Recovery to you and up to 11 other group members within 28 meters of you. This bonus persists through death.,,,,,,,,Sets,itemset,Magicka Recovery,Double Magicka Recovery,Maximum Magicka,Group Bonus,Full Group Bonus,Light Armor,Distance Bonus,Vaults of Madness,Triple Magicka Recovery,5-Piece Bonus,Light Armor,Any Weapon,Jewelry,,,Worm Cult Style,,Maximum,Soul-Shriven Style,,3-129,3,Mixed Style,44762,1,Maleficence,,,,Recovery,Recovery,Unique Style,,,,,,,,,,,
Online:Thews of the Harbinger,,Adds 28-1206 Maximum Health,Adds 28-1206 Maximum Health,Adds 25-1096 Maximum Stamina,"When you Block, you deal 717 Physical Damage to the attacker. This effect scales off your Max Health.",,,,,,,,Sets,itemset,Maximum Health,Maximum Stamina,Double Maximum Health,Block Bonus,Physical Damage,Heavy Armor,Counterattack,Tel Var Merchants,5-Piece Bonus,Heavy Armor,Any Weapon,Jewelry,Nord Style,Imperial City,,Tel Var Cost,,28-1206 Maximum,,25-1096 Maximum,,,,,,,,,,,,,,,,,,,,,,,
Online:Thousand Eyes (set),Adds 15-657 Critical Chance,"Dealing direct critical damage applies Shived to the enemy, dealing 1079 Bleed damage and increasing their damage taken from you by 2% for 15 seconds. This damage scales off the higher of your Weapon Damage and Spell Damage. When the enemy dies, Shived is reapplied to the lowest health enemy within 12 meters of the corpse and increases the damage taken by 2%, up to 8%. You may only have 1 enemy with Shived.",,,,,,,,,,,Sets,,Weapon/Spell Critical,Direct Damage Bonus,Critical Damage Bonus,Bleed Damage,2-Piece Bonus,Monster Helm Sets,Head and Shoulders,Night Market,Thousand Eyes Style,,,,,,,,y,,,,,4,,224675,,Curated Thousand Eyes Coffer,the item set,the faction,Thousand Eyes,,,,,Night Market,Fennel,,,,,,,,
Online:Thrassian Stranglers,"Killing an enemy grants you a stack of Sload's Call for 1 hour, up to a maximum of 50 stacks. Each stack increases your Weapon Damage and Spell Damage by 23, reduces your Maximum Health by 120, and reduces effectiveness of your damage shields by 1%. Sload's Call is lost if you remove Thrassian Stranglers, go invisible, or crouch.",,,,,,,,,,,,Sets,itemset,Weapon/Spell Damage,Drawbacks,Kill Bonus,1-Piece Bonus,Light Armor,Light Armor,Unique Style,Antiquities,,,,,,Greymoor,Greymoor,,y,Maximum,,,,5,,,,Buoyant Steel,the antiquity,the achievement,Thrassian Stranglers (achievement),,,,,,,,,armor,Thrassian Stranglers,m,Mythic,,right
Online:Threads of War,,Adds 34-1487 Offensive Penetration,Adds 3-129 Weapon Damage and Spell Damage,Adds 15-657 Critical Chance,Your Light and fully-charged Heavy Attacks gain 100% Status Effect Chance. The Status Effect is based on the damage type of your weapon.,,,,,,,,Sets,itemset,Physical/Spell Penetration,Weapon/Spell Damage,Weapon/Spell Damage,Weapon/Spell Critical,Light Attack Bonus,All Weights,Heavy Attack Bonus,Deserter's Lagoon,Apply Status Effects,5-Piece Bonus,Light Armor,Medium Armor,Heavy Armor,Gold Road,Gold Road,Any Weapon,y,,Jewelry,,,,Crafting Site(s),,,,,,,,,,Deserter's Lagoon,,,,,,,,,,
Online:Three Queens Wellspring,,Adds 25-1096 Maximum Magicka,Adds 25-1096 Maximum Magicka,Adds 25-1096 Maximum Magicka,Gain 1 Magicka Recovery for every 100 Max Magicka you have. Current Increase: 120 Magicka Recovery,,,,,,,,Sets,itemset,Maximum Magicka,Triple Maximum Magicka,Double Maximum Magicka,Magicka Recovery,5-Piece Bonus,Light Armor,Light Armor,Solstice,Any Weapon,Jewelry,Tide-Born Style,,,2025 Content Pass,Seasons of the Worm Cult,,,,,,25-1096 Maximum,,,,,,,,,Recovery,,,,,,,,,,,,,
Online:Thunder Caller,,Adds 34-1487 Offensive Penetration,Adds 3-129 Weapon Damage and Spell Damage,Adds 3-129 Weapon Damage and Spell Damage,"Dealing damage with a fully-charged Heavy Attack calls a bolt of lightning at your target, dealing 467 Shock Damage and leaving a 4 meter lightning crater at their location for 7 seconds, dealing 467 Shock Damage per second to enemies inside. This effect can occur once every 12 seconds and scales off the higher of your Weapon Damage and Spell Damage.",,,,,,,,Sets,itemset,Physical/Spell Penetration,Weapon/Spell Damage,Weapon/Spell Damage,Double Weapon/Spell Damage,Heavy Attack Bonus,Light Armor,Shock Damage,Red Petal Bastion,Area of Effect,Damage Over Time,5-Piece Bonus,Light Armor,Any Weapon,Waking Flame,Waking Flame,Jewelry,y,,Silver Rose Style,,,,,,,,,,,,,,,,,,,,,,,,
Online:Thunderbug's Carapace,,Adds 34-1487 Armor,Adds 34-1487 Armor,Adds 3-129 Weapon Damage and Spell Damage,"When you take Physical Damage, you deal 714 Shock damage in a 5 meter radius around you. This effect can occur once every 3 seconds and scales off the higher of your Weapon Damage and Spell Damage.",,,,,,,,Sets,itemset,Physical/Spell Resistance,Double Physical/Spell Resistance,Double Physical/Spell Resistance,Weapon/Spell Damage,Counterattack,Heavy Armor,Shock Damage,Malabal Tor,Area of Effect,5-Piece Bonus,Heavy Armor,Any Weapon,Jewelry,,,Primal Style,y,,,,,,,,,,,,,,,,,,,,,,,,,,
Online:Thunderous Volley,,"Increases the damage Volley deals by 10-430 each tick. This bonus increases by 4-191 every time Volley ticks, up to a maximum of 8 times.",,,,,,,,,,,Sets,itemset,Skill Bonus,2-Piece Bonus,Bow Bonus,Bow,Dwemer Style,Weapon,,Maelstrom Arena (place),,,,,,Orsinium,,,,,,,,,,,,,,,,,,,,,,,,,,,,,
Online:Thurvokun (set),Adds 28-1206 Maximum Health,"When you take damage from a nearby enemy, you summon a growing pool of desecrated bile for 8 seconds. Enemies in the bile take 195 Disease damage every 1 second and are afflicted with Minor Maim and the Diseased status for 4 seconds, reducing their damage done by 5% and healing received and Health Recovery by 6%. This effect can occur every 16 seconds and the damage scales off your Max Health.",,,,,,,,,,,Sets,itemset,Maximum Health,Distance Bonus,Counterattack,Disease Damage,Damage Over Time,Monster Helm Sets,Area of Effect,Fang Lair,Minor Maim,Apply Status Effects,Minor Defile,Undaunted Style,2-Piece Bonus,Dragon Bones,Dragon Bones,Head and Shoulders,,28-1206 Maximum,,,,,,,,,the item set,the enemy,Thurvokun,,,,,Fang Lair,Urgarlag Chief-bane,Thurvokun,,,,,,,
Online:Tide-Born Wildstalker,,Adds 3-129 Weapon Damage and Spell Damage,Adds 15-657 Critical Chance,Adds 34-1487 Offensive Penetration,Increase your direct damage done to monsters by 15%.,,,,,,,,Sets,itemset,Physical/Spell Penetration,Weapon/Spell Damage,Weapon/Spell Damage,Weapon/Spell Critical,Increase Damage Dealt,All Weights,5-Piece Bonus,Tide-Born Foundry,Light Armor,Medium Armor,Heavy Armor,Any Weapon,Jewelry,2025 Content Pass,Seasons of the Worm Cult,Crafting Site(s),y,,,,,,,,,,,,,,,,Tide-Born Foundry,,,,,,,,,,
Online:Timeless Blessing,,"When you cast Blessing of Protection, the cost of your Magicka and Stamina healing abilities are reduced by 21% for 3 seconds.",,,,,,,,,,,Sets,itemset,Skill Bonus,Reduce Stamina Cost,Reduce Magicka Cost,2-Piece Bonus,Restoration Staff,Weapon,Asylum Style,Asylum Sanctorium,,,,,,Clockwork City,Clockwork City,,,,,,,,,,,,,,,,,,,,,,,,,,,,
Online:Titanborn Strength,,Adds 34-1487 Offensive Penetration,Adds 3-129 Weapon Damage and Spell Damage,Adds 25-1096 Maximum Stamina,"Adds 2-110 Weapon Damage and Spell Damage and 28-1240 Offensive Penetration. While in combat, this bonus doubles when you are under 75% Health and quadruples when you are under 50% Health.",,,,,,,,Sets,itemset,Physical/Spell Penetration,Weapon/Spell Damage,Weapon/Spell Damage,Maximum Stamina,Double Weapon/Spell Damage,Medium Armor,Double Physical/Spell Penetration,Icereach,Double Physical/Spell Penetration,Near Death Effect,5-Piece Bonus,Medium Armor,Any Weapon,Harrowstorm,Harrowstorm,Jewelry,y,75%,,25-1096 Maximum,,,Icereach Coven Style,,,,,,,,,,,,,,,,,,,,
Online:Titanic Cleave,,Increases the direct damage Cleave deals by 36-1550 for each enemy in its cone.,,,,,,,,,,,Sets,itemset,Skill Bonus,2-Piece Bonus,Multiple Targets Hit Bonus,Two Handed Weapon,Dark Elf Style,Weapon,Orcish Style,Dragonstar Arena,Redguard Style,Mixed Style,,,,,,,,,,,,,,,,,,,,,,,,,,,,,,,,,
Online:Tools of the Trapmaster,,Adds 15-657 Critical Chance,Adds 3-129 Weapon Damage and Spell Damage,Adds 15-657 Critical Chance,"Dealing direct damage with a non-Heavy Attack grants you a stack of Trapmaster for 5 seconds, up to 4 stacks max. You can gain a stack every 1 second. Dealing damage with a fully-charged Heavy Attack consumes the stacks, applies Sundered, and deals 353 Physical damage per stack consumed.",,,,,,,,Sets,itemset,Weapon/Spell Critical,Weapon/Spell Damage,Double Weapon/Spell Critical,Direct Damage Bonus,Heavy Attack Bonus,Medium Armor,Physical Damage,Naj-Caldeesh,Debuff Bonus,5-Piece Bonus,Medium Armor,Any Weapon,Jewelry,Feast of Shadows,Feast of Shadows,Voskrona Guardian Style,y,,,,,,,,,,,,,,,,,,,,,,,,,,
Online:Tooth of Lokkestiiz,,Adds 3-129 Weapon Damage and Spell Damage,"Gain Minor Slayer at all times, increasing your damage done to Dungeon, Trial, and Arena Monsters by 5%.",Adds 3-129 Weapon Damage and Spell Damage,"When you activate a synergy while in combat, gain Major Slayer for 16 seconds, increasing your damage done to Dungeon and Trial monsters by 10%.",,,,,,,,Sets,itemset,Weapon/Spell Damage,Double Weapon/Spell Damage,Minor Slayer,Synergy Bonus,Major Slayer,Medium Armor,5-Piece Bonus,Sunspire,Medium Armor,Any Weapon,Jewelry,Sunspire Style,,Elsweyr,Elsweyr,,y,,,,,,,,,,,,,,,,,,,,,,,,,,
Online:Toothrow,,Adds 25-1096 Maximum Stamina,Adds 15-657 Critical Chance,Adds 15-657 Critical Chance,"Gain Major Savagery and Prophecy at all times, increasing your Weapon Critical and Spell Critical rating by 2629.",,,,,,,,Sets,itemset,Maximum Stamina,Double Weapon/Spell Critical,Weapon/Spell Critical,Double Weapon/Spell Critical,Weapon/Spell Damage,Medium Armor,Major Savagery,Wayrest Sewers,Major Prophecy,5-Piece Bonus,Medium Armor,Any Weapon,Jewelry,,,Primal Style,y,,,25-1096 Maximum,,3,,29451,1,Allene's Deathly Bow,,,,,,,,,,,,,,,,,
Online:Torc of Tonal Constancy,"While your Stamina is less than 50%, increase your Magicka Recovery by 450. While your Magicka is less than 50%, increase your Stamina Recovery by 450.",,,,,,,,,,,,Sets,itemset,Stamina Recovery,Magicka Recovery,Low Magicka Bonus,Low Stamina Bonus,1-Piece Bonus,Jewelry,Jewelry,Antiquities,Unique Style,,,,,Greymoor,Greymoor,,,,,,,5,,,,Torc Strand of Lore,the antiquity,the achievement,Torc of Tonal Constancy (achievement),Recovery,Recovery,,,,,,,armor,Torc of Tonal Constancy,m,Mythic,,right
Online:Torc of the Last Ayleid King,Reduce your damage taken by 15%. Adds 1337 Weapon Damage and Spell Damage. Adds 500 Magicka and Stamina Recovery. Disable all other item set bonuses.,,,,,,,,,,,,Sets,itemset,Reduce Damage Taken,Magicka Recovery,Weapon/Spell Damage,Stamina Recovery,Drawbacks,Jewelry,1-Piece Bonus,Antiquities,Jewelry,Unique Style,,,,,Necrom,,y,,,,,5,,,,Ancestor Silk Ribbon,the antiquity,the achievement,Torc of the Last Ayleid King (achievement),,Recovery,,,,,,,armor,Torc of the Last Ayleid King,m,Mythic,,right
Online:Tormentor,,Adds 28-1206 Maximum Health,Adds 4% Healing Taken,Adds 4% Healing Taken,"When you deal direct damage with a Blink, Charge, Leap, Teleport, or Pull ability, you gain 84-3642 Physical Resistance and Spell Resistance, taunt the first enemy hit to attack you for 15 seconds, and heal for 45% of the damage done.",,,,,,,,Sets,itemset,Maximum Health,Double Increase Healing Received,Increase Healing Received,Direct Damage Bonus,Gap Close Bonus,Heavy Armor,Skill Bonus,The Banished Cells,Taunt,Physical/Spell Resistance,Reduce Damage Taken,Restore Health,5-Piece Bonus,,,Heavy Armor,,28-1206 Maximum,Any Weapon,,,2,Jewelry,34370,1,Blessing of the Keepers of the Tormentor,,,,,,Daedric Style,,,,,,,,,,,
Online:Torug's Pact,,Adds 34-1487 Armor,Adds 28-1206 Maximum Health,Adds 34-1487 Armor,Decreases weapon enchantment cooldown by 33% and increases non Oblivion Damage weapon enchantment potency by 45%.,,,,,,,,Sets,itemset,Physical/Spell Resistance,Double Physical/Spell Resistance,Maximum Health,Improve Enchantments,5-Piece Bonus,All Weights,Consumable Bonus,,Light Armor,Medium Armor,Heavy Armor,Any Weapon,Jewelry,,,Crafting Site(s),,28-1206 Maximum,,,,,,,,,,,,,,,,,,,,,,,,,
Online:Tracker's Lash,,Adds 3-129 Weapon Damage and Spell Damage,Adds 34-1487 Offensive Penetration,Adds 3-129 Weapon Damage and Spell Damage,"When your attack is dodged, increase your Weapon Damage and Spell Damage by 95 for 7 seconds, stacking up to 5 times. This effect can occur once every 0.5 seconds.",,,,,,,,Sets,itemset,Weapon/Spell Damage,Double Weapon/Spell Damage,Maximum Magicka,Triple Weapon/Spell Damage,5-Piece Bonus,Light Armor,Light Armor,"""Rewards for the Worthy"" mails",Any Weapon,Jewelry,Alliance Style,,,,,,y,,,,,,,,,,,,,,,,,,,,,,,,,,
Online:Transformative Hope,,Adds 4% Healing Done,"Gain Minor Aegis at all times, reducing your damage taken from Dungeon, Trial, and Arena Monsters by 5%.",Adds 3-129 Magicka Recovery,"While in combat, when you heal yourself or an ally that is below 50% Health, you ignite a Spark of Hope within them for 3 seconds. If they are above 90% Health when the effect ends, you and the ally gain Major Heroism for 15 seconds. This effect can occur once every 20 seconds per target.",,,,,,,,Sets,itemset,Increase Healing Done,Magicka Recovery,Minor Aegis,Healing Bonus,Near Death Effect,Light Armor,Full Health Bonus,Sanity's Edge,Major Heroism,5-Piece Bonus,Light Armor,Any Weapon,Jewelry,Necrom,Necrom,Clan Dreamcarver Style,,50%,,,3-129,,,,,,,,,Recovery,,,,,,,,,,,,,
Online:Trappings of Invigoration,,Adds 3-129 Stamina Recovery,Adds 25-1096 Maximum Stamina,Adds 3-129 Stamina Recovery,"When you cast an ability that costs resources while under 25% Stamina, you restore 263-11350 Stamina. This effect can occur once every 45 seconds.",,,,,,,,Sets,itemset,Stamina Recovery,Double Stamina Recovery,Maximum Stamina,Skill Bonus,Low Stamina Bonus,Medium Armor,Restore Stamina,Fang Lair,5-Piece Bonus,Medium Armor,Any Weapon,Jewelry,Fang Lair Style,Dragon Bones,Dragon Bones,,,,,3-129,,,,,,,,,,,Recovery,,,,,,,,,,,,
Online:Treasure Hunter,,Adds 25-1096 Maximum Magicka,Adds 15-657 Critical Chance,Adds 15-657 Critical Chance,"Gain Major Savagery and Prophecy at all times, increasing your Weapon Critical and Spell Critical rating by 2629.",,,,,,,,Sets,itemset,Maximum Magicka,Double Weapon/Spell Critical,Weapon/Spell Critical,Double Weapon/Spell Critical,Weapon/Spell Damage,Light Armor,Major Savagery,Volenfell,Major Prophecy,5-Piece Bonus,Light Armor,Any Weapon,Jewelry,,,Mercenary Style,y,,,,25-1096 Maximum,3,,33288,1,Beetle Eye Ring,,,,,,,,,,,,,,,,,
Online:Treasures of the Earthforge,,,Adds 34-1487 Armor,,,,,,,,,,Sets,itemset,,,,,,,,,,,,,,,,,,,,,,4,,,,Forge Master's Ring,,,,,,,,,,,,,,,,,
Online:Tremorscale (set),Adds 25-1096 Maximum Stamina,"When you activate a taunt ability on an enemy, you cause a duneripper to burst from the ground beneath them after 1 second, dealing 0 Physical damage to all enemies within 4 meters and reducing their Armor by 0 for 15 seconds. This effect can occur once every 10 seconds and scales off the higher of your Physical Resistance or Spell Resistance.",,,,,,,,,,,Sets,itemset,Maximum Stamina,Taunt Bonus,Skill Bonus,Physical Damage,Area of Effect,Monster Helm Sets,Reduce Enemy Defense,Volenfell,Undaunted Style,2-Piece Bonus,Head and Shoulders,,,,,,,,,25-1096 Maximum,,,,,,,the item set,the enemy,Tremorscale,,,,,Volenfell,Glirion the Redbeard,Guardian Council,,,,,,,
Online:Trial Sets,,,,,,,,,,,,,Sets,,,,,,,,,,,,,,,,,,,,,,,,,,,,,,,,,,,,,,,,,,,,
Online:Trial Sets/Drops,,,,,,,,,,,,,,,,,,,,,,,,,,,,,,,,,,,,,,,,,,,,,,,,,,,,,,4,Epic quality,,
Online:Trial by Fire,,Adds 28-1206 Maximum Health,Adds 34-1487 Armor,Adds 4% Healing Taken,While under the effect of an Elemental Status Effect you gain 197-8500 Armor.,,,,,,,,Sets,itemset,Maximum Health,Increase Healing Received,Physical/Spell Resistance,Negative Effect on Friendly Bonus,Double Physical/Spell Resistance,All Weights,5-Piece Bonus,Malacath Statue,Light Armor,Medium Armor,Heavy Armor,Any Weapon,Jewelry,Orsinium,Orsinium,Crafting Site(s),,28-1206 Maximum,,,,,,,,,,,,,,,Malacath Statue,,,,,,,,,,
Online:Trinimac's Valor,,Adds 3-129 Magicka Recovery,Adds 25-1096 Maximum Magicka,Adds 3-129 Magicka Recovery,"When you cast a damage shield, you call down a fragment of Trinimac that heals you and group members for 1396 Health and damages enemies for 1396 Magic damage in a 5 meter radius after a 2 second delay. This effect can occur once every 5 seconds and scales with the higher of your Max Magicka or Stamina.",,,,,,,,Sets,itemset,Magicka Recovery,Double Magicka Recovery,Maximum Magicka,Damage Shield Bonus,Skill Bonus,Light Armor,Group Bonus,Wrothgar,Restore Health,Heal Others,Magic Damage,Area of Effect,5-Piece Bonus,Orsinium,Orsinium,Light Armor,,1396,Any Weapon,,3-129,2,Jewelry,71004,1,,,,,Recovery,,Trinimac Style,,,,,Diagnan Hauberk,,,,,,
Online:True-Sworn Fury,,Adds 15-657 Critical Chance,Adds 3-129 Weapon Damage and Spell Damage,Adds 25-1096 Maximum Magicka,"Adds 16-708 Critical Chance and increases your Critical Damage by 0-4%. While in combat, this bonus doubles when you are under 75% Health and quadruples when you are under 50% Health.",,,,,,,,Sets,itemset,Weapon/Spell Critical,Weapon/Spell Damage,Weapon/Spell Damage,Maximum Magicka,Double Weapon/Spell Critical,Light Armor,Increase Critical Damage,Black Drake Villa,Near Death Effect,5-Piece Bonus,Light Armor,Any Weapon,Jewelry,Flames of Ambition,Flames of Ambition,True-Sworn Style,y,75%,,,25-1096 Maximum,,,,,,,,,,,,,,,,,,,,,,
Online:Turning Tide,,Adds 28-1206 Maximum Health,Adds 25-1096 Maximum Stamina,Adds 28-1206 Maximum Health,"When you Block, you gain Flowing Water for 10 seconds, causing your next Bash attack to deal 2223 Magic damage to up to 6 enemies in a 5 by 10 meter line, and apply Major Vulnerability for 10 seconds, increasing their damage taken by 10%. This effect can occur once every 15 seconds and scales off your Max Health.",,,,,,,,Sets,itemset,Maximum Health,Maximum Stamina,Double Maximum Health,Block Bonus,Bash Bonus,Heavy Armor,Area of Effect,Shipwright's Regret,Magic Damage,Major Vulnerability,5-Piece Bonus,Heavy Armor,Any Weapon,Ascending Tide,Ascending Tide,Jewelry,,28-1206 Maximum,Dreadsails Style,25-1096 Maximum,,,,,,,,,,,,,,,,,,,,,,,
Online:Twice-Born Star,,Adds 28-1206 Maximum Health,Adds 25-1096 Maximum Stamina,Adds 25-1096 Maximum Magicka,You can have two Mundus Stone boons at the same time.,,,,,,,,Sets,itemset,Maximum Health,Maximum Magicka,Maximum Stamina,Mundus Stone Bonus,5-Piece Bonus,All Weights,Light Armor,Atelier of the Twice-Born Star,Medium Armor,Heavy Armor,Any Weapon,Jewelry,Crafting Site(s),,,,,28-1206 Maximum,,25-1096 Maximum,25-1096 Maximum,,,,,,,,,,,,Atelier of the Twice-Born Star,,,,,,,,,,
Online:Twice-Fanged Serpent,,Adds 3-129 Weapon Damage and Spell Damage,Adds 34-1487 Offensive Penetration,Adds 15-657 Critical Chance,"When you deal damage, your Offensive Penetration is increased by 15-660 for 5 seconds, stacking up to 5 times. This effect can occur once every half second.",,,,,,,,Sets,itemset,Weapon/Spell Damage,Weapon/Spell Critical,Maximum Stamina,Physical/Spell Penetration,Physical/Spell Penetration,Medium Armor,5-Piece Bonus,Sanctum Ophidia,Medium Armor,Any Weapon,Jewelry,Celestial Style,,,,,y,,,,,,,,,,,,,,,,,,,,,,,,,,
Online:Twilight Remedy,,Adds 3-129 Magicka Recovery,"Gain Minor Aegis at all times, reducing your damage taken from Dungeon, Trial, and Arena Monsters by 5%.",Adds 3-129 Weapon Damage and Spell Damage,"When an ally activates a synergy you have created within 10 seconds, they heal themselves for 7704 Health over 15 seconds and gain Minor Force for the duration, increasing their Critical Damage by 10%. This effect scales off the higher of the synergy activator's Max Magicka or Stamina.",,,,,,,,Sets,itemset,Magicka Recovery,Weapon/Spell Damage,Minor Aegis,Skill Bonus,Synergy Bonus,Light Armor,Heal Others,Maw of Lorkhaj,Minor Force,5-Piece Bonus,Light Armor,Any Weapon,Jewelry,Thieves Guild,Thieves Guild,Dro-m'Athra Style,y,7704,,,3-129,,,,,,,,,Recovery,,,,,,,,,,,,,
Online:Twilight's Embrace,,Adds 25-1096 Maximum Magicka,Adds 15-657 Critical Chance,Adds 3-129 Weapon Damage and Spell Damage,Increases your healing received by 10%.,,,,,,,,Sets,itemset,Maximum Magicka,Weapon/Spell Damage,Weapon/Spell Critical,Weapon/Spell Damage,Increase Healing Received,All Weights,5-Piece Bonus,,Light Armor,Medium Armor,Heavy Armor,Any Weapon,Jewelry,,,Crafting Site(s),y,,,,25-1096 Maximum,,,,,,,,,,,,,,,,,,,,,,
Online:Twin Sisters,,Adds 3-129 Stamina Recovery,Adds 25-1096 Maximum Stamina,Adds 15-657 Critical Chance,"When you Block, you cause all enemies within 5 meters of you to bleed for 1932 Bleed Damage over 10 seconds. This effect can occur once every 10 seconds and scales off the higher of your Weapon Damage and Spell Damage.",,,,,,,,Sets,itemset,Stamina Recovery,Weapon/Spell Critical,Maximum Stamina,Block Bonus,Area of Effect,Medium Armor,Bleed Damage,Auridon,Damage Over Time,5-Piece Bonus,Medium Armor,Any Weapon,Jewelry,,,High Elf Style,y,,,3-129,,2,,7605,1,Divine-Touched Aegis,,,,,Recovery,,,,,,,,,,,,
Online:Tzogvin's Warband,,Adds 15-657 Critical Chance,Adds 15-657 Critical Chance,Adds 34-1487 Offensive Penetration,"When you deal Critical Damage, you gain a stack of Precision, increasing your Critical Chance by 4-177 for 5 seconds, up to 10 stacks max. At max stacks, you also gain Minor Force, increasing your Critical Damage done by 10%. This effect can occur once every half second.",,,,,,,,Sets,itemset,Weapon/Spell Critical,Double Weapon/Spell Critical,Double Weapon/Spell Critical,Physical/Spell Penetration,Critical Damage Bonus,Medium Armor,Triple Weapon/Spell Critical,Frostvault,Minor Force,5-Piece Bonus,Medium Armor,Any Weapon,Jewelry,Wrathstone,Wrathstone,Coldsnap Style,,,,,,,,,,,,,,,,,,,,,,,,,,,
Online:Ulfnor's Favor,,Adds 28-1206 Maximum Health,Adds 3-129 Stamina Recovery,Adds 4% Healing Taken,Increases the Magicka or Stamina your Heavy Attacks restore by 30%.,,,,,,,,Sets,itemset,Maximum Health,Stamina Recovery,Magicka Recovery,Increase Healing Received,Heavy Attack Bonus,Heavy Armor,Restore Stamina,Fang Lair,Restore Magicka,5-Piece Bonus,Heavy Armor,Any Weapon,Jewelry,Dragon Bones,Dragon Bones,Fang Lair Style,,28-1206 Maximum,,3-129,3-129,,,,,,,,,Recovery,Recovery,,,,,,,,,,,,
Online:Umbral Edge,,Adds 28-1206 Maximum Health,Adds 34-1487 Armor,Adds 25-1096 Maximum Stamina,"When you cast a Shadow ability, you gain Umbral Riposte for 3 seconds, up to once every 6 seconds. Umbral Riposte causes you to dodge the next attack made against you and automatically curses the attacking enemy, applying Major Vulnerability for 5 seconds, increasing their damage taken by 10%.",,,,,,,,Sets,itemset,Maximum Health,Maximum Stamina,Physical/Spell Resistance,Skill Bonus,Class Abilities Bonus,All Weights,Dodge,Infinite Archive,Counterattack,Major Vulnerability,5-Piece Bonus,Light Armor,Medium Armor,,,Heavy Armor,,28-1206 Maximum,Any Weapon,25-1096 Maximum,,,Jewelry,,,,,,,,,Soulcleaver Style,,,,,,,,,,,
Online:Unchained Aggressor,,Adds 25-1096 Maximum Stamina,Adds 3-129 Stamina Recovery,Adds 3-129 Weapon Damage and Spell Damage,"After Breaking Free, gain Major Berserk for 12 seconds, increasing your damage done by 10%. This effect can occur once every 14 seconds.",,,,,,,,Sets,itemset,Maximum Stamina,Weapon/Spell Damage,Stamina Recovery,Break Free Bonus,Major Berserk,All Weights,5-Piece Bonus,Bruma Armory,Light Armor,Medium Armor,Heavy Armor,Any Weapon,Jewelry,,,Crafting Site(s),y,,,25-1096 Maximum,,,,,,,,,,,Recovery,,Bruma Armory,,,,,,,,,,
Online:Undaunted Bastion,,Adds 28-1206 Maximum Health,Adds 34-1487 Armor,Adds 34-1487 Armor,"When you use a taunt ability while you are under 75% Health, gain a damage shield that absorbs 328-14127 damage for 6 seconds. This effect can occur once every 10 seconds.",,,,,,,,Sets,itemset,Maximum Health,Double Physical/Spell Resistance,Physical/Spell Resistance,Double Physical/Spell Resistance,Skill Bonus,Heavy Armor,Taunt Bonus,Elden Hollow,Near Death Effect,Damage Shield,5-Piece Bonus,Heavy Armor,Any Weapon,,,Jewelry,,28-1206 Maximum,Mercenary Style,,,3,,16221,1,,,,,,,,,,,,Akash's First Love,,,,,,
Online:Undaunted Infiltrator,,Adds 25-1096 Maximum Stamina,Adds 25-1096 Maximum Stamina,Adds 15-657 Critical Chance,"When you use an ability that costs Magicka while in combat, you increase the damage of your Light and Heavy Attacks against monsters by 38-1645 for 10 seconds.",,,,,,,,Sets,itemset,Maximum Stamina,Weapon/Spell Critical,Double Maximum Stamina,Skill Bonus,Increase Light/Heavy Attack Damage,Medium Armor,5-Piece Bonus,Arx Corinium,Medium Armor,Any Weapon,Jewelry,Mercenary Style,,,,,,,,25-1096 Maximum,,3,,28978,1,Chain of the Snake-Charmer,,,,,,,,,,,,,,,,,
Online:Undaunted Unweaver,,Adds 25-1096 Maximum Magicka,Adds 25-1096 Maximum Magicka,Adds 15-657 Critical Chance,"When you use an ability that costs Stamina while in combat, you increase the damage of your Light and Heavy Attacks against monsters by 38-1645 for 10 seconds.",,,,,,,,Sets,itemset,Maximum Magicka,Weapon/Spell Critical,Double Maximum Magicka,Skill Bonus,Increase Light/Heavy Attack Damage,Light Armor,5-Piece Bonus,Blackheart Haven,Light Armor,Any Weapon,Jewelry,Mercenary Style,,,,,,,,,25-1096 Maximum,3,,22187,1,Atarus' Masher,,,,,,,,,,,,,,,,,
Online:Unfathomable Darkness,,Adds 15-657 Critical Chance,Adds 34-1487 Offensive Penetration,Adds 3-129 Weapon Damage and Spell Damage,"When you deal damage, you call a murder of crows around you for 12 seconds. Every 3 seconds a crow will be sent to peck the closest enemy within 12 meters of you, dealing 871 Physical Damage. This effect can occur once every 15 seconds and scales off the higher of your Weapon Damage and Spell Damage.",,,,,,,,Sets,itemset,Weapon/Spell Critical,Physical/Spell Penetration,Physical/Spell Penetration,Weapon/Spell Damage,Distance Bonus,Medium Armor,Physical Damage,Clockwork City,5-Piece Bonus,Medium Armor,Any Weapon,Jewelry,Ebonshadow Style,Clockwork City,Clockwork City,,y,,,,,3,,133235,,Cleft Striders,,,,,,,,,,,,,,,,,
Online:Unflinching Ultimate,,Adds 28-1206 Maximum Health,Adds 28-1206 Maximum Health,Adds 34-1487 Armor,Gain 1 second of immunity to crowd control effects after casting an Ultimate for each 20 Ultimate spent.,,,,,,,,Sets,itemset,,,,,,,,,,,,,,Feast of Shadows,,,,28-1206 Maximum,,,,,,,,,,,,,,,,,,,,,,,,20,
Online:Unleashed Ritualist,,Adds 3-129 Weapon Damage and Spell Damage,Adds 15-657 Critical Chance,Adds 3-129 Weapon Damage and Spell Damage,Increases your damage done with summoned pets by 0-20%.,,,,,,,,Sets,itemset,Maximum Magicka,Triple Maximum Magicka,Double Maximum Magicka,Negative Effect Bonus,Pet Bonus,Light Armor,5-Piece Bonus,The Cauldron,Light Armor,Any Weapon,Jewelry,Waking Flame Style,,Flames of Ambition,Flames of Ambition,,y,,,,,,,,,,,,,,,,,,,,,,,,,,
Online:Unleashed Terror,,Adds 3-129 Weapon Damage and Spell Damage,Adds 25-1096 Maximum Stamina,Adds 25-1096 Maximum Stamina,"When you deal direct damage with a Blink, Charge, Leap, Teleport, or Pull ability, you cut your enemy, causing them to bleed for 10 seconds, dealing 1870 Bleed damage over the duration and applying the Hemorrhaging status effect every tick. This ability can occur once every 10 seconds per target and scales off the higher of your Weapon Damage and Spell Damage.",,,,,,,,Sets,itemset,Weapon/Spell Damage,Double Maximum Stamina,Maximum Stamina,Direct Damage Bonus,Skill Bonus,Medium Armor,Gap Close Bonus,Castle Thorn,Bleed Damage,Damage Over Time,Apply Status Effects,5-Piece Bonus,Medium Armor,Stonethorn,Stonethorn,Any Weapon,y,,Jewelry,25-1096 Maximum,,,Thorn Legion Style,,,,,,,,,,,,,,,,,,,,
Online:Valkyn Skoria (set),Adds 34-1487 Offensive Penetration,"When you deal damage with a damage over time effect, you have an 8% chance to summon a meteor that deals 1342 Flame damage to the target and 447 Flame damage to all other enemies within 5 meters. This effect can occur once every 5 seconds and scales off the higher of your Weapon Damage and Spell Damage.",,,,,,,,,,,Sets,itemset,Physical/Spell Penetration,Flame Damage,Damage Over Time Bonus,Area of Effect,Undaunted Style,Monster Helm Sets,2-Piece Bonus,City of Ash II,Head and Shoulders,,,,,,,,y,,,,,,,,,,the item set,the enemy,Valkyn Skoria (person),,,,,City of Ash II,Glirion the Redbeard,Valkyn Skoria,,,,,,,
Online:Vampire Cloak,,Adds 28-1206 Maximum Health,Adds 3-129 Weapon Damage and Spell Damage,Adds 28-1206 Maximum Health,"Gain Minor Protection at all times, reducing your damage taken by 5%.",,,,,,,,Sets,itemset,Maximum Health,Double Maximum Health,Weapon/Spell Damage,Double Weapon/Spell Damage,Minor Protection,Heavy Armor,5-Piece Bonus,Rivenspire,Heavy Armor,Any Weapon,Jewelry,Breton Style,,,,,y,28-1206 Maximum,,,,2,,7294,1,,,,,,,,,,,,Dathieu's Traitorous Axe of the Vampire's Cloak,,,,,,
Online:Vampire Lord (set),,Adds 25-1096 Maximum Magicka,Adds 3-129 Weapon Damage and Spell Damage,Adds 15-657 Critical Chance,"Increases the bonuses and penalties of your Vampire Stage, depending on how far you've progressed. Stage 1/2/3/4 1%/2%/4%/6% additional Flame Damage Taken. 1%/2%/4%/6% increased Regular Ability cost. 5%/10%/15%/20% reduced Vampire Ability cost.",,,,,,,,Sets,itemset,Maximum Magicka,Weapon/Spell Critical,Weapon/Spell Damage,Weapon/Spell Critical,Skill Bonus,Light Armor,Drawbacks,Bangkorai,5-Piece Bonus,Light Armor,Any Weapon,Jewelry,High Elf Style,,,,y,,,,25-1096 Maximum,2,,15619,1,Crozier of St. Pelin,,,,,,,,,,,,,,,,,
Online:Vampire's Kiss,,Adds 25-1096 Maximum Stamina,Adds 25-1096 Maximum Magicka,Adds 25-1096 Maximum Magicka,"When you kill an enemy, you heal for 10512 Health over 10 seconds. This effect scales off the higher of your Max Magicka or Stamina.",,,,,,,,Sets,itemset,Maximum Stamina,Double Maximum Stamina,Maximum Magicka,Double Maximum Magicka,Weapon/Spell Damage,All Weights,Kill Bonus,,Restore Health,5-Piece Bonus,Light Armor,Medium Armor,Heavy Armor,,,Any Weapon,y,10512,Jewelry,25-1096 Maximum,25-1096 Maximum,,Crafting Site(s),,,,,,,,,,,,,,,,,,,,
Online:Vandorallen's Resonance,,Adds 34-1487 Offensive Penetration,Adds 15-657 Critical Chance,Adds 3-129 Weapon Damage and Spell Damage,"Dealing damage with a fully-charged Heavy Attack places an electric charge on yourself and below your enemy. After 1 second, both charges explode in a 4 meter blast, each dealing 914 Shock damage to enemies hit. This effect can occur once every 6 seconds and scales off the higher of your Weapon Damage and Spell Damage.",,,,,,,,Sets,itemset,Physical/Spell Penetration,Weapon/Spell Critical,Weapon/Spell Damage,Heavy Attack Bonus,Area of Effect,Light Armor,Shock Damage,Exiled Redoubt,5-Piece Bonus,Light Armor,Any Weapon,Jewelry,Exile's Revenge Style,Fallen Banners,Fallen Banners,,y,,,,,,,,,,,,,,,,,,,,,,,,,,
Online:Vanguard's Challenge,,Adds 28-1206 Maximum Health,Adds 28-1206 Maximum Health,Adds 4% Healing Taken,"When you taunt an enemy player, they deal 35% less damage to all other players but 35% more damage to you for 15 seconds. This effect is lost if you enter Sneak, invisibility, or move further than 28 meters away from them.",,,,,,,,Sets,itemset,Maximum Health,Increase Healing Received,Double Maximum Health,PvP Bonus,Taunt Bonus,Heavy Armor,Reduce Enemy Damage Done,Battlegrounds,Drawbacks,Distance Bonus,5-Piece Bonus,Heavy Armor,Any Weapon,,,Jewelry,,28-1206 Maximum,Militant Ordinator Style,,,,,,,,,,,,,,,,,,,,,,,,
Online:Varen's Legacy,,Adds 28-1206 Maximum Health,Adds 25-1096 Maximum Stamina,Adds 4% Healing Taken,"When you Block, your next direct damage area of effect attack used within 5 seconds deals an additional 76-3290 damage. This bonus does not work with channeled effects. This effect can occur once every 2 seconds.",,,,,,,,Sets,itemset,Maximum Health,Increase Healing Received,Maximum Stamina,Block Bonus,Increase Area of Effect Damage,All Weights,5-Piece Bonus,Strid River Artisans Camp,Light Armor,Medium Armor,Heavy Armor,Any Weapon,Jewelry,Dark Brotherhood,Dark Brotherhood,Crafting Site(s),,28-1206 Maximum,,25-1096 Maximum,,,,,,,,,,,,,Strid River Artisans Camp,,,,,,,,,,
Online:Vastarie's Tutelage,,Adds 25-1096 Maximum Stamina,Adds 28-1206 Maximum Health,Adds 25-1096 Maximum Magicka,"When you resurrect an ally, you and your ally gain 6-258 Weapon Damage and Spell Damage and 10% cost reduction to non-Ultimate abilities for 10 seconds.",,,,,,,,Sets,itemset,Maximum Stamina,Maximum Magicka,Maximum Health,Stamina Recovery,Magicka Recovery,All Weights,Improve Resurrection,Rimmen Masterworks,Weapon/Spell Damage,Reduce Stamina Cost,Reduce Health Cost,Reduce Magicka Cost,5-Piece Bonus,Elsweyr,Elsweyr,Light Armor,y,28-1206 Maximum,Medium Armor,25-1096 Maximum,25-1096 Maximum,,Heavy Armor,,,,,,,Recovery,Recovery,Any Weapon,Rimmen Masterworks,,,,,,,,,,
Online:Vateshran Weapons,,,,,,,,,,,,,Sets,,,,,,,,,,,,,,,Markarth,,,,,,,,,,,,,,,,,,,,,,,,w,Axe-Ancestral Reach,,,,
Online:Velidreth (set),Adds 3-129 Weapon Damage and Spell Damage,"When you deal damage, you have a 20% chance to spawn 3 disease spores in front of you after 1 second that deal 1557 Disease damage to any enemy they hit. This effect can occur once every 8 seconds and scales off the higher of your Weapon Damage and Spell Damage.",,,,,,,,,,,Sets,itemset,Weapon/Spell Damage,Area of Effect,Disease Damage,Undaunted Style,2-Piece Bonus,Monster Helm Sets,Head and Shoulders,Cradle of Shadows,,,,,,Shadows of the Hist,Shadows of the Hist,,y,,,,,,,,,,the item set,the enemy,Velidreth,,,,,Cradle of Shadows,Urgarlag Chief-bane,Velidreth,,,,,,,
Online:Velothi Ur-Mage's Amulet,"Increase your damage done to monsters by 15%, gain Minor Force at all times, increasing your Critical Damage done by 10%, and reduce your Light and Heavy Attack damage by 99%.",,,,,,,,,,,,Sets,itemset,Physical/Spell Penetration,Minor Force,Increase Damage Dealt,Drawbacks,Unique Style,Jewelry,1-Piece Bonus,Antiquities,Jewelry,,,,,Greymoor,Necrom,,,,,,,5,,,,Ebony Crossed-Sword Chain,the antiquity,the achievement,Velothi Ur-Mage's Amulet (achievement),,,,,,,,,armor,Velothi Ur-Mage's Amulet,,,,right
Online:Vengeance Leech,,Adds 28-1206 Maximum Health,"When you kill an enemy, you heal for 64-2772 Health and restore 64-2772 Magicka and Stamina.",,,,,,,,,,Sets,itemset,Maximum Health,Restore Health,Kill Bonus,Restore Magicka,Restore Stamina,Three Piece,3-Piece Bonus,Bruma,Any Weapon,Shield,Jewelry,Alliance Style,Alliance Point Cost,,,,,28-1206 Maximum,,,,,,,,,,,,,,,,,,,,,,,,,
Online:Venomous Smite,,Adds 15-657 Critical Chance,Adds 15-657 Critical Chance,Adds 3-129 Weapon Damage and Spell Damage,"Dealing Critical Damage inflicts Hunter's Venom on your enemy for 10 seconds, dealing 714 Poison damage to your target and enemies within 6 meters of them every 2 seconds. This effect can occur once every 15 seconds and scales off the higher of your Weapon Damage and Spell Damage.",,,,,,,,Sets,itemset,Weapon/Spell Critical,Double Weapon/Spell Critical,Double Weapon/Spell Critical,Weapon/Spell Damage,Critical Damage Bonus,Medium Armor,Negative Effect Bonus,Western Skyrim,Poison Damage,Area of Effect,Damage Over Time,5-Piece Bonus,Medium Armor,Greymoor,Greymoor,Any Weapon,y,,Jewelry,,,2,Greymoor Style,159722,1,Angrar's Brace,,,,,,,,,,,,,,,,,
Online:Vestment of Olorime,,Adds 3-129 Magicka Recovery,"Gain Minor Aegis at all times, reducing your damage taken from Dungeon, Trial, and Arena Monsters by 5%.",Adds 3-129 Magicka Recovery,"Casting abilities that leave an effect on the ground in combat will create a circle of might for 5 seconds. You and your group members in the circle gain Major Courage for 20 seconds, increasing your Weapon Damage and Spell Damage by 430 for 20 seconds. This effect can occur once every 10 seconds.",,,,,,,,Sets,itemset,Magicka Recovery,Double Magicka Recovery,Minor Aegis,Skill Bonus,Area of Effect Bonus,Light Armor,Area of Effect,Cloudrest,Group Bonus,Major Courage,5-Piece Bonus,Light Armor,Any Weapon,Summerset,Summerset,Jewelry,y,,Welkynar Style,,3-129,,,,,,,,,Recovery,,,,,,,,,,,,,
Online:Vestments of the Warlock,,Adds 3-129 Magicka Recovery,Adds 25-1096 Maximum Magicka,Adds 3-129 Magicka Recovery,"When you cast an ability that costs resources while under 25% Magicka, you restore 263-11350 Magicka. This effect can occur once every 45 seconds.",,,,,,,,Sets,itemset,Magicka Recovery,Double Magicka Recovery,Maximum Magicka,Low Magicka Bonus,Skill Bonus,Light Armor,Restore Magicka,Selene's Web,5-Piece Bonus,Light Armor,Any Weapon,Jewelry,Breton Style,,,,,,,,3-129,3,,22200,1,,,,,Recovery,,,,,,,Foulhide's Fang,,,,,,
Online:Vesture of Darloc Brae,,Adds 3-129 Magicka Recovery,Adds 3-129 Stamina Recovery,Reduces the radius you can be detected while Sneaking by 2 meters. Reduces the cost of Sneak by 0-10%.,"While you are crouching and not Bracing, you restore 15-670 Magicka and Stamina and heal for 15-670 Health every second.",,,,,,,,Sets,itemset,Magicka Recovery,Improved Stealth,Stamina Recovery,Reduce Stealth Cost,Restore Magicka,Medium Armor,Restore Stamina,Northern Elsweyr,Restore Health,5-Piece Bonus,Medium Armor,Any Weapon,Jewelry,Elsweyr,Elsweyr,Anequina Style,,15-670,,3-129,3-129,3,,150386,1,Skein-Woven Grips,,,,Recovery,Recovery,,,,,,Riverhold Dragonfeller,,,,,,
Online:Vicecanon of Venom,,Adds 3-129 Weapon Damage and Spell Damage,Adds 3-129 Weapon Damage and Spell Damage,Adds 15-657 Critical Chance,"When you deal direct Critical Damage to an enemy while behind them, you inject a leeching poison that deals 1300 Poison Damage over 10 seconds to them and heals you for 100% of the damage done. This effect can occur once every 10 seconds per enemy and scales off the higher of your Weapon Damage and Spell Damage.",,,,,,,,Sets,itemset,Maximum Stamina,Stamina Recovery,Weapon/Spell Damage,Direct Damage Bonus,Critical Damage Bonus,Medium Armor,Positioning Bonus,Tel Var Merchants,Poison Damage,Damage Over Time,Restore Health,5-Piece Bonus,Medium Armor,Imperial City,,Any Weapon,y,,Jewelry,,,,Argonian Style,,,,,,,,,Tel Var Cost,,,,,,,,,,,
Online:Vicious Death,,Adds 3-129 Weapon Damage and Spell Damage,Adds 3-129 Weapon Damage and Spell Damage,Adds 15-657 Critical Chance,"When you kill a Player, they violently explode for 3322 Flame Damage to all other enemies in a 5 meter radius. This effect scales off the higher of your Weapon Damage and Spell Damage.",,,,,,,,Sets,itemset,Weapon/Spell Damage,Weapon/Spell Critical,Maximum Magicka,Physical/Spell Penetration,Physical/Spell Penetration,Light Armor,Kill Bonus,Elite Gear Vendors,PvP Bonus,Area of Effect,Flame Damage,5-Piece Bonus,Light Armor,,,Any Weapon,y,,Jewelry,,,,Alliance Style,,,,,,,,,Alliance Point Cost,,,,,,,,,,,
Online:Vicious Serpent,,Adds 15-657 Critical Chance,"Gain Minor Slayer at all times, increasing your damage done to Dungeon, Trial, and Arena Monsters by 5%.",Adds 15-657 Critical Chance,"Reduces the cost of your Stamina abilities by 8%. When an enemy you have recently damaged dies, you restore 57-2454 Stamina and gain Major Expedition for 8 seconds, increasing your Movement Speed by 30%. These effects can occur once every second.",,,,,,,,Sets,itemset,Weapon/Spell Critical,Double Weapon/Spell Critical,Minor Slayer,Weapon/Spell Damage,Weapon/Spell Damage,Medium Armor,Reduce Stamina Cost,Sanctum Ophidia,Kill Bonus,Major Expedition,Restore Stamina,5-Piece Bonus,Medium Armor,,,Yokudan Style,y,,Any Weapon,57-2454,,,Jewelry,,,,,,,,,,,,,,,,,,,,
Online:Viper's Sting,,Adds 15-657 Critical Chance,Adds 25-1096 Maximum Stamina,Adds 15-657 Critical Chance,"When you deal damage with a Martial melee attack, you deal an additional 928 Poison damage over 4 seconds. This effect can occur once every 4 seconds and scales off the higher of your Weapon Damage and Spell Damage.",,,,,,,,Sets,itemset,Weapon/Spell Critical,Double Weapon/Spell Critical,Maximum Stamina,Melee Damage Bonus,Poison Damage,Medium Armor,Damage Over Time,Fungal Grotto,5-Piece Bonus,Medium Armor,Any Weapon,Jewelry,Argonian Style,,,,y,,,25-1096 Maximum,,3,,32168,1,,,,,,,,,,,,Debaser,,,,,,
Online:Virulent Shot,,Scatter Shot applies a damage over time effect that deals 65% of your initial attack as Poison Damage every 2 seconds for 4 seconds. The duration increases if you are farther away from your target to a maximum of 12 seconds.,,,,,,,,,,,Sets,itemset,Skill Bonus,Poison Damage,Bow Bonus,Damage Over Time,Distance Bonus,Weapon,2-Piece Bonus,Blackrose Prison,Bow,Honor Guard Style,,,,Murkmire,Murkmire,,,,,,,,,,,,,,,,,,,,,,,,,,,,
Online:Vivec's Duality,,Adds 25-1096 Maximum Magicka,Adds 25-1096 Maximum Stamina,Adds 25-1096 Maximum Magicka,"Your weapon charges over 15 seconds while not Weapon Swapping. Once fully charged, restore 6636 Magicka and Stamina after Weapon Swapping.",,,,,,,,Sets,itemset,Maximum Magicka,Double Maximum Magicka,Maximum Stamina,Restore Magicka,Restore Stamina,Light Armor,Swap Weapon Bonus,Apocrypha/Telvanni Peninsula,5-Piece Bonus,Light Armor,Any Weapon,Jewelry,Dead Keeper Style,Necrom,Necrom,,,,,25-1096 Maximum,25-1096 Maximum,,,,,,,,,,,,,,,,,,,,,,
Online:Vlastarus/Sets,,,,,,,,,,,,,,,,,,,,,,,,,,,,,,,,,,,,,,,,,,,,,,,,,,,,,,,,,
Online:Void Bash,,"When you deal damage with Power Bash, you apply Call of the Void to yourself for 2 seconds. Enemies within 12 meters are immediately pulled to you. After Call of the Void ends, you apply Major Maim to enemies in the area for 10 seconds, reducing their damage done by 10%. This effect can occur once every 13 seconds.",,,,,,,,,,,Sets,itemset,Skill Bonus,Pull,Distance Bonus,Area of Effect,Major Maim,Weapon,2-Piece Bonus,Vateshran Hollows,One Handed Weapon,Shield,Ancestral Reach Style,,,Markarth,Markarth,,,,,,,,,,,,,,,,,,,,,,,,,,,,
Online:Voidcaller,,Adds 28-1206 Maximum Health,Adds 25-1096 Maximum Magicka,Adds 3-129 Weapon Damage and Spell Damage,"When you take damage, your Weapon Damage and Spell Damage is increased by 0-24 for 5 seconds, stacking up to 20 times. This effect can occur once every half second. Upon reaching 20 stacks, the duration is doubled but can no longer be refreshed.",,,,,,,,Sets,itemset,Maximum Health,Weapon/Spell Damage,Maximum Magicka,Counterattack,Double Weapon/Spell Damage,Light Armor,5-Piece Bonus,The Reach,Light Armor,Any Weapon,Jewelry,Nighthollow Style,,Markarth,Markarth,,y,28-1206 Maximum,,,25-1096 Maximum,,,,,,,,,,,,,,,,,,,,,,
Online:Vrol's Command,,Adds 25-1096 Maximum Stamina,"Gain Minor Aegis at all times, reducing your damage taken from Dungeon, Trial, and Arena Monsters by 5%.",Adds 28-1206 Maximum Health,"After completing a fully-charged Heavy Attack, apply Major Aegis to you and up to 11 nearby group members for 12 seconds, reducing damage taken from Dungeon, Trial, and Arena enemies by 10%. This effect can occur once every 21 seconds.",,,,,,,,Sets,itemset,Maximum Stamina,Maximum Health,Minor Aegis,Heavy Attack Bonus,Group Bonus,Heavy Armor,Full Group Bonus,Kyne's Aegis,Distance Bonus,Major Aegis,,5-Piece Bonus,Heavy Armor,Greymoor,Greymoor,Any Weapon,,28-1206 Maximum,Jewelry,25-1096 Maximum,,,Sea Giant Style,,,,,,,,,,,,,,,,,,,,
Online:Vykand's Soulfury,,Adds 15-657 Critical Chance,Adds 34-1487 Offensive Penetration,Adds 3-129 Weapon Damage and Spell Damage,"While in combat, completing a fully-charged Heavy Attack grants you either Major Force, Major Berserk, or Major Courage for 12 seconds, increasing your Critical Damage done by 20%, your damage done by 10%, or your Weapon Damage and Spell Damage by 430. This effect can occur once every 9 seconds.",,,,,,,,Sets,itemset,Weapon/Spell Critical,Weapon/Spell Damage,Physical/Spell Penetration,Double Weapon/Spell Damage,Critical Damage Bonus,Medium Armor,Heavy Attack Bonus,Black Gem Foundry,Major Force,Major Berserk,Major Courage,Increase Damage Dealt,5-Piece Bonus,Feast of Shadows,Feast of Shadows,Medium Armor,y,,Any Weapon,,,,Jewelry,,,,,,,,,Black Soul Gem Style,,,,,,,,,,,
Online:Vykosa,Adds 4% Healing Taken,"When you Bash an enemy you've taunted, you frighten them with a deafening howl, applying Major Cowardice to them, lowering their Weapon Damage and Spell Damage by 430 for 8 seconds. This effect can occur once every 15 seconds.",,,,,,,,,,,Sets,itemset,Increase Healing Received,Taunt Bonus,Bash Bonus,Major Cowardice,Undaunted Style,Monster Helm Sets,2-Piece Bonus,Moon Hunter Keep,Head and Shoulders,,,,,Wolfhunter,Wolfhunter,,y,,,,,,,,,,the set,the dungeon boss which drops pieces from the set,Vykosa the Ascendant,,,,,Moon Hunter Keep,Urgarlag Chief-bane,Vykosa,,,,,,,
Online:War Machine,,Adds 25-1096 Maximum Stamina,"Gain Minor Slayer at all times, increasing your damage done to Dungeon, Trial, and Arena Monsters by 5%.",Adds 3-129 Weapon Damage and Spell Damage,"When you use an Ultimate ability while in combat, you and the closest 5 group members within 28 meters of you gain Major Slayer for 1 second per 10 Ultimate spent, increasing your damage done to Dungeon, Trial, and Arena Monsters by 10%.",,,,,,,,Sets,itemset,Maximum Stamina,Weapon/Spell Damage,Minor Slayer,Ultimate Bonus,Group Bonus,Medium Armor,Major Slayer,Halls of Fabrication,Distance Bonus,5-Piece Bonus,Medium Armor,Any Weapon,Jewelry,Morrowind,Morrowind,Refabricated Style,y,,,25-1096 Maximum,,,,,,,,,,,,,,,,,,,,,,10,
Online:War Maiden,,Adds 15-657 Critical Chance,Adds 25-1096 Maximum Magicka,Adds 3-129 Weapon Damage and Spell Damage,Adds 13-600 Weapon Damage and Spell Damage to your Magic Damage abilities.,,,,,,,,Sets,itemset,Weapon/Spell Critical,Weapon/Spell Damage,Maximum Magicka,Magic Damage Bonus,5-Piece Bonus,Light Armor,Light Armor,Vvardenfell,Any Weapon,Jewelry,Telvanni Style,,,Morrowind,Morrowind,,y,,,,25-1096 Maximum,2,,126080,1,Artificer's Coat of the War Maiden,,,,,,,,,,,,,,,,,
Online:Ward of Cyrodiil,,Adds 3-129 Weapon Damage and Spell Damage,Adds 3-129 Stamina Recovery,Adds 3-129 Stamina Recovery,"When you deal Martial melee damage, you apply Major Defile to the enemy for 4 seconds, reducing their healing received and damage shield strength by 12%. This effect can occur once every 5 seconds.",,,,,,,,Sets,itemset,Weapon/Spell Damage,Double Stamina Recovery,Stamina Recovery,Melee Damage Bonus,Major Defile,Medium Armor,5-Piece Bonus,Bruma,Medium Armor,Any Weapon,Jewelry,Alliance Style,Alliance Point Cost,,,,y,,,3-129,,3,,45736,1,,,,,,Recovery,,,,,,Bruuke's Hide of Cyrodiil's Ward,,,,,,
Online:Warrior's Fury,,Adds 28-1206 Maximum Health,Adds 3-129 Weapon Damage and Spell Damage,Adds 3-129 Weapon Damage and Spell Damage,"When you take damage, your Weapon Damage and Spell Damage is increased by 0-24 for 5 seconds, stacking up to 20 times. This effect can occur once every half second. Upon reaching 20 stacks, the duration is doubled but can no longer be refreshed.",,,,,,,,Sets,itemset,Maximum Health,Weapon/Spell Damage,Maximum Stamina,Counterattack,Double Weapon/Spell Damage,Heavy Armor,5-Piece Bonus,Elite Gear Vendors,Heavy Armor,Any Weapon,Jewelry,Alliance Style,Alliance Point Cost,,,,y,28-1206 Maximum,,,,,,,,,,,,,,,,,,,,,,,,,
Online:Warrior-Poet,,Adds 28-1206 Maximum Health,Adds 34-1487 Armor,Adds 34-1487 Armor,"Gain Minor Toughness at all times, increasing your Max Health by 10%.",,,,,,,,Sets,,Maximum Health,Double Physical/Spell Resistance,Physical/Spell Resistance,Double Physical/Spell Resistance,Double Maximum Health,Heavy Armor,Minor Toughness,Vvardenfell,5-Piece Bonus,Heavy Armor,Any Weapon,Jewelry,Redoran Style,Morrowind,Morrowind,,,28-1206 Maximum,,,,3,,126043,1,Blade of the Warrior-Poet,,,,,,,,,,,,,,,,,
Online:Way of Air,,Adds 3-129 Stamina Recovery,Adds 3-129 Stamina Recovery,Increases the radius you can detect Sneaking enemies by 2 meters.,"When you use Roll Dodge, your Weapon Damage and Spell Damage is increased by 9-391 for 6 seconds.",,,,,,,,Sets,itemset,Stamina Recovery,Detection,Double Stamina Recovery,Triple Stamina Recovery,Dodge Roll Bonus,Medium Armor,Weapon/Spell Damage,Craglorn,5-Piece Bonus,Medium Armor,Any Weapon,Jewelry,Yokudan Style,,,,y,,,3-129,,f,,81311,1,Edge of the Black Sands of the Air,,,,,Recovery,,,,,,,,,,,,
Online:Way of Fire,,Adds 3-129 Weapon Damage and Spell Damage,Adds 28-1206 Maximum Health,Adds 15-657 Critical Chance,"When you deal damage with a Light or Heavy Attack, you deal an additional 571 Flame damage. This effect can occur once every 2 seconds and scales off the higher of your Weapon Damage and Spell Damage.",,,,,,,,Sets,itemset,Weapon/Spell Damage,Weapon/Spell Critical,Maximum Stamina,Flame Damage,5-Piece Bonus,Heavy Armor,Heavy Armor,Craglorn,Any Weapon,Jewelry,Yokudan Style,,,,,,y,28-1206 Maximum,,,,f,,81312,1,,,,,,,,,,,,,,,,,,
Online:Way of Martial Knowledge,,Adds 25-1096 Maximum Magicka,Adds 3-129 Weapon Damage and Spell Damage,Adds 3-129 Weapon Damage and Spell Damage,"While your Stamina is below 50%, your Light Attacks cause the enemy to take 8% additional damage for 5 seconds. This effect can occur once every 8 seconds.",,,,,,,,Sets,itemset,Maximum Magicka,Double Weapon/Spell Damage,Weapon/Spell Damage,Double Weapon/Spell Damage,Light Attack Bonus,Light Armor,Low Stamina Bonus,Craglorn,Reduce Enemy Defense,5-Piece Bonus,Light Armor,Any Weapon,Jewelry,,,Yokudan Style,y,,,,25-1096 Maximum,f,,81313,1,,,,,,,,,,,,,,,,,,
Online:Way of the Arena,,Adds 28-1206 Maximum Health,Adds 25-1096 Maximum Magicka,Adds 25-1096 Maximum Stamina,Reduces the cost of Break Free by 40%.,,,,,,,,Sets,itemset,Maximum Health,Maximum Stamina,Maximum Magicka,Weapon/Spell Damage,Improved Break Free,All Weights,5-Piece Bonus,Lanista's Waystation,Light Armor,Medium Armor,Heavy Armor,Any Weapon,Jewelry,,,Crafting Site(s),y,28-1206 Maximum,,25-1096 Maximum,25-1096 Maximum,,,,,,,,,,,,Lanista's Waystation,,,,,,,,,,
Online:Weapon Sets,,,,,,,,,,,,,Sets,,,,,,,,,,,,,,,,,,,,,,,,,,,,,,,,,,,,,,,,,,,,
Online:Whitestrake's Retribution,,Adds 28-1206 Maximum Health,Adds 34-1487 Armor,Adds 3-129 Health Recovery,"When you take damage while you are under 30% Health, you gain a damage shield that absorbs 303-13035 damage for 6 seconds. This effect can occur once every 15 seconds.",,,,,,,,Sets,itemset,Maximum Health,Health Recovery,Physical/Spell Resistance,Counterattack,Near Death Effect,All Weights,Damage Shield,,5-Piece Bonus,Light Armor,Medium Armor,Heavy Armor,Any Weapon,,,Jewelry,,28-1206 Maximum,Crafting Site(s),,,,,,,,,,,,,,,,,,,,,,,,
Online:Whorl of the Depths,,Adds 3-129 Weapon Damage and Spell Damage,"Gain Minor Slayer at all times, increasing your damage done to Dungeon, Trial, and Arena Monsters by 5%.",Adds 3-129 Weapon Damage and Spell Damage,"When you deal damage with a Light Attack, you apply Whorl of the Depths to the target, dealing 1016 Frost damage over 8 seconds. When this effect ends, a 5 meter whirlpool is created under the target for 6 seconds and deals 764 Frost damage every 1 second. This effect can occur once every 18 seconds and scales off the higher of your Weapon Damage and Spell Damage.",,,,,,,,Sets,itemset,Weapon/Spell Damage,Double Weapon/Spell Damage,Minor Slayer,Light Attack Bonus,Frost Damage,Light Armor,Damage Over Time,Dreadsail Reef,Area of Effect,5-Piece Bonus,Light Armor,Any Weapon,Jewelry,High Isle,High Isle,Syrabanic Marine Style,y,,,,,,,,,,,,,,,,,,,,,,,,,,
Online:Widowmaker,,Adds 15-657 Critical Chance,Adds 15-657 Critical Chance,Adds 25-1096 Maximum Stamina,"When your alchemical poison fires, you drop a poisonous spore in front of you that bursts after 1 second, dealing 2856 Poison damage over 10 seconds to all enemies within 5 meters. This effect scales off the higher of your Weapon Damage and Spell Damage.",,,,,,,,Sets,itemset,Weapon/Spell Critical,Double Weapon/Spell Critical,Double Weapon/Spell Critical,Maximum Stamina,Consumable Bonus,Medium Armor,Poison Damage,Cradle of Shadows,Damage Over Time,Area of Effect,5-Piece Bonus,Medium Armor,Any Weapon,Shadows of the Hist,Shadows of the Hist,Jewelry,y,,Silken Ring Style,25-1096 Maximum,,,,,,,,,,,,,,,,,,,,,,,
Online:Wild Impulse,,"Reduce the cost of Impulse by 10%. Impulse places lingering elemental damage on your targets, dealing 605 Flame, 605 Shock, and 605 Frost Damage over 8 seconds. Each element ticks once over the duration and its damage scales off the higher of your Weapon Damage and Spell Damage.",,,,,,,,,,,Sets,itemset,Reduce Magicka Cost,Flame Damage,Skill Bonus,Shock Damage,Frost Damage,Weapon,Damage Over Time,Blackrose Prison,2-Piece Bonus,Destruction Staff,Honor Guard Style,,,Murkmire,Murkmire,,y,,,,,,,,,,,,,,,,,,,,,,,,,,
Online:Wilderqueen's Arch,,Adds 15-657 Critical Chance,Adds 3-129 Stamina Recovery,Adds 25-1096 Maximum Stamina,Your Bow attacks reduce the Movement Speed of any enemy they hit by 0-15% and increase your Movement Speed by 0-15% for 3 seconds.,,,,,,,,Sets,itemset,Weapon/Spell Critical,Maximum Stamina,Stamina Recovery,Bow Bonus,Skill Bonus,Medium Armor,Crowd Control,Greenshade,Increase Movement Speed,5-Piece Bonus,Medium Armor,Any Weapon,Jewelry,,,Wood Elf Style,,,,3-129,,3,,34711,1,,,,,,Recovery,,,,,,Lamiascale Bow of the Wilderqueen,,,,,,
Online:Willow's Path,,Adds 3-129 Magicka Recovery,Adds 3-129 Stamina Recovery,Adds 3-129 Health Recovery,"Increases your Health, Magicka, and Stamina Recovery by 18%.",,,,,,,,Sets,itemset,Magicka Recovery,Health Recovery,Stamina Recovery,Double Magicka Recovery,Double Stamina Recovery,All Weights,Double Health Recovery,,5-Piece Bonus,Light Armor,Medium Armor,Heavy Armor,Any Weapon,,,Jewelry,,3-129,Crafting Site(s),3-129,3-129,,,,,,,,,Recovery,Recovery,,,,,,,,,,,,
Online:Willpower,,Adds 40-1752 Maximum Magicka,Adds 4-206 Weapon Damage and Spell Damage,,,,,,,,,,Sets,itemset,Maximum Magicka,3-Piece Bonus,Weapon/Spell Damage,Any Weapon,Jewelry,Three Piece,,Bone Shard Trophy Vault Ethereal Trophy Vault,,,,,,Imperial City,Imperial City,,y,,,,40-1752 Maximum,,,,,,,,,,,,,,,,,,,,,,
Online:Winter's Respite,,Adds 3-129 Magicka Recovery,Adds 25-1096 Maximum Magicka,Adds 25-1096 Maximum Magicka,"While in combat, casting abilities that leave an effect on the ground will create a circle of healing frost for 10 seconds. You and your group members restore 1125 Health every 2 seconds while inside the circle. This effect can occur once every 10 seconds and scales off the higher of your Max Magicka or Stamina.",,,,,,,,Sets,itemset,Magicka Recovery,Double Maximum Magicka,Maximum Magicka,Area of Effect Bonus,Skill Bonus,Light Armor,Group Bonus,Western Skyrim,Area of Effect,Restore Health,Heal Others,5-Piece Bonus,Light Armor,Greymoor,Greymoor,Any Weapon,,1125,Jewelry,,3-129,3,Blackreach Vanguard Style,159701,1,Fire Staff of the Gray Host,,,,Recovery,,,,,,,,,,,,,
Online:Winterborn (set),,Adds 25-1096 Maximum Magicka,Adds 3-129 Magicka Recovery,Adds 3-129 Weapon Damage and Spell Damage,"When you deal Frost Damage, you summon an ice pillar that deals 1071 Frost damage to all enemies in a 3 meter radius. The ice pillar persists for 2 seconds and reduces the Movement Speed of all enemies within the radius by 50%. This effect can occur once every 6 seconds and the damage scales off the higher of your Weapon Damage and Spell Damage.",,,,,,,,Sets,itemset,Maximum Magicka,Weapon/Spell Damage,Magicka Recovery,Frost Damage Bonus,Frost Damage,Light Armor,Area of Effect,Maelstrom Arena (place),Crowd Control,5-Piece Bonus,Light Armor,Any Weapon,Jewelry,Orsinium,Orsinium,Reach Winter Style,y,,Unique Style,,25-1096 Maximum,,,,,,,,,Recovery,,,,,,,,,,,,,
Online:Wisdom of Vanus,,Adds 25-1096 Maximum Magicka,Adds 3-129 Magicka Recovery,Adds 25-1096 Maximum Magicka,"After completing a fully-charged Heavy Attack, you gain Major Mending for 5 seconds, increasing your healing done by 16%. This duration is increased with each rank of the Restoration Staff Passive of Essence Drain when using a Restoration Staff.",,,,,,,,Sets,itemset,Maximum Magicka,Double Maximum Magicka,Magicka Recovery,Weapon/Spell Damage,Heavy Attack Bonus,Light Armor,Major Mending,Summerset,Skill Bonus,5-Piece Bonus,Light Armor,Any Weapon,Jewelry,Summerset,Summerset,Psijic Style,y,,,,25-1096 Maximum,,,,,,,,,Recovery,,,,,,,,,,,,,
Online:Wise Mage,,Adds 15-657 Critical Chance,Adds 15-657 Critical Chance,Adds 3-129 Weapon Damage and Spell Damage,"Enemies you damage with fully-charged Heavy Attacks are afflicted with Minor Vulnerability for 10 seconds, increasing their damage taken by 5%.",,,,,,,,Sets,itemset,Weapon/Spell Critical,Double Weapon/Spell Critical,Double Weapon/Spell Critical,Weapon/Spell Damage,Heavy Attack Bonus,Light Armor,Minor Vulnerability,Sanctum Ophidia,5-Piece Bonus,Light Armor,Any Weapon,Jewelry,Celestial Style,,,,y,,,,,,,,,,,,,,,,,,,,,,,,,,
Online:Witch-Knight's Defiance,,Adds 3-129 Weapon Damage and Spell Damage,Adds 3-129 Weapon Damage and Spell Damage,Adds 3-129 Weapon Damage and Spell Damage,Increases your Weapon Damage and Spell Damage by 8-369 against enemies inflicted with a Poison Damage effect.,,,,,,,,Sets,itemset,Weapon/Spell Damage,Triple Weapon/Spell Damage,Double Weapon/Spell Damage,Double Weapon/Spell Damage,Negative Effect Bonus,Medium Armor,Poison Damage Bonus,The Reach,5-Piece Bonus,Medium Armor,Any Weapon,Jewelry,Wayward Guardian Style,Markarth,Markarth,,y,,,,,,,,,,,,,,,,,,,,,,,,,,
Online:Witchman Armor,,Adds 3-129 Stamina Recovery,Adds 3-129 Weapon Damage and Spell Damage,Adds 28-1206 Maximum Health,"When you use an Ultimate ability, you heal for 1-51 Health and restore 1-51 Stamina and Magicka per Ultimate spent.",,,,,,,,Sets,itemset,Stamina Recovery,Maximum Health,Weapon/Spell Damage,Ultimate Bonus,Restore Health,Medium Armor,Restore Stamina,The Rift,Restore Magicka,5-Piece Bonus,Medium Armor,Any Weapon,Jewelry,,,Barbaric Style,y,28-1206 Maximum,,3-129,,,,,,,,,,,Recovery,,,,,,,,,,,,
Online:Wizard's Riposte,,Adds 28-1206 Maximum Health,Adds 3-129 Weapon Damage and Spell Damage,Adds 9-424 Critical Resistance,"When you take direct Critical Damage, you apply Minor Enervation to the enemy for 5 seconds, reducing their Critical Damage done by 10%.",,,,,,,,Sets,itemset,Maximum Health,Magicka Recovery,Weapon/Spell Damage,Critical Resistance,Counterattack,Light Armor,Minor Enervation,Battlegrounds,PvP Bonus,5-Piece Bonus,Light Armor,Any Weapon,Jewelry,,,Militant Ordinator Style,y,28-1206 Maximum,,,,,,,,,,,,,,,,,,,,,,,,,
Online:Wrath of Elements,,"Casting Weakness to Elements on a target within 15 meters of you causes a surge of elemental energy to tether between you for 10 seconds. While the tether persists, enemies touching the tether take 331 Flame Damage, 331 Shock Damage, or 331 Frost Damage every 1 second, which increases by 1% each time it deals damage, up to 20%. This effect can occur once every 10 seconds, and scales off the higher of your Weapon Damage and Spell Damage.",,,,,,,,,,,Sets,itemset,Skill Bonus,Damage Over Time,Distance Bonus,Area of Effect,Tether,Weapon,Flame Damage,Vateshran Hollows,Shock Damage,Frost Damage,2-Piece Bonus,Destruction Staff,Ancestral Reach Style,Markarth,Markarth,,y,,,,,,,,,,,,,,,,,,,,,,,,,,
Online:Wrath of the Imperium,,Adds 3-129 Weapon Damage and Spell Damage,Adds 7-325 Weapon Damage and Spell Damage to your ranged direct damage abilities.,,,,,,,,,,Sets,itemset,Weapon/Spell Damage,Ranged Damage Bonus,Skill Bonus,Direct Damage Bonus,3-Piece Bonus,Three Piece,Any Weapon,Cropsford,Shield,Jewelry,Alliance Style,Alliance Point Cost,,,,,y,,,,,,,,,,,,,,,,,,,,,,,,,,
Online:Wrathsun,,Adds 3-129 Weapon Damage and Spell Damage,Adds 15-657 Critical Chance,Adds 3-129 Weapon Damage and Spell Damage,"When you deal damage with a Dawn's Wrath ability, you gain a stack of Sunlight for 15 seconds, once per attack and up to 30 times. Each stack grants 21 Magicka Recovery. When at max stacks, stacks no longer refresh, your Templar skill line abilities deal 25% bonus damage but is reduced to 10% against players, and a Wrathful Nova is cast on the enemy. When Sunlight expires at max stacks, you lose 50% of your current Magicka.",,,,,,,,Sets,itemset,Weapon/Spell Damage,Weapon/Spell Critical,Weapon/Spell Critical,Double Weapon/Spell Damage,Skill Bonus,All Weights,Class Abilities Bonus,Infinite Archive,Magicka Recovery,Area of Effect,Magic Damage,Drawbacks,5-Piece Bonus,,,Light Armor,y,,Medium Armor,,21,,Heavy Armor,,,,,,,Recovery,,Any Weapon,,,,,,,,,,,
Online:Wretched Vitality,,Adds 3-129 Magicka Recovery,Adds 3-129 Stamina Recovery,Adds 3-129 Weapon Damage and Spell Damage,"While in combat, applying a Major Buff or Debuff with a duration to a target grants you 260 Magicka and Stamina Recovery for 15 seconds. While in combat, applying a Minor Buff or Debuff with a duration to a target grants you 130 Magicka and Stamina Recovery for 15 seconds.",,,,,,,,Sets,itemset,Magicka Recovery,Weapon/Spell Damage,Stamina Recovery,Buff Bonus,Debuff Bonus,All Weights,Double Magicka Recovery,Stormwright's Cleft,Double Stamina Recovery,Triple Magicka Recovery,Triple Stamina Recovery,5-Piece Bonus,Light Armor,The Deadlands,The Deadlands,Medium Armor,y,,Heavy Armor,3-129,3-129,,Any Weapon,,,,,,,Recovery,Recovery,Jewelry,Stormwright's Cleft,,,,,,,,,,
Online:Wyrd Tree's Blessing,,Adds 3-129 Magicka Recovery,Adds 3-129 Weapon Damage and Spell Damage,Adds 3-129 Magicka Recovery,"When you cast a Magicka ability, you remove all negative effects from yourself. This effect can occur once every 15 seconds.",,,,,,,,Sets,itemset,Magicka Recovery,Double Magicka Recovery,Weapon/Spell Damage,Skill Bonus,Reduce Debuff Effects,Heavy Armor,5-Piece Bonus,Glenumbra,Heavy Armor,Any Weapon,Jewelry,Wood Elf Style,,,,,y,,,,3-129,,,,,,,,,Recovery,,,,,,,,,,,,,
Online:Xanmeer Genesis,,Adds 25-1096 Maximum Stamina,Adds 28-1206 Maximum Health,Adds 25-1096 Maximum Magicka,"When an enemy you have recently damaged dies, after 0.5 seconds, you and allies within 8 meters of the dead enemy receive 322 Health, Magicka, and Stamina Recovery for 10 seconds. This effect can occur once every 6 seconds.",,,,,,,,Sets,itemset,Maximum Stamina,Maximum Magicka,Maximum Health,Health Recovery,Stamina Recovery,All Weights,Magicka Recovery,Solstice,Group Bonus,Full Group Bonus,Distance Bonus,Kill Bonus,5-Piece Bonus,2025 Content Pass,Seasons of the Worm Cult,Light Armor,,28-1206 Maximum,Heavy Armor,25-1096 Maximum,25-1096 Maximum,,Medium Armor,,,,,,,,Recovery,Any Weapon,,,,,,,,,,,
Online:Xanmeer Spellweaver,,Adds 15-657 Critical Chance,Adds 3-129 Weapon Damage and Spell Damage,Adds 3-129 Weapon Damage and Spell Damage,"Increase your damage done with Flame, Frost, and Shock Damage by 5%. Increase your damage done with Burning, Chilled, and Concussion by an additional 15%.",,,,,,,,Sets,itemset,Weapon/Spell Critical,Double Weapon/Spell Damage,Weapon/Spell Damage,Increase Damage Dealt,Status Effect Bonus,Light Armor,5-Piece Bonus,Naj-Caldeesh,Light Armor,Any Weapon,Jewelry,Voskrona Guardian Style,,Feast of Shadows,Feast of Shadows,,y,,,,,,,,,,,,,,,,,,,,,,,,,,
Online:Xoryn's Masterpiece,,Adds 25-1096 Maximum Magicka,"Gain Minor Aegis at all times, reducing your damage taken from Dungeon, Trial, and Arena Monsters by 5%.",Adds 3-129 Magicka Recovery,Increases Max Magicka and Max Stamina by 1667 for you and up to 11 other group members within 28 meters of you. This bonus persists through death.,,,,,,,,Sets,itemset,Maximum Magicka,Magicka Recovery,Minor Aegis,Group Bonus,Full Group Bonus,Light Armor,Distance Bonus,Lucent Citadel,Double Maximum Magicka,Maximum Stamina,5-Piece Bonus,Light Armor,Any Weapon,Gold Road,Gold Road,Jewelry,,,Lucent Sentinel Style,Max,25-1096 Maximum,,,,,,,,,Recovery,,,,,,,,,,,,,
Online:Yandir's Might,,Adds 3-129 Weapon Damage and Spell Damage,"Gain Minor Slayer at all times, increasing your damage done to Dungeon, Trial, and Arena Monsters by 5%.",Adds 3-129 Weapon Damage and Spell Damage,"Dealing Critical Damage increases your Weapon Damage and Spell Damage by 2-86, stacking up to 5 times. This effect can occur once every 0.5 seconds. Completing a fully-charged Heavy Attack removes all stacks and increases your Weapon Damage and Spell Damage by 3-136 per stack removed. You cannot have both effects active at the same time.",,,,,,,,Sets,itemset,Weapon/Spell Damage,Double Weapon/Spell Damage,Minor Slayer,Critical Damage Bonus,Triple Weapon/Spell Damage,Medium Armor,Heavy Attack Bonus,Kyne's Aegis,5-Piece Bonus,Medium Armor,Any Weapon,Jewelry,Sea Giant Style,Greymoor,Greymoor,,y,,,,,,,,,,,,,,,,,,,,,,,,,,
Online:Ysgramor's Birthright,,Adds 15-657 Critical Chance,Adds 25-1096 Maximum Magicka,Adds 3-129 Weapon Damage and Spell Damage,Adds 9-400 Weapon Damage and Spell Damage to your Frost Damage abilities.,,,,,,,,Sets,itemset,Weapon/Spell Critical,Weapon/Spell Damage,Maximum Magicka,Frost Damage Bonus,5-Piece Bonus,Light Armor,Light Armor,The Rift,Any Weapon,Jewelry,Nord Style,,,,,,y,,,,25-1096 Maximum,2,,10989,1,,,,,,,,,,,,Bardic Surcoat,,,,,,
Online:Z'en's Redress,,Adds 3-129 Magicka Recovery,Adds 3-129 Weapon Damage and Spell Damage,Adds 25-1096 Maximum Magicka,"Your Light Attacks apply the Touch of Z'en on enemies for 20 seconds. Enemies with the Touch of Z'en take an additional 1% more damage for each damage over time effect you've placed on them, up to 5%. Enemies can only be affected by one Touch of Z'en at a time.",,,,,,,,Sets,itemset,Magicka Recovery,Maximum Magicka,Weapon/Spell Damage,Light Attack Bonus,Negative Effect Bonus,Light Armor,Reduce Enemy Defense,Lair of Maarselok,Damage Over Time Bonus,5-Piece Bonus,Light Armor,Any Weapon,Jewelry,Scalebreaker,Scalebreaker,Stags of Z'en Style,y,,,,3-129,,,,,,,,,Recovery,,,,,,,,,,,,,
Online:Zaan,Adds 15-657 Critical Chance,"When you deal Critical Damage with a Light or Heavy Attack, you have a 33% chance to tether to your enemy for 10 seconds as long as you remain within 8 meters of them. Enemies touching the tether take 145 Flame damage every 1 second, increasing by 100% per tick and are afflicted with the Burning status effect. This effect can occur once every 20 seconds and scales off the higher of your Weapon Damage and Spell Damage.",,,,,,,,,,,Sets,itemset,Weapon/Spell Critical,Heavy Attack Bonus,Light Attack Bonus,Critical Damage Bonus,Area of Effect,Monster Helm Sets,Tether,Scalecaller Peak,Flame Damage,Damage Over Time,Apply Status Effects,Undaunted Style,2-Piece Bonus,Dragon Bones,Zaan,Head and Shoulders,y,,,,,,,,,,the item set,the enemy,Zaan the Scalecaller,,,,,Scalecaller Peak,Urgarlag Chief-bane,Dragon Bones,,,,,,,
Online:Zoal the Ever-Wakeful (set),Adds 25-1096 Maximum Stamina,"When you Break Free, you release a wave of Watcher energy, causing enemies within 8 meters of you to become Feared for 3 seconds. You also gain 0-34 Weapon Damage and Spell Damage for each enemy hit, up to 6 enemies, for 7 seconds.",,,,,,,,,,,Sets,itemset,Maximum Stamina,Crowd Control,Break Free Bonus,Multiple Targets Hit Bonus,Unique Style,Monster Helm Sets,2-Piece Bonus,Imperial City,Head and Shoulders,,,,,Imperial City,Imperial City,,y,,,25-1096 Maximum,,,,,,,the item set,the enemy,Zoal the Ever-Wakeful,,,,,Elven Gardens District,Tel Var equipment lockbox merchant,Zoal the Ever-Wakeful,,,,,,,
