page,Online Skill Summary.line,Online Skill Summary.desc,Online Skill Summary.icon,Online Skill Summary.id,ESO Patch Note.1,ESO Patch Note.2,ESO Skills With.1,Online Skill Summary.type,ESO Skills With.2,Online Skill Summary.desc2,ESO Skills With.3,Online Skill Summary.linerank1,Online Skill Summary.linerank,Online Skill Summary.cost,Online Skill Summary.target,Online Skill Summary.casttime,ESO Skills With.4,Online Skill Summary.linerank2,Online Skill Summary.image,Online Skill Summary.imgdesc,Online Skill Summary.id1,Online Skill Summary.id2,Online Skill Summary.desc1,Online Skill Summary.morph1name,Online Skill Summary.morph1id,Online Skill Summary.morph1desc,Online Skill Summary.morph2name,Online Skill Summary.morph2id,Online Skill Summary.morph2icon,Online Skill Summary.morph2desc,Online Skill Summary.morph1icon,ESO Skills With.5,Mod Header.1,Online Skill Summary.duration,ESO Skills With.6,Online Skill Summary.attrib,Online Skill Summary.range,ESO Skills With.7,Online Skill Summary.radius,ESO Companion Skills With.1,ESO Companion Skills With.2,ESO Skills With.8,Online Skill Summary.desc3,Online Skill Summary.linerank3,Online Skill Summary.id3,ESO Skills With.9,ESO Companion Skills With.3,ESO Health Link.1,Online Skill Summary.area
Online:A Soul Ablaze,Ardent Flame,The will to survive burns bright in your chest. Increases your Healing Taken by 4%.,Ardent Flame-A Soul Ablaze,45029,,,,Passive,,The will to survive burns bright in your chest. Increases your Healing Taken by 8%.,,39,,,,,,50,,,,,,,,,,,,,,,,,,,,,,,,,,,,,,,
Online:Abor's Augmented Ward,Quill Knight,"Azandar draws on advanced research to gain a damage shield that absorbs 1575 damage for 6 seconds. The first time they take direct damage after casting, the shield retaliates and deals 3150 Magic Damage to the attacker.",Companion-Abor's Augmented Ward,191939,3.0.5,"* Fixed an issue where ranking up a summon ability (Unstable Familiar, Summon Winged Twilight, Feral Guardian, etc.) would unsummon your pet.",,Companion,,,,,5,15.5 seconds,Self,0.8 seconds,,,,,,,,,,,,,,,,,Necrom,6 seconds,,,,,,Damage Shield,Counter Attack,,,,,,,,
Online:Above and Beyond,Class Mastery,An assassin is only as good as their reputation. Increases your Critical Damage and Healing by 25%. This effect is reduced to 5% against targets with Battle Spirit. Increases your maximum Critical Damage and Healing by 30%.,Medium Armor-Dexterity,263605,12.0.0,"*This passive increases your Critical Damage and Healing by 15% (7% against players). It also increases your maximum potential Critical Damage and Healing by 25%, meaning it adds to the normal cap of 125%, bringing it to 150%.",,Passive,,,,1,,,,,,,,,,,,,,,,,,,,,,,,,,,,,,,,,,,,,
Online:Absorb,Restoration Staff,WITH RESTORATION STAFF EQUIPPED Restores 300 Magicka whenever you block an attack. This effect can occur once every.25 seconds.,Restoration Staff-Absorb,45521,7.1.5,"* This passive now procs on any successful block, rather than only against spells, which was already a half truth as it procced on plenty of non-spells as well. * Increased the restore to 300/600 Magicka on proc, up from 288/540. * This passive now has a 250ms internal cooldown.",Passive Effect,Passive,Increase Block,WITH RESTORATION STAFF EQUIPPED Restores 600 Magicka whenever you block an attack. This effect can occur once every.25 seconds.,Restore Magicka,28,,,,,,46,,,30869,45521,,,,,,,,,,,,,,,,,,,,,,,,,,,
Online:Abyssal Emergence,Class Mastery,Dive deep into the abyss where power is yours to claim. Activating an Arcanist Ultimate immediately generates maximum Crux and grants you 666 Weapon Damage and Spell Damage for 15 seconds.,Curative Runeforms-Healing Tides,263316,12.0.0,"*Abyssal Emergence: This passive upgrades your Arcanist Ultimates to immediately generate 3 Crux upon activation, while also granting 666 Weapon and Spell Damage for 15 seconds after activating.",,Passive,,,,1,,,,,,,,,,,,,,,,,,,,,,,,,,,,,,,,,,,,,
Online:Abyssal Impact,Herald of the Tome,"Infuse your arm with abyssal magic to form tentacles that lash out at your foes, dealing 5303 Physical Damage. Enemies are immobilized for 3 seconds and marked with Abyssal Ink for [17 / 18 / 19 / 20] seconds. You deal 5% increased damage to enemies drenched in Abyssal Ink.",Herald of the Tome-Abyssal Impact,40185817,10.0.5,"* Cephaliarch’s Flail (morph): This morph now ranks up in 1.1% healing per rank, resulting in 3.3% additional healing at rank IV, rather than reducing its cost per rank, as the morph upgrade does not interact with cost at all and was offering too many unique advantages.",Magicka Cost,,Stamina Cost,"Cost: 3510 Magicka. Infuse your arm with abyssal magic to form tentacles that lash out at your foes, dealing [5303 / 5361 / 5419 / 5477] Frost Damage. Enemies are immobilized for 3 seconds and marked with Abyssal Ink for 20 seconds. You deal 5% increased damage to enemies drenched in Abyssal Ink. Consume all Crux and increase Tentacular Dread damage by 33% and damage to foes drenched in Abyssal Ink by 2% per Crux spent.",Physical Damage,,20,2984 Stamina,Area,0.3 seconds,Area of Effect,,ON-skill-Abyssal Impact (cast).jpg,Abyssal Impact and its morphs visual,,,"Infuse your arm with abyssal magic to form tentacles that lash out at your foes dealing 5303 Physical Damage and generating Crux. Enemies are immobilized for 3 seconds and marked with Abyssal Ink for 20 seconds. If an enemy is hit, you heal for [2650 / 2677 / 2708 / 2736] Health, once per cast. You deal 5% increased damage to enemies drenched in Abyssal Ink.",Cephaliarch's Flail,40183006,Generates Crux. Heals you if an enemy is damaged.,Tentacular Dread,40185823,Herald of the Tome-Tentacular Dread,Converts into a Magicka ability and deals Frost Damage. Consume Crux to increase the base damage and Abyssal Ink strength.,Herald of the Tome-Cephaliarch's Flail,Immobilize,,,Increase Damage Taken,Stamina,,Heal Self,,,,Frost Damage,,,,Increase Damage Dealt,,,15 meters
Online:Accelerate,Psijic Order,"Cost: [4050 / 3960 / 3870 / 3780] Magicka. Bend time and space around you to gain Major Expedition for 4 seconds and Minor Force for 20 seconds, increasing your Movement Speed by 30% and Critical Damage by 10%.",Psijic Order-Accelerate,40103503,5.0.5,"* Increased the duration of the Major Expedition buff from this ability and its morphs to 4 seconds from 3. Note Channeled Acceleration will now last 12 seconds, rather than 9. * Race Against Time (morph): ** This morph no longer reduces the cost of sprinting by 50% for 4 seconds. Instead, it now grants immunity to Snares and Immobilizations for 4 seconds. ** This ability no longer becomes cheaper as it ranks up. ** Reduced the Snare and Immobilization immunity to 1 second from 4 seconds. ** The immunity's duration now increases as the ability ranks up, up to a maximum of 2 seconds. *** Developer Comment: Since Accelerate is already such a powerful ability granting both damage and mobility potential at reduced costs, we wanted to ensure other abilities that grant similar functions of snare or immobilization immunity still had a place in builds. This is also seen with the Protective Plate ability, which already grants an incredibly powerful base function, so the standard 4 seconds duration is halved.",Increase Movement Speed,,Increase Critical Damage,"Bend time and space around you to gain Major Expedition for 4 seconds and Minor Force for 20 seconds, increasing your Movement Speed by 30% and Critical Damage by 10%. Activating this ability removes all snares and immobilizations from you and grants immunity to them for [2 / 2.7 / 3.3 / 4] seconds.",Remove Snares,,5,3780 Magicka,Self,Instant,Immunity,,ON-skill-Accelerate.jpg,The glowing effects on the wrists signify the effect is in use.,,,"Casting Time: 1.3 seconds, Cost: [3780 / 3690 / 3600 / 3510] Magicka. Bend time and space around you to gain Major Expedition for 12 seconds and Minor Force for 1 minute, increasing your Movement Speed by 30% and Critical Damage by 10%.",Channeled Acceleration,40103706,"Triples the duration, but adds a cast time.",Race Against Time,40103710,Psijic Order-Race Against Time,Grants immunity to snares and immobilizations for a short duration.,Psijic Order-Channeled Acceleration,Magicka Cost,Summerset,,,Magicka,,,,,,,,,,,,,
Online:Accelerated Growth,Green Balance,"When you heal yourself or an ally under 40% Health with a Green Balance ability you gain Major Mending, increasing your healing done by 16% for 2 seconds.",Green Balance-Accelerated Growth,85883,7.1.5,"* This passive now grants Major Mending for 2/4 seconds on proc, up from 1.5/3 seconds.",Near Death Effect,Passive,Increase Healing Done,"When you heal yourself or an ally under 40% Health with a Green Balance ability you gain Major Mending, increasing your healing done by 16% for 4 seconds.",Passive Effect,8,,,,,,18,,,85882,85883,,,,,,,,,,,Crown Store,,,,,,,,,,,,,,,40%,
Online:Accuracy,Bow,WITH BOW EQUIPPED Increases your Critical Chance rating by 657.,Bow-Accuracy,45492,6.3.5,"* This passive now grants Critical Chance rather than Weapon Critical. * Rank II now grants 6% Critical Chance, up from 5%.",Passive Effect,Passive,Weapon Critical,WITH BOW EQUIPPED Increases your Critical Chance rating by 1314.,Spell Critical,10,,,,,,25,,,30930,45492,,,,,,,,,,,,,,,,,,,,,,,,,,,
Online:Accursed Charge,Volendrung,"Spring across the battlefield to smash an enemy, dealing 6300 Physical Damage.",Volendrung-Accursed Charge,117979,,,Charge,Artifact,Physical Damage,,No Cost,,1,Free,Enemy,Instant,,,ON-skill-Accursed Charge.jpg,Accursed Charge,,,,,,,,,,,,,,,,Stamina,28 meters,,,,,,,,,,,,
Online:Acrobat,Wood Elf,Increases your experience gain with the Bow skill line by 15%. Decreases your fall damage taken by 10%.,Wood Elf-Acrobat,36008,2.5.5,"* Archery Expertise: This passive ability has been renamed to ""Acrobat."" Also, in addition to the current benefit it now reduces your fall damage by 10%.",Innate Effect,Passive,Increase Experience Gain,,Reduce Damage Taken,1,,,,,,,,,,,,,,,,,,,,,,,,,,,,,,,,,,,,,
Online:Adrenaline Rush,Redguard,"When you deal damage, you restore 333 Stamina. This effect can occur once every 5 seconds.",Redguard-Adrenaline Rush,45315,1.3.3,"* Adrenaline Rush Rank I: This now triggers on all melee attacks, not just light and heavy attacks.",Passive Effect,Passive,Leech Stamina,"When you deal damage, you restore 666 Stamina. This effect can occur once every 5 seconds.",Restore Stamina,25,,,,,,35,,,36546,45313,,,,,,,,,,,,,,,,,,,,,"When you deal damage, you restore 1005 Stamina. This effect can occur once every 5 seconds.",50,45315,,,,
Online:Advanced Species,Animal Companions,Increases your Critical Damage by 2% for each Animal Companion ability slotted.,Animal Companions-Advanced Species,86069,4.2.5,"* Increased the bonus to damage done for each Animal Companion ability slotted to 3% at rank II, previously 2%.",Passive Effect,Passive,Increase Critical Damage,Increases your Critical Damage by 5% for each Animal Companion ability slotted.,,39,,,,,,50,,,86068,86069,,,,,,,,,,,Crown Store,,,,,,,,,,,,,,,,
Online:Aegis of the Unseen,Soldier of Apocrypha,"Form a secret soldier within your mind, a defense against arcane forces without. While a beneficial Soldier of Apocrypha ability is active on you, increase your Armor by 1636.",Soldier of Apocrypha-Aegis of the Unseen,184923,10.3.5,"* This passive now increases your armor by 1636/3271 while you have a Soldier of Apocrypha ability active, up from 990/1980.",Increase Armor,Passive,,"Form a secret soldier within your mind, a defense against arcane forces without. While a beneficial Soldier of Apocrypha ability is active on you, increase your Armor by 3271.",,8,,,,,,18,,,184918,184923,,,,,,,,,,,,,,,,,,,,,,,,,,,
Online:Agility (skill),Medium Armor,Increases your Weapon Damage and Spell Damage by 1% for each piece of Medium Armor worn.,Medium Armor-Agility,45572,1.4.3,* Fixed an issue where this passive was stacking the bonus from Ranks I and II. * The agility passive now gives you weapon power instead of attack speed.,Passive Effect,Passive,Medium Armor Boost,Increases your Weapon Damage and Spell Damage by 2% for each piece of Medium Armor worn.,Increase Weapon Damage,38,,,,,Increase Spell Damage,46,,,29686,45572,,,,,,,,,,,,,,,,,,,,,,,,,,,
Online:Agony,Siphoning,"Shackle an enemy in torment, disorienting them for 30 seconds and dealing [1413 / 1431 / 1446 / 1462] Magic Damage over 5 seconds when the effect ends. You can only have one Agony active at a time.",Siphoning-Agony,36109,1.4.3,* Shadow Cloak: This ability is no longer removed by the following ticking damage abilities. ** Agony ** Bat Swarm ** Caltrops ** Cripple ** Entropy ** Fire Rune ** Necrotic Orb ** Path of Darkness ** Soul Tether ** Trap Beast ** Volley ** Wall of Elements ** All elemental procs,,,,"Shackle an enemy in torment, disorienting them for 30 seconds and damaging all nearby enemies when the effect ends for [945 / 946 / 947 / 948] Magic Damage plus 5% for each second the target was disoriented. You can only have one Malefic Wreath active at a time.",,,4,3240 Magicka,Enemy,Instant,,,ON-skill-Agony.jpg,Agony,,,"Shackle an enemy in torment, disorienting them for 30 seconds and dealing [2054 / 2085 / 2102 / 2132] Magic Damage over 7 seconds when the effect ends. You can only have one Prolonged Suffering active at a time.",Prolonged Suffering,36129,The damage over time effect lasts for longer.,Malefic Wreath,36144,Siphoning-Malefic Wreath,Deals area damage when the effect ends.,Siphoning-Prolonged Suffering,,,30 seconds,,,28 meters,,,,,,,,,,,,
Online:Ambidextrous,Dual Wield,WHILE DUAL WIELDING Increases Weapon Damage and Spell Damage by 3% of off-hand weapon's damage.,Dual Wield-Ambidextrous,45477,,,,Passive,,WHILE DUAL WIELDING Increases Weapon Damage and Spell Damage by 6% of off-hand weapon's damage.,,10,,,,,,17,,,,,,,,,,,,,,,,,,,,,,,,,,,,,,,
Online:Amphibian,Argonian,Increases your experience gain with the Restoration Staff skill line by 15%. Increases your swimming speed by 50%.,Argonian-Amphibian,36582,2.5.5,"* This passive ability has been renamed to ""Amphibian."" Also, in addition to the current benefit it now increases your swimming speed by 50%.",Innate Effect,Passive,Increase Experience Gain,,Increase Movement Speed,1,,,,,,,,,,,,,,,,,,,,,,,,,,,,,,,,,,,,,
Online:Amplitude,Storm Calling,Increases your damage done against enemies by 1% for every 20% current Health they have.,Storm Calling-Amplitude,45192,4.3.5,"* Implosion: ** Renamed this passive to Amplitude. ** This passive is now a reverse execute mechanic, and increases your damage against targets by 1% for every 10% health they currently have. ** The minimum bonus this passive can provide is 1% increased damage done. *** Developer Comment: This change was aimed at helping Sorcerer's damage production go up, while helping them in the targeted gameplay pattern of getting targets into specific health thresholds, detracting from the feeling of uncontrollable burst for the caster, and sudden moments of low telegraphed high damage for the target.::: The HP thresholds for the damage are as follows::::* 100% Health = 10% damage:::* 99%-90% = 9%:::* 89.9%-80% = 8%:::* 79.9%-70% = 7%:::* 69.9%-60% = 6%:::* 59.9%-50% = 5%:::* 49.9%-40% = 4%:::* 39.9%-30% = 3%:::* 29.9%-20% = 2%:::* 19.9%-10% = 1%:::* 9.9%-0% = 1%",Passive Effect,Passive,Reverse Execute,Increases your damage done against enemies by 1% for every 10% current Health they have.,,22,,,,,,36,,,31422,45192,,,,,,,,,,,,,,,,,,,,,,,,,,,
Online:An Eye for Exploitation,Class Mastery,"Every strike, every stab, is a step towards execution. Increases your Weapon Damage and Spell Damage by up to 2000, based on your target's missing Health. Reduces your damage taken by up to 20%, based on your attacker's missing Health. Both effects are halved against targets with Battle Spirit.",Assassination-Master Assassin,263604,12.0.0,"*This passive increases your Weapon and Spell Damage by up to 1250 and reduces your damage taken by up to 12%, both based on your target's missing Health.",,Passive,,,,1,,,,,,,,,,,,,,,,,,,,,,,,,,,,,,,,,,,,,
Online:Ancient Knowledge,Destruction Staff,With Destruction Staff Equipped Inferno Staves increases your damage done with damage over time and Status Effects by 6%. Lightning Staves increases your damage done with direct damage and channeled effects by 6%. Ice Staves reduce the cost of blocking by 18% and increases the amount of damage you block by 10%.,Destruction Staff-Ancient Knowledge,45513,2.7.0,"*This passive ability no longer decreases the cast time of your Destruction Staff Heavy Attacks by 5/10%. Instead, it grants you a bonus as long as you have one Destruction Staff ability slotted. This bonus depends on your staff type: ** Flame Staves: Increases your single-target damage dealt by 4/8%. ** Frost Staves: Increases the amount of damage you Block by 10/20%, and reduces the cost of Block by 15/30%. ** Lightning Staves: Increases your Area of Effect damage dealt by 4/8%.",Passive Effect,Passive,Increase Damage Dealt,With Destruction Staff Equipped Inferno Staves increases your damage done with damage over time and Status Effects by 12%. Lightning Staves increases your damage done with direct damage and channeled effects by 12%. Equipping an Ice Staff reduces the cost of blocking by 36% and increases the amount of damage you block by 20%.,Status Effect Bonus,28,,,,,Increase Block,46,,,30959,45513,,,,,,,,,,Reduce Activity Cost,,,,,,,,,,,,,,,,,
Online:Annulment,Light Armor,"Requires 5 pieces of light armor equipped Convert a portion of your Magicka into a protective ward, gaining a damage shield that absorbs [9000 / 9098 / 9198 / 9297] damage for 6 seconds. Damage shield strength capped at 50% of your Max Health.",Light Armor-Annulment,41108,1.1.2,* This Ultimate ability's damage shield now absorbs 100% of incoming Spell Damage rather than 50%. This damage shield value remains the same.,Damage Shield,,Light Armor Boost,"Requires 5 pieces of light armor equipped Convert a portion of your Magicka into a protective ward, gaining a damage shield that absorbs 9297 damage for 6 seconds. Damage shield strength capped at 50% of your Max Health. While active, whenever the shield absorbs damage, you restore 229 Magicka. Each piece of Light Armor worn increases the Magicka restored by [30 / 31 / 32 / 33]%. This effect can occur up to 3 times.",Restore Magicka,,22,4590 Magicka,Self,Instant,Magicka Cost,,ON-skill-Annulment_02.jpg,Annulment,,,"Requires 5 pieces of light armor equipped Convert a portion of your Magicka into a protective ward, gaining a damage shield that absorbs 9297 damage for 6 seconds. Damage shield strength capped at 60% of your Max Health. Each piece of Light Armor worn increases the amount of damage absorbed by [3 / 4 / 5 / 6]%.",Dampen Magic,41113,Each piece of Light Armor worn increases damage absorbed. Increases shield cap value.,Harness Magicka,41121,Light Armor-Harness Magicka,Restores Magicka whenever you absorb damage.,Light Armor-Dampen Magic,,,6 seconds,,Magicka,,,,,,,,,,,,Max,
Online:Antiquarian Insight,Scrying,Allows you to scry for Antiquities of up to Simple difficulty.,Scrying-Antiquarian Insight,141018,,,Passive Effect,Passive,Antiquities,Allows you to scry for Antiquities of up to Intermediate difficulty.,,1,,,,,,3,,,,,,,,,,,,,,,Greymoor,,,,,,,,,,Allows you to scry for Antiquities of up to Advanced difficulty.,5,,,,,
Online:Apocryphal Gate,Curative Runeforms,Cost: [4050 / 3960 / 3870 / 3780] Magicka. Breach the world walls to create a portal at a target location. Its twin appears directly before you. Crossing the threshold allows you to teleport from one to the other for as long as the portals remain open. Apocryphal Gate generates Crux each time you teleport.,Curative Runeforms-Apocryphal Gate,40183542,9.0.6,* Fixed an issue with this ability and its morphs where it would only place one portal. ** Fleet-Footed Gate (morph): Fixed an issue where this ability was not benefiting from its rank progression.,Magicka Cost,,Teleport,"Cost: [3780 / 3690 / 3600 / 3510] Magicka. Breach the world walls to create a portal at a target location. Its twin appears directly before you. Crossing the threshold allows you to teleport from one to the other for as long as the portals remain open. Allies standing within either portal can activate the Passage synergy, allowing them to teleport to the opposite portal. Passage Between Worlds generates Crux each time you teleport.",Increase Movement Speed,,42,3780 Magicka,Ground,Instant,,,ON-skill-Apocryphal Gate.jpg,Apocryphal Gate and its morphs' visual,,,"Breach the world walls to create a portal at a target location. Its twin appears directly before you. Crossing the threshold allows you to teleport from one to the other for as long as the portals remain open. After teleporting, you gain Major Expedition for [4 / 4.3 / 4.7 / 5] seconds, increasing your Movement Speed by 30%. Fleet-Footed Gate generates Crux each time you teleport.",Fleet-Footed Gate,40186211,Increases your Movement Speed after teleporting.,Passage Between Worlds,40186220,Curative Runeforms-Passage Between Worlds,Grants a synergy to allies allowing them to teleport from one portal to the other.,Curative Runeforms-Fleet-Footed Gate,,,7 seconds,,Magicka,12-22 meters,,,,,,,,,,,,3 meters
Online:Arcane Fighter,Two Handed,"(WITH TWO-HANDED WEAPON EQUIPPED) Increases chance of applying status effects like burning, chilling, etc. by 50%",Two Handed-Arcane Fighter,,1.5.2,* Replaced the Arcane Fighter passive with Follow Up. This will increase your damage by 5%/10% for 7 seconds after activating a fully charged heavy attack.,,Passive,,"(WITH TWO-HANDED WEAPON EQUIPPED) Increases chance of applying status effects like burning, chilling, etc. by 100%",,30,,,,,,46,,,,,,,,,,,,,,,,,,,,,,,,,,,,,,,
Online:Arcane Nova,Destruction Staff (Companion),"Your Companion releases a surge of magic to enemies around them, dealing 3150 Magic Damage. Fire Nova applies the Burning status effect. Frost Nova applies the Chill status effect. Shock Nova applies the Concussion status effect.",Companion-Arcane Nova,157230,3.0.5,"* Fixed an issue where ranking up a summon ability (Unstable Familiar, Summon Winged Twilight, Feral Guardian, etc.) would unsummon your pet.",,Companion,,,,,20,12 seconds,Area,Instant,,,,,,,,,,,,,,,,,Blackwood,,,,,,6 meters,Magic Damage,Area of Effect,,,,,,Apply Status Effect,,
Online:Arcanist's Domain,Curative Runeforms,"Duration: [17 / 18 / 19 / 20] seconds. Draw forth your tome and invoke the vigoratum of Hermaeus Mora to conjure a vortex of eldritch power. Entering this vortex grants you and your allies Minor Courage, Minor Fortitude, Minor Intellect, and Minor Endurance, increasing your Weapon Damage and Spell Damage by 215 and your Health, Magicka, and Stamina Recovery by 15%.",Curative Runeforms-Arcanist's Domain,40183555,9.3.5,* Zenas’ Empowering Disc (morph): Fixed an issue where the buffs granted by this ability would be removed from allies if the caster of the ability died.,Magicka Cost,,Area of Effect,"Draw forth your tome and invoke the leviathanum of the Abyssal Sea to conjure a vortex of eldritch power. Entering this vortex grants you and your allies Minor Courage, Minor Fortitude, Minor Intellect, and Minor Endurance, increasing your Weapon Damage and Spell Damage by 215 and your Health, Magicka, and Stamina Recovery by 15%. The vortex also heals you and your allies for [12287 / 12419 / 12551 / 12683] Health over 20 seconds.",Increase Spell Damage,,30,3780 Magicka,Area,Instant,Increase Weapon Damage,,ON-skill-Arcanist's Domain.jpg,Arcanist's Domain and Zenas' Empowering Disc morph visual,,,"Draw forth your tome and invoke the enigmatum of Morian Zenas to conjure a vortex of eldritch power. Entering this vortex grants you and your allies Minor Courage, Minor Fortitude, Minor Intellect, and Minor Endurance, increasing your Weapon Damage and Spell Damage by 215 and your Health, Magicka, and Stamina Recovery by 15%. These effects cling to you and your allies for up to [7 / 8 / 9 / 10] seconds after leaving the vortex.",Zenas' Empowering Disc,40186229,The effects remain on you and your allies for a short duration after leaving the area.,Reconstructive Domain,40186234,Curative Runeforms-Reconstructive Domain,Heals you and your allies in the area over time.,Curative Runeforms-Zenas' Empowering Disc,Health Recovery,,20 seconds,Magicka Recovery,Magicka,,Stamina Recovery,,,,Heal Self,,,,Heal Others,,,8 meters
Online:Arctic Wind,Winter's Embrace,"Envelop yourself in winter winds, instantly healing for [4800 / 4852 / 4905 / 4958] Health and an additional [960 / 970 / 981 / 991] Health every 2 seconds over 10 seconds. This ability scales off your Max Health.",Winter's Embrace-Arctic Wind,86151,4.0.5,* Increased the initial heal done by this ability and its morphs to 12% of your Max Health from 10%.,Heal Self,,Heal Others,"Cost: 3780 Magicka, Duration: 18 seconds, Area: 6 meters, Target: Area. Envelop yourself in winter winds, instantly dealing [4764 / 4816 / 4868 / 4921] Frost Damage to nearby enemies. If no enemies are hit, you heal for 6351 Health. The winds persist for 20 seconds and chill your foes to the bone, dealing [793 / 801 / 810 / 819] Frost Damage every 2 seconds, after 2 seconds. The damage has a higher chance to apply the Chilled status effect. Stuns enemies after the delay for 3 seconds.",Frost Damage,,20,4320 Magicka,Self,Instant,Damage Over Time,,ON-skill-Arctic Wind.jpg,Arctic Wind,,,"Area: 12 meters, Target: Area. Envelop yourself in winter winds, instantly healing for 4958 Health and healing for an additional [1322 / 1336 / 1351 / 1365] Health every 2 seconds over 10 seconds. You also heal a nearby ally for 3305 Health. This ability scales off your Max Health.",Polar Wind,86155,Increases the healing over time and now heals a nearby ally for a portion of the initial heal.,Arctic Blast,86159,Winter's Embrace-Arctic Blast,Damages enemies instead of healing yourself but heals if no enemies are damaged. Stuns enemies after a delay. Reduces the cost.,Winter's Embrace-Polar Wind,Area of Effect,Crown Store,10 seconds,Increase Debuff Chance,Magicka,,Stun,,,,Magicka Cost,,,,,,Maximum,
Online:Argonian Resistance,Argonian,Increases your Max Health by 333 and your Disease and Poison Resistance by 660.,Argonian-Argonian Resistance,45255,2.1.4,* Increased the maximum health bonus from this passive to 2/4/6 from 1/2/3.,Passive Effect,Passive,Increase Max Health,Increases your Max Health by 666 and your Disease and Poison Resistance by 1320.,Resist Elements,10,,,,,,20,,,36583,45253,,,,,,,,,,,,,,,,,,,,,Increases your Max Health by 1000 and your Disease and Poison Resistance by 2310.,40,45255,,,Maximum,
Online:Arrow Spray,Bow,"Fire a burst of arrows in one shot, dealing [4612 / 4662 / 4713 / 4764] Physical Damage to enemies in front of you.",Bow-Arrow Spray,40765,1.3.3,* Eagle Eye: The tooltip for this item set no longer states that it increases the range of the ability Arrow Spray.,Physical Damage,,Area of Effect,"Duration: 4 seconds. Fire a burst of arrows in one shot, dealing 4764 Poison Damage to enemies in front of you, and dealing an additional [4335 / 4385 / 4430 / 4480] Poison Damage over 5 seconds.",Immobilize,,20,3510 Stamina,Area,Instant,Poison Damage,,ON-skill-Arrow Spray.jpg,Arrow Spray and Bombard visual,,,"Cost: [3510 / 3420 / 3330 / 3240] Stamina, Duration: 4 seconds. Fire a burst of arrows in one shot, dealing 4764 Physical Damage to enemies in front of you. Enemies hit are immobilized for 4 seconds.",Bombard,40777,Immobilizes enemies hit and reduces the cost as the ability ranks up.,Acid Spray,40789,Bow-Acid Spray,Deals Poison Damage and adds additional damage over time.,Bow-Bombard,Damage Over Time,,,Stamina Cost,Stamina,,,20 meters,,,,,,,,,,
Online:Ash Cloud,Ardent Flame,"Throw out a kindled flame, filling a large area with warmth for 15 seconds. This fire heals you and your allies at the target location for [459] Health every 1 second. Healed targets gain Minor Fortitude and Minor Heroism while inside, increasing Health Recovery by 15% and generating 1 Ultimate every 1.5 seconds.",Earthen Heart-Ash Cloud,33778,2.3.5,* Eruption: Increased the initial eruption damage from this morph by 22%.,Area of Effect,,Reduce Movement Speed,"Cost: [270] Magicka / 1s. Throw out a protective flame for 15 seconds, healing you and your allies inside for [680] Health every 1 second scaling off your Max Health. Healed targets gain Minor Fortitude and Minor Heroism while inside, increasing Health Recovery by 15% and generating 1 Ultimate every 1.5 seconds. You gain Minor Protection while inside, reducing damage taken by 10%. Enemies inside have their Movement Speed reduced by 70%.",Heal Self,,30,351 Magicka / 1s,Ground,Instant,Heal Others,,ON-skill-Ash Cloud.jpg,Ash Cloud,,,"Throw out a purifying flame, filling a large area with warmth for 15 seconds. This fire heals you and your allies at the target location for [460] Health every 1 second. This healing increases by 50% if you are in the area. Healed targets gain Minor Fortitude and Minor Heroism for 15 seconds, increasing Health Recovery by 15% and generating 1 Ultimate every 1.5 seconds.",Fire Keeper,33797,Heals for significantly more if you stand in the area. Minor buffs persist after being healed.,Hearth and Home,33816,Earthen Heart-Eruption,"While inside, you gain Minor Protection and enemies move slower. Healing now scales of Max Health. Reduces the cost as the ability ranks up.",Earthen Heart-Cinder Storm,Fire Damage,,15 seconds,Damage Over Time,Magicka,22 meters,Magicka Cost,8 meters,,,,,,,,,,
Online:Ashlander,Dark Elf,Increases your experience gain with the Dual Wield skill line by 15%. Reduces your damage taken from environmental lava by 50%.,Dark Elf-Ashlander,36588,2.5.5,"* Ambidexterity: This passive ability has been renamed to ""Ashlander."" Also, in addition to the current benefit it now reduces your damage taken from lava by 50%.",Innate Effect,Passive,Increase Experience Gain,,Resist Elements,1,,,,,,,,,,,,,,,,,,,,,,,,,,,,,,,,,,,,,
Online:Aspect Improvement,Enchanting,Allows the use of Common (white) and Standard (green) Aspect Runestones.,Enchanting-Aspect Improvement,46763,1.1.2,* Updated the icons for Enchanting passive skills Aspect Improvement and Potency Improvement to more closely match their associated runestone shapes.,Crafting Effect,Passive,Crafting Quality,Allows the use of Superior (blue) Aspect Runestones.,,1,,,,,,6,,,46758,46759,,,,,,,,,,,,,,,,,,,,,Allows the use of Artifact (purple) Aspect Runestones.,16,46760,,,,
Online:Aspect of Terror,Shadow,"Cost: [4050 / 3960 / 3870 / 3780] Magicka. Summon a dark spirit to terrify nearby enemies, causing them to cower in fear for 2 seconds and be afflicted with Major Cowardice for 10 seconds, reducing their Weapon Damage and Spell Damage by 430.",Shadow-Aspect of Terror,38065,1.3.3,* Manifestation of Terror: The wraith summoned by using this ability no longer has collision.,Area of Effect,,Fear,"Cost: [3510 / 3420 / 3330 / 3240] Magicka, Duration: 20 seconds, Range: 22 meters, Target: Ground. Conceal a sinister trap at the target location, which takes 2 seconds to arm and lasts for 20 seconds. When the trap is triggered, up to 6 enemies in the area become terrified, causing them to cower in fear for 2 seconds and be afflicted with Major Cowardice for 10 seconds, reducing their Weapon Damage and Spell Damage by 430.",Reduce Weapon/Spell Damage,,30,3780 Magicka,Area,Instant,Trap,,ON-skill-Aspect of Terror.jpg,Aspect of Terror visual,,,"Duration: [2 / 2.3 / 2.7 / 3] seconds. Summon a dark spirit to terrify all nearby enemies, causing them to cower in fear for [2 / 2.3 / 2.7 / 3] seconds and be afflicted with Major Cowardice for 10 seconds, reducing their Weapon Damage and Spell Damage by 430.",Mass Hysteria,38075,The ability no longer has a cap of how many targets it can affect and the fear increases in duration as the ability ranks up.,Manifestation of Terror,38096,Shadow-Manifestation of Terror,"Reduces the cost and creates a trap at your target location instead, which fears enemies when triggered.",Shadow-Mass Hysteria,Magicka Cost,,2 seconds,,Magicka,,,6 meters,,,,,,,,,,
Online:Assassin's Blade,Assassination,"Thrust a magic blade with lethal precision to stab an enemy, dealing [3074 / 3107 / 3141 / 3175] Magic Damage. Deals 300% more damage to enemies below 25% Health.",Assassination-Assassin's Blade,35584,1.2.3,* This ability's visual effects are now easier to see.,Magic Damage,,Execute,"Range: [25 / 26 / 27 / 28] meters. Throw a magic blade with lethal precision to strike an enemy, dealing 3175 Magic Damage. Deals 330% more damage to enemies below 25% Health.",Heal Self,,20,2430 Magicka,Enemy,Instant,Disease Damage,,ON-skill-Assassin's Blade.jpg,Assassin's Blade,,,"Cost: 2066 Stamina. Thrust a caustic blade with lethal precision to stab an enemy, dealing 3175 Disease Damage. Deals up to 400% more damage to enemies with less than 50% Health. Heals you for [6351 / 6420 / 6489 / 6559] if the enemy dies within 2 seconds of being struck.",Killer's Blade,35590,"Converts into a Stamina ability, deals Disease Damage, and now scales linearly based on missing Health rather than a flat value. Also heals you if the target dies within two seconds of use.",Impale,35596,Assassination-Impale,Allows you to use the ability at range and increases the execute multiplier.,Assassination-Killer's Blade,Kill Bonus,,,Magicka Cost,Magicka,7 meters,Stamina Cost,,,,,,,,,,,
Online:Athletics,Medium Armor,Increases the Movement Speed bonus of Sprint by 2% for each piece of Medium Armor equipped. Reduces the cost of Roll Dodge by 2% for each piece of Medium Armor equipped.,Medium Armor-Athletics,45574,,,Passive Effect,Passive,Medium Armor Boost,Increases the Movement Speed bonus of Sprint by 3% for each piece of Medium Armor equipped. Reduces the cost of Roll Dodge by 4% for each piece of Medium Armor equipped.,Increase Movement Speed,42,,,,,Reduce Activity Cost,50,,,29742,45574,,,,,,,,,,,,,,,,,,,,,,,,,,,
Online:Atoning Spirit,Remedy of Atonement,Zerith-var conjures a ghostly spirit of a fallen Khajiit to redeem its soul in service to Azurah for 8 seconds. The spirit heals them or the lowest Health ally around them every 2 seconds restoring 1575 Health. Used when Zerith-var or an ally is below 75% Health.,Companion-Atoning Spirit,,3.0.5,"* Fixed an issue where ranking up a summon ability (Unstable Familiar, Summon Winged Twilight, Feral Guardian, etc.) would unsummon your pet.",,Companion,,,,,17,15.5 seconds,Area,0.3 seconds,,,,,,,,,,,,,,,,,,,,,,,28 meters,Summon,Heal Self,,,,,,Heal Others,,
Online:Augur,Excavation,"Indicates how near the Antiquity is to the selected location. Can only be used a limited number of times, based on the Antiquity's Difficulty. Only works on the lowest three layers of dirt and rocks. Cannot detect Bonus Loot. Using Augur does not consume a turn.",Excavation-Augur,139905,,,Passive Effect,Passive,Antiquities,"Indicates how near the Antiquity is to the selected location. Can only be used a limited number of times, based on the Antiquity's Difficulty. Works on the lowest six layers of dirt and rocks. Cannot detect Bonus Loot. Using Augur does not consume a turn.",,1,,,,,,5,,,,,,,,,,,,,,,Greymoor,,,,,,,,,,,,,,,,
Online:Azurah's Embrace,Remedy of Atonement,"Zerith-var absolves the misdeeds of fallen souls at the target location, healing themselves and their allies for 630 Health and removing up to 3 negative effects. Used when Zerith-var or an ally is below 75% Health.",Companion-Azurah's Embrace,,3.0.5,"* Fixed an issue where ranking up a summon ability (Unstable Familiar, Summon Winged Twilight, Feral Guardian, etc.) would unsummon your pet.",,Companion,,,,,8,11.6 seconds,Area,0.4 seconds,,,,,,,,,,,,,,,,,,,,,,,8 meters,Heal Self,Heal Others,,,,,,Cleanse,,
Online:Backlash,Dawn's Wrath,"Summon an expanding beam of pure sunlight to doom an enemy, dealing [3072 / 3105 / 3138 / 3174] Magic Damage immediately and marking them for 6 seconds. After the duration ends, the sunlight bursts, dealing [3401 / 3438 / 3475 / 3513] Magic Damage to the enemy, which increases based on the amount of damage you dealt to them over the duration, up to 200%. You can have only one Backlash active at a time.",Dawn's Wrath-Backlash,27227,1.3.3,* Fixed an issue where Backlash Rank III wasn't dealing any damage.,Magic Damage,,Heal Self,"Cost: 1337 Stamina. Summon an expanding beam of pure sunlight to doom an enemy, dealing 3175 Physical Damage immediately and marking them for 6 seconds. After the duration ends, the sunlight bursts, dealing 3513 Physical Damage to the enemy, which increases based on the amount of damage you dealt to them over the duration, up to 200%. You can have only one Power of the Light active at a time, and each hit of the ability applies the Sundered status effect.",Heal Others,,20,2160 Magicka,Enemy,Instant,Physical Damage,,ON-skill-Backlash.jpg,Backlash,,,"Summon an expanding beam of pure sunlight to doom an enemy, dealing 3175 Magic Damage immediately and marking them for 6 seconds. After the duration ends, the sunlight bursts, dealing 3513 Magic Damage, which increases based on the amount of damage you dealt to them over the duration, up to 200%. Also heals you and nearby allies in the area for [1587 / 1604 / 1621 / 1639] Health every 2 seconds, over 10 seconds. You can have only one Purifying Light at a time.",Purifying Light,27558,"When the effect ends, a pool of sunlight remains attached to the enemy, healing you and allies.",Power of the Light,27587,Dawn's Wrath-Power of the Light,"Converts into a Stamina ability, deals Physical Damage, and always applies the Sundered status effect.",Dawn's Wrath-Purifying Light,Apply Status Effect,,6 seconds,Reduce Armor,Magicka,28 meters,Magicka Cost,,,,Stamina Cost,,,,,,,
Online:Balanced Blade,Two Handed,WITH TWO-HANDED WEAPON EQUIPPED Reduces the Stamina cost of your Two-Handed abilities by 7%.,Two Handed-Balanced Blade,45443,1.3.3,"* Fixed an issue where Ranks I-II were named inconsistently for this ability, and were using ""1"" and ""2"" at the end of their titles.",Passive Effect,Passive,Reduce Skill Cost,WITH TWO-HANDED WEAPON EQUIPPED Reduces the Stamina cost of your Two-Handed abilities by 15%.,,17,,,,,,28,,,29388,45443,,,,,,,,,,,,,,,,,,,,,,,,,,,
Online:Balanced Warrior,Aedric Spear,"Increases your Weapon Damage, Spell Damage, and Armor by 3%.",Aedric Spear-Balanced Warrior,44732,1.6.5,"* Increased the weapon damage from this passive to 3% at Rank I, and 6% at Rank II.",Passive Effect,Passive,Increase Weapon Damage,"Increases your Weapon Damage, Spell Damage, and Armor by 6%.",Increase Spell Damage,39,,,,,Increase Armor,50,,,31565,44732,,,,,,,,,,,,,,,,,,,,,,,,,,,
Online:Baneslayer,Blazing Might,"Isobel Veloise channels their energy and conjures a weapon made of sunlight before striking downward, dealing 3150/6000 Magic Damage to all enemies in front of them. Enemies damaged by Baneslayer have particles remaining on them for 10 seconds that detonate for 1575/3000 Magic Damage when a player deals damage to them.",Companion-Baneslayer,163763,3.0.5,"* Fixed an issue where ranking up a summon ability (Unstable Familiar, Summon Winged Twilight, Feral Guardian, etc.) would unsummon your pet.",,Companion,,,,,20,200 Ultimate,Enemy,3.8 seconds,,,,,,,,,,,,,,,,,High Isle,,,,15 meters,,15 x 10 meters,Magic Damage,Area of Effect,,,,,,Increase Damage Taken,,
Online:Banish the Wicked,Fighters Guild,WITH A FIGHTERS GUILD ABILITY SLOTTED You generate 1 Ultimate whenever you kill an enemy.,Fighters Guild-Banish the Wicked,45599,2.4.5,"* This passive ability now grants Ultimate whenever you kill Werewolves, as well as Undead and Daedra.",Passive Effect,Passive,Ultimate Gain,WITH A FIGHTERS GUILD ABILITY SLOTTED You generate 2 Ultimate whenever you kill an enemy.,Kill Bonus,5,,,,,,9,,,35800,45597,,,,,,,,,,,,,,,,,,,,,WITH A FIGHTERS GUILD ABILITY SLOTTED You generate 3 Ultimate whenever you kill an enemy.,10,45599,,,,
Online:Banner Bearer,,,,,,,,,,,,,,,,,,,,,,,,,,,,,,,,,,,,,,,,,,,,,,,,720,
Online:Barrier,Support,Invoke defensive tactics to protect yourself and nearby group members with wards that each absorb up to [30750 / 31088 / 31426 / 31764] damage for 30 seconds.,Support-Barrier,46609,1.2.3,* Replenishing Barrier: We have made this ability's tooltip is clearer-it now lists the correct amount of magicka restored.,Damage Shield,Ultimate,Group Bonus,"Invoke defensive tactics to protect yourself and nearby group members with wards that each absorb up to 31764 damage. Each time a ward dissolves, you restore [1200 / 1300 / 1400 / 1500] Magicka.",Heal Self,,6,250 Ultimate,Area,Instant,Heal Others,,ON-skill-Barrier.jpg,An activated Barrier,,,Invoke defensive tactics to protect yourself and nearby group members with wards that each absorb up to 31764 damage for 30 seconds. The wards also heal you and your group members for [14280 / 14430 / 14595 / 14745] Health over 15 seconds.,Reviving Barrier,46614,Shielded targets heal over time.,Replenishing Barrier,46622,Support-Replenishing Barrier,Each time a ward dissolves you restore Magicka.,Support-Reviving Barrier,Ultimate Gain,,30 seconds,Restore Magicka,,,Ultimate Cost,12 meters,,,,,,,,,,
Online:Basalt Barrier,Radiating Heart,"Bastian Hallix calls the earth to their defense, granting a damage shield for them and their nearby allies that absorbs 1575/3000 damage for 6 seconds. Used when Bastian Hallix or an ally is below 75% Health.",Companion-Basalt Barrier,153851,3.0.5,"* Fixed an issue where ranking up a summon ability (Unstable Familiar, Summon Winged Twilight, Feral Guardian, etc.) would unsummon your pet.",,Companion,,,,,8,12 seconds,Area,0.6 seconds,,,,,,,,,,,,,,,,,Blackwood,6 seconds,,,,,28 meters,Damage Shield,,,,,,,,,
Online:Bashing Bulwark,One Hand and Shield (Companion),"Your Companion rushes an enemy and rams them, stunning them for 4 seconds.",Companion-Bashing Bulwark,155326,3.0.5,"* Fixed an issue where ranking up a summon ability (Unstable Familiar, Summon Winged Twilight, Feral Guardian, etc.) would unsummon your pet.",,Companion,,,,,10,16 seconds,Enemy,Instant,,,,,,,,,,,,,,,,,Blackwood,,,,7 - 22 meters,,,Charge,Stun,,,,,,,,
Online:Bastion of Light,Class Mastery,"Light consecrates the ground on which you tread. Sacred Ground is now applied while you are in your own Nova and Spear Shards, and while Radial Sweep and Solar Barrage are active. While Sacred Ground is active, you heal for 1279 Health every 1 second. If you are at full Health after being healed from this effect while in combat, you also gain 2 Ultimate.",Class Mastery-Bastion of Light,263585,12.0.0,"*This passive causes you to heal for 8% of your Max Health every second that Sacred Ground is active. If you are at full Health after the heal, you generate 2 Ultimate while in combat. Sacred Ground will also be able to activate while you are inside the area of your Nova or Spear Shards, or while Radial Sweep or Solar Barrage are active.",,Passive,,,,1,,,,,,,,,,,,,,,,,,,,,,,,,,,,,,,,,,,,,
Online:Bat Swarm,Vampire,"Darken the sky with a cloud of bats, dealing [1798 / 1816 / 1839 / 1854] Magic Damage to nearby enemies every 1 second for 7 seconds.",Vampire-Bat Swarm,41920,1.0.7,* Fixed an issue with the ability Bat Swarm so it will no longer stack with itself. It will instead refresh if re-cast.,,Ultimate,,"Darken the sky with a cloud of bats, dealing 1860 Magic Damage to nearby enemies every 1 second for 7 seconds. The bats heal you for [1083 / 1097 / 1109 / 1119] Health for each enemy they damage.",,,5,250 Ultimate,Area,Instant,,,ON-skill-Bat Swarm.jpg,Bat Swarm,,,"Darken the sky with a cloud of bats, dealing 1860 Magic Damage to nearby enemies every 1 second for 7 seconds. While the bats swarm around you this ability changes into Materialize, allowing you to instantly teleport to an enemy and strike them for [3099 / 3135 / 3167 / 3204] Magic Damage.",Clouding Swarm,41926,"While the bats swarm around you, you can use this ability again to instantly teleport to an enemy and deal high damage.",Devouring Swarm,41937,Vampire-Devouring Swarm,The bats heal you for each enemy they damage.,Vampire-Clouding Swarm,,,7 seconds,,,,,10 meters,,,,,,,,,,
Online:Battle Resurrection,Support,Reduces the time it takes you to resurrect another player by 15% while you are in a PvP area.,Support-Battle Resurrection,45625,1.1.2,"* Fixed an issue where the Battle Resurrection was improperly usable outside of Cyrodiil. * Reduced Battle Resurrection's Cast Speed Reduction passive. * Those who have spent Skill Points in the Battle Resurrection passive will have those points returned to their overall skill point pool. You may place those Skill Points back in this ability if you wish, or invest them elsewhere.",Passive Effect,Passive,PvP Bonus,Reduces the time it takes you to resurrect another player by 30% while you are in a PvP area.,Improved Resurrection,8,,,,,,10,,,39261,45625,,,,,,,,,,,,,,,,,,,,,,,,,,,
Online:Battle Roar,Earthen Heart,"Given time, the smallest rock on the mountain can cascade into pure devastation. Whenever you deal damage you gain a stack of Landslide which increases your damage done by 1% per stack, up to 10 times. This effect can occur once every 10 seconds. Every 2 seconds you do not deal damage, you lose a stack.",,44984,2.1.4,* Adjusted the scaling for combat resources to be based off of that resource instead of the maximum Magicka for all of them.,Passive Effect,Passive,Heal Self,"Given time, the smallest rock on the mountain can cascade into pure devastation. Whenever you deal damage you gain a stack of Landslide which increases your damage done by 1% per stack, up to 10 times. This effect can occur once every 5 seconds. Every 2 seconds you do not deal damage, you lose a stack.",Restore Magicka,14,,,,,Restore Stamina,27,,,29463,44984,,,,,,,,,,,,,,,,,,,,,,,,,,,
Online:Battle Rush,Two Handed,WITH TWO-HANDED WEAPON EQUIPPED Increases your Stamina Recovery by 15% for 10 seconds after killing a target.,Two Handed-Battle Rush,45448,1.1.2,"* Increased the duration of this ability's stamina recovery and decreased the recovery amount. The total amount of stamina recovered will generally be slighter higher than before, and less prone to being reduced by hitting diminishing returns.",Passive Effect,Passive,Kill Bonus,WITH TWO-HANDED WEAPON EQUIPPED Increases your Stamina Recovery by 30% for 10 seconds after killing a target.,Stamina Recovery,41,,,,,,50,,,29391,45448,,,,,,,,,,,,,,,,,,,,,,,,,,,
Online:Battlefield Mobility,One Hand and Shield,WITH ONE HAND WEAPON AND SHIELD EQUIPPED Reduces the Movement Speed penalty of Bracing. Current penalty: 48%,One Hand and Shield-Battlefield Mobility,45473,1.5.2,* Increased this ability's speed bonus from 25%/50% to 30%/60%.,Passive Effect,Passive,Increase Movement Speed,WITH ONE HAND WEAPON AND SHIELD EQUIPPED Reduces the Movement Speed penalty of Bracing. Current penalty: 36%,,41,,,,,,50,,,29422,45473,,,,,,,,,,,,,,,,,,,,,,,,,,,
Online:Beam of Reproach,Healing Grace,"Isobel Veloise bathes an enemy in a beam of sunlight, immediately dealing 1575/3000 Magic Damage and healing allies nearby for 1575/3000 Health. The residual light will then continue to heal allies near the enemy for 393/750 Health every 2 seconds for 8 seconds.",Companion-Beam of Reproach,163684,3.0.5,"* Fixed an issue where ranking up a summon ability (Unstable Familiar, Summon Winged Twilight, Feral Guardian, etc.) would unsummon your pet.",,Companion,,,,,17,11.6 seconds,Enemy,Instant,,,,,,,,,,,,,,,,,High Isle,8 seconds,,,28 meters,,,Magic Damage,Heal Others,,,,,,,,
Online:Berserker Strike,Two Handed,"Strike at an enemy with a vicious blow, dealing [9225 / 9326 / 9427 / 9529] Physical Damage to them and all nearby enemies. This attack ignores the target's Physical Resistance, and grants you Physical Resistance and Spell Resistance equal to the amount ignored from the initial target for 12 seconds.",Two Handed-Berserker Strike,86275,2.6.4,"* New Weapon Ultimates have been added to the game. Each Weapon skill line now has one Ultimate, and each Ultimate can be obtained by reaching Rank 50 in its respective Weapon skill line. Weapon Ultimates can be morphed as well!",Physical Damage,Ultimate,Area of Effect,"Strike at an enemy with a vicious blow, dealing [9528 / 9632 / 9737 / 9842] Physical Damage to them and all nearby enemies. This attack ignores the target's Resistance and grants you Physical Resistance and Spell Resistance equal to the amount ignored from the initial target for 12 seconds. You are immune to all disabling, snare, and immobilization effects for the duration.",Ignore Armor,,50,150 Ultimate,Enemy,0.4 seconds,Increase Armor,,ON-skill-Berserker Strike.jpg,Berserker Strike,,,"Strike at an enemy with a vicious blow, dealing 9528 Physical Damage to them and all nearby enemies. This attack ignores the target's Resistance and grants you Physical Penetration and Spell Penetration for direct damage attacks equal to [85 / 90 / 95 / 100]% of the amount ignored from the initial target and if Battle Spirit is inactive you gain 100% Critical Chance for 8 seconds.",Onslaught,86284,"Now grants Penetration rather than Resistances and guarantees Critical Chance, but for a shorter duration.",Berserker Rage,86295,Two Handed-Berserker Rage,"You are immune to all disabling, snare, and immobilization effects for the duration.",Two Handed-Onslaught,Physical Penetration,,,Spell Penetration,,7 meters,Immunity,,,,Ultimate Cost,,,,,,,5 meters
Online:Betty Netch (skill),Animal Companions,"Duration: [19 / 20 / 21 / 22] seconds. Call a betty netch to your side, which grants you Major Brutality and Sorcery, increasing your Weapon Damage and Spell Damage by 20% for [19 / 20 / 21 / 22] seconds. Every 5 seconds, the netch removes 1 negative effect from you. If no negative effects are removed you instead increase your damage done by 5% for 5 seconds.",Animal Companions-Betty Netch,86053,3.2.5,* Reduced the intensity of the visual effects from this ability and its morphs. * The beam cast by the netch summoned from this ability and its morphs will now be hidden if your character is sneaking or invisible. * Blue Betty: Fixed an issue where this morph was not removing a negative effect from you if you had more than one negative effect on you.,Increase Weapon Damage,,Increase Spell Damage,"Duration: [22 / 23 / 24 / 25] seconds. Call a bull netch to your side, which restores [4416 / 4608 / 4800 / 4992] Stamina to you over [22 / 23 / 24 / 25] seconds and grants you Major Brutality and Sorcery, increasing your Weapon Damage and Spell Damage by 20%. Every 5 seconds, the netch removes 1 negative effect from you. If no negative effects are removed you instead increase your damage done by 5% for 5 seconds",Cleanse,,30,Free,Self,Instant,Increase Damage Dealt,,,,,,"Duration: [22 / 23 / 24 / 25] seconds. Call a betty netch to your side, which restores [4416 / 4608 / 4800 / 4992] Magicka to you over [22 / 23 / 24 / 25] seconds and grants you Major Brutality and Sorcery, increasing your Weapon Damage and Spell Damage by 20%. Every 5 seconds, the netch removes 1 negative effect from you. If no negative effects are removed you instead increase your damage done by 5% for 5 seconds.",Blue Betty,86057,Restores Magicka every second while active.,Bull Netch,86061,Animal Companions-Bull Netch,Restores Stamina every second while active.,Animal Companions-Blue Betty,Restore Magicka,Crown Store,22 seconds,Restore Stamina,None,,No Cost,,,,,,,,,,,
Online:Biting Trap,Fighters Guild (Companion),"Your Companion sets a sharpened blade trap in front of them, which takes 1.5 seconds to arm and lasts for 8 seconds. When an enemy triggers the trap, they are immobilized for 4 seconds. If the enemy is an Undead, Daedra, or Werewolf they take 1575 Physical Damage.",Companion-Biting Trap,157747,3.0.5,"* Fixed an issue where ranking up a summon ability (Unstable Familiar, Summon Winged Twilight, Feral Guardian, etc.) would unsummon your pet.",,Companion,,,,,10,8 seconds,Self,0.4 seconds,,,,,,,,,,,,,,,,,Blackwood,6.5 seconds,,,,,,Immobilize,"Bonus Against Undead, Daedra and Werewolves",,,,,,Physical Damage,,
Online:Bitter Harvest,Bone Tyrant,"Sap the lingering life from fresh corpses, granting you 2 Ultimate and healing [640 / 647 / 654 / 661] Health every 1 second for 2 seconds per corpse consumed. This ability scales off your Max Health. While slotted, your damage taken is reduced by 3%.",Bone Tyrant-Bitter Harvest,40115238,5.1.5,"* The heal from this ability and its morphs is now properly synced up with the essence you absorb, resulting in less of a delay. * Increased the healing per tick by approximately 11%.",Consume Corpse,,Ultimate Gain,"Sap the lingering life from fresh corpses, granting you 6 Ultimate and healing [661 / 668 / 675 / 682] Health every 1 second for 2 seconds per corpse consumed. This ability scales off your Max Health. While slotted, your damage taken is reduced by 3%.",Heal Self,,20,Free,Area,Instant,Slotted Effect,,ON-skill-Bitter Harvest.jpg,Bitter Harvest and its morphs' visual,,,"Sap the lingering life from fresh corpses, granting you 2 Ultimate and healing [661 / 668 / 675 / 682] Health every 1 second for 4 seconds per corpse consumed. While you have the heal effect, you gain Major Protection, reducing the damage you take by 10%. This ability scales off your Max Health. While slotted, your damage taken is reduced by 3%.",Deaden Pain,40118623,Doubles the duration and grants Major Protection while active.,Necrotic Potency,40118639,Bone Tyrant-Necrotic Potency,Gain more Ultimate per corpse.,Bone Tyrant-Deaden Pain,Reduce Damage Taken,Elsweyr,,No Cost,Magicka,,,12 meters,,,,,,,,,,
Online:Blade Cloak,Dual Wield,"Envelop yourself in a protective cloak of razors, gaining Major Evasion for 20 seconds, reducing damage from area attacks by 20%. Every 2 seconds the shrapnel will pulse, dealing [1117 / 1129 / 1141 / 1153] Physical Damage to all enemies within 5 meters.",Dual Wield-Blade Cloak,40633,1.6.5,"* Sparks: ** This ability has been removed, and replaced with a new ability: Blade Cloak. ** When activated, Blade Cloak reduces area of effect damage taken by the caster by 20% for 15 seconds. Whenever the caster takes area of effect damage, this ability will deal damage to all nearby enemies. Blade Cloak can only fire once every 3 seconds. ** Quick Cloak: This ability provides the buff Major Expedition for 5 seconds. ** Deadly Cloak: When cast, this ability allows you to throw a dagger that deals high damage. This ability can only be used once, and only within ten seconds of the cast.",Evasion,,Physical Damage,"Envelop yourself in a protective cloak of razors, gaining Major Evasion for 20 seconds, reducing damage from area attacks by 20%. Every 2 seconds the shrapnel will pulse, dealing [1501 / 1517 / 1534 / 1550] Physical Damage to all enemies within 5 meters.",Damage Over Time,,20,3780 Stamina,Area,Instant,Area of Effect,,ON-skill-Blade_Cloak.jpg,Blade Cloak and its morphs' passive visual,,,"Duration: [24 / 26 / 28 / 30] seconds. Envelop yourself in a protective cloak of razors, gaining Major Evasion for [24 / 26 / 28 / 30] seconds, reducing damage from area attacks by 20%. Every 2 seconds the shrapnel will pulse, dealing 1154 Physical Damage to all enemies within 5 meters. You also gain Major Expedition for 4 seconds, increasing your Movement Speed by 30%.",Quick Cloak,40642,Increases duration and grants Major Expedition for a short duration after casting.,Deadly Cloak,40651,Dual Wield-Deadly Cloak,Increases the damage done.,Dual Wield-Quick Cloak,Increase Movement Speed,,20 seconds,Stamina Cost,Stamina,,,,,,,,,,,,,5 meters
Online:Blade of Woe,Dark Brotherhood,Call the weapon of the Dark Brotherhood to your hand and deliver a killing blow to an unsuspecting target. Experience from this target is reduced by 75%. This ability does not work on players or difficult targets.,Dark Brotherhood-Blade of Woe,78219,2.6.4,* The pickpocket prompt will no longer appear while you are in the middle of using the Blade of Woe on a target that can be pickpocketed. * Fixed an issue where you could not use the Blade of Woe on Delric Thielde in Hew's Bane.,Passive Effect,Passive,Stealth Bonus,,,1,,,,,,,ON-quest-A Lesson in Silence.jpg,Blade of Woe,,,,,,,,,,,,,Dark Brotherhood,,,,,,,,,,,,,,,Max,
Online:Blade of the Crossing,Warrior's Banishment,"Zerith-var calls upon the power of Azurah, swing a blade of lunar light in front of them, dealing 3150 Magic Damage. Enemies damaged by this ability have Minor Magickasteal applied to them for 10 seconds, causing them and their allies to restore 168 Magicka to attackers every 1 second when damaging enemies.",Companion-Blade of the Crossing,,3.0.5,"* Fixed an issue where ranking up a summon ability (Unstable Familiar, Summon Winged Twilight, Feral Guardian, etc.) would unsummon your pet.",,Companion,,,,,20,200 Ultimate,Enemy,0.5 seconds,,,,,,,,,,,,,,,,,,10 seconds,,,15 meters,,,Magic Damage,Leech Magicka,,,,,,Ultimate Cost,,
Online:Blastbones,Grave Lord,"Summon a flaming skeleton from the ground after 2.5 seconds. The skeleton runs after the target and explodes when it gets close to them, dealing [9223 / 9324 / 9426 / 9527] Flame Damage to all enemies nearby. Creates a corpse on death.",Grave Lord-Blastbones,40114860,5.1.5,"* Removed the delay of the skeleton summoned from this ability and its morphs before it would attempt to leap to its target, to help reliability. * Reduced the minimum range of the leap ability to 7 meters from 5 meters to reduce situations where the Blastbones becomes confused on what to do, causing it to stand still, pondering its own existence.",Summon,,Fire Damage,"Summon a flaming skeleton from the ground after 2.5 seconds. The skeleton runs after the target and explodes when it gets close to them, dealing [9529 / 9633 / 9737 / 9842] Flame Damage to all enemies nearby. Every second the skeleton spends chasing its target increases the damage of the explosion by 10%, up to a maximum of 50% more damage. Creates a corpse on death.",Area of Effect,,4,2700 Magicka,Enemy,Instant,Free Corpse,,ON-skill-Blastbones.jpg,Blastbones,,,"Cost: 2295 Stamina. Summon a decaying skeleton from the ground after 2.5 seconds. The skeleton runs after the target and explodes when it gets close to them, dealing [9529 / 9633 / 9737 / 9842] Disease Damage to all enemies nearby and applying Major Defile to them for 4 seconds, reducing their healing received and Health Recovery by 16%. Creates a corpse on death.",Blighted Blastbones,40117690,Converts into a Stamina ability and deals Disease Damage. Reduces healing received on enemies hit.,Stalking Blastbones,40117749,Grave Lord-Stalking Blastbones,The skeleton deals more damage the longer it chases the target.,Grave Lord-Blighted Blastbones,Disease Damage,Elsweyr,8 seconds,Reduce Healing,Magicka,28 meters,Distance Bonus,6 meters,,,Magicka Cost,,,,Stamina Cost,,,
Online:Blazing Grasp,Draconic Armor,"Your Companion launches a fiery chain to grasp and pull an enemy to them, taunting them for 15 seconds if they are not already taunted. Used when the enemy can be moved and is further than 10 meters away.",Companion-Blazing Grasp,153839,3.0.5,"* Fixed an issue where ranking up a summon ability (Unstable Familiar, Summon Winged Twilight, Feral Guardian, etc.) would unsummon your pet.",,Companion,,,,,14 (Bastian Hallix) 1 (Tanlorin),8 seconds,Enemy,0.2 seconds,,,,,,,,,,,,,,,,,Blackwood,,,,10 - 22 meters,,,Pull,Taunt,,,,,,,,
Online:Blessed Sacrament,Healing Grace,"Isobel Veloise sends out a burst of soothing light, healing themselves or a nearby ally for 1575/3000 Health, and an additional 590/1125 every 2 seconds for 8 seconds as the light momentarily lingers. Used when Your Companion or an ally is below 75% Health.",Companion-Blessed Sacrament,163614,3.0.5,"* Fixed an issue where ranking up a summon ability (Unstable Familiar, Summon Winged Twilight, Feral Guardian, etc.) would unsummon your pet.",,Companion,,,,,1,7.8 seconds,Area,0.8 seconds,,,,,,,,,,,,,,,,,High Isle,4,,,,,28 meters,Heal Self,Heal Others,,,,,,,,
Online:Blessing at the Peak,Earthen Heart,Where earth meets sky is a wellspring of power you can tap at will. When you cast or deal damage with an Earthen Heart ability in combat you generate 1 Ultimate. This effect can occur once every 6 seconds. Increases your Critical Damage by 5%.,Earthen Heart-Blessing at the Peak,45001,,,,Passive,,Where earth meets sky is a wellspring of power you can tap at will. When you cast or deal damage with an Earthen Heart ability in combat you generate 3 Ultimate. This effect can occur once every 6 seconds. Increases your Critical Damage by 10%.,,22,,,,,,36,,,,,,,,,,,,,,,,,,,,,,,,,,,,,,,
Online:Blessing of Protection,Restoration Staff,"Slam your staff down to activate its blessings, healing you and your allies in front of you for [6918 / 6994 / 7070 / 7146] Health. Also grants Minor Resolve, increasing you and your allies' Physical Resistance and Spell Resistance by 2974 for 10 seconds.",Restoration Staff-Blessing of Protection,41151,1.6.5,"* This ability now gives the Minor Resolve and Minor Ward buffs for 8 seconds. * Blessing of Restoration (morph): Increased the heal provided by this ability by 21%. In addition, the buffs provided by this morph will now last 15 seconds. * Combat Prayer (morph): This ability now grants the Minor Berserk buff for 8 seconds.",Heal Self,,Heal Others,"Cost: [4860 / 4770 / 4680 / 4590] Magicka. Slam your staff down to activate its blessings, healing you and your allies in front of you for 7146 Health. Also grants Minor Berserk and Minor Resolve increasing you and your allies' damage done by 5% and Physical Resistance and Spell Resistance by 2974 for 10 seconds.",Area of Effect,,14,4860 Magicka,Area,Instant,Increase Armor,,ON-skill-Combat Prayer.jpg,Combat Prayer,,,"Duration: 20 seconds. Slam your staff down to activate its blessings, healing you and your allies in front of you for [7861 / 7947 / 8033 / 8120] Health. Also grants Minor Resolve, increasing you and your allies' Physical Resistance and Spell Resistance by 2974 for 20 seconds.",Blessing of Restoration,41169,"Increases the size, healing done, and duration.",Combat Prayer,41189,Restoration Staff-Combat Prayer,"Also grants Minor Berserk, increasing you and your allies' damage done. Cost decreases as ability ranks up.",Restoration Staff-Blessing of Restoration,Increase Damage Dealt,,10 seconds,Magicka Cost,Magicka,,,20 meters,,,,,,,,,,
Online:Blood Altar,Undaunted,"Duration: [27 / 28 / 29 / 30] seconds. Sacrifice your life essence to conjure a fountain of blood to apply Minor Lifesteal to enemies in the area, healing you and your allies for 600 Health every 1 second when damaging them. Allies in the area can activate the Blood Funnel Synergy synergy, healing for 40% of their Max Health.",Undaunted-Blood Altar,43251,1.1.2,"* The Blood Altar morphs Overflowing Altar and Sanguine Altar now increase the Blood Feast Synergy's healing done, rather than allowing multiple allies to channel simultaneously (Blood Feast Synergy no longer has a channeled effect.) * Blood Funnel & Blood Feast Synergy ** The Blood Feast synergy will only become available to allies who are below 60% health. ** Blood Funnel no longer decreases the duration of the Blood Altar when used. ** This ability now heals you instantly, rather than requiring a channel time.",Leech Health,,Heal Self,"Cost: [4320 / 4230 / 4140 / 4050] Health. Sacrifice your life essence to conjure a fountain of blood to apply Minor Lifesteal to enemies in the area, healing you and your allies for 600 Health every 1 second when damaging them. Allies in the area can activate the Blood Feast Synergy Blood Funnel synergy, healing for 65% of their Max Health.",Heal Others,,1,4320 Health,Area,Instant,Synergy,,ON-skill-Blood Altar.jpg,A Blood Altar,,,"Cost: 2160 Health, Duration: [34 / 36 / 38 / 40] seconds. Sacrifice your life essence to conjure a fountain of blood to apply Minor Lifesteal to enemies in the area, healing you and your allies for 600 Health every 1 second when damaging them. Allies in the area can activate the Blood Funnel Synergy synergy, healing for 40% of their Max Health.",Sanguine Altar,43266,Increases the duration and reduces the cost.,Overflowing Altar,43287,Undaunted-Overflowing Altar,The synergy heals allies for more. Reduces the cost as the ability ranks up.,Undaunted-Sanguine Altar,Health Cost,,30 seconds,,Magicka,,,28 meters,,,,,,,,,,
Online:Blood Frenzy,Vampire,"Allow your monstrous appetites to take hold, increasing your Weapon Damage and Spell Damage by [57 / 58 / 59 / 60] every 2 seconds, up to 5 times. While toggled on, the Health cost of this ability increases by 360 per stack and you cannot be healed by anyone but yourself, your pets, or your Companions.",Vampire-Blood Frenzy,40132141,7.3.5,"* This ability and its morphs now grant a stack of up to 30 Weapon and Spell Damage rather than 600 upfront, up to a maximum of 10 stacks. * Decreased the tick frequency to 2 seconds, down from 1 (haha inverse math!) so the ability drains Health slower. * The health cost now increases by 250 Health per stack, rather than 20% of the cost of the skill with no cap. * Reduced the initial cost to 700, down from 1980. ** Simmering Frenzy (morph): This morph now increases the Weapon and Spell Damage granted to a maximum of 40 per stack, rather than adding 66 Weapon and Spell Damage each second the ability is toggled on with no cap. ** Sated Frenzy (morph): This morph now also reduces the ramping cost of the ability to 200 per stack, down from 250. **Developer Comment: This ability and its morphs are currently enabling incredibly polarizing gameplay; it feeds into an intense risk/reward mechanic that can often be mitigated heavily by specialized classes and builds that stack life steal, paired with deep knowledge of content and combat interactions. In its current form, it feels too penalizing for the base Vampire experience to engage with in a satisfying way while also enabling an overwhelming amount of power for those who know how to use it properly. This iteration now significantly reduces both the penalty and the bonus of the effect to make it more accessible and balanced overall, helping it feel more like a Damage over Time alternative where an ability can be active for prolonged periods of time with slightly more risk/reward than usual.",Toggleable,,Increase Weapon Damage,"Allow your monstrous appetites to take hold, increasing your Weapon Damage and Spell Damage by 60 every 2 seconds, up to 5 times. While toggled on, the Health cost of this ability increases by 300 per stack and you cannot be healed by anyone but yourself, your pets, or your Companions. When toggled off, you heal for [30 / 31 / 32 / 33]% of the total Health cost you spent while active.",Increase Spell Damage,,2,700 Health / 1s,Self,Instant,Drawbacks,,ON-skill-Blood Frenzy.jpg,Blood Frenzy,,,"Allow your monstrous appetites to take hold, increasing your Weapon Damage and Spell Damage by [77 / 78 / 79 / 80] every 2 seconds, up to 5 times. While toggled on, the Health cost of this ability increases by 360 per stack and you cannot be healed by anyone but yourself, your pets, or your Companions.",Simmering Frenzy,40134160,Increases the Weapon Damage and Spell Damage granted per stack.,Sated Fury,40135841,Vampire-Sated Fury,"Reduces the ramping Health cost and when you toggle the ability off, you heal for a portion of the Health cost you spent.",Vampire-Simmering Frenzy,Heal Self,,,Health Cost,,,,,,,,,,,,,,
Online:Blood Magic,Dark Magic,"When you cast a Dark Magic ability with a cost, you heal for 800 Health if you are not at full Health. This portion of the ability scales off your Max Health. If your Health is full, the higher of your Max Magicka or Stamina is increased by 5% for 10 seconds.",Dark Magic-Blood Magic,45172,1.6.5,* Increased healing on both ranks of this passive to 4%/8% maximum health from 3%/5%.,Passive Effect,Passive,Heal Self,"When you cast a Dark Magic ability with a cost, you heal for 1600 Health if you are not at full Health. This portion of the ability scales off your Max Health. If your Health is full, the higher of your Max Magicka or Stamina is increased by 10% for 10 seconds.",,14,,,,,,27,,,31383,45172,,,,,,,,,,,,,,,,,,,,,,,,,,,
Online:Blood Rage,Werewolf,"WHILE YOU ARE IN WEREWOLF FORM Honor your pact and let loose your rage. Increases the amount of Fury you generate by 5. Fury is generated by using Werewolf abilities while in combat. Once you have 1000, you gain access to the Rampage Ultimate, which increases your damage done by 15%, Movement Speed by 20%, and removes the cost of all Werewolf abilities for 20 seconds.",Werewolf-Pursuit,46135,1.5.2,* This passive now restores 3/6 Ultimate instead of 2/5.,Passive Effect,Passive,,"WHILE YOU ARE IN WEREWOLF FORM Honor your pact and let loose your rage. Increases the amount of Fury you generate by 10. Fury is generated by using Werewolf abilities while in combat. Once you have 1000, you gain access to the Rampage Ultimate, which increases your damage done by 15%, Movement Speed by 20%, and removes the cost of all Werewolf abilities for 20 seconds.",,4,,,,,,8,,,32637,46135,,,,,,,,,,,,,,,,,,,,,,,,,,,
Online:Blood Ritual,Vampire,Allows you to infect another player with Noxiphilic Sanguivoria once every week by returning to the Vampire ritual site. Players already infected with Lycanthropy cannot be infected with Noxiphilic Sanguivoria.,Vampire-Blood Ritual,33091,1.6.5,* Updated this passive ability's tooltip to include the correct name of effect that allows you to infect other players with Vampirism (Noxiphilic Sanguivoria).,Passive Effect,Passive,Quest Options,,,6,,,,,,,ON-skill-Blood Ritual.jpg,The Blood Ritual being performed,,,,,,,,,,,,,,,,,,,,,,,,,,,,,
Online:Blood Scion,Vampire,"Cost: [350 / 345 / 340 / 335] Ultimate. Transform into a monstrous creature of the night, instantly healing to full Health. While transformed, your Max Health, Magicka, and Stamina are increased by 10000, you heal for 15% of all damage you deal, and you can see enemies through walls.",Vampire-Blood Scion,41920,6.1.5,* Swarming Scion (morph): ** Fixed an issue where this ability did not display a hostile telegraph. ** Fixed an issue where the damage from the bat swarm could fail to break the caster's Stealth or Invisibility.,Transformation,Ultimate,Heal Self,"Cost: [335 / 330 / 325 / 320] Ultimate. Transform into a monstrous creature of the night, instantly healing to full Health. While transformed, your Max Health, Magicka, and Stamina are increased by 10000, you heal for 15% of all damage you deal, and you can see enemies through walls. You also ascend to Vampire Stage 5, which grants all the benefits of Vampire Stage 4 with none of the drawbacks.",Increase Max Health,,5,335 Ultimate,Self,Instant,Increase Max Stamina,,ON-skill-Blood Scion (male).jpg,Male form,,,"Transform into a monstrous creature of the night, instantly healing to full Health. While transformed, your Max Health, Magicka, and Stamina are increased by 10000, you heal for 15% of all damage you deal, and you can see enemies through walls. Bats also swarm around you and shred enemies that come close, dealing [2306 / 2331 / 2356 / 2382] Magic Damage every 1 second.",Swarming Scion,41926,Bats swarm around you and deal damage to enemies that come close.,Perfect Scion,41937,Vampire-Perfect Scion,You ascend to Vampire Stage 5.,Vampire-Swarming Scion,Increase Max Magicka,,20 seconds,Leech Health,,,Detection,,,,Magic Damage,,,,Damage Over Time,,,
Online:Blood Transfusion,Soul Thief,"Mirri Elendis infuses an ally with blood, healing them for 4860/9265 Health over 8 seconds.",Companion-Blood Transfusion,157287,3.0.5,"* Fixed an issue where ranking up a summon ability (Unstable Familiar, Summon Winged Twilight, Feral Guardian, etc.) would unsummon your pet.",,Companion,,,,,8,8 seconds,Area,0.4 seconds,,,,,,,,,,,,,,,,,Blackwood,8 seconds,,,28 meters,,,Heal Others,,,,,,,,,
Online:Bloodmoon,Werewolf,Allows you to infect another player with Lycanthropy once every week by returning to the Werewolf ritual site. Players already infected with Noxiphilic Sanguivoria cannot be infected with Lycanthropy.,Werewolf-Bloodmoon,32639,12.0.5,*Bloodmoon -> Shadow of the Bloodmoon: Just a simple name change that updates the name away from implying the actual Bloodmoon is happening every week.,Passive Effect,Passive,Quest Options,,,6,,,,,,,ON-skill-Bloodmoon.jpg,Player volunteering to be bitten at the Werewolf Shrine,,,,,,,,,,,,,,,,,,,,,,,,,,,,,
Online:Blur,Shadow,"Duration: [17 / 18 / 19 / 20] seconds. Surround yourself in a phantasmic aura to gain Major Evasion, reducing damage from area attacks by 20% for [17 / 18 / 19 / 20] seconds. While active, taking direct damage reduces the cost of your next Roll Dodge by 10%, up to a maximum of 100%. This effect can stack up to once every half second.",Shadow-Blur,35909,1.5.2,* Double Take: This ability now displays its graphical effect at the correct time.,Evasion,,Counter Attack,"Surround yourself in a phantasmic aura to gain Major Evasion, reducing damage from area attacks by 20% for 20 seconds. Activating this ability removes all snares and immobilizations from you and grants immunity to them for [2.5 / 3 / 3.5 / 4] seconds. While active, taking direct damage reduces the cost of your next Roll Dodge by 10%, up to a maximum of 100%. This effect can stack up to once every half second.",Reduce Activity Cost,,1,3780 Magicka,Self,Instant,Increase Armor,,ON-skill-Blur.jpg,Blur,,,"Cost: [3780 / 3690 / 3600 / 3510] Magicka. Surround yourself in a phantasmic aura to gain Major Evasion and Minor Resolve, reducing damage from area attacks by 20% and increasing your Physical Resistance and Spell Resistance by 2974 for 20 seconds. While active, taking direct damage reduces the cost of your next Roll Dodge by 10%, up to a maximum of 100%. This effect can stack up to once every half second.",Mirage,35916,"Grants Minor Resolve, increasing your Physical Resistance and Spell Resistance. Reduces the cost as the ability ranks up.",Phantasmal Escape,35924,Shadow-Phantasmal Escape,Grants snare and immobilization immunity for a short duration.,Shadow-Mirage,Remove Snares,,20 seconds,Immunity,Magicka,,Magicka Cost,,,,,,,,,,,
Online:Bolt Escape,Storm Calling,"Transform yourself into pure energy and flash forward, stunning enemies near your final location for [1 / 1.7 / 2.3 / 3] seconds. This effect cannot be blocked. Casting again within 4 seconds costs 33% more Magicka.",Storm Calling-Bolt Escape,30205,1.0.7,* You can no longer use the ability Bolt Escape while carrying an Elder Scroll.,Teleport,,Area of Effect,"Transform yourself into pure energy and flash forward. After reaching your location, you become immune to snare and immobilize effects for 2 seconds. A ball of lightning is summoned at your end point, which intercepts up to 1 projectile attack made against you every 1 second for [2 / 2.3 / 2.7 / 3] seconds. Casting again within 4 seconds costs 33% more Magicka.",Stun,,42,3780 Magicka,Area,Instant,Shock Damage,,ON-skill-Bolt Escape.jpg,Bolt Escape and its morphs' visual,,,"Target: Self. Transform yourself into pure energy and flash forward, dealing [3811 / 3852 / 3894 / 3936] Shock Damage to enemies in your wake and stunning them for 3 seconds. This effect cannot be blocked. Casting again within 4 seconds costs 33% more Magicka.",Streak,30215,Now deals damage and stuns enemies between your beginning and final location.,Ball of Lightning,30224,Storm Calling-Ball of Lightning,"Summons a ball of lightning that protects you from projectiles, but no longer stuns enemies. Grants brief snare and immobilization immunity after casting.",Storm Calling-Streak,Immunity,,,Projectile Defense,Magicka,15 meters,Magicka Cost,6 meters,,,Unavoidable,,,,,,,
Online:Bond with Nature,Animal Companions,"Anytime one of your Animal Companion skills end, you are healed for 765 Health.",Animal Companions-Bond with Nature,86065,11.0.5,"* Increased the healing from this passive to 765/1530, up from 630/1260.",Passive Effect,Passive,Heal Self,"Anytime one of your Animal Companion skills end, you are healed for 1530 Health.",,8,,,,,,18,,,86064,86065,,,,,,,,,,,Crown Store,,,,,,,,,,,,,,,,
Online:Bone Armor,Bone Tyrant,"Duration: [17 / 18 / 19 / 20] seconds. Wrap yourself in hardened bone, granting you Major and Minor Resolve, increasing your Physical Resistance and Spell Resistance by 5948 and 2974 for [17 / 18 / 19 / 20] seconds. If cast during combat, you can cast a corpse consuming ability on yourself. This effect can occur once every 10 seconds.",Bone Tyrant-Bone Armor,40115206,8.0.5,"* Beckoning Armor (morph): This morph now attempts to pull valid targets once every 2 seconds, up from once every 3.",Increase Armor,,Free Corpse,"Duration: 30 seconds. Wrap yourself in hardened bone, granting you Major Resolve and Minor Resolve for 30 seconds, increasing your Physical Resistance and Spell Resistance by 5948 and 2974. While active, reduce the cost of Blastbones, Skeletal Mage, and Spirit Mender by [12 / 13 / 14 / 15]%. If cast during combat, you can cast a corpse consuming ability on yourself. This effect can occur once every 10 seconds.",Pull,,4,2700 Magicka,Self,Instant,Taunt,,ON-skill-Bone Armor.jpg,Bone Armor and its morphs' visual,,,"Cost: [2700 / 2610 / 2520 / 2430] Magicka. Wrap yourself in hardened bone, granting you Major Resolve and Minor Resolve for 20 seconds, increasing your Physical Resistance and Spell Resistance by 5948 and 2974. While active, ranged attackers will be pulled to you once every 2 seconds and become taunted for 15 seconds if they are not already taunted. If cast during combat, you can cast a corpse consuming ability on yourself. This effect can occur once every 10 seconds.",Beckoning Armor,40118237,Pulls in ranged enemies and attempts to taunt them. Reduces the cost as the ability ranks up.,Summoner's Armor,40118244,Bone Tyrant-Summoner's Armor,"Increases the duration. While active, reduces the cost of your Necromancer summon abilities.",Bone Tyrant-Beckoning Armor,Reduce Skill Cost,Elsweyr,20 seconds,Magicka Cost,Magicka,,,,,,,,,,,,,
Online:Bone Goliath Transformation,Bone Tyrant,"Duration: [17 / 18 / 19 / 20] seconds. Become a horrific Bone Goliath, increasing your Max Health by 30000 for [17 / 18 / 19 / 20] seconds and immediately restoring 30000 Health. While transformed, your damaging Light Attacks restore 320 Health and your fully-charged Heavy Attacks restore 800 Health. This ability scales off your Max Health.",Bone Tyrant-Bone Goliath Transformation,40115001,5.0.10,"* Pummeling Goliath: ** The bash attack from this ability will no longer target bridges or targets behind you in some circumstances. ** The bash attack will now always cost resources, instead of only costing resources if you hit a target. ** Increased the arc from this attack to better match the visual effects. ** The special Bash augment will now use both your Weapon Damage and Stamina, rather than just Weapon Damage. This Ultimate will now also scale dynamically and use your Spell Damage and Max Magicka if they are higher, which is a standard for our Ultimates that scale off your offensive stats.",Transformation,Ultimate,Heal Self,"Become a horrific Ravenous Goliath, increasing your Max Health by 30000 for 20 seconds and immediately restoring 30000 Health. While transformed, your damaging Light Attacks restore 320 Health and your fully-charged Heavy Attacks restore 800 Health. You deal [800 / 808 / 817 / 826] Magic Damage to nearby enemies every second and heal for that amount. These abilities scale off your Max Health.",Increase Max Health,,12,250 Ultimate,Self,Instant,Light Attack Bonus,,ON-skill-Bone Goliath Transformation.jpg,A Bone Goliath with Ravenous Goliath morph AOE,,,"Become a destructive Pummeling Goliath, increasing your Max Health by 30000 for 20 seconds and immediately restoring 30000 Health. While transformed, your damaging Light Attacks restore 320 Health and your fully-charged Heavy Attacks restore 800 Health. This ability scales off your Max Health. Your Bash attacks can hit multiple targets in front of you and deal [4764 / 4816 / 4868 / 4921] Physical Damage.",Pummeling Goliath,40118664,While transformed your Bash attack now scales off your offensive stats and deals damage in a cone in front of you.,Ravenous Goliath,40118279,Bone Tyrant-Ravenous Goliath,Adds damage in an area around you that damages enemies and heals you while transformed.,Bone Tyrant-Pummeling Goliath,Heavy Attack Bonus,Elsweyr,20 seconds,Increase Damage Dealt,,,Physical Damage,,,,Magic Damage,,,,Area of Effect,,Max,
Online:Bone Shield,Undaunted,"Surround yourself with a whirlwind of bones, gaining a damage shield that absorbs up to [4800 / 4852 / 4905 / 4958] damage for 6 seconds. This ability scales off your Max Health. An ally near you can activate the Bone Wall Synergy synergy, granting the ally and up to 5 other allies a damage shield equal to 30% of their Max Health for 6 seconds.",Undaunted-Bone Shield,43310,1.1.2,* Spiked Bone Shield: This ability's damage return has been slightly increased.,Damage Shield,,Synergy,"Surround yourself with a whirlwind of bones, gaining a damage shield that absorbs up to [4958 / 5012 / 5067 / 5121] damage for 6 seconds. This ability scales off your Max Health. An ally near you can activate the Spinal Surge Synergy synergy, granting up to 6 allies a damage shield that absorbs up to 30% of their Max Health for 6 seconds and Major Vitality, increasing their healing received and damage shield strength by 12%.",Counter Attack,,4,3672 Stamina,Self,Instant,Increase Healing Received,,ON-skill-Bone_Shield.jpg,Bone Shield,,,"Surround yourself with a whirlwind of bones, gaining a damage shield that absorbs up to 4958 damage for 6 seconds and returns [85 / 90 / 95 / 100]% of direct damage absorbed back to the enemy. This ability scales off your Max Health. An ally near you can activate the Bone Wall Synergy synergy, granting the ally and up to 5 other allies a damage shield equal to 30% of their Max Health for 6 seconds.",Spiked Bone Shield,43323,Absorbing direct damage causes you to deal a portion of the damage back to enemies if they are in melee range.,Bone Surge,43334,Undaunted-Bone Surge,Upgrades the synergy to grant Major Vitality.,Undaunted-Spiked Bone Shield,Stamina Cost,,6 seconds,,Stamina,,,,,,,,,,,,Maximum,
Online:Bone Totem,Bone Tyrant,"Cost: [4320 / 4230 / 4140 / 4050] Magicka. Summon an effigy of bone at your feet for 11 seconds that grants Minor Protection to you and your allies, reducing damage taken by 5%. Enemies in the area are afflicted with Major Cowardice, reducing their Weapon Damage and Spell Damage by 430. After 2 seconds, the totem begins fearing nearby enemies every 2 seconds, causing them to cower in place for 4 seconds.",Bone Tyrant-Bone Totem,40115093,5.1.5,"* Increased the duration of this ability and its morphs by 1 second to help improve its animation of the totem crumbling, along with adding a new function. These abilities will now pulse a fear once every 2 seconds after the initial 2 second delay, rather than only once.",Area of Effect,,Reduce Damage Taken,"Duration: [11 / 11.7 / 12.3 / 13] seconds. Summon an effigy of bone at your feet for [11 / 11.7 / 12.3 / 13] seconds that grants Minor Protection to you and your allies, reducing damage taken by 5%. Enemies in the area are afflicted with Major Cowardice. After 2 seconds, the totem begins fearing nearby enemies every 2 seconds, causing them to cower in place for 4 seconds. Allies can activate the Pure Agony synergy, dealing 6186 Magic Damage over 5 seconds to enemies.",Reduce Weapon/Spell Damage,,30,4050 Magicka,Area,Instant,Fear,,ON-skill-Bone Totem.jpg,Bone Totem and its morphs,,,"Cost: [3510 / 3420 / 3330 / 3240] Magicka, Range: 28 meters, Target: Ground. Summon an effigy of bone for 11 seconds that grants Minor Protection to you and your allies, reducing damage taken by 5%. Enemies in the area are afflicted with Major Cowardice, reducing their Weapon Damage and Spell Damage by 430. After 2 seconds, the totem begins fearing nearby enemies every 2 seconds, causing them to cower in place for 4 seconds.",Remote Totem,40118380,"The totem can be summoned up to 28 meters away, and costs less.",Agony Totem,40118404,Bone Tyrant-Agony Totem,Allies can activate a synergy to damage to enemies. Increases the duration of the totem as the ability ranks up.,Bone Tyrant-Remote Totem,Synergy,Elsweyr,11 seconds,Magic Damage,Magicka,,Damage Over Time,6 meters,,,Increase Damage Taken,,,,Magicka Cost,,,
Online:Boneyard,Grave Lord,"Desecrate the ground at the target location, dealing [8184 / 8272 / 8360 / 8448] Frost Damage over 10 seconds to enemies inside and applying Minor Vulnerability, increasing their damage taken by 5%. Consumes a corpse on cast to deal 30% more damage. An ally in the area can activate the Grave Robber synergy, dealing 6149 Frost Damage to nearby enemies and healing for the damage done.",Grave Lord-Boneyard,40115252,5.1.5,* Increased the cost of this ability and its morphs to 3780 from 3510. * Decreased the damage by approximately 32% per tick. * Increased the bonus damage modifier for consuming a corpse to 50% from 20%.,Frost Damage,,Damage Over Time,"Desecrate the ground at the target location, dealing [8459 / 8547 / 8635 / 8734] Frost Damage over 10 seconds to enemies inside and applying Minor Vulnerability, increasing their damage taken by 5%. Consumes a corpse on cast to deal 30% more damage. You or an ally in the area can activate the Grave Robber synergy, dealing 6149 Frost Damage to enemies and healing for the damage done.",Area of Effect,,20,2970 Magicka,Ground,Instant,Consume Corpse,,ON-skill-Boneyard.jpg,Boneyard and its morphs' visual,,,"Desecrate the ground at the target location, dealing [8459 / 8547 / 8635 / 8734] Frost Damage over 10 seconds to enemies inside and applying Major Breach and Minor Vulnerability, reducing Physical Resistance and Spell Resistance by 5948 and increasing damage taken by 5% for 4.1 seconds each tick. Consumes a corpse on cast to deal 30% more damage. An ally in the area can activate the Grave Robber synergy, dealing 6149 Frost Damage to nearby enemies and healing for the damage done.",Unnerving Boneyard,40117805,"Applies Major Breach and Minor Vulnerability each tick, persisting for a duration when enemies leave the area.",Avid Boneyard,40117850,Grave Lord-Avid Boneyard,You can use your own synergy.,Grave Lord-Unnerving Boneyard,Increase Damage Dealt,Elsweyr,10 seconds,Synergy,Magicka,28 meters,Heal Others,6 meters,,,Leech Health,,,,Reduce Armor,,,
Online:Booming Voice,Class Mastery,"Let your voice echo across the peaks. Activating rank 2 of The Storm Voice now also grants 5 Health, Magicka, and Stamina Recovery for every Ultimate spent for 10 seconds after a delay of 15 seconds.",Draconic Power-The Storm Voice,240268,12.0.0,"*This passive upgrades rank 2 of The Storm Voice to also grant 1 Health, Magicka, and Stamina per ultimate spent for 10 seconds.",,Passive,,,,1,,,,,,,,,,,,,,,,,,,,,,,,,,,,,,,,,,,,,
Online:Bound Armor,Daedric Summoning,"Protect yourself with the power of Oblivion, creating a suit of Daedric mail that increases your block mitigation by [33 / 34 / 35 / 36]% for 2 seconds. The duration is based on your combined Physical Resistance and Spell Resistance. While slotted on either ability bar, you gain Minor Protection, reducing your damage taken by 5%.",Daedric Summoning-Bound Armor,30418,1.6.5,"* This ability now grants you the buff Minor Resolve, and increases your maximum magicka by 5%. This bonus magicka does affect your ability damage. * The cost of the ability decreases with each rank of Bound Armor. * Bound Armaments: This ability now costs Stamina instead of Magicka, gives you a bonus to stamina instead of magicka, and increases the damage done by heavy attacks. * Bound Aegis: This ability now grants the Minor Warding and Minor Resolve buffs instead of additional armor.",Increase Block,,Slotted Effect,"Protect yourself with the power of Oblivion, creating a suit of Daedric mail that increases your block mitigation by [47 / 48 / 49 / 50]% for 2 seconds. The duration is based on your combined Physical Resistance and Spell Resistance. When slotted on either bar, you gain Minor Protection and Minor Resolve, reducing your damage taken by 5% and increasing your Armor by 2974.",Spell Critical,,42,4050 Magicka,Self,Instant,Weapon Critical,,ON-skill-Bound Armor.jpg,Bound Armor,,,"Cost: 1377 Stamina, Range: 28 meters, Target: Enemy. When slotted on either bar, you gain Major Prophecy and Major Savagery, increasing your Critical Rating by 2629. Your Light and Heavy Attacks now generate a stack of Bound Armaments for 10 seconds, up to 8 times. Fully-charged Heavy Attacks grant two stacks. When at one or more stacks, you can arm up to 4 of them to strike your target for [2285 / 2311 / 2334 / 2360] Physical Damage every 0.3 seconds for each stack of Bound Armaments consumed.",Bound Armaments,30432,Converts into a Stamina ability that grants Major Prophecy and Savagery. Light and Heavy attacks create Bound weapons that can be used to attack your current target. No longer grants block mitigation or Minor Protection.,Bound Aegis,30445,Daedric Summoning-Bound Aegis,Passively grants Minor Resolve while slotted. Increases the potency of the block mitigation.,Daedric Summoning-Bound Armaments,Reduce Damage Taken,,3 seconds,Light Attack Bonus,Magicka,,Heavy Attack Bonus,,,,Physical Damage,,,,Multiple Strikes,,,
Online:Bountiful Harvest,Class Mastery,"Share in the spoils of nature's abundance. Upgrades rank 2 of Nature's Gift to grant you and your group members Major Heroism for 3 seconds and an additional 125 Magicka and Stamina, up to once ever 2 seconds.",Green Balance-Nature's Gift,263523,12.0.0,*Nature's Bounty: This passive upgrades rank 2 of Nature's Gift to grant the healed target Major Heroism for 4.5 seconds and an additional 250 Magicka and Stamina.,,Passive,,,,1,,,,,,,,,,,,,,,,,,,,,,,,,,,,,,,,,,,,,
Online:Bounty Hunter,Fighters Guild,Allows you to accept bounty quests from the Fighters Guild in Cyrodiil.,Fighters Guild-Bounty Hunter,35804,,,Passive Effect,Passive,Quest Options,,,9,,,,,,,,,,,,,,,,,,,,,,,,,,,,,,,,,,,,,
Online:Brawny,Orc,Increases your Max Stamina by 333.,Orc-Brawny,45309,4.3.5,* Gain 6% Max Health and Stamina → Increases your Max Stamina by 2000.,Passive Effect,Passive,Increase Max Stamina,Increases your Max Stamina by 666.,,5,,,,,,15,,,33301,45307,,,,,,,,,,,,,,,,,,,,,Increases your Max Stamina by 1000.,30,45309,,,Max,
Online:Brewer,Provisioning,Creates 1 extra serving for each drink recipe made.,Provisioning-Brewer,44624,,,Crafting Effect,Passive,Crafting Quantity,Creates 2 extra servings for each drink recipe made.,,9,,,,,,25,,,44620,44621,,,,,,,,,,,,,,,,,,,,,Creates 3 extra servings for each drink recipe made.,36,44624,,,,
Online:Bright Harbinger,Class Mastery,"Light's banner instills hope. You are its bearer. Upgrades rank 2 of Illuminate to also grant Bright Harbinger for the duration, which grants 300 Weapon Damage and Spell Damage to allies and doubles for you.",Class Mastery-Bright Harbinger,263587,12.0.0,"*This passive upgrades rank 2 of Illuminate to grant the affected group members 300 Weapon and Spell Damage, increasing to 600 for you.",,Passive,,,,1,,,,,,,,,,,,,,,,,,,,,,,,,,,,,,,,,,,,,
Online:Bulwark (Companion),Heavy Armor (Companion),"Your Companion becomes an unstoppable defender, blocking and reflecting all attacks for 5 seconds. Used when Your Companion is below 75% Health and is fighting a difficult monster.",Companion-Bulwark,156596,3.0.5,"* Fixed an issue where ranking up a summon ability (Unstable Familiar, Summon Winged Twilight, Feral Guardian, etc.) would unsummon your pet.",,Companion,,,,,20,36 seconds,Enemy,0.6 seconds,,,,,,,,,,,,,,,,,Blackwood,5 seconds,,,5 meters,,,Evasion,,,,,,,,,
Online:Burning Heart,Draconic Power,Dragons leave naught but ash and ruin in their wake. Increases your damage done with area and damage over time effects by 3%.,Ardent Flame-Warmth,44933,11.0.5,"* This passive now increases your healing received while a Draconic Power ability is active by 4/9%, down from 6/12%.",Passive Effect,Passive,Increase Healing Received,Dragons leave naught but ash and ruin in their wake. Increases your damage done with area and damage over time effects by 7%.,,14,,,,,,27,,,29457,44933,,,,,,,,,,,,,,,,,,,,,,,,,,,
Online:Burning Light,Aedric Spear,"When you deal damage you generate a stack of Burning Light for 3 seconds. After reaching 4 stacks, you deal 749 Magic Damage to your target. This effect can stack once every half second and scales off the higher of your Weapon Damage and Spell Damage.",Aedric Spear-Burning Light,44730,1.6.5,* The damage from this passive is now derived from your highest stats (stamina or magicka based).,Passive Effect,Passive,Magic Damage,"When you deal damage you generate a stack of Burning Light for 3 seconds. After reaching 4 stacks, you deal 1498 Magic Damage to your target. This effect can stack once every half second and scales off the higher of your Weapon Damage and Spell Damage.",,22,,,,,,36,,,31718,44730,,,,,,,,,,,,,,,,,,,,,,,,,,,
Online:Burnished Scales,Draconic Power,"A Dragon's scales will turn aside arrow, fire, and blade. Increases the amount of damage you block by 4%.",Draconic Power-Burnished Scales,44922,,,,Passive,,"A Dragon's scales will turn aside arrow, fire, and blade. Increases the amount of damage you block by 10%.",,8,,,,,,18,,,,,,,,,,,,,,,,,,,,,,,,,,,,,,,
Online:Calculated Defense,Class Mastery,"Success is a certainty when nothing is left to chance. While beginning to use a Sorcerer ability or an ability with a cast time, you gain a damage shield for 0.5 seconds that can absorb 5280 damage. This effect is based off your Max Health. If the shield does not break, you and nearby group members gain 6% Weapon Damage and Spell Damage for 20 seconds.",Class Mastery-Calculated Defense,263873,12.0.0,"*This passive causes you to gain a damage shield that absorbs 30% of your Max Health for.5 seconds anytime you begin to activate a Sorcerer ability or an ability with a cast time. If the shield fails to break, you grant you and your group members 3% Weapon and Spell Damage for 20 seconds.",,Passive,,,,1,,,,,,,,,,,,,,,,,,,,,,,,,,,,,,,,,,,,Max,
Online:Call of the Hunt,Werewolf,"WHILE YOU ARE IN WEREWOLF FORM No beast can resist their master's call. Hunt as one and none shall escape. Reduces the cost of remaining in your Werewolf Transformation by 8%, plus 8% for each transformed werewolf or direwolf in your group, including yourself, up to a maximum of 40%.",Werewolf-Blood Rage,46137,12.0.5,"*Call of the Pack -> Call of the Hunt: This passive now works by reducing the Ultimate cost of maintaining Werewolf form, rather than reducing the timer drained every second. It reduces the cost by 8/16% plus 8/16% per transformed group member or direwolf, including yourself, up to 40/80%.",Passive Effect,Passive,Reduce Skill Cost,"WHILE YOU ARE IN WEREWOLF FORM No beast can resist their master's call. Hunt as one and none shall escape. Reduces the cost of remaining in your Werewolf Transformation by 16%, plus 16% for each transformed werewolf or direwolf in your group, including yourself, up to a maximum of 80%.",Group Bonus,7,,,,,,10,,,,,,,,,,,,,,,,,,,,,,,,,,,,,,,
Online:Call of the Pack,Werewolf,"WHILE YOU ARE IN WEREWOLF FORM Reduces the cost of remaining in your Werewolf Transformation by 10% for each transformed werewolf or direwolf in your group, including yourself, up to a maximum of 40%.",Werewolf-Call of the Pack,46137,2.0.1,* Fixed an issue with this passive not correctly giving additional transformation time to nearby Werewolf allies. Call of the Pack now increases the duration of nearby allies' Werewolf.,Passive Effect,Passive,Increase Effect Duration,"WHILE YOU ARE IN WEREWOLF FORM Reduces the cost of remaining in your Werewolf Transformation by 20% for each transformed werewolf or direwolf in your group, including yourself, up to a maximum of 80%.",,7,,,,,,10,,,32641,46137,,,,,,,,,,,,,,,,,,,,,,,,,,,
Online:Caltrops,Assault,"Hurl a ball of caltrops that scatter over the target area, dealing [742 / 750 / 758 / 766] Physical Damage every 1 second to enemies inside, and reducing their Movement Speed by 50%.",Assault-Caltrops,46385,1.2.6,* Fixed multiple issues where using this ability would reduce your game's performance.,Physical Damage,,Area of Effect,"Hurl a ball of caltrops that scatter over the target area, dealing 767 Physical Damage every 1 second to enemies inside, and reducing their Movement Speed by 50%. Enemies who take damage from the caltrops have Major Breach applied to them, reducing their Physical Resistance and Spell Resistance by 5948 for [1.1 / 2.1 / 3.1 / 4.1] seconds.",Damage Over Time,,6,2295 Stamina,Ground,Instant,Reduce Movement Speed,,ON-skill-Caltrops.jpg,Caltrops,,,"Duration: [12 / 13 / 14 / 15] seconds. Hurl a ball of caltrops that scatter over the target area, dealing 767 Physical Damage every 1 second to enemies inside, and reducing their Movement Speed by 50%. The caltrops also drain the Mount Stamina of any enemy in the area.",Anti-Cavalry Caltrops,46420,Increases the duration and drains the Mount Stamina of any enemy in the area.,Razor Caltrops,46466,Assault-Razor Caltrops,"Applies Major Breach to damaged enemies, reducing their Resistances.",Assault-Anti-Cavalry Caltrops,Drain Mount Stamina,,10 seconds,Reduce Armor,Stamina,28 meters,Stamina Cost,8 meters,,,,,,,,,,
Online:Capacitor,Storm Calling,"Increases your Health, Magicka, and Stamina Recovery by 70.",Storm Calling-Capacitor,45188,11.0.5,"* This passive now increases your Health, Magicka, and Stamina Recovery by 70/141, instead of by 5/10%.",Passive Effect,Passive,Magicka Recovery,"Increases your Health, Magicka, and Stamina Recovery by 141.",,8,,,,,,18,,,31419,45188,,,,,,,,,,,,,,,,,,,,,,,,,,,
Online:Carpentry,Woodworking,Reduces research times by 5% and allows the research of two items at once.,Woodworking-Carpentry,58783,,,Crafting Effect,Passive,Reduce Research Time,Reduces research times by 10% and allows the research of two items at once.,,8,,,,,,18,,,48181,48182,,,,,,,,,,,,,,,,,,,,,Reduces research times by 20% and allows the research of three items at once.,28,48183,,,,
Online:Catalyst,Siphoning,After drinking a potion you gain 11 Ultimate.,Siphoning-Catalyst,45135,1.1.2,* Fixed an issue with the Catalyst passive ability. It will now properly increase the effect of speed potions.,Passive Effect,Passive,Consumable Bonus,After drinking a potion you gain 22 Ultimate.,Ultimate Gain,8,,,,,,18,,,36560,45135,,,,,,,,,,,,,,,,,,,,,,,,,,,
Online:Chains of Flame,Draconic Power,"Lash out with a flaming chain, pulling an enemy to you. The searing metal deals [3690 / 3730 / 3771 / 3811] Flame Damage, applies the Burning status effect, and taunts them for 15 seconds if they are not already taunted. This attack cannot be dodged or reflected. Also inflicts Major Cowardice on the enemy, reducing Weapon Damage and Spell Damage by 430 for 10 seconds.",Draconic Power-Chains of Flame,23744,,,,,,"Lash out with a chain bound in Draconic runes, pulling an enemy to you. The enchanted metal deals 3811 Flame Damage, applies the Burning status effect, and taunts them for 15 seconds if they are not already taunted. If the target cannot be pulled, you restore the ability's Magicka cost. This attack cannot be dodged or reflected. Also inflicts Major Cowardice on the enemy, reducing Weapon Damage and Spell Damage by 430 for [12 / 13 / 14 / 15] seconds.",,,42,3780 Magicka,Enemy,Instant,,,,,,,"Lash out with a chain bound in jagged links, pulling yourself to an enemy. The searing metal deals [3811 / 3852 / 3894 / 3936] Flame Damage and applies the Burning status effect. This attack cannot be dodged or reflected. Hitting the target grants you Major Berserk for 6 seconds and Major Evasion for 10 seconds, increasing damage done by 10% reducing damage taken from area attacks by 20%.",Chains of Devastation,32229,Converts the enemy pull into a self pull that no longer taunts or debuffs. Grants Major Berserk and Major Evasion.,Chains of Dominance,23778,Draconic Power-Chains of Dominance,"If the target cannot be pulled, you are refunded the Magicka cost. Extends the duration of the Major Cowardice.",Draconic Power-Chains of Devastation,,,,,,22 meters,,,,,,,,,,,,
Online:Chakram Shields,Curative Runeforms,"Cost determined by highest max resource Carve the runes of the Blind Man to call forth spinning mystical discs. Discs surround you or up to 4 allies in front of you, granting a shield that absorbs [7422 / 7504 / 7584 / 7666] damage for 6 seconds. Discs prefer your reticle target, or low-Health targets without shields.",Curative Runeforms-Chakram Shields,40183447,9.0.6,* Fixed an issue where some of the visuals from this ability and its morphs could get stuck floating in midair.,Magicka Cost,,Stamina Cost,"Cost determined by highest max resource Carve the Baron of Breakers' runes to create spinning discs. Discs surround you or up to 4 allies in front of you, granting a shield that absorbs [7667 / 7752 / 7836 / 7920] damage for 6 seconds. Consume Crux to cause the shields to heal for 33% of the shield's remaining strength every 1 second per Crux spent. Discs prefer your reticle target, or low-Health targets without shields.",Damage Shield,,20,4590 Magicka,Cone,Instant,Near Death Effect,,ON-skill-Chakram Shields.jpg,Chakram Shields and its morphs' shield visual,,,"Cost: [4590 / 4500 / 4410 / 4320] Magicka. Cost determined by highest max resource Carve the Fate Crone's runes to create spinning mystical discs and generate Crux. Discs surround you or up to 4 allies in front of you, granting a shield that absorbs 7667 damage for 6 seconds. Recasting on a target already shielded grants a new shield that is 30% stronger. Discs prefer your reticle target, or low-Health targets without shields.",Chakram of Destiny,40186207,Creates a Crux. Recasting the shield on a target increases the maximum strength of the shield.,Tidal Chakram,40186209,Curative Runeforms-Tidal Chakram,Consumes Crux to heal based on the shield's strength every second it persists.,Curative Runeforms-Chakram of Destiny,Heal Self,,6 seconds,Heal Others,Magicka,,,,,,,,,,,,,28 meters
Online:Char,Beasts of the Hunt,"Sharp-as-Night unearths a group of fiery shalk that attack dealing 1575 Magic Damage to enemies in front of them. After the shalk complete their attack, they burrow underground for 3 seconds and resurface again, dealing 1575 Magic Damage to enemies in front of them.",Companion-Char,186486,3.0.5,"* Fixed an issue where ranking up a summon ability (Unstable Familiar, Summon Winged Twilight, Feral Guardian, etc.) would unsummon your pet.",,Companion,,,,,2,16 seconds,Self,0.5 seconds,,,,,,,,,,,,,,,,,Necrom,0.2 seconds,,,,,,Magic Damage,Multiple Strikes,,,,,,,,
Online:Chef,Provisioning,Creates 1 extra serving for each food recipe made.,Provisioning-Chef,44619,,,Crafting Effect,Passive,Crafting Quantity,Creates 2 extra servings for each food recipe made.,,7,,,,,,23,,,44616,44617,,,,,,,,,,,,,,,,,,,,,Creates 3 extra servings for each food recipe made.,33,44619,,,,
Online:Chemistry,Alchemy,Produces 1 extra potion or 4 extra poisons per crafting attempt.,Alchemy-Chemistry,45579,,,Crafting Effect,Passive,Crafting Quantity,Produces 2 extra potions or 8 extra poisons per crafting attempt.,,12,,,,,,25,,,45577,45578,,,,,,,,,,,,,,,,,,,,,Produces 3 extra potions or 12 extra poisons per crafting attempt.,47,45579,,,,
Online:Circle of Protection,Fighters Guild,"Duration: [17 / 18 / 19 / 20] seconds. Brand the earth at your location with a rune of protection for [17 / 18 / 19 / 20] seconds. You and your allies in the area gain Minor Protection and Minor Endurance, reducing your damage taken by 5% and increasing your Stamina Recovery by 15%.",Fighters Guild-Circle of Protection,42509,1.5.2,* Fixed an issue where this ability wasn't giving bonus armor and spell resistance against undead and Daedra.,Area of Effect,,Reduce Damage Taken,"Duration: 10 seconds. Brand the earth at your location with a rune of protection for 10 seconds. You and your allies in the area gain Minor Protection and Minor Endurance, reducing damage taken by 5% and increasing Stamina Recovery by 15%, and are healed for [1151 / 1163 / 1176 / 1190] Health every 1 second.",Stamina Recovery,,4,3780 Stamina,Area,Instant,Fear,,ON-skill-Circle of Protection.jpg,A Circle of Protection,,,"Brand the earth at your location with a rune of protection for 20 seconds. You and your allies in the area gain Minor Protection and Minor Endurance, reducing your damage taken by 5% and increasing your Stamina Recovery by 15%. Upon activation, enemies in the area are feared for [2 / 2.7 / 3.3 / 4] seconds.",Turn Evil,42529,Enemies in the initial area upon activation are feared.,Ring of Preservation,42548,Fighters Guild-Ring of Preservation,"The rune now heals allies inside for the duration, but the rune lasts half as long.",Fighters Guild-Turn Evil,Heal Self,,20 seconds,Heal Others,Stamina,,Stamina Cost,5 meters,,,,,,,,,,
Online:Circumvented Fate,Soldier of Apocrypha,"Casting an Arcanist ability warps the weave of fate around you, granting you and your group members Minor Evasion for 10 seconds and reducing damage from area attacks by 10%. This effect can occur once every 5 seconds.",Soldier of Apocrypha-Circumvented Fate,184932,,,Evasion,Passive,,"Casting an Arcanist ability warps the weave of fate around you, granting you and your group members Minor Evasion for 20 seconds and reducing damage from area attacks by 10%. This effect can occur once every 5 seconds.",,22,,,,,,36,,,184930,184932,,,,,,,,,,,,,,,,,,,,,,,,,,,
Online:Clairvoyance,Psijic Order,Reduces the cost of your Psijic Order abilities by 8%.,Psijic Order-Clairvoyance,103811,,,Passive Effect,Passive,Reduce Skill Cost,Reduces the cost of your Psijic Order abilities by 15%.,,3,,,,,,5,,,103809,103811,,,,,,,,,,,Summerset,,,,,,,,,,,,,,,,
Online:Class Mastery,,,,,,,,,,,,,,,,,,,,,,,,,,,,,,,,,,,,,,,,,,,,,,,,,
Online:Cleansing Ritual,Restoring Light,"Exalt in the sacred light of the Aedra, cleansing up to 2 harmful effects from yourself immediately and healing you and nearby allies for [2235 / 2260 / 2283 / 2309] Health every 2 seconds for 20 seconds. Allies in the area can activate the Purify Synergy synergy, cleansing all harmful effects from themselves and healing for 5227 Health.",Restoring Light-Cleansing Ritual,27255,1.1.2,* This ability's Purify synergy will now only appear to allies that have a negative debuff that can be removed.,Cleanse,,Area of Effect,"Duration: [24 / 26 / 28 / 30] seconds. Exalt in the sacred light of the Aedra, cleansing up to 5 harmful effects from yourself immediately and healing you and nearby allies for 2309 Health every 2 seconds for [24 / 26 / 28 / 30] seconds. Allies in the area can activate the Purify Synergy synergy, cleansing all harmful effects from themselves and healing for 5227 Health.",Heal Self,,30,4860 Magicka,Area,Instant,Heal Others,,ON-skill-Cleansing_Ritual.jpg,A Cleansing Ritual,,,"Cost: 4050 Magicka. Exalt in the sacred light of the Aedra, cleansing up to 2 harmful effects from yourself immediately. While in the area, enemies take [1151 / 1163 / 1176 / 1190] Magic Damage every 2 seconds for 20 seconds which increases by 12% per tick. Allies in the area can activate the Purify Synergy synergy, cleansing all harmful effects from themselves and healing for 5227 Health.",Ritual of Retribution,27275,"The area now harms enemies who enter it, rather than healing allies, and reduces the cost. Damage increases over duration.",Extended Ritual,27295,Restoring Light-Extended Ritual,Increases the duration and the amount of harmful effects cleansed from yourself.,Restoring Light-Ritual of Retribution,Synergy,,20 seconds,Magic Damage,Magicka,,Damage Over Time,12 meters,,,Magicka Cost,,,,,,,
Online:Cleave,Two Handed,"Focus your strength into a mighty swing, dealing [4612 / 4662 / 4713 / 4764] Physical Damage to enemies in front of you. You also gain a damage shield that absorbs [4608 / 4657 / 4709 / 4759] damage for 6 seconds.",Two Handed-Cleave,39746,1.1.2,* Fixed an issue where this ability's damage wasn't scaling evenly across ranks.,Physical Damage,,Area of Effect,"Focus your strength into a mighty swing, dealing 4764 Physical Damage to enemies in front of you. You also gain a damage shield that absorbs [4765 / 4816 / 4869 / 4921] damage for 6 seconds. Each enemy hit increases the damage shield's strength by 50%, up to 300%.",Damage Shield,,14,3510 Stamina,Cone,Instant,Bleed Damage,,ON-skill-Cleave.jpg,Cleave,,,"Focus your strength into a mighty swing, dealing 4764 Bleed Damage to enemies in front of you, and causing them to bleed for an additional [7608 / 7686 / 7773 / 7857] Bleed Damage over 12 seconds. Hitting a target that is already affected from this ability extends the duration by 10 seconds, up to a maximum of 32. You also gain a damage shield that absorbs 4765 damage for 6 seconds.",Carve,39754,Converts into Bleed Damage and applies a bleed over time to enemies hit.,Brawler,39769,Two Handed-Brawler,Damage shield now increases in strength for each enemy hit.,Two Handed-Carve,Damage Over Time,,,Multiple Targets Hit Bonus,Stamina,,Stamina Cost,7 meters,,,,,,,,,,
Online:Clemency,Thieves Guild,"When a guard accosts you, you may use Clemency once per day. If used, the Guard will not arrest you or take your money and stolen goods. Additionally, Guards will not attempt to accost you for 1 minute after you use Clemency unless you commit other crimes.",Thieves Guild-Clemency,76451,,,Passive Effect,Passive,Escape Justice,,,4,,,,,,,,,,,,,,,,,,,,,Thieves Guild,,,,,,,,,,,,,,,,
Online:Coalescence,Scrying,"Unites a hexagonal cluster of facets in the Antiquarian's Eye, converting the symbols to match that of the central facet. Consumes 1 Magicka Charge.",Scrying-Coalescence,139306,,,Passive Effect,Passive,Antiquities,"Unites a hexagonal cluster of facets in the Antiquarian's Eye, converting the symbols to match that of the central facet. New Effect: The ability's range increases by one facet, creating a snowflake-like pattern. Consumes 1 Magicka Charge.",,2,,,,,,6,,,,,,,,,,,,,,,Greymoor,,,,,,,,,,,,,,,,
Online:Cold Snap,Winter's Bite,"Sharp-as-Night encircles themselves with ice shards to skewer enemies in the area, immobilizing them for 3 seconds and dealing 1098 Frost Damage every 2 seconds for 8 seconds. Damage done is based on Sharp-as-Night's Max Health.",Companion-Cold Snap,186604,3.0.5,"* Fixed an issue where ranking up a summon ability (Unstable Familiar, Summon Winged Twilight, Feral Guardian, etc.) would unsummon your pet.",,Companion,,,,,5,12 seconds,Area,0.6 seconds,,,,,,,,,,,,,,,,,Necrom,8 seconds,,,,,10 meters,Frost Damage,Area of Effect,,,,,,Immobilize,,
Online:Combat Frenzy,Assault,You generate 10 Ultimate when you kill an enemy player.,Assault-Combat Frenzy,45619,1.6.5,* Reduced the Ultimate gain to 10/20 from 13/25.,Passive Effect,Passive,PvP Bonus,You generate 20 Ultimate when you kill an enemy player.,Ultimate Gain,8,,,,,,10,,,39252,45619,,,,,,,,,,,,,,,,,,,,,,,,,,,
Online:Combat Medic,Support,Increases your healing done by 10% when you are near a Keep.,Support-Combat Medic,45624,,,Passive Effect,Passive,PvP Bonus,Increases your healing done by 20% when you are near a Keep.,Increase Healing Done,5,,,,,,10,,,39259,45624,,,,,,,,,,,,,,,,,,,,,,,,,,,
Online:Combustion,Ardent Flame,"WITH AN ARDENT FLAME ABILITY SLOTTED To you, flame is fuel. When you apply Burning, you restore 112 Magicka and Stamina. This effect can occur once every 1 second.",Ardent Flame-Combustion,45011,2.4.5,"* Kindling: Renamed this passive ability to Combustion. In addition, this passive ability now also increases the damage of the Poisoned status effect, in addition to the Burning status effect.",Passive Effect,Passive,Status Effect Bonus,"WITH AN ARDENT FLAME ABILITY SLOTTED To you, flame is fuel. When you apply Burning to an enemy, you restore 225 Magicka and Stamina. This effect can occur once every 1 second.",Restore Magicka,8,,,,,Restore Stamina,18,,,29424,45011,,,,,,,,,,Increase Damage Dealt,,,,,,,,,,,,,,,,,
Online:Concentrated Barrier,Psijic Order,"While you have a Psijic Order ability slotted and are Bracing, you gain a damage shield that absorbs 2500 damage. This damage shield recharges back to full strength after you spend 10 seconds not Bracing.",Psijic Order-Concentrated Barrier,103964,4.0.8,"* Fixed an issue where the damage shield from this passive ability would remain on you when you logged back in to the game, causing its shield value to stack.",Passive Effect,Passive,Damage Shield,"While you have a Psijic Order ability slotted and are Bracing, you gain a damage shield that absorbs 5000 damage. This damage shield recharges back to full strength after you spend 10 seconds not Bracing.",,6,,,,,,8,ON-skill-Concentrated_Barrier.jpg,Barrier is Active,103888,103964,,,,,,,,,,,Summerset,,,,,,,,,,,,,,,,
Online:Concentration,Light Armor,Increases your Physical Penetration and Spell Penetration by 469 for each piece of Light Armor worn.,Light Armor-Concentration,45562,1.1.2,* Fixed an error in this ability's tooltip that incorrectly showed it as giving slightly more Spell Penetration than it was actually giving. The actual effect is unchanged.,Passive Effect,Passive,Physical Penetration,Increases your Physical Penetration and Spell Penetration by 939 for each piece of Light Armor worn.,Spell Penetration,42,,,,,Light Armor Boost,50,,,29667,45562,,,,,,,,,,,,,,,,,,,,,,,,,,,
Online:Conditioning,Redguard,Increases your Max Stamina by 600.,Redguard-Conditioning,117754,4.3.5,* Gain 10% Max Stamina → Increases your Max Stamina by 2000.,Passive Effect,Passive,Increase Max Stamina,Increases your Max Stamina by 1200.,,10,,,,,,20,,,117752,117753,,,,,,,,,,,,,,,,,,,,,Increases your Max Stamina by 2000.,40,117754,,,,
Online:Conjured Ward,Daedric Summoning,"Conjure globes of Daedric energy for protection, granting a damage shield for you and your pets that absorbs [9900 / 10008 / 10117 / 10226] damage for 6 seconds. This ability scales off the higher of your Max Health or Magicka and the shield is capped at 55% of your Max Health.",Daedric Summoning-Conjured Ward,30463,1.2.3,* Hardened Ward: This ability now has a unique icon.,Damage Shield,,Heal Self,"Cost: [4050 / 3960 / 3870 / 3780] Magicka, Duration: 10 seconds, Area: 20 meters, Target: Area. Conjure globes of Daedric energy for protection, granting a damage shield for you and your pets that absorbs 10226 damage for 10 seconds, heals you for 832 Health, and grants Minor Intellect and Minor Endurance to you and nearby allies for 10 seconds. This ability scales off the higher of your Max Health or Magicka and the shield is capped at 55% of your Max Health.",Magicka Recovery,,30,4320 Magicka,Self,Instant,Stamina Recovery,,ON-skill-Conjured Ward.jpg,Conjured Ward,,,"Conjure globes of Daedric energy for protection, granting a damage shield for you and your pets that absorbs [7147 / 7226 / 7304 / 7383] damage for 6 seconds. This ability scales off the higher of your Max Health or Magicka and the shield is capped at 72% of your Max Health.",Hardened Ward,30474,Damage shield absorbs more and has a higher capped value.,Regenerative Ward,30486,Daedric Summoning-Regenerative Ward,"Reduces the cost, increases the duration of the shield, and also grants you and your allies Minor Intellect and Endurance. This ability now applies a self heal.",Daedric Summoning-Hardened Ward,Group Bonus,,6 seconds,Magicka Cost,Magicka,,,,,,,,,,,,,
Online:Connoisseur,Provisioning,Adds 5 minutes to the duration of any consumed drink.,Provisioning-Connoisseur,44615,2.7.5,* Fixed an issue that prevented the Connoisseur passive from correctly increasing the duration of certain Witches Festival and New Life Festival drinks.,Passive Effect,Passive,Increase Consumable Effect,Adds 10 minutes to the duration of any consumed drink.,,5,,,,,,18,,,44612,44614,,,,,,,,,,,,,,,,,,,,,Adds 20 minutes to the duration of any consumed drink.,47,44615,,,,
Online:Conservation of Energy,Class Mastery,"Spellcasting is second nature to you. A skill honed by tireless study. Upgrades rank 2 of Blood Magic to work with all abilities with a cost, excluding cost per tick abilities, and restores 600 Magicka and 600 Stamina when it activates. This effect scales off your Max Magicka and Stamina.",Storm Calling-Expert Mage,263870,12.0.0,"*This passive upgrades rank 2 of Blood Magic to also activate off any ability with a cost, excluding cost per tick abilities, and to also restore 2% Magicka and Stamina upon activation.",,Passive,,,,1,,,,,,,,,,,,,,,,,,,,,,,,,,,,,,,,,,,,,
Online:Constitution,Heavy Armor,Increases your Health Recovery by 2% for each piece of Heavy Armor equipped. You restore 108 Magicka and Stamina when you take damage for each piece of Heavy Armor equipped. This effect can occur once every 8 seconds.,Heavy Armor-Constitution,45526,1.3.3,* This passive now restores magicka and stamina when you take damage.,Passive Effect,Passive,Heavy Armor Boost,Increases your Health Recovery by 4% for each piece of Heavy Armor equipped. You restore 108 Magicka and Stamina when you take damage for each piece of Heavy Armor equipped. This effect can occur once every 4 seconds.,Health Recovery,6,,,,,Counter Attack,18,,,29769,45526,,,,,,,,,,Restore Magicka,,,Restore Stamina,,,,,,,,,,,,,,
Online:Consuming Darkness (skill),Shadow,"Duration: [10 / 11 / 12 / 13] seconds. Conjure a ring of shadow, reducing the Movement Speed of enemies by 70% and granting you and your allies Major Protection, reducing your damage taken by 10%. Allies in the area can activate the Hidden Refresh Synergy synergy, granting them invisibility, increasing their Movement Speed by 70%, and healing them for 24900 Health over 4 seconds.",Shadow-Consuming Darkness,37696,1.1.3,* Veil of Blades: This ability can now critical strike.,Area of Effect,Ultimate,Reduce Movement Speed,"Conjure a ring of shadow, reducing the Movement Speed of enemies by 70%, dealing [3809 / 3851 / 3894 / 3934] Magic Damage to them every 1 second, and granting you and your allies Major Protection, reducing your damage taken by 10%. Allies in the area can activate the Hidden Refresh Synergy synergy, granting them invisibility, increasing their Movement Speed by 70%, and healing them for 24900 Health over 4 seconds.",Reduce Damage Taken,,12,200 Ultimate,Area,Instant,Synergy,,ON-skill-Consuming Darkness.jpg,"Consuming/Bolstering Darkness visual, khajiit for scale",,,"Conjure a ring of shadow, reducing the Movement Speed of enemies by 70% and granting you and your allies Major Protection for [7 / 8 / 9 / 10] seconds, reducing your damage taken by 10%. Allies in the area can activate the Hidden Refresh Synergy synergy, granting them invisibility, increasing their Movement Speed by 70%, and healing them for 24900 Health over 4 seconds.",Bolstering Darkness,37744,Major Protection persists after leaving the area.,Veil of Blades,37713,Shadow-Veil of Blades,Enemies in the area take damage over time.,Shadow-Bolstering Darkness,Invisibility,,13 seconds,Increase Movement Speed,,,Heal Others,5 meters,,,Magic Damage,,,,Damage Over Time,,,
Online:Continuous Attack,Assault,"Increases your Weapon Damage and Spell Damage by 5% and Health, Magicka, and Stamina Recovery by 10% for 10 minutes after you capture a Lumber Mill, Farm, Mine, or Keep. Gain Gallop at all times, increasing your Mount Speed by 15%.",Assault-Continuous Attack,45614,1.1.4,* Fixed an issue where the weapon damage for this ability was not displaying properly in the character panel after a load screen.,Passive Effect,Passive,PvP Bonus,"Increases your Weapon Damage and Spell Damage by 10% and Health, Magicka, and Stamina Recovery by 20% for 10 minutes after you capture a Lumber Mill, Farm, Mine, or Keep. Gain Gallop at all times, increasing your Mount Speed by 15%.",Increase Weapon Damage,3,,,,,Increase Spell Damage,9,,,39248,45614,,,,,,,,,,Magicka Recovery,,,Stamina Recovery,,,,,,,,,,,,,,
Online:Controlled Fury,Dual Wield,WHILE DUAL WIELDING Reduces the Stamina cost of Dual Wield abilities by 7%.,Dual Wield-Controlled Fury,45478,3.0.5,"* Stamina abilities are now universally 15% cheaper than their Magicka counterparts, originally being 20% cheaper. ** This includes class abilities that morph into Stamina abilities, in addition to the Weapon Skill Line passive abilities which reduce the cost of abilities in that Skill Line (Balanced Blade, Controlled Fury, etc.)",Passive Effect,Passive,Reduce Skill Cost,WHILE DUAL WIELDING Reduces the Stamina cost of Dual Wield abilities by 15%.,,25,,,,,,34,,,30872,45478,,,,,,,,,,,,,,,,,,,,,,,,,,,
Online:Core of Flame,Ardent Flame,"Let the fire within draw heat to your core, restoring 15% of your missing Magicka and Stamina every 2 seconds over 4 seconds. When this ability completes, you release this heat as a blast of fire that deals [5303 / 5361 / 5419 / 5477] Flame Damage to nearby enemies.",Ardent Flame-Core of Flame,33697,,,,,,"Let the fire within draw heat to your heart, restoring 15% of your missing Magicka and Stamina and healing [2479 / 2506 / 2533 / 2560] Health every 2 seconds over 4 seconds. When this ability completes, you release this heat as a blast of fire that deals 5478 Flame Damage to nearby enemies.",,,20,3510 Magicka,Area,Instant,,,,,,,"Let the fire within draw heat to your soul, restoring 15% of your missing Magicka and Stamina every 2 seconds over 4 seconds. Much of this heat is drawn from enemies around you. Those that are casting are interrupted, set Off Balance, and stunned for 2 seconds. When this ability completes, you release this heat as a blast of fire that deals [7305 / 7385 / 7465 / 7546] Flame Damage to nearby enemies.",Soul of Flame,33715,Initial hit interrupts enemies that are casting. Final explosion damage increased.,Heart of Flame,33732,Ardent Flame-Heart of Flame,Adds a heal based on max Health.,Ardent Flame-Soul of Flame,,,4 seconds,,,,,,,,,,,,,,,8 meters
Online:Corpse Consumption,Living Death,"When you consume a corpse, you generate 5 Ultimate. This effect can occur once every 16 seconds.",Living Death-Corpse Consumption,116285,,,Passive Effect,Passive,Ultimate Gain,"When you consume a corpse, you generate 10 Ultimate. This effect can occur once every 16 seconds.",,22,,,,,,36,,,116284,116285,,,,,,,,,,,Elsweyr,,,,,,,,,,,,,,,,
Online:Craftsman,Orc,Increases your experience gain with the Heavy Armor skill line by 15%. Increases your crafting inspiration gained by 10%.,Orc-Craftsman,33293,1.6.5,* This passive ability now has an icon.,Innate Effect,Passive,Increase Experience Gain,,,1,,,,,,,,,,,,,,,,,,,,,,,,,,,,,,,,,,,,,
Online:Crag Smash,Ardent Warrior,"Bastian Hallix hurls a chunk of rock at an enemy, dealing 3245/6180 Physical Damage.",Companion-Crag Smash,155186,3.0.5,"* Fixed an issue where ranking up a summon ability (Unstable Familiar, Summon Winged Twilight, Feral Guardian, etc.) would unsummon your pet.",,Companion,,,,,1,8 seconds,Enemy,0.4 seconds,,,,,,,,,,,,,,,,,Blackwood,,,,28 meters,,,Physical Damage,,,,,,,,,
Online:Crescent Scythe,Guardian's Commitment,"Zerith-var summons an implement of moonlight that slashes the enemy's life force, dealing 3150 Magic Damage. They heal for 2859 Health every 2 seconds for 6 seconds. The healing of this ability scales off their Max Health.",Companion-Crescent Scythe,,3.0.5,"* Fixed an issue where ranking up a summon ability (Unstable Familiar, Summon Winged Twilight, Feral Guardian, etc.) would unsummon your pet.",,Companion,,,,,1,7.8 seconds,Cone,0.2 seconds,,,,,,,,,,,,,,,,,,,,,,,7 meters,Magic Damage,Heal Self,,,,,,,,
Online:Crimson Font,Undaunted (Companion),"Your Companion conjures a fountain of blood to sustain themselves and allies around it, healing for 185 Health every 1 second for 16 seconds. Allies near the fountain can activate the Crimson Funnel synergy, healing for 50% of their Max Health.",Companion-Crimson Font,155515,3.0.5,"* Fixed an issue where ranking up a summon ability (Unstable Familiar, Summon Winged Twilight, Feral Guardian, etc.) would unsummon your pet.",,Companion,,,,,1,36 seconds,Area,0.6 seconds,,,,,,,,,,,,,,,,,Blackwood,16 seconds,,,,,28 meters,Heal Self,Heal Others,,,,,,Synergy,,
Online:Cripple,Siphoning,"Sap an enemy's agility and wrack them with pain, dealing [12276 / 12419 / 12551 / 12694] Magic Damage over 20 seconds and reducing their Movement Speed by 30% for 4 seconds.",Siphoning-Cripple,37864,1.4.3,* Shadow Cloak: This ability is no longer removed by the following ticking damage abilities. ** Agony ** Bat Swarm ** Caltrops ** Cripple ** Entropy ** Fire Rune ** Necrotic Orb ** Path of Darkness ** Soul Tether ** Trap Beast ** Volley ** Wall of Elements ** All elemental procs,Magic Damage,,Damage Over Time,"Cost: 2700 Magicka. Sap an enemy's agility and wrack them with pain, dealing [3175 / 3210 / 3244 / 3279] Magic Damage and an additional [11510 / 11630 / 11760 / 11900] Magic Damage over 20 seconds, immobilizing them for 2 seconds, and reducing their Movement Speed by 30% for 4 seconds.",Reduce Movement Speed,,20,2970 Magicka,Enemy,Instant,Increase Debuff Chance,,ON-skill-Cripple travel.jpg,Cripple and its morphs' projectile travel visual,,,"Sap an enemy's agility and wrack them with pain, dealing [12661 / 12793 / 12936 / 13090] Magic Damage over 20 seconds and reducing their Movement Speed by 50% for 4 seconds. This ability has a higher chance of applying the Overcharged status effect.",Debilitate,37887,Increases the snare potency and quintuples the chance to apply the Overcharged status effect.,Crippling Grasp,37913,Siphoning-Crippling Grasp,"Converts some of the damage over time into more up front damage, immobilizes the enemy on impact, and reduces the cost.",Siphoning-Debilitate,Restore Magicka,,20 seconds,Immobilize,Magicka,28 meters,Magicka Cost,,,,,,,,,,,
Online:Critical Charge,Two Handed,"Launch across the earth and smash an enemy, dealing [3690 / 3730 / 3771 / 3811] Physical Damage. This attack is always a Critical Strike.",Two Handed-Critical Charge,39793,1.2.3,* Critical Rush: This ability no longer increases the damage of weapon enchantments.,Charge,,Physical Damage,"Cost: [3510 / 3420 / 3330 / 3240] Stamina. Launch across the earth and smash an enemy, dealing 3811 Physical Damage. Deals up to 50% more damage based on the distance traveled. This attack is always a Critical Strike.",Critical Strike,,4,3780 Stamina,Enemy,Instant,Area of Effect,,ON-skill-Critical_Charge.jpg,Critical Charge striking a target,,,"Cost: 4590 Stamina, Duration: 15 seconds, Area: 5 meters. Launch across the earth and smash an enemy, dealing 3811 Physical Damage to them and all nearby enemies. This attack is always a Critical Strike. After reaching your target, you sunder the ground beneath you, dealing [844 / 852 / 861 / 872] Physical Damage to all enemies in the area every 1 second for 15 seconds.",Stampede,39807,"Increases the cost and the charge now deals damage in an area around the target, and leaves residual damage at the impact area.",Critical Rush,39822,Two Handed-Critical Rush,Deals more damage based on the distance traveled. Reduces the cost.,Two Handed-Stampede,Damage Over Time,,,Distance Bonus,Stamina,22 meters,Stamina Cost,,,,,,,,,,,
Online:Crushing Claws,Draconic Armor,"Bastian Hallix calls forth talons from the ground, dealing 1622/3090 Flame Damage to enemies nearby and immobilizing them for 4 seconds.",Companion-Crushing Claws,153812,3.0.5,"* Fixed an issue where ranking up a summon ability (Unstable Familiar, Summon Winged Twilight, Feral Guardian, etc.) would unsummon your pet.",,Companion,,,,,5,16 seconds,Area,0.6 seconds,,,,,,,,,,,,,,,,,Blackwood,,,,,,6 meters,Flame Damage,Area of Effect,,,,,,Immobilize,,
Online:Crystal Blast (Companion),Lightning Caller,"Ember conjures dark crystals to bombard an enemy, dealing 3245/6180 Magic Damage.",Companion-Crystal Blast,164289,3.0.5,"* Fixed an issue where ranking up a summon ability (Unstable Familiar, Summon Winged Twilight, Feral Guardian, etc.) would unsummon your pet.",,Companion,,,,,1,8 seconds,Enemy,0.8 seconds,,,,,,,,,,,,,,,,,High Isle,,,,28 meters,,,Magic Damage,,,,,,,,,
Online:Crystal Shard,Dark Magic,"Conjure dark crystals to bombard an enemy, dealing [6365 / 6435 / 6505 / 6575] Magic Damage. Your next non-Ultimate ability cast within 3 seconds costs 10% less.",Dark Magic-Crystal Shard,47552,1.2.3,* Crystal Blast: Increased this ability's area-of-effect damage. * Crystal Fragments: The sound and visual effects that indicate this ability can be cast instantly are more noticeable.,Magic Damage,,Reduce Skill Cost,"Conjure dark crystals to bombard an enemy, dealing [6574 / 6646 / 6718 / 6790] Magic Damage. Your next non-Ultimate ability cast within 3 seconds costs 10% less. While slotted on either bar, casting a non-Ultimate ability has a 33% chance of causing your next Crystal Fragments to be instant cast at half cost, dealing [10914 / 11034 / 11154 / 11274] Magic Damage.",Multiple Strikes,,1,2700 Magicka,Enemy,0.8 seconds,Physical Damage,,ON-skill-Crystal Shard.jpg,Crystal Shard,,,"Casting Time: Instant, Cost: 2295 Stamina, Duration: 6 seconds, Target: Self. Encase your weapon in dark crystals for 6 seconds, causing your next two Light or Heavy Attacks to deal additional damage and reduce the target's Armor by [700 / 800 / 900 / 1000] for 5 seconds. The first hit deals 5715 Physical Damage and the second deals 2285 Physical Damage. After casting, your next non-Ultimate ability used within 3 seconds costs 10% less.",Crystal Weapon,47560,"Converts the ability into an instant cast Stamina ability, which causes your next two Light or Heavy Attacks to deal bonus Physical Damage and reduce the enemy's Armor.",Crystal Fragments,47569,Dark Magic-Crystal Fragments,"Casting abilities has a chance to make your next Crystal Fragments instant, deal more damage, and cost less.",Dark Magic-Crystal Weapon,Reduce Armor,,,Light Attack Bonus,Magicka,28 meters,Heavy Attack Bonus,,,,Slotted Effect,,,,Increase Damage Dealt,,,
Online:Crystallized Shield,Winter's Embrace,"Spin a shield of ice around you, absorbing up to [16000 / 16175 / 16352 / 16528] damage from 3 projectiles. Each time you absorb a projectile you gain 2 Ultimate.",Winter's Embrace-Crystallized Shield,86138,3.0.8,* Shimmering Shield: Fixed an issue where the Major Heroism buff from this morph was being removed by other abilities that grant Minor Heroism.,Projectile Defense,,Counter Attack,"Cost: [4320 / 4230 / 4140 / 4050] Magicka. Spin a shield of ice around you, absorbing up to 16528 damage from 3 projectiles. Each time you absorb a projectile you gain 2 Ultimate and gain Major Heroism for 6 seconds, granting you 3 Ultimate every 1.5 seconds.",Frost Damage,,30,4320 Magicka,Self,Instant,Ultimate Gain,,ON-skill-Crystallized Shield.jpg,Crystallized Shield,,,"Spin a shield of ice around you, absorbing up to 24792 damage from 3 projectiles. Each time you absorb a projectile you launch an icy bolt back at the enemy, dealing [3175 / 3210 / 3244 / 3279] Frost Damage and stunning them for 3 seconds.",Crystallized Slab,86142,"Greatly increases the shield strength. Absorbing projectiles launches an icy bolt back at the enemy, damaging and stunning them, but no longer restores Ultimate.",Shimmering Shield,86146,Winter's Embrace-Shimmering Shield,Absorbing projectiles grants you Major Heroism and reduces the cost as the ability ranks up.,Winter's Embrace-Crystallized Slab,Magicka Cost,Crown Store,6 seconds,Stun,Magicka,,,,,,,,,,,,,
Online:Cunning,Khajiit (Companion),Increases Critical Chance by 3% and damage done by 3%.,Companion-Cunning,169474,3.0.5,"* Fixed an issue where ranking up a summon ability (Unstable Familiar, Summon Winged Twilight, Feral Guardian, etc.) would unsummon your pet.",,Companion Passive,,,,1,,,,,,,,,,,,,,,,,,,,,High Isle,,,,,,,Passive Effect,Increase Critical Chance,,,,,,Increase Damage Dealt,,
Online:Curative Curse,Living Death,"While you have a negative effect on you, your healing done is increased by 6%.",Living Death-Curative Curse,116287,11.0.5,"* This passive now increases your Healing Done by 6/12% while a negative effect is active on you, up from 4/8%.",Increase Healing Done,Passive,Passive Effect,"While you have a negative effect on you, your healing done is increased by 12%.",,8,,,,,,18,,,116286,116287,,,,,,,,,,,Elsweyr,,,,,,,,,,,,,,,,
Online:Cutpurse,Khajiit,Increases your experience gain with the Medium Armor skill line by 15%. Increases your chance to successfully pickpocket by 5%.,Khajiit-Cutpurse,36063,2.5.5,"* Medium Armor Expertise: This passive ability has been renamed to ""Cutpurse."" Also, in addition to the current benefit it now increases your chance to successfully pickpocket by 5%.",Innate Effect,Passive,Increase Experience Gain,,Escape Justice,1,,,,,,,,,,,,,,,,,,,,,,,,,,,,,,,,,,,,,
Online:Cutthroat's Focus,Class Mastery,"This duel will be their last. For you, it's just another dance. Activating a Nightblade ability while bracing causes you to dodge attacks for 0.3 seconds. Whenever you dodge an attack, your attacker's psyche suffers, increasing their damage taken by 5% for 5 seconds, increasing to 20 seconds against monsters.",Class Mastery-Cutthroat's Focus,263606,12.0.0,*Was called Evasive Trance. This passive causes you to dodge incoming attacks for 1/3rd of a second when activating a Nightblade ability while Bracing. Dodging any attack through any means causes your attacker to take 5% increased damage for 5 seconds.,,Passive,,,,1,,,,,,,,,,,,,,,,,,,,,,,,,,,,,,,,,,,,,
Online:Cycle Unending,Class Mastery,"The cycle of life and death continues: you will live, others will die. Upgrades rank 2 of Reusable Parts to grant Cycle Unending for 25 seconds, increasing the potency of your damage done by 1% for every 1% Health you have more than your target. The damage bonus caps at 25%, or 10% against players.",Class Mastery-Cycle Unending,263509,12.0.0,"*Cycle Unending: This passive upgrades rank 2 of Reusable Parts to also grant Lord of the Cycle for 25 seconds, increasing your damage done by 1% for every 1% more current Health percent you have compared to your enemy. This bonus caps at 25% (12% against players). **If you have 75% current Health, and your enemy has 50%, you would gain 25% damage against them (12% if they are a player).",,Passive,,,,1,,,,,,,,,,,,,,,,,,,,,,,,,,,,,,,,,,,,,
Online:Cycle of Life,Restoration Staff,WITH RESTORATION STAFF EQUIPPED Your fully-charged Heavy Attacks restore 15% more Magicka.,Restoration Staff-Cycle of Life,45520,1.4.4,* The Restoration staff passive Cycle of Life now increases magicka restore instead of increasing damage.,Passive Effect,Passive,Heavy Attack Bonus,WITH RESTORATION STAFF EQUIPPED Your fully-charged Heavy Attacks restore 30% more Magicka.,Restore Magicka,25,,,,,,30,,,30972,45520,,,,,,,,,,,,,,,,,,,,,,,,,,,
Online:Daedric Curse,Daedric Summoning,"Curse an enemy with a destructive rune, dealing [7685 / 7770 / 7855 / 7939] Magic Damage to the target and all other nearby enemies after 6 seconds. You can have only one Daedric Curse active at a time.",Daedric Summoning-Daedric Curse,30499,1.6.5,"* Increased the single target damage for all ranks and morphs of this ability by 25%. * Increased the AoE damage from this ability by 15%. * Multiple Sorcerers can now stack this ability on the same target, though you can only have one curse active at any given time. * Removed the morph Explosive Curse. * Daedric Prey: Added this morph to the game, which increases the damage your pets will do to a target affected by your curse by 20%.",Magic Damage,,Area of Effect,"Duration: 12 seconds. Curse an enemy with a destructive rune, dealing [7938 / 8026 / 8113 / 8201] Magic Damage to the target and all other nearby enemies after 3.5 seconds. The curse will continue to haunt the enemy and explode a second time, dealing [7938 / 8026 / 8113 / 8201] Magic Damage to the target and all other nearby enemies after an additional 8.5 seconds. You can have only one Haunting Curse active at a time.",Increase Damage Dealt,,4,2970 Magicka,Enemy,Instant,Multiple Strikes,,ON-skill-Daedric Curse explosion.jpg,Daedric Curse and its morphs' explosion,,,"Cost: [2430 / 2340 / 2250 / 2160] Magicka. Curse an enemy with a destructive rune, dealing 7938 Magic Damage to the target and all other nearby enemies after 6 seconds. While the curse is active, your Daedric Summoning pets prioritize the target and deal an additional 50% damage to them. You can have only one Daedric Prey active at a time.",Daedric Prey,30511,Reduces the cost and your Daedric Summoning pets deal additional damage to the cursed target.,Haunting Curse,30523,Daedric Summoning-Haunting Curse,The curse will continue to haunt the enemy and explode a second time.,Daedric Summoning-Daedric Prey,Magicka Cost,,6 seconds,,Magicka,28 meters,,,,,,,,,,,,5 meters
Online:Daedric Mines,Dark Magic,"Surprise your foes by placing 3 volatile Daedric mines around you, which take 3 seconds to arm and last for 15 seconds. When a mine is triggered it explodes, dealing [6917 / 6990 / 7067 / 7144] Magic Damage and immobilizing the enemy for 2 seconds. Enemies can only be damaged by your mines once every 2 seconds.",Dark Magic-Daedric Mines,29909,1.3.3,* Daedric Tomb: Using this ability will now cast the attack where your reticle is pointing instead of the direction you are facing.,Magic Damage,,Area of Effect,"Carefully form 5 protective Daedric wards around you, which take 3 seconds to arm and last for 15 seconds. When a Daedric ward is triggered it grants you or the ally a damage shield that absorbs [8691 / 8786 / 8882 / 8977] damage for 6 seconds. Targets can only be shielded by Daedric Refuge once every 2 seconds and the shield is capped at 43% of the target's Max Health.",Immobilize,,42,5400 Magicka,Self,Instant,Trap,,ON-skill-Daedric Mines.jpg,Daedric Mines,,,"Range: 28 meters, Target: Ground. Surprise your foes by placing 3 volatile Daedric mines at a target location, which arm instantly and last for 15 seconds. When a mine is triggered it explodes, dealing [7143 / 7223 / 7300 / 7379] Magic Damage and immobilizing the enemy for 2 seconds. Enemies can only be damaged by your mines once every 2 seconds.",Daedric Tomb,29939,You place the mines at a target location instead of around you. The mines arm instantly.,Daedric Refuge,29973,Dark Magic-Daedric Refuge,Converts the mines into protective wards that shield you or allies when they activate.,Dark Magic-Daedric Tomb,Damage Shield,,15 seconds,Magicka Cost,Magicka,,,,,,,,,,,,,
Online:Daedric Protection,Daedric Summoning,Reduce your damage taken by 2% while you have a Daedric Summoning ability active.,Daedric Summoning-Daedric Protection,45200,2.1.4,* This passive now grants 10/20% bonus stamina recovery in addition to its previous effects.,Passive Effect,Passive,Health Recovery,Reduce your damage taken by 5% while you have a Daedric Summoning ability active.,Stamina Recovery,22,,,,,,36,,,31417,45200,,,,,,,,,,,,,,,,,,,,,,,,,,,
Online:Dark Exchange,Dark Magic,"Bargain with darkness to restore [7700 / 7800 / 7900 / 8000] Health and 3600 Magicka instantly, and an additional 2400 Magicka over 20 seconds. The exchange also grants you Minor Berserk for 20 seconds, increasing your damage done by 5%.",Dark Magic-Dark Exchange,30012,1.2.3,* Dark Deal: You can now move while channeling this ability. The increase to your armor and spell resistance has also been removed from this ability.,Heal Self,,Restore Magicka,"Bargain with darkness to restore [9700 / 9800 / 9900 / 10000] Health and [4200 / 4300 / 4400 / 4500] Magicka instantly, and an additional [2850 / 2900 / 2950 / 3000] Magicka over 20 seconds. The exchange also grants you Minor Berserk for 20 seconds, increasing your damage done by 5%.",Restore Stamina,,30,3240 Stamina,Self,1 second,Stamina Cost,,ON-skill-Dark Exchange.jpg,Dark Exchange,,,"Cost: [2970 / 2880 / 2790 / 2700] Magicka, Duration: 10 seconds. Bargain with darkness to restore 8000 Health and 3600 Stamina instantly, and an additional 2400 Stamina over 10 seconds. The exchange also grants you Minor Berserk for 20 seconds, increasing your damage done by 5%.",Dark Deal,30043,Converts Magicka into Health and Stamina instead. Reduces the cost and the time it takes the ability to restore resources.,Dark Conversion,30072,Dark Magic-Dark Conversion,Increases the amount of Health and Magicka restored.,Dark Magic-Dark Deal,Magicka Cost,,20 seconds,Increase Damage Dealt,Stamina,,,,,,,,,,,,,
Online:Dark Moon Totem,Guardian's Commitment,"Zerith-var summons an effigy of bone harboring the souls of fallen Khajiit at the feet of an enemy for 8 seconds and applies fear for 4 seconds. After 2 seconds the totem grants Minor Protection to them and their allies, reducing their damage taken by 5% and begins fearing nearby enemies every 2 seconds, causing them to cower in place for 4 seconds.",Companion-Dark Moon Totem,,3.0.5,"* Fixed an issue where ranking up a summon ability (Unstable Familiar, Summon Winged Twilight, Feral Guardian, etc.) would unsummon your pet.",,Companion,,,,,14,11.6 seconds,Area,0.2 seconds,,,,,,,,,,,,,,,,,,,,,22 meters,,6 meters,Fear,Reduce Damage Taken,,,,,,,,
Online:Dark Stalker,Vampire,Ignore the Movement Speed penalty of Sneak. Decreases the time it takes to enter Sneak by 25%.,Vampire-Dark Stalker,46041,1.4.3,* Fixed an issue where you could stack the Dark Stalker passive with the Night's Silence or Shadow Dancer's Raiment item sets to move at mount speed. This is no longer possible-you get the bonus from either Dark Stalker or Night's Silence or Shadow Dancer's Raiment.,Passive Effect,Passive,Increase Movement Speed,Ignore the Movement Speed penalty of Sneak. Decreases the time it takes to enter Sneak by 50%.,Improve Stealth,3,,,,,,7,ON-skill-Dark Stalker.jpg,Moving at full speed while sneaking,,,,,,,,,,,,,,,,,,,,,,,,,,,,,
Online:Dark Talons,Draconic Power,"Call forth talons from the ground, dealing [4612 / 4662 / 4713 / 4764] Flame Damage to enemies near you and immobilizing them for 4 seconds. An ally near the talons can activate the Ignite Synergy synergy, dealing 7687 Flame Damage to all enemies held within them.",Draconic Power-Dark Talons,32111,1.1.2,* This ability can now damage monsters with snare immunity. * Fixed an issue where allies were not able to activate the synergy from Dark Talons. * Reduced the overall radius.,Fire Damage,,Multiple Targets,"Cost: 3240 Magicka. Call forth talons from the ground, dealing 4764 Flame Damage to enemies near you and immobilizing them for 4 seconds. Enemies hit are afflicted with Minor Maim, reducing damage done by 5% for [17 / 18 / 19 / 20] seconds. An ally near the talons can activate the Ignite Synergy synergy, dealing 7687 Flame Damage to all enemies held within them.",Immobilize,,4,3510 Magicka,Area,Instant,Synergy,,ON-skill-Dark Talons.jpg,A Nix-Hound affected by Dark Talons,,,"Call forth talons from the ground, dealing [4764 / 4816 / 4868 / 4921] Flame Damage to enemies near you, an additional [4335 / 4385 / 4430 / 4480] Flame Damage over 5 seconds, and immobilizing them for 4 seconds. An ally near the talons can activate the Ignite Synergy synergy, dealing 7687 Flame Damage to all enemies held within them.",Burning Talons,32123,Deals additional damage over time.,Choking Talons,32135,Draconic Power-Choking Talons,Reduces the cost and affected enemies deal less damage.,Draconic Power-Burning Talons,Damage Over Time,,4 seconds,Reduce Damage Dealt,Magicka,,Magicka Cost,6 meters,,,,,,,,,,
Online:Dark Veil,Shadow,Increases the duration of your Shadow abilities by 1 second. Does not apply to Shadow Cloak or its morphs.,Shadow-Dark Veil,45115,5.0.5,"* Adjusted this passive to grant a flat 1 and 2 second duration increase to Shadow abilities, rather than 8 and 15% duration extensions. The duration of these abilities before allocating this passive have been adjusted to ensure the total duration remains relatively the same to their current Live values.",Passive Effect,Passive,Increase Effect Duration,Increases the duration of your Shadow abilities by 2 seconds. Does not apply to Shadow Cloak or its morphs.,,39,,,,,,50,,,36552,45115,,,,,,,,,,,,,,,,,,,,,,,,,,,
Online:Dark Vigor,Shadow,Increases your Max Health by 2% for each Shadow ability slotted.,Shadow-Dark Vigor,45084,11.0.5,"* Increased the Max Health from this passive to 2/5% per Shadow ability slotted, up from 2/3% per ability.",Passive Effect,Passive,Increase Max Health,Increases your Max Health by 5% for each Shadow ability slotted.,,22,,,,,,36,,,36532,45084,,,,,,,,,,,,,,,,,,,,,,,,,,,
Online:Dawnbreaker,Fighters Guild,"Arm yourself with Meridia's sacred sword and dispense her retribution, dealing [7687 / 7771 / 7856 / 7940] Physical Damage to enemies in front of you and an additional [9216 / 9315 / 9414 / 9522] Physical Damage over 6 seconds.",Fighters Guild-Dawnbreaker,42566,1.1.2,* Slightly decreased the damage that this ability's higher ranks were doing.,Physical Damage,Ultimate,Damage Over Time,"Arm yourself with Meridia's sacred sword and dispense her retribution, dealing [9528 / 9632 / 9737 / 9842] Physical Damage to enemies in front of you, an additional [11427 / 11553 / 11682 / 11802] Physical Damage over 6 seconds, and stunning them for 2 seconds.",Area of Effect,,10,125 Ultimate,Cone,0.4 seconds,Increase Weapon Damage,,ON-item-Dawnbreaker.jpg,Dawnbreaker,,,"Arm yourself with Meridia's sacred sword and dispense her retribution, dealing 7940 Physical Damage to enemies in front of you and an additional 9525 Physical Damage over 6 seconds. After activating, your Weapon Damage and Spell Damage is increased by 300 for [14 / 16 / 18 / 20] seconds.",Flawless Dawnbreaker,42586,"After activating, your Weapon Damage and Spell Damage is increased.",Dawnbreaker of Smiting,42598,Fighters Guild-Dawnbreaker of Smiting,Increases the damage and stuns enemies hit.,Fighters Guild-Flawless Dawnbreaker,Increase Spell Damage,,6 seconds,Stun,,,Ultimate Cost,10 meters,,,,,,,,,,
Online:Deadly Bash,One Hand and Shield,"WITH ONE HAND WEAPON AND SHIELD EQUIPPED Improves your standard Bash attacks, causing them to deal 250 more damage and cost 25% less Stamina.",One Hand and Shield-Deadly Bash,45469,1.1.2,"* Fixed an issue where the damage bonus coupled with a ""bashing"" jewelry enchant was doing too much damage. Slightly decreased this ability's stamina cost reduction. * Those who have spent Skill Points in the Deadly Bash passive will have those points returned to their overall skill point pool. You may place those Skill Points back in this ability if you wish, or invest them elsewhere.",Passive Effect,Passive,Increase Damage Dealt,"WITH ONE HAND WEAPON AND SHIELD EQUIPPED Improves your standard Bash attacks, causing them to deal 500 more damage and cost 50% less Stamina.",Reduce Activity Cost,17,,,,,,28,,,29415,45469,,,,,,,,,,,,,,,,,,,,,,,,,,,
Online:Death Gleaning,Bone Tyrant,"WITH A BONE TYRANT ABILITY SLOTTED Whenever an enemy you are in combat with dies within 28 meters of you, restore 333 Magicka and Stamina.",Bone Tyrant-Death Gleaning,116235,8.3.5,"* This passive now restores 333/666 Magicka and Stamina when a nearby enemy dies, up from 100/200. **Developer Comment: For masters of death, Necromancers can often find themselves out of fuel even when there are corpses littering the battlefield. To try and remedy this without tipping the scales too far in areas where Necromancer is already doing well, we're increasing these bonuses by a decent amount.",Kill Bonus,Passive,Restore Magicka,"WITH A BONE TYRANT ABILITY SLOTTED Whenever an enemy you are in combat with dies within 28 meters of you, restore 666 Magicka and Stamina.",Restore Stamina,8,,,,,Passive Effect,18,,,,,,,,,,,,,,,Elsweyr,,,,,,,,,,,,,,,,
Online:Death Knell,Grave Lord,WITH A GRAVE LORD ABILITY SLOTTED Increases your Critical Strike Chance against enemies under 33% Health by 10%.,Grave Lord-Death Knell,116198,7.0.5,"* Reduced the amount of Critical Chance granted from this passive to 2/4% per Grave Lord ability slotted, down from 5/10%.",Execute,Passive,Spell Critical,WITH A GRAVE LORD ABILITY SLOTTED Increases your Critical Strike Chance against enemies under 33% Health by 20%.,Weapon Critical,14,,,,,Passive Effect,27,,,116197,116198,,,,,,,,,,,Elsweyr,,,,,,,,,,,,,,,,
Online:Death Scythe,Bone Tyrant,"Slice into your enemy's life force, dealing [4612 / 4662 / 4713 / 4764] Magic Damage. You heal for 2400 Health for the first enemy hit, and an additional 800 for each additional enemy hit, up to five times. The healing of this ability scales off your Max Health.",Bone Tyrant-Death Scythe,40115115,8.0.5,"* Ruinous Scythe (morph): ** This morph now deals Bleed Damage, rather than Physical. ** This morph now applies the Hemorrhaging status effect on damage dealt. ** This morph now sets all enemies Off Balance on hit, rather than every 3rd cast.",Area of Effect,,Magic Damage,"Cost: [3240 / 3150 / 3060 / 2970] Magicka. Slice into your enemy's life force, dealing 4764 Magic Damage. You heal for 2400 Health for the first enemy hit, and an additional 800 for each additional enemy, up to five times. After dealing damage, you heal for 990 Health every 2 seconds over 10 seconds. The healing of this ability scales off your Max Health.",Heal Self,,1,3240 Magicka,Cone,Instant,Bleed Damage,,ON-skill-Death Scythe.jpg,Death Scythe and its morphs,,,"Cost: 2754 Stamina. Slice into your enemy's life force, dealing [4764 / 4816 / 4868 / 4921] Bleed Damage, applying the Hemorrhaging status effect, and setting them Off Balance for 7 seconds. You heal for 2400 Health for the first enemy hit, and an additional 800 for each additional enemy, up to five times. The healing of this ability scales off your Max Health.",Ruinous Scythe,40118226,"Converts to a Stamina ability and deals Bleed Damage, applying the Hemorrhaging status effect. Enemies hit are set Off Balance.",Hungry Scythe,40118223,Bone Tyrant-Hungry Scythe,Gain a heal over time and reduces the cost as the ability ranks up.,Bone Tyrant-Ruinous Scythe,Apply Status Effect,Elsweyr,,Off-Balance,Magicka,,Stamina Cost,7 meters,,,Magicka Cost,,,,,,,
Online:Death Stroke,Assassination,"Ravage an enemy with a swift strike, dealing [9840 / 9948 / 10056 / 10164] Magic Damage and causing them to take 20% more damage from your attacks for 8 seconds.",Assassination-Death Stroke,37518,1.1.2,* This ability no longer receives the critical damage bonus when used as a sneak attack. It will still cause a stun and a guaranteed critical hit.,Magic Damage,Ultimate,Increase Damage Taken,"Ravage an enemy with a spinning attack, dealing 10164 Magic Damage and increasing your damage against them by 20% for 8 seconds. Also afflicts the enemy with Major Defile, reducing their healing received and damage shield strength by 12%. While slotted on either bar, any time you kill an enemy you gain [7 / 8 / 9 / 10] Ultimate.",Disease Damage,,12,70 Ultimate,Enemy,0.4 seconds,Stun,,ON-skill-Death Stroke under120.jpg,Death Stroke and its morphs' under 120 Ultimate cast visual,,,"Ravage an enemy with a swift strike, dealing [10164 / 10275 / 10387 / 10499] Disease Damage and causing them to take 20% more damage from your attacks for 8 seconds. If cast with 120 or more Ultimate, you instead deal [11180 / 11302 / 11425 / 11548] Disease Damage, stun the enemy for 3 seconds, and increase the duration of the damage taken effect to 12 seconds.",Incapacitating Strike,37532,Deals Disease Damage. Improves the ability significantly if cast with more Ultimate.,Soul Harvest,37545,Assassination-Soul Harvest,"Also afflicts the enemy with Major Defile. While slotted on either bar, gain Ultimate whenever you kill an enemy.",Assassination-Incapacitating Strike,Increase Damage Dealt,,,Reduce Healing,,7 meters,Slotted Effect,,,,Kill Bonus,,,,Ultimate Gain,,,
Online:Defensive Posture,One Hand and Shield,"Bolster your defenses, gaining a damage shield that absorbs up to [4800 / 4852 / 4905 / 4958] damage for 6 seconds. This portion of the ability scales off your Max Health. You reflect the next harmful direct damage projectile cast at you. This effect can occur once per cast.",One Hand and Shield-Defensive Posture,41351,1.5.2,"* Absorb Magic: This ability now absorbs 100% of damage caused, and also heals for 15% of your maximum health. * Defensive Stance: This ability now stuns your target for three seconds at all ranks.",Damage Shield,,Counter Attack,"Bolster your defenses, gaining a damage shield that absorbs up to 4958 damage for 6 seconds. While the shield persists, you are healed for [2479 / 2506 / 2533 / 2560] Health the next time a harmful direct damage projectile hits you. This effect can occur once per cast. This ability scales off your Max Health.",Reflect Projectiles,,14,4320 Stamina,Self,Instant,Projectile Defense,,ON-skill-Defensive Posture.jpg,Defensive Posture,,,"Bolster your defenses, gaining a damage shield that absorbs up to 4958 damage for 6 seconds. This portion of the ability scales off your Max Health. You reflect the next harmful direct damage projectile cast at you, once per cast. While slotted and you have a shield equipped, the amount of damage you can block is increased by 10% and the cost of blocking is reduced by 10%.",Defensive Stance,41358,"While slotted and with a shield equipped, you reduce the cost of block and increase the amount of damage you can block.",Absorb Missile,41380,One Hand and Shield-Absorb Missile,"Projectiles that are absorbed by the damage shield heal you, rather than reflect.",One Hand and Shield-Defensive Stance,Slotted Effect,,6 seconds,Increase Block,Stamina,,Reduce Activity Cost,,,,Heal Self,,,,Stamina Cost,,Max,
Online:Deflect Bolts,One Hand and Shield,WITH ONE HAND WEAPON AND SHIELD EQUIPPED Increases the amount of damage you can block from projectiles and ranged attacks by 6%.,One Hand and Shield-Deflect Bolts,45472,,,Passive Effect,Passive,Increase Block,WITH ONE HAND WEAPON AND SHIELD EQUIPPED Increases the amount of damage you can block from projectiles and ranged attacks by 14%.,Projectile Defense,30,,,,,,46,,,29399,45472,,,,,,,,,,,,,,,,,,,,,,,,,,,
Online:Deliberation,Psijic Order,While you are casting or channeling a Psijic Order ability you reduce your damage taken by 30%.,Psijic Order-Deliberation,103972,4.3.5,* Fixed an issue where the Major Protection granted from this passive was unintendedly stronger than other sources of Major Protection.,Passive Effect,Passive,Reduce Damage Taken,,,9,,,,,,,,,,,,,,,,,,,,,Summerset,,,,,,,,,,,,,,,,
Online:Deprecated Skills,,,,,,,,,,,,,,,,,,,,,,,,,,,,,,,,,,,,,,,,,,,,,,,,,
Online:Destruction Expert,Destruction Staff,"With Destruction Staff Equipped When you kill an enemy with a Destruction Staff ability, you restore 1800 Magicka. When you absorb damage using a Destruction Staff Damage Shield, you restore 900 Magicka. This effect can occur once every 10 seconds.",Destruction Staff-Destruction Expert,45514,2.3.5,* Fixed an issue where the caster would not restore Magicka from this passive if a weapon enchantment proc from their equipped Destruction Staff was the killing blow.,Passive Effect,Passive,Kill Bonus,"With Destruction Staff Equipped When you kill an enemy with a Destruction Staff ability, you restore 3600 Magicka. When you absorb damage using a Destruction Staff Damage Shield, you restore 1800 Magicka. This effect can occur once every 10 seconds.",Restore Magicka,41,,,,,Counter Attack,50,,,30965,45514,,,,,,,,,,,,,,,,,,,,,,,,,,,
Online:Destructive Blast,Destruction Staff (Companion),"Your Companion blasts an enemy with magic, dealing 3150 Magic Damage. Flame Blast knocks them back 8 meters and stuns them for 2.5 seconds. Frost Blast taunts them for 15 seconds. Shock Blast deals an additional 1575 Shock Damage to all other enemies around them.",Companion-Destructive Blast,157131,3.0.5,"* Fixed an issue where ranking up a summon ability (Unstable Familiar, Summon Winged Twilight, Feral Guardian, etc.) would unsummon your pet.",,Companion,,,,,1,16 seconds,Enemy,0.5 seconds,,,,,,,,,,,,,,,,,Blackwood,,,,28 meters,,,Magic Damage,Knockback,,,,,,Stun,,
Online:Destructive Touch,Destruction Staff,"Devastate an enemy with an enhanced charge from your staff, dealing [3074 / 3107 / 3141 / 3175] Magic Damage and an additional [9210 / 9300 / 9410 / 9510] Magic Damage over 20 seconds. The initial hit always applies the element's status effect.",Destruction Staff-Destructive Touch (Frost),40964,1.1.2,* Increased this ability's damage and magicka cost.,Fire Damage,,Frost Damage,"Cost: [2970 / 2880 / 2790 / 2700] Magicka, Range: 28 meters. Devastate an enemy with an enhanced charge from your staff, dealing 3175 Magic Damage and an additional 9520 Magic Damage over 20 seconds. The initial hit always applies the element's status effect.",Shock Damage,,14,2970 Magicka,Enemy,Instant,Damage Over Time,,ON-skill-Shock Touch.jpg,Shock Touch and Shock Reach,,,"Devastate an enemy with an enhanced charge from your staff, dealing 3175 Magic Damage. The initial hit always applies the element's status effect. Flame Clench also knocks the enemy back. Frost Clench deals less damage, has increased range, applies Major Maim, immobilizes, and taunts the enemy. Shock Clench converts the attack into an area of effect explosion.",Destructive Clench,41006,Converts the damage over time into a new effect based on your staff type.,Destructive Reach,41047,Destruction Staff-Destructive Reach,Increases the range. Reduces the cost as the ability ranks up.,Destruction Staff-Destructive Clench,Apply Status Effect,,20 seconds,Knockback,Magicka,15 meters,Reduce Damage Dealt,,,,Immobilize,,,,Taunt,,,
Online:Devour,Werewolf,WHILE YOU ARE IN WEREWOLF FORM Allows you to devour corpses to increase the duration of your Werewolf Transformation and restore your Health. Every second you spend devouring a corpse adds 3 seconds to the duration of your Werewolf Transformation and restores 8% of your Max Health. Each corpse can be devoured for up to 4 seconds.,Werewolf-Devour,32634,1.0.8,* Fixed an issue where werewolves could use Devour on the same corpse multiple times.,Passive Effect,Passive,Heal Self,,Increase Effect Duration,1,,,,,Consume Corpse,,ON-skill-Devour.jpg,Devouring a Mudcrab,,,,,,,,,,,,,,,,,,,,,,,,,,,,,
Online:Devout Guardian,Class Mastery,"Radiant is the shield that pushes back the dark. While Sacred Ground is active, you gain a damage shield for 6 seconds, up to once every 6 seconds. The shield absorbs up to 3200 damage and provides 300 Health, Magicka, and Stamina Recovery while active. If the shield breaks, you gain 10 Ultimate.",Class Mastery-Devout Guardian,263586,12.0.0,"*This passive causes you to gain a Damage Shield for 6 seconds, up to once every 6 seconds, while Sacred Ground is active. The shield absorbs up to 20% of your Max Health and grants 300 Health, Magicka, and Stamina Recovery while active. If the shield breaks, you gain 10 Ultimate.",,Passive,,,,1,,,,,,,,,,,,,,,,,,,,,,,,,,,,,,,,,,,,,
Online:Dexterity,Medium Armor,Increases your Critical Damage and Healing done rating by 1% for every 2 pieces of Medium Armor equipped.,Medium Armor-Dexterity,45564,1.6.5,* This passive was changed to be approximately on par with the Spell Critical Rating gained by the Light Armor passive Prodigy.,Passive Effect,Passive,Increase Critical Damage,Increases your Critical Damage and Healing done rating by 1% for every piece of Medium Armor equipped.,Increase Critical Healing,2,,,,,Medium Armor Boost,10,,,29743,45563,,,,,,,,,,,,,,,,,,,,,Increases your Critical Damage and Healing done rating by 2% for every piece of Medium Armor equipped.,30,45564,,,,
Online:Dilation,Scrying,"Claim all facets of the selected type that touch your area of control, as well as matching facets directly adjacent. Consumes 1 Magicka Charge.",Scrying-Dilation,139308,,,Passive Effect,Passive,Antiquities,"Claim all facets of the selected type that touch your area of control, as well as matching facets directly adjacent. New Effect: Dilation now claims ALL contiguous facets of the same type. Consumes 1 Magicka Charge.",,4,,,,,,8,,,,,,,,,,,,,,,Greymoor,,,,,,,,,,,,,,,,
Online:Diplomat,Imperial,Increases your experience gain with the One Hand and Shield skill line by 15%. Increases your gold gained by 1%.,Imperial-Diplomat,36312,2.5.5,"* Shield Affinity: This passive ability has been renamed to ""Diplomat."" Also, in addition to the current benefit it now increases your gold gained by 1%.",Innate Effect,Passive,Increase Experience Gain,,Increase Currency Gain,1,,,,,,,,,,,,,,,,,,,,,Imperial Edition,,,,,,,,,,,,,,,,
Online:Disdain Harm,Bone Tyrant,Reduce the damage you take from damage over time abilities by 7% while you have a Bone Tyrant ability active.,Bone Tyrant-Disdain Harm,116240,5.2.5,"* Increased the damage reduction for this passive to 15%, up from 10%. * Updated this passive to work more accurately with Damage over Time.",Reduce Damage Taken,Passive,Passive Effect,Reduce the damage you take from damage over time abilities by 15% while you have a Bone Tyrant ability active.,,14,,,,,,27,,,,,,,,,,,,,,,Elsweyr,,,,,,,,,,,,,,,,
Online:Dismember,Grave Lord,"While a Grave Lord ability is active, your Spell and Physical Penetration are increased by 1635.",Grave Lord-Dismember,116194,11.0.5,"* This passive now grants 1635/3271 Offensive Penetration when a Grave Lord ability is active, up from 750/1500.",Spell Penetration,Passive,Physical Penetration,"While a Grave Lord ability is active, your Spell and Physical Penetration are increased by 3271.",Passive Effect,22,,,,,,36,,,116192,116194,,,,,,,,,,,Elsweyr,,,,,,,,,,,,,,,,
Online:Dive,Animal Companions,"Command a cliff racer to dive bomb an enemy, dealing [5535 / 5595 / 5656 / 5717] Magic Damage. If you are more than 7 meters away from the target, you set them Off Balance for 7 seconds.",Animal Companions-Dive,85998,3.0.8,* Fixed an issue where weapon swapping after casting this ability and its morphs would cause the enemy's health to not update based on the damage they took.,Magic Damage,,Distance Bonus,"Command a cliff racer to dive bomb an enemy, dealing [5717 / 5779 / 5842 / 5905] Magic Damage. If you are more than 7 meters away from the target, you set them Off Balance for 7 seconds. After dealing damage you increase your Weapon Damage and Spell Damage by 100 for 10 seconds, which quadruples after damaging Off Balance enemies.",Off-Balance,,1,2700 Magicka,Enemy,Instant,Bleed Damage,,ON-skill-Screaming Cliff Racer.jpg,Screaming Cliff Racer morph,,,"Cost: 2295 Stamina. Command a cliff racer to dive bomb an enemy, dealing 5717 Bleed Damage immediately and then causing them to bleed for [5650 / 5710 / 5770 / 5820] Bleed Damage over 10 seconds. If you are more than 7 meters away from the target, you set them Off Balance for 7 seconds.",Cutting Dive,86002,"Converts into a Stamina ability and deals Bleed Damage, and applies a damage over time to enemies hit.",Screaming Cliff Racer,86006,Animal Companions-Screaming Cliff Racer,"Increases your Weapon Damage and Spell Damage after dealing damage, which increases when hitting Off Balance targets.",Animal Companions-Cutting Dive,Damage Over Time,Crown Store,,Increase Weapon Damage,Magicka,28 meters,Increase Spell Damage,,,,Magicka Cost,,,,Stamina Cost,,,
Online:Divine Destruction,Blazing Might,"Isobel Veloise unleashes a concentrated beam of divine energy at an enemy, dealing 11810/22500 Magic Damage over 3 seconds. Used when the enemy is below 25% Health.",Companion-Divine Destruction,163564,3.0.5,"* Fixed an issue where ranking up a summon ability (Unstable Familiar, Summon Winged Twilight, Feral Guardian, etc.) would unsummon your pet.",,Companion,,,,,11,7.8 seconds,Enemy,3 seconds,,,,,,,,,,,,,,,,,High Isle,3 seconds,,,28 meters,,,Magic Damage,Damage Over Time,,,,,,Execute,,
Online:Dragon Blood,Draconic Power,"Draw on your draconic blood to heal for [4000 / 4043 / 4088 / 4132] Health, increasing by up to 50% additional healing based on your missing Health. This ability scales off your Max Health. You also gain Major Fortitude, increasing your Health Recovery by 30% for 20 seconds.",Draconic Power-Dragon Blood,33619,1.6.5,"* This ability now provides the buff Major Fortitude. * Green Dragon Blood: This ability now provides the buffs Major Fortitude and Major Endurance, and lasts for 23 seconds at the maximum rank. * Coagulating Blood: This ability now provides the buffs Major Fortitude and Minor Vitality, and lasts for 23 seconds at the maximum rank.",Heal Self,,Health Recovery,"Area: 10 meters, Target: Area. Draw on your draconic blood to heal yourself for [7940 / 8027 / 8114 / 8202] and nearby allies for [5293 / 5351 / 5409 / 5467] Health, increasing by up to 50% additional healing based on missing Health. Healed targets gain Major Fortitude and Minor Courage, increasing Health Recovery by 30% and Weapon Damage and Spell Damage by 215 for 20 seconds.",Stamina Recovery,,20,4320 Magicka,Self,Instant,Increase Healing Received,,ON-skill-Dragon_Blood.jpg,Dragon Blood,,,"Draw on your draconic blood to heal for 4132 Health, increasing by up to 50% additional healing based on your missing Health. Heals for an additional [2475 / 2500 / 2525 / 2555] Health over 5 seconds. This ability scales off your Max Health. You also gain Major Endurance and Fortitude and Minor Vitality, increasing Health and Stamina Recovery by 30% and increasing healing received and damage shield strength by 6% for 20 seconds.",Blood of the Green Dragon,33632,"You also gain Major Endurance, Minor Vitality, and additional healing over time.",Blood of the Elder Dragon,33646,Draconic Power-Blood of the Elder Dragon,"Now heals based on your offensive stats rather than Health, heals nearby allies, and adds Minor Courage.",Draconic Power-Blood of the Green Dragon,Near Death Effect,,20 seconds,Magicka Cost,Magicka,,,,,,,,,,,,,
Online:Dragon Leap,Draconic Power,"Launch yourself at an enemy, dealing [9459 / 9563 / 9667 / 9771] Flame Damage to all enemies in the area, knocking players back 4 meters and stunning them for 2 seconds. If the target is a monster they are instead knocked into the air and stunned for 3 seconds.",Draconic Power-Dragon Leap,33658,1.2.3,* This ability's minimum range requirement has been removed.,Charge,Ultimate,Physical Damage,"Launch yourself at an enemy, dealing 9772 Flame Damage to all enemies in the area, knocking players back 4 meters and stunning them for 2 seconds. If the target is a monster they are instead knocked into the air and stunned for 3 seconds. Upon activation you gain a damage shield that absorbs [16625 / 16807 / 16990 / 17173] damage for 10 seconds. This portion of the ability scales with your Max Health.",Area of Effect,,12,125 Ultimate,Enemy,Instant,Knockback,,ON-skill-Dragon_Leap.jpg,Dragon Leaping,,,"Launch yourself at an enemy, dealing [10865 / 10984 / 11104 / 11223] Flame Damage to all enemies in the area, knocking them back 4 meters, and stunning them for 2 seconds. If the target is a monster they are instead knocked into the air and stunned for 3 seconds. Upon activation you are filled with draconic fury for 15 seconds, increasing your damage done by 10%. This effect's potency doubles against monsters.",Take Flight,33668,Increases the damage and increases your damage done for a duration after activating.,Ferocious Leap,33679,Draconic Power-Ferocious Leap,Grants a damage shield upon activation.,Draconic Power-Take Flight,Stun,,,Fire Damage,,22 meters,Damage Shield,8 meters,,,Ultimate Cost,,,,,,,
Online:Dragonfire Breath,Draconic Power,"Exhale a blast of draconic fire in front of you, dealing [4612 / 4662 / 4713 / 4764] Flame Damage and an additional [7670 / 7745 / 7840 / 7915] Flame Damage over 10 seconds to enemies in your path.",Draconic Power-Dragonfire Breath,34031,,,,,,"Casting Time:, Channel Time: 4.8 seconds, Cost: 3780 Magicka, Target: Area. Breathe forth an unending torrent of draconic fire, dealing [3670 / 3710 / 3750 / 3791] Flame Damage every 0.5 seconds in a channeled attack over 4.8 seconds. Each tick increases the damage dealt by 5%, up to a maximum of 50%. While Take Flight is active you always deal maximum damage. This ability is considered direct damage but can trigger Wildfire Embers once every 4 seconds.",,,1,2984 Stamina,Cone,Instant,,,,,,,"Exhale a blast of draconic fire in front of you, dealing [4764 / 4816 / 4868 / 4921] Flame Damage, applying the Burning status effect, and an additional [7940 / 8025 / 8105 / 8195] Flame Damage over 10 seconds to enemies in your path. The initial hit liquifies the armor of your enemies, applying Major Breach to enemies for the duration, reducing Physical Resistance and Spell Resistance by 5948.",Disintegrating Dragonfire,34039,Initial hit applies the Burning status effect and Major Breach.,Engulfing Dragonfire,34048,Draconic Power-Engulfing Dragonfire,Converts the ability into a channeled attack that deals direct damage.,Draconic Power-Disintegrating Dragonfire,,,10 seconds,,,,,,,,,,,,,,,10 meters
Online:Dragonknight Standard,Ardent Flame,"Call down a battle standard for 15 seconds, rallying you and group members inside the area, increasing Weapon Damage and Spell Damage by [270 / 280 / 290 / 300] and reducing damage taken by [7 / 8 / 9 / 10]%. An ally near the standard can activate the Shackle Synergy synergy, dealing 9225 Flame Damage to enemies in the area and immobilizing them for 5 seconds.",Ardent Flame-Dragonknight Standard,33963,1.6.5,* The Synergy for this ability will now scale off your maximum health instead of your maximum magicka. * Reduced the available range of this Synergy to 2.5 meters from 8 meters. * Increased the cost of this ability and its morph Standard of Might to 250 Ultimate.,Fire Damage,Ultimate,Damage Over Time,"Call down a battle standard for 15 seconds, rallying you and group members inside the area, increasing Weapon Damage and Spell Damage by 300 and reducing damage taken by 10%. You gain an additional 15% damage done, 15% reduced damage taken, and 300 Weapon Damage and Spell Damage. An ally near the standard can activate the Shackle Synergy synergy, dealing 9225 Flame Damage to enemies in the area and immobilizing them for 5 seconds.",Reduce Healing,,12,200 Ultimate,Area,Instant,Synergy,,ON-skill-Dragonknight Standard.jpg,A Dragonknight Standard (Pact),,,"Duration: 25 seconds. Call down a battle standard, dealing [2381 / 2408 / 2432 / 2460] Flame Damage every 1 second for 25 seconds to enemies and applying Major Defile to them, reducing their healing received and damage shield strength by 12%. Activating this ability again allows you to move the standard to your location. An ally near the standard can activate the Shackle Synergy synergy, dealing 9225 Flame Damage to enemies in the area and immobilizing them for 5 seconds.",Shifting Standard,33987,"Now deals damage and debuffs enemies rather than granting you and group members bonuses. Increases the duration, and recasting the ability allows you to move the standard.",Standard of Might,34021,Ardent Flame-Standard of Might,Enhances the bonuses you gain by standing in the banner.,Ardent Flame-Shifting Standard,Immobilize,,15 seconds,Increase Damage Dealt,,,Reduce Damage Taken,8 meters,,,Area of Effect,,,,Ultimate Cost,,,
Online:Drain Essence,Vampire,"Consume an enemy's life force, dealing [1725 / 1744 / 1763 / 1784] Magic Damage and restoring [12 / 13 / 14 / 15]% of your missing Health every 1 second for 3 seconds. After you finish draining, the enemy is stunned for 3 seconds.",Vampire-Drain Essence,41866,1.5.2,* This ability can now critical hit and be mitigated by spell resistance.,Magic Damage,,Leech Health,"Consume an enemy's life force, dealing 1782 Magic Damage and restoring 15% of your missing Health every 0.7 seconds for 3 seconds. After you finish draining, the enemy is stunned for 3 seconds. When the drain ends you gain Minor Expedition, increasing your Movement Speed by 10% for [17 / 18 / 19 / 20] seconds.",Stun,,1,2700 Magicka,Enemy,Instant,Ultimate Gain,,ON-skill-Drain Essence 02.jpg,Drain Essence,,,"Consume an enemy's life force, dealing 1782 Magic Damage, restoring 15% of your missing Health, and generating [2 / 3 / 4 / 5] Ultimate every 1 second for 3 seconds. When you finishing draining, the enemy is stunned for 3 seconds.",Invigorating Drain,41902,You generate Ultimate during the drain.,Accelerating Drain,41881,Vampire-Accelerating Drain,"You drain faster, dealing one more tick of damage and healing, and you gain Minor Expedition after the drain ends.",Vampire-Invigorating Drain,Increase Movement Speed,,,Magicka Cost,Magicka,12 meters,,,,,,,,,,,,
Online:Drain Power,Siphoning,"Siphon the vigor from your enemies' blood, dealing [4612 / 4662 / 4713 / 4764] Magic Damage to all nearby enemies. If an enemy is hit, you gain Major Brutality and Sorcery, increasing your Weapon Damage and Spell Damage by 20% for 30 seconds.",Siphoning-Drain Power,37928,1.1.2,* Sap Essence: ** Fixed an issue where this ability wasn't granting the initial Weapon Damage bonus you should receive when no target is hit. ** The healing this ability does now correctly increases by 20% for each target hit.,Magic Damage,,Area of Effect,"Siphon the vigor from your enemies' blood, dealing 4764 Magic Damage to all nearby enemies and healing you and your allies for [1587 / 1604 / 1621 / 1639] plus 20% more for each enemy hit. If an enemy is hit, you gain Major Brutality and Sorcery, increasing your Weapon Damage and Spell Damage by 20% for 30 seconds.",Increase Weapon Damage,,42,3510 Magicka,Area,Instant,Increase Spell Damage,,ON-skill-Drain_Power.jpg,Drain Power,,,"Cost: 2983 Stamina. Siphon the vigor from your enemies' blood, dealing 4764 Disease Damage to all nearby enemies. If an enemy is hit you gain Major Brutality and Sorcery, and Minor Courage increasing your Weapon Damage and Spell Damage by 20% and 215 for 30 seconds. Enemies hit have Minor Cowardice applied to them for [7 / 8 / 9 / 10] seconds, reducing their Weapon Damage and Spell Damage by 215.",Power Extraction,37937,Converts to a Stamina ability that deals Disease Damage. Applies Minor Cowardice to enemies hit and grants Minor Courage to you.,Sap Essence,37950,Siphoning-Sap Essence,Also heals you and your allies. Heal is stronger for each enemy hit.,Siphoning-Power Extraction,Disease Damage,,30 seconds,Reduce Weapon/Spell Damage,Magicka,,Heal Self,8 meters,,,Heal Others,,,,Multiple Targets Hit Bonus,,,
Online:Drake's Blood,Draconic Armor,"Bastian Hallix draws on their draconic blood, healing for 25% of their Max Health and reducing their damage taken by 20% for 8 seconds. Used when Your Companion is below 75% Health.",Companion-Drake's Blood,155268,3.0.5,"* Fixed an issue where ranking up a summon ability (Unstable Familiar, Summon Winged Twilight, Feral Guardian, etc.) would unsummon your pet.",,Companion,,,,,1,12 seconds,Self,0.4 seconds,,,,,,,,,,,,,,,,,Blackwood,8 seconds,,,,,,Heal Self,Reduce Damage Taken,,,,,,,,
Online:Dual Wield Expert,Dual Wield,WHILE DUAL WIELDING Increases Weapon Damage and Spell Damage by 3% of off-hand weapon's damage.,Dual Wield-Dual Wield Expert,45477,1.1.2,* Updated the tooltip for this passive to display how Weapon Damage it actually increases Weapon Damage * Slightly increased the bonus damage granted by rank II of Dual Wield Expert.,Passive Effect,Passive,Increase Weapon Damage,WHILE DUAL WIELDING Increases Weapon Damage and Spell Damage by 6% of off-hand weapon's damage.,Increase Spell Damage,10,,,,,,17,,,30873,45477,,,,,,,,,,,,,,,,,,,,,,,,,,,
Online:Dynamic,Dark Elf,Increases your Max Magicka and Max Stamina by 600.,Dark Elf-Dynamic,45267,4.3.5,* Gain 6% Max Stamina and Magicka → Increases your Max Stamina and Magicka by 1875.,Passive Effect,Passive,Increase Max Magicka,Increases your Max Magicka and Max Stamina by 1200.,Increase Max Stamina,5,,,,,,15,,,36591,45265,,,,,,,,,,,,,,,,,,,,,Increases your Max Magicka and Max Stamina by 1910.,30,45267,,,,
Online:Dynamic (Companion),Dark Elf (Companion),Increases damage done by 3% and healing done by 3%.,Companion-Dynamic,157250,3.0.5,"* Fixed an issue where ranking up a summon ability (Unstable Familiar, Summon Winged Twilight, Feral Guardian, etc.) would unsummon your pet.",,Companion Passive,,,,1,,,,,,,,,,,,,,,,,,,,,Blackwood,,,,,,,Passive Effect,Increase Damage Dealt,,,,,,Increase Healing Done,,
Online:Earthspike Mantle,Earthen Heart,"Duration: [17 / 18 / 19 / 20] seconds. Envelop your body in molten spikes to increase your damage done by 100 and gain Major Resolve, increasing Physical Resistance and Spell Resistance by 5948 for [17 / 18 / 19 / 20] seconds.",Earthen Heart-Earthspike Mantle,23828,,,,,,"Area: 10 meters, Target: Area. Envelop your body in molten spikes to increase your damage done by 100 and gain Major Resolve, increasing Physical Resistance and Spell Resistance by 5948 for 20 seconds. As the armor forms you blast foes around you with shattered obsidian, causing them to take [12661 / 12793 / 12936 / 13090] Flame Damage over 20 seconds. When this effect deals damage you gain a stack of Landslide, up to once every 10 seconds.",,,42,2700 Magicka,Self,Instant,,,,,,,"Envelop your body in molten spikes to increase your damage done by 100 and gain Major Resolve, increasing Physical Resistance and Spell Resistance by 5948 for 20 seconds. Power drawn from the heart of a volcano forms a damage shield around you that absorbs up to [4958 / 5012 / 5067 / 5121] damage for 6 seconds, scaling off your Max Health.",Earthshield Mantle,23856,You gain a damage shield after casting.,Shatterspike Mantle,23842,Earthen Heart-Shatterspike Mantle,Enemies near you take damage over time when you activate the ability.,Earthen Heart-Earthshield Mantle,,,20 seconds,,,,,,,,,,,,,,,
Online:Eclipse,Dawn's Wrath,"Cost: [4590 / 4500 / 4410 / 4320] Magicka. Envelop an enemy in a lightless sphere for 4 seconds, that harms them with growing intensity anytime they use a direct damage attack. Limited to one. Their first attack reduces their Movement Speed by 30% for 4 seconds, their second attack immobilizes them for 3 seconds, and their third attack stuns them for 3 seconds. The effects can activate once every 1 second.",Dawn's Wrath-Eclipse,27306,1.3.3,* Total Dark: The tooltip now lists the correct duration for this ability.,Counter Attack,,Reduce Movement Speed,"Area: 5 meters. Envelop an enemy in a lightless sphere for 4 seconds, that harms them with growing intensity anytime they deal direct damage. Limited to one. Their first attack reduces their Movement Speed by 30% for 4 seconds and deals [1190 / 1203 / 1216 / 1229] Magic Damage, their second attack immobilizes them for 3 seconds and deals [2381 / 2408 / 2432 / 2460] Magic Damage, and their third attack stuns them for 3 seconds and deals [4765 / 4816 / 4869 / 4921] Magic Damage. The effects can activate once every 1 second.",Immobilize,,30,4320 Magicka,Enemy,Instant,Stun,,ON-skill-Eclipse.jpg,An enemy affected by Eclipse,,,"Cost: 4050 Magicka, Duration: 10 seconds, Target: Self. Envelop yourself in a lightless sphere for 10 seconds to protect yourself. Anytime you take direct damage, the sphere lashes back at the attacker, reducing their Movement Speed by 40% for 3 seconds and healing you for [2000 / 2022 / 2043 / 2066] Health. These effects can occur once every half second.",Living Dark,27324,"You now apply the ability to yourself, healing when you take direct damage instead. Melee attackers are snared.",Unstable Core,27311,Dawn's Wrath-Unstable Core,Deals damage to the attacker and anyone near them when they trigger any of the effects.,Dawn's Wrath-Living Dark,Heal Self,,4 seconds,Magic Damage,Magicka,28 meters,Area of Effect,,,,Magicka Cost,,,,,,,
Online:Elder Dragon,Draconic Power,"The eldest Dragons are forces of nature. As are you. Activating a Draconic Power ability grants you and group members Minor Brutality for 20 seconds, increasing Weapon Damage by 10%. Increases your Health Recovery by up to 350, based on your missing Health. Current amount: 0",Draconic Power-Elder Dragon,44951,4.2.5,"* This passive ability now also increases the range of all instant-cast melee abilities 1 meter per rank, in addition to granting Health Recovery for each Draconic Power ability slotted. **Developer Comment: This change was made to help standardize the range of all DK melee attacks. It also matches the melee light attack range to the range of their abilities. This additional range helps distinguish melee DKs from other melee classes.",Passive Effect,Passive,Health Recovery,"The eldest Dragons are forces of nature. As are you. Activating a Draconic Power ability grants you and group members Minor Brutality for 20 seconds, increasing Weapon Damage by 10%. Increases your Health Recovery by up to 700, based on your missing Health. Current amount: 0",,22,,,,,,36,,,29460,44951,,,,,,,,,,,,,,,,,,,,,,,,,,,
Online:Elemental Barricade,Destruction Staff (Companion),"Your Companion slams their staff down to create an elemental wall in front of them, dealing 3141 Magic Damage over 8 seconds.",Companion-Elemental Barricade,157140,3.0.5,"* Fixed an issue where ranking up a summon ability (Unstable Familiar, Summon Winged Twilight, Feral Guardian, etc.) would unsummon your pet.",,Companion,,,,,10,8 seconds,Area,Instant,,,,,,,,,,,,,,,,,Blackwood,8 seconds,,,,,,Magic Damage,Area of Effect,,,,,,,,18 x 8 meters
Online:Elemental Explosion,,,,,,,,,,,,,,,,,,,,,,,,,,,,,,,,,,,,,,,,,,,,,,,,600,
Online:Elemental Force,Destruction Staff,With Destruction Staff Equipped Increases your chance to apply status effects by 50%.,Destruction Staff-Elemental Force,45512,2.1.4,"* Changed this ability's bonus to be multiplicative instead of additive. * Increased the bonuses received from this passive to 50% and 100%. * Updated the tooltip wording so it no longer mentions ""spells""; this passive has always increased the chance for all attacks (including weapon enchants).",Passive Effect,Passive,Increase Debuff Chance,With Destruction Staff Equipped Increases your chance to apply status effects by 100%.,,25,,,,,,30,,,30962,45512,,,,,,,,,,,,,,,,,,,,,,,,,,,
Online:Elemental Storm,Destruction Staff,"Create a cataclysmic storm at the target location that builds for 2 seconds then lays waste to all enemies in the area, dealing [4612 / 4662 / 4713 / 4764] Magic Damage every 1 second for 7 seconds.",Destruction Staff-Elemental Storm,86485,2.6.4,"* New Weapon Ultimates have been added to the game. Each Weapon skill line now has one Ultimate, and each Ultimate can be obtained by reaching Rank 50 in its respective Weapon skill line. Weapon Ultimates can be morphed as well!",Fire Damage,Ultimate,Frost Damage,"Target: Area. Create a cataclysmic storm above you that builds for 2 seconds then lays waste to all enemies nearby, dealing [4764 / 4816 / 4868 / 4921] Magic Damage every 1 second for 7 seconds.",Shock Damage,,50,250 Ultimate,Ground,Instant,Area of Effect,,ON-skill-Fire Storm.jpg,Fire Storm,,,"Create a cataclysmic storm at the target location that builds for 2 seconds then lays waste to all enemies in the area, dealing [5955 / 6020 / 6086 / 6151] Magic Damage every 1 second for 7 seconds. Fiery Rage increases the damage by 15%. Icy Rage immobilizes enemies hit for 3 seconds. Thunderous Rage increases the duration by 2 seconds.",Elemental Rage,86510,Increases the damage and gains a new effect depending on your staff type.,Eye of the Storm,86534,Destruction Staff-Eye of the Storm,"The storm is cast above you instead, and follows you wherever you move.",Destruction Staff-Elemental Rage,Damage Over Time,,7 seconds,Immobilize,,28 meters,Ultimate Cost,8 meters,,,,,,,,,,
Online:Elemental Talent,High Elf,Increases your Weapon Damage and Spell Damage by 86.,High Elf-Elemental Talent,45276,1.6.5,* The tooltip for this passive is now consistent across all its ranks.,Passive Effect,Passive,Increase Weapon Damage,Increases your Weapon Damage and Spell Damage by 172.,Increase Spell Damage,25,,,,,,35,,,35998,45275,,,,,,,,,,,,,,,,,,,,,Increases your Weapon Damage and Spell Damage by 258.,50,45276,,,,
Online:Emerald Moss,Green Balance,Increase your healing done with Green Balance abilities by 2% for each Green Balance ability slotted.,Green Balance-Emerald Moss,85877,7.2.5,* Fixed an issue where the morphs of Healing Seeds were not properly contributing to this passive,Increase Healing Done,Passive,Passive Effect,Increases your healing done with Green Balance abilities by 5% for each Green Balance ability slotted.,,22,,,,,,36,,,85876,85877,,,,,,,,,,,Crown Store,,,,,,,,,,,,,,,,
Online:Emperor,,,,,2.2.4,* Tactician: Fixed an issue where this passive was not increasing your siege damage as described.,PvP Bonus,,Health Recovery,,Magicka Recovery,,,,,,Stamina Recovery,,,,,,,,,,,,,,,Ultimate Gain,,,Increase Healing Received,,,Increase Damage Dealt,,,,Increase Max Health,,,,Increase Max Magicka,,,
Online:Encase,Dark Magic,"Cost: [4050 / 3960 / 3870 / 3780] Magicka. Call forth Daedric shards from the earth to immobilize enemies in front of you for 4 seconds. Enemies hit are afflicted with Major Maim, reducing their damage done by 10% for 10 seconds.",Dark Magic-Encase,30087,1.2.3,"* Restraining Prison: When this ability is removed from one player character, it no longer removes the graphics from your other targets.",Area of Effect,,Immobilize,"Cost: 4860 Magicka. Call forth a Daedric shroud from the Colored Rooms to heal you and your allies and enfeeble foes in front of you. You and allies in the area are healed for [7146 / 7224 / 7303 / 7381] Health and receive Minor Vitality, increasing your healing received and damage shield strength by 6% for 10 seconds. Enemies are afflicted with Major Maim, reducing their damage done by 10% for 10 seconds.",Reduce Damage Dealt,,4,3780 Magicka,Area,Instant,Magic Damage,,ON-skill-Encase immobilize.jpg,Two mudcrabs immobilized by Encase,,,"Call forth Daedric shards from the earth to encase and immobilize all enemies in front of you for 4 seconds. After the effect ends the shards shatter, dealing [5238 / 5295 / 5353 / 5413] Magic Damage to any enemy that was encased. Enemies hit are afflicted with Major Maim, reducing their damage done by 10% for 10 seconds.",Shattering Spines,30095,"The ability no longer has a cap of how many targets it can affect, and now deals damage when the effect ends.",Vibrant Shroud,30107,Dark Magic-Vibrant Shroud,"The area now heals you and allies, rather than immobilizing enemies, but at an increased cost. Healed targets receive Minor Vitality.",Dark Magic-Shattering Spines,Heal Self,,4 seconds,Heal Others,Magicka,,Increase Healing Received,18 meters,,,Magicka Cost,,,,,,,
Online:Enchanted,Breton (Companion),Decreases ability cooldowns by 3% and damage taken by 3%.,Companion-Enchanted,169465,3.0.5,"* Fixed an issue where ranking up a summon ability (Unstable Familiar, Summon Winged Twilight, Feral Guardian, etc.) would unsummon your pet.",,Companion Passive,,,,1,,,,,,,,,,,,,,,,,,,,,High Isle,,,,,,,Passive Effect,Reduce Cooldown,,,,,,Reduce Damage Taken,,
Online:Enduring Rays,Dawn's Wrath,"Increases the duration of your Sun Fire, Eclipse, Solar Flare, and Nova abilities by 1 second.",Dawn's Wrath-Enduring Rays,45214,1.6.5,* This passive no longer increases the duration of Backlash.,Passive Effect,Passive,Increase Effect Duration,"Increases the duration of your Sun Fire, Eclipse, Solar Flare, and Nova abilities by 2 seconds.",,8,,,,,,18,,,31739,45214,,,,,,,,,,,,,,,,,,,,,,,,,,,
Online:Energized,Storm Calling,Increases your Physical and Shock Damage by 3%.,Storm Calling-Energized,45190,2.3.5,"* Updated this passive ability's tooltip to indicate it increases all of your Shock Damage, and not just the damage of your Storm Calling abilities.",Passive Effect,Passive,Increase Damage Dealt,Increases your Physical and Shock Damage by 5%.,,14,,,,,,27,,,31421,45190,,,,,,,,,,,,,,,,,,,,,,,,,,,
Online:Engraver,Jewelry Crafting,Allows the use of Pewter Ounces.,Jewelry Crafting-Engraver,103636,,,,Passive,,Allows the use of Copper Ounces.,,1,,,,,,14,,,103632,103633,,,,,,,,,,,Summerset,,,,,,,,,,Allows the use of Silver Ounces.,27,103634,,,,
Online:Entomb,Mischievous Caster,Ember uses binding magic to immobilize enemies in front of them for 4 seconds and heal themselves for 4725/9000 Health over 8 seconds.,Companion-Entomb,165871,3.0.5,"* Fixed an issue where ranking up a summon ability (Unstable Familiar, Summon Winged Twilight, Feral Guardian, etc.) would unsummon your pet.",,Companion,,,,,1,16 seconds,Area,0.4 seconds,,,,,,,,,,,,,,,,,High Isle,4 seconds,,,,,,Immobilize,Heal Self,,,,,,,,18 x 6 meters
Online:Entropy,Mages Guild,"Bind an enemy with chaotic magic, dealing [12276 / 12419 / 12551 / 12694] Magic Damage over 20 seconds.",Mages Guild-Entropy,42207,1.1.2,* Significantly decreased the cost and increased the damage for this ability and its morphs.,Magic Damage,,Damage Over Time,"Bind an enemy with chaotic magic, dealing 12661 Magic Damage over 20 seconds, and healing you for [1151 / 1163 / 1176 / 1190] every 2 seconds.",Increase Spell Damage,,4,2700 Magicka,Enemy,Instant,Increase Weapon Damage,,ON-skill-Entropy.jpg,Entropy,,,"Cost: [2700 / 2610 / 2520 / 2430] Magicka. Bind an enemy with chaotic magic, dealing 12661 Magic Damage over 20 seconds. Excess magic spills out from them, granting you Major Brutality and Sorcery, increasing your Weapon Damage and Spell Damage by 20% for 20 seconds.",Degeneration,42224,You gain Major Brutality and Sorcery for a time after casting. Reduces the cost as the ability ranks up.,Structured Entropy,42240,Mages Guild-Structured Entropy,Adds a heal over time when the damage over time is active.,Mages Guild-Degeneration,Leech Health,,20 seconds,Heal Self,Magicka,28 meters,Magicka Cost,,,,,,,,,,,
Online:Equilibrium,Mages Guild,"Barter with Oblivion to trade vitality for power, sacrificing your Health in exchange for [2700 / 2800 / 2900 / 3000] Magicka. The exchange reduces your healing done and damage shield strength by 50% for 4 seconds.",Mages Guild-Equilibrium,42251,1.1.2,* Spell Symmetry: Increased the minimum health threshold required to use this ability.,Restore Magicka,,Drawbacks,"Barter with Oblivion to trade vitality for power, sacrificing your Health in exchange for 3000 Magicka. After the exchange is complete, you gain Major Resolve for [27 / 28 / 29 / 30] seconds, increasing your Physical Resistance and Spell Resistance by 5948. The exchange reduces your healing done and damage shield strength by 50% for 4 seconds.",Reduce Skill Cost,,8,6000 Health,Self,Instant,Increase Armor,,ON-skill-Equilibrium.jpg,Equilibrium,,,"Barter with Oblivion to trade vitality for power, sacrificing your Health in exchange for 3000 Magicka. After the exchange is complete, the cost of your next Magicka ability is reduced by [30 / 31 / 32 / 33]% for 5 seconds. The exchange reduces your healing done and damage shield strength by 50% for 4 seconds.",Spell Symmetry,42263,"After the exchange is complete, the cost of your next Magicka ability is reduced.",Balance,42278,Mages Guild-Balance,"After the exchange is complete, you gain Major Resolve, increasing your Physical Resistance and Spell Resistance.",Mages Guild-Spell Symmetry,Health Cost,,,,Health,,,,,,,,,,,,,
Online:Erudite's Rigor,Class Mastery,Master the archaic and forge new runes of conflict. Upgrades Fatewoven Armor to inflict Minor Cowardice on your attacker while granting Major Vitality to you and your group for 4 seconds. You gain 1 Ultimate for every Crux you have. These effects can occur once every 2 seconds.,Soldier of Apocrypha-Wellspring of the Abyss,263412,12.0.5,"*Erudite’s Rigor: This passive upgrades Fatewoven Armor to apply Minor Cowardice on the attacker for 4 seconds, grant you and group members Major Vitality for 4 seconds, and to grant you 1 Ultimate per Crux you have when taking damage. These effects can occur once every 2 seconds.",,Passive,,,,1,,,,,,,,,,,,,,,,,,,,,,,,,,,,,,,,,,,,,
Online:Erudition,Curative Runeforms,Knowledge is power. Your excessive scholarship increases your Magicka and Stamina Recovery by 9%.,Curative Runeforms-Erudition,185239,,,Magicka Recovery,Passive,Stamina Recovery,Knowledge is power. Your excessive scholarship increases your Magicka and Stamina Recovery by 18%.,,22,,,,,,36,,,185238,185239,,,,,,,,,,,,,,,,,,,,,,,,,,,
Online:Essence Drain,Restoration Staff,"WITH RESTORATION STAFF EQUIPPED You gain Major Mending for 2 seconds after completing a fully-charged Heavy Attack, increasing your healing done by 16%. You also heal yourself or an ally within 12 meters of the target for 25% of the damage inflicted by the final hit of a fully-charged Heavy Attack.",Restoration Staff-Essence Drain,45517,2.3.5,* This passive ability now also grants you the Major Mending buff for 1.5/3 seconds after completing a fully-charged Heavy Attack at Ranks I/II.,Passive Effect,Passive,Heavy Attack Bonus,"WITH RESTORATION STAFF EQUIPPED You gain Major Mending for 4 seconds after completing a fully-charged Heavy Attack, increasing your healing done by 16%. You also heal yourself or an ally within 12 meters of the target for 50% of the damage inflicted by the final hit of a fully-charged Heavy Attack.",Increase Healing Done,5,,,,,Heal Self,34,,,30973,45517,,,,,,,,,,Heal Others,,,Leech Health,,,,,,,,,,,,,,
Online:Eternal Mountain,Earthen Heart,"Rock and stone shield your heart, turning aside sharp blades and barbed words. Increases your Armor by 1487",Draconic Power-Burning Heart,44996,11.3.4,* Combat Refresh Overhaul. Dragonknight Functionality and Balance Update.,Passive Effect,Passive,Increase Effect Duration,"Rock and stone shield your heart, turning aside sharp blades and barbed words. Increases your Armor by 2974",,8,,,,,,18,,,29468,44996,,,,,,,,,,,,,,,,,,,,,,,,,,,
Online:Evasion,Medium Armor,"Duration: [17 / 18 / 19 / 20] seconds. Requires 5 pieces of medium armor equipped Shroud yourself in mist to gain Major Evasion, reducing damage taken from area attacks by 20% for [17 / 18 / 19 / 20] seconds.",Medium Armor-Evasion,41126,1.2.3,* This ability's triggered opacity effect will no longer prematurely disappear after killing an enemy.,Evasion,,Remove Snares,"Duration: 16 seconds. Requires 5 pieces of medium armor equipped Shroud yourself in mist to gain Major Evasion, reducing damage taken from area attacks by 20% for (2 * # Medium Armor + 16). While this effect is active, when you take damage from a direct area of effect attack you gain Major Expedition for (# Medium Armor), increasing your Movement Speed by 30%. Each piece of Medium Armor worn increases the duration of this ability.",Immunity,,22,3213 Stamina,Self,Instant,Medium Armor Boost,,ON-skill-Evasion.jpg,Evasion,,,"Cost: [3213 / 3123 / 3033 / 2943] Stamina. Requires 5 pieces of medium armor equipped Shroud yourself in mist to gain Major Evasion, decreasing damage taken from area attacks by 20% for 20 seconds. Each piece of Medium Armor worn removes and grants immunity to snares and immobilizations for 1 second.",Shuffle,41131,Each piece of Medium Armor worn removes and grants immunity to snares and immobilizations.,Elude,41137,Medium Armor-Elude,"When you take area damage, you gain Major Expedition. Each piece of Medium Armor worn increases the duration of this ability.",Medium Armor-Shuffle,Increase Movement Speed,,20 seconds,Stamina Cost,Stamina,,,,,,,,,,,,,
Online:Everlasting Magic,Mages Guild,Increases the duration of your Mages Guild abilities by 1 second.,Mages Guild-Everlasting Magic,45602,10.0.5,"* This passive now increases the duration of Mages Guild duration abilities by 1/2 seconds, rather than 10/20%. ** Developer Comment: This change was done to fix truncation issues and reduce its potency with some of the abilities in the skill line.",Passive Effect,Passive,Increase Effect Duration,Increases the duration of your Mages Guild abilities by 2 seconds.,,5,,,,,,7,,,40437,45602,,,,,,,,,,,,,,,,,,,,,,,,,,,
Online:Eviscerate,Vampire,"Rend an enemy, dealing [6149 / 6216 / 6284 / 6351] Magic Damage and applying the Hemorrhaging status effect. Deals up to 33% more damage based on your missing Health.",Vampire-Eviscerate,41866,6.0.5,* Drain Essence ** This ability has been removed from the game and replaced with Eviscerate. ** All experience earned in Drain Essence has been transferred to Eviscerate. * Eviscerate (New Skill) ** This new skill is a direct damage melee attack that deals more damage based on your own missing Health. ** Blood for Blood (Morph 1) - Costs Health to use and increases the damage bonus based on your own missing Health. ** Arterial Burst (Morph 2) - Will always be a Critical Strike if you use it while under half Health.,Magic Damage,,Near Death Effect,"Rend an enemy, dealing [6352 / 6421 / 6491 / 6561] Magic Damage and applying the Hemorrhaging status effect. Deals up to 33% more damage based on your missing Health. If you use this ability while you are under 50% Health, it will always be a Critical Strike.",Drawbacks,,1,2295 Magicka,Enemy,Instant,Critical Strike,,ON-skill-Eviscerate.jpg,Eviscerate,,,"Cost: 2295 Health. Rend an enemy, dealing 6352 Magic Damage and applying the Hemorrhaging status effect. Deals up to [60 / 65 / 70 / 75]% more damage based on your missing Health. After you cast this ability, you cannot be healed by allies for 3 seconds.",Blood for Blood,41902,"Costs Health to cast, but greatly increases the execute scaling. After casting the ability, you cannot be healed by allies for a short duration.",Arterial Burst,41881,Vampire-Arterial Burst,Will always be a Critical Strike if you cast it while under half Health.,Vampire-Blood for Blood,Magicka Cost,,,Health Cost,,7 meters,,,,,,,,,,,,
Online:Evocation,Light Armor,Increases your Magicka Recovery by 2% for each piece of Light Armor equipped. Reduces the Magicka cost of your abilities by 1% for each piece of Light Armor equipped.,Light Armor-Evocation,45557,3.0.5,"* Swapped the Evocation and Recovery passives in the Skill Line window. * This is now a 2-point passive, originally 3-points. It now reduces the cost of your Magicka abilities by 1/2% per piece of Light Armor, down from 1/2/3%.",Passive Effect,Passive,Magicka Recovery,Increases your Magicka Recovery by 4% for each piece of Light Armor equipped. Reduces the Magicka cost of your abilities by 2% for each piece of Light Armor equipped.,Light Armor Boost,6,,,,,Reduce Skill Cost,18,,,29665,45557,,,,,,,,,,,,,,,,,,,,,,,,,,,
Online:Excavator's Reserves,Excavation,Increases the amount of time you have available when excavating a dig site.,Excavation-Excavator's Reserves,139911,,,Passive Effect,Passive,Antiquities,Further increases the amount of time you have available when excavating a dig site.,,3,,,,,,10,,,,,,,,,,,,,,,Greymoor,,,,,,,,,,,,,,,,
Online:Executioner (skill),Assassination,"When an enemy dies within 2 seconds of being damaged by you, you restore 500 Magicka and Stamina.",Assassination-Executioner,45048,3.2.5,"* This passive ability no longer requires you to get the killing blow with an Assassination ability to trigger its resource return; it now has a 2-second grace period after damaging the enemy with an Assassination ability where it can still trigger the proc. It also now restores either Magicka or Stamina, whichever you have a higher maximum of, and restores that resource instantly instead of over 6 seconds. **Developer Comments:This passive ability will be more useful for tanks who weren't able to get killing blows, and stamina Nightblades who can now get stamina. It also makes the proc more reliable in multiplayer situation where multiple players attacking the enemy.",Passive Effect,Passive,Kill Bonus,"When an enemy dies within 2 seconds of being damaged by you, you restore 1000 Magicka and Stamina.",Restore Stamina,14,,,,,Restore Magicka,27,,,36630,45048,,,,,,,,,,,,,,,,,,,,,,,,,,,
Online:Expert Hunter,Fighters Guild,"Cost: [5400 / 5310 / 5220 / 5130] Stamina. Invoke your expertise in anatomy and enemy behavior to detect stealthed and invisible enemies around you for 5 seconds. Exposed enemies cannot return to stealth or invisibility for 4 seconds. While slotted you gain Major Savagery and Prophecy, increasing your Weapon Critical and Spell Critical rating by 2629.",Fighters Guild-Expert Hunter,42610,1.3.3,* The FX for this ability no longer persists on dead monsters.,Detection,,Slotted Effect,"Invoke your expertise in anatomy and enemy behavior to detect stealthed and invisible enemies around you for 5 seconds. Exposed enemies cannot return to stealth or invisibility for 4 seconds. While slotted you gain Major Savagery and Prophecy, increasing your Weapon Critical and Spell Critical rating by 2629. You also gain Minor Berserk for [2 / 3 / 4 / 5] seconds after dealing Critical Damage from an enemy's flank.",Weapon Critical,,6,5130 Stamina,Area,Instant,Increase Damage Dealt,,ON-skill-Expert Hunter.jpg,The effects of Expert Hunter,,,"Radius: 12 meters. Invoke your expertise in anatomy and enemy behavior to detect stealthed and invisible enemies around you for 5 seconds. Exposed enemies cannot return to stealth or invisibility for 4 seconds. While active, increases the damage of your Stamina costing Fighters Guild abilities by [22 / 23 / 24 / 25]%. While slotted you gain Major Savagery and Prophecy, increasing your Weapon Critical and Spell Critical rating by 2629.",Evil Hunter,42624,"While active, your non Ultimate Fighters Guild abilities have increased damage. Increases the radius of the reveal.",Camouflaged Hunter,42641,Fighters Guild-Camouflaged Hunter,"While slotted, dealing Critical Damage from the flank of an enemy grants Minor Berserk.",Fighters Guild-Evil Hunter,Angle of Attack Bonus,,5 seconds,Stamina Cost,Stamina,,,8 meters,,,,,,,,,,
Online:Expert Mage,Storm Calling,Increases your Weapon Damage and Spell Damage by 54 for each Sorcerer ability slotted.,Storm Calling-Expert Mage,45195,1.6.5,* This passive ability has been changed. It now grants 2% Spell Power for each Sorcerer ability slotted instead of 10% reduced cost to lightning spells.,Passive Effect,Passive,Increase Weapon Damage,Increases your Weapon Damage and Spell Damage by 108 for each Sorcerer ability slotted.,Increase Spell Damage,39,,,,,,50,,,31425,45195,,,,,,,,,,,,,,,,,,,,,,,,,,,
Online:Expert Summoner,Daedric Summoning,Increases your Magicka and Stamina by 2%. Increases your Max Health 2% if you have a permanent pet active.,Daedric Summoning-Expert Summoner,45199,2.2.4,* Fixed an issue where this passive ability's speed bonus was not being applied when out of combat.,Passive Effect,Passive,Increase Max Health,Increases your Magicka and Stamina by 5%. Increases your Max Health by 5% if you have a permanent pet active.,Increase Max Magicka,39,,,,,Increase Max Stamina,50,,,31412,45199,,,,,,,,,,,,,,,,,,,,,,,,,,Maximum,
Online:Exploitation,Dark Magic,"When you cast a Dark Magic ability you grant Minor Prophecy to you and your group, increasing your Spell Critical rating by 1314 for 10 seconds.",Dark Magic-Exploitation,45181,1.6.5,"* This passive now provides nearby allies with the Minor Prophecy buff for 15 seconds at Rank I, and 30 second at Rank II.",Passive Effect,Passive,Spell Critical,"When you cast a Dark Magic ability you grant Minor Prophecy to you and your group, increasing your Spell Critical rating by 1314 for 20 seconds.",Group Bonus,39,,,,,,50,,,31389,45181,,,,,,,,,,,,,,,,,,,,,,,,,,,
Online:Explosive Fortitude,Empathic Fighter,"Tanlorin's soul explodes outwards, dealing 1622 Magic Damage around them. When they take damage, deal an additional 1622 Magic Damage to nearby enemies. This effect can occur once every 2 seconds over 6 seconds.",Companion-Explosive Fortitude,,3.0.5,"* Fixed an issue where ranking up a summon ability (Unstable Familiar, Summon Winged Twilight, Feral Guardian, etc.) would unsummon your pet.",,Companion,,,,,2,12 seconds,Area,0.3 seconds,,,,,,,,,,,,,,,,,,6 seconds,,,,,8 meters,Magic Damage,Counter Attack,,,,,,Area of Effect,,
Online:Expunge,Living Death,"Cost: [2000 / 1980 / 1960 / 1940] Health. Embrace the power of death, removing up to 2 negative effects from yourself. While slotted, the cost of all your abilities are reduced by 3%.",Living Death-Expunge,40115307,8.0.5,"* Hexproof (morph): ** Reduced the cost of this morph to 1670 at its final rank, down from 1880. ** The morph tooltip now properly states it reduces in cost as the ability ranks up.",Cleanse,,Slotted Effect,"Cost: [1940 / 1850 / 1760 / 1670] Health. Embrace the power of death, removing up to 4 negative effects from yourself. While slotted, the cost of all your abilities are reduced by 3%.",Reduce Skill Cost,,4,1940 Health,Self,Instant,Restore Magicka,,ON-skill-Expunge.jpg,Expunge and its Expunge and Modify morph visual,,,"Embrace the power of death, removing up to 2 negative effects from yourself and restoring [500 / 505 / 510 / 515] Magicka and Stamina for each negative effect removed. While slotted, the cost of all your abilities are reduced by 3%.",Expunge and Modify,40117940,You restore Magicka and Stamina for each negative effect removed.,Hexproof,40117919,Living Death-Hexproof,Reduces cost as the ability ranks up and Increases the amount of negative effects removed.,Living Death-Expunge and Modify,Restore Stamina,Elsweyr,,Health Cost,Health,,,,,,,,,,,,,
Online:Extinguishing Breath,Draconic Armor,"Tanlorin channels draconic energy to suck in the air around them, dealing 1622 Flame Damage to nearby enemies and healing themselves for 787 Health. Any enemy hit that is casting is interrupted and stunned for 2 seconds. After 2.5 seconds, they exhale fire dealing 1622 Flame Damage to nearby enemies.",Companion-Extinguishing Breath,153839,3.0.5,"* Fixed an issue where ranking up a summon ability (Unstable Familiar, Summon Winged Twilight, Feral Guardian, etc.) would unsummon your pet.",,Companion,,,,,5,16 seconds,Self,0.4 seconds,,,,,,,,,,,,,,,,,,,,,,,8 meters,Flame Damage,Area of Effect,,,,,,Stun,,
Online:Falcon's Swiftness,Animal Companions,"Cost: [3510 / 3420 / 3330 / 3240] Magicka. Invoke the spirit of agility to gain Major Expedition for 6 seconds, increasing your Movement Speed by 30%. Gain immunity to snares and immobilizations for 4 seconds.",Animal Companions-Falcon's Swiftness,86040,3.2.5,"* Deceptive Predator: This morph now increases the duration to 14 seconds, in addition to granting Minor Evasion. ** Developer Comments: This change helps compensate this morph with additional efficiency. Deceptive Predator's Minor Evasion only gives 5% dodge chance, while Bird of Prey's Minor Berserk gives 8% damage.",Increase Movement Speed,,Immunity,"Cost: [2970 / 2880 / 2790 / 2700] Magicka. Invoke the spirit of agility to gain Major Expedition for 6 seconds, increasing your Movement Speed by 30%. Gain immunity to snares and immobilizations for 4 seconds. While slotted you gain Minor Berserk, increasing your damage done by 5%.",Slotted Effect,,42,3240 Magicka,Self,Instant,Evasion,,ON-skill-Falcon's Swiftness.jpg,Falcon's Swiftness being cast by a Khajiit Warden,,,"Cost: [2970 / 2880 / 2790 / 2700] Magicka. Invoke the spirit of agility to gain Major Expedition for 6 seconds, increasing your Movement Speed by 30%. Gain immunity to snares and immobilizations for 4 seconds. While slotted you gain Minor Evasion, reducing damage from area attacks by 10%.",Deceptive Predator,86044,Passively grants Minor Evasion while slotted.,Bird of Prey,86048,Animal Companions-Bird of Prey,Passively grants Minor Berserk while slotted.,Animal Companions-Deceptive Predator,Increase Damage Dealt,Crown Store,6 seconds,Magicka Cost,Magicka,,,,,,,,,,,,,
Online:Fan the Flames,Ardent Flame,"Tend to your garden of flame, that it may flourish. Increases your chances of applying the Burning status effect by 25% and its damage done by 12%. These values are influenced by the number of Dragonknight abilities slotted.",Ardent Flame-Fan the Flames,45023,,,,Passive,,"Tend to your garden of flame, that it may flourish. Increases your chances of applying the Burning status effect by 50% and its damage done by 25%. These values are influenced by the number of Dragonknight abilities slotted.",,22,,,,,,36,,,,,,,,,,,,,,,,,,,,,,,,,,,,,,,
Online:Farsight (skill),Scrying,"Claim a line of facets, stretching out from your area of control. Consumes 1 Magicka Charge.",Scrying-Farsight,139321,,,,Passive,,"Claim a line of facets, stretching out from your area of control. New Effect: Range increased from 4 facets to 6. Consumes 1 Magicka Charge.",,6,,,,,,9,,,,,,,,,,,,,,,Greymoor,,,,,,,,,,,,,,,,
Online:Fate Omen's Inspiration,Scholar of Apocrypha,"Azandar charges their weapons and their allies' weapons with apocryphal energy for 8 seconds, applying Minor Berserk, increasing their damage done by 5%.",Companion-Fate Omen's Inspiration,191765,3.0.5,"* Fixed an issue where ranking up a summon ability (Unstable Familiar, Summon Winged Twilight, Feral Guardian, etc.) would unsummon your pet.",,Companion,,,,,11,15.5 seconds,Area,0.3 seconds,,,,,,,,,,,,,,,,,Necrom,8 seconds,,,,,28 meters,Increase Damage Dealt,,,,,,,,,
Online:Fate Realigned,Class Mastery,"Be the hand that guides the weave of fate. Upgrades rank 2 of Implacable Outcome to generate maximum Crux, up to once every 15 seconds. After this effect triggers you gain 300 Weapon Damage and Spell Damage for 25 seconds.",Soldier of Apocrypha-Implacable Outcome,263398,12.0.5,"*Fate Realigned: This passive upgrades rank 2 of Implacable Outcome to also generate 3 Crux upon activation, and to grant 300 Weapon and Spell Damage for 25 seconds, up to once every 15 seconds.",,Passive,,,,1,,,,,,,,,,,,,,,,,,,,,,,,,,,,,,,,,,,,,
Online:Fatecarver,Herald of the Tome,"Cost Determined by Highest Max Resource Harness pure knowledge into a beam of energy that scars the world in front of you. Channel the beam for up to 4 seconds, dealing [2327 / 2352 / 2378 / 2403] Magic Damage every 0.3 seconds to up to 6 enemies. Casting Fatecarver consumes all Crux and increases damage done by 33% per Crux spent. This ability is considered direct damage.",Herald of the Tome-Fatecarver,40185805,9.3.5,* Reduced the damage done by this ability and its morphs by ~7% per tick. ** Pragmatic Fatecarver (morph): *** Reduced the potency of the damage shield this morph offers by ~16%. *** Fixed an issue where the shield did not have a Max Health limit like other shields. The shield is now limited to 50% of your Max Health.,Magicka Cost,,Stamina Cost,"Cost Determined by Highest Max Resource Channel a beam of energy in front of you for up to 4 seconds, dealing 2403 Magic Damage every 0.3 seconds to up to 6 enemies, and gain a damage shield that absorbs up to 8575 damage and grants interrupt immunity. Casting Pragmatic Fatecarver consumes all Crux and increases damage done by 33%, and decreases cost by [13 / 14 / 15 / 16]% per Crux spent. This ability is considered direct damage.",Magic Damage,,4,630 Magicka / 1s,Area,,Area of Effect,,ON-skill-Fatecarver (Beam).jpg,Fatecarver and its morphs visual,,,"Cost Determined by Highest Max Resource Harness pure knowledge into a beam of energy that scars the world in front of you. Channel the beam for up to 4 seconds, dealing 2403 Magic Damage every 0.3 seconds to up to 6 enemies and snares them by [12 / 13 / 14 / 15]%. Casting Exhausting Fatecarver consumes all Crux and increases damage done by 33%, duration by 0.3 seconds, and snare by [12 / 13 / 14 / 15]% per Crux spent. This ability is considered direct damage.",Exhausting Fatecarver,40183122,Applies a snare to damaged enemies. Consuming Crux also increases the duration and snare strength.,Pragmatic Fatecarver,40186366,Herald of the Tome-Pragmatic Fatecarver,Gain a damage shield while channeling and immunity to interrupts while the shield is active. Consuming Crux also reduces the cost.,Herald of the Tome-Exhausting Fatecarver,Reduce Movement Speed,,,Increase Effect Duration,Magicka or Stamina,,Damage Shield,22x3 meters,,,Immunity,,,,,,,
Online:Fated Fortune,Herald of the Tome,"Warp fate when you generate or consume Crux, increasing your Critical Damage and Critical Healing by 6% for 7 seconds.",Herald of the Tome-Fated Fortune,184847,,,Increase Critical Damage,Passive,Increase Critical Healing,"Warp fate when you generate or consume Crux, increasing your Critical Damage and Critical Healing by 12% for 7 seconds.",,8,,,,,,18,,,184844,184847,,,,,,,,,,,,,,,,,,,,,,,,,,,
Online:Fatewoven Armor,Soldier of Apocrypha,"Duration: [17 / 18 / 19 / 20] seconds. Forge defiant runic armor around you, granting Major Resolve for [17 / 18 / 19 / 20] seconds, increasing your Armor by 5948. While the armor persists, taking damage applies Minor Breach, reducing the Armor of your attacker by 2974 for 6 seconds.",Soldier of Apocrypha-Fatewoven Armor,40183648,,,Magicka Cost,,Increase Armor,"Cost: [2700 / 2610 / 2520 / 2430] Magicka. Forge defiant runic armor around you, granting 5% Block Mitigation and Major Resolve for 20 seconds, increasing your Armor by 5948 for 20 seconds. Consume Crux to gain 5% additional Block Mitigation per Crux spent. While the armor persists, taking damage applies Minor Breach, reducing the Armor of your attacker by 2974 for 6 seconds.",Counter Attack,,20,2700 Magicka,Self,Instant,Reduce Armor,,ON-skill-Fatewoven Armor.png,Fatewoven Armor,,,"Duration: [27 / 28 / 29 / 30] seconds. Forge defiant runic armor around you, granting Major Resolve for [27 / 28 / 29 / 30] seconds, increasing your Armor by 5948. While the armor persists, taking damage applies Minor Breach, reducing the Armor of your attacker by 2974 for 6 seconds. Blows against your armor also generate Crux, up to once every 5 seconds.",Cruxweaver Armor,40185908,"Increases the duration and when damaged, creates a Crux.",Unbreakable Fate,40186477,Soldier of Apocrypha-Unbreakable Fate,Gain bonus Block Mitigation and consume Crux to increase the bonus.,Soldier of Apocrypha-Cruxweaver Armor,Increase Block,Necrom,20 seconds,,Magicka,,,,,,,,,,,,,
Online:Fear of the Unknown,Quill Knight,"Azandar confronts an enemy with the unknowable truth of reality, applying Fear to them for 4 seconds.",Companion-Fear of the Unknown,194266,3.0.5,"* Fixed an issue where ranking up a summon ability (Unstable Familiar, Summon Winged Twilight, Feral Guardian, etc.) would unsummon your pet.",,Companion,,,,,14,7.8 seconds,Enemy,0.4 seconds,,,,,,,,,,,,,,,,,Necrom,,,,15 meters,,,Fear,,,,,,,,,
Online:Feed,Vampire,"Allows you to feed on an unsuspecting target, killing them and increasing your Vampire Stage. Higher Stages make you a stronger Vampire at the cost of your humanity. Stages decrease over long periods of time. Stage 1/2/3/4 Health Recovery: -10%/-30%/-60%/-100% Flame Damage Taken: +5%/+8%/+13%/+20% Regular Ability Costs: +3%/+5%/+8%/+12% Vampire Ability Costs: -6%/-10%/-16%/-24%",Vampire-Feed,42054,8.0.5,* This synergy now heals you to full Health after successfully casting on a target and feasting upon their life essence. Delicious!,Passive Effect,Passive,Stealth Bonus,,Drawbacks,1,,,,,Reduce Skill Cost,,,,,,,,,,,,,,,,,,,,,,,,,,,,,,,,
Online:Feline Ambush,Khajiit,Increases your Critical Damage and Critical Healing by 4%. Decreases your detection radius in Stealth by 1 meter.,Khajiit-Feline Ambush,45301,1.6.5,* This passive ability's tooltip now correctly reflects the Weapon Critical bonus it grants.,Passive Effect,Passive,Increase Critical Damage,Increases your Critical Damage and Critical Healing by 8%. Decreases your detection radius in Stealth by 2 meters.,Increase Critical Healing,25,,,,,Improve Stealth,35,,,36067,45299,,,,,,,,,,,,,,,,,,,,,Increases your Critical Damage and Critical Healing by 12%. Decreases your detection radius in Stealth by 3 meters.,50,45301,,,,
Online:Feral Cruelty,Werewolf,"WHILE YOU ARE IN WEREWOLF FORM Lorkh teaches through suffering. So too will your claws. Increases your Weapon Damage and Spell Damage by 12%, reducing to 5% against targets with Battle Spirit. Grants you Major Resolve, increasing your Physical Resistance and Spell Resistance by 5948.",Werewolf-Savage Strength,46139,12.0.5,"*Savage Strength -> Feral Cruelty: Increased the amount of Weapon and Spell Damage granted from this passive to 12/25%, up from 9/18%.",Passive Effect,Passive,Increase Weapon Damage,"WHILE YOU ARE IN WEREWOLF FORM Lorkh teaches through suffering. So too will your claws. Increases your Weapon Damage and Spell Damage by 25%, reducing to 10% against targets with Battle Spirit. Grants you Major Resolve, increasing your Physical Resistance and Spell Resistance by 5948.",Increase Spell Damage,6,,,,,Increase Armor,9,,,,,,,,,,,,,,,,,,,,,,,,,,,,,,,
Online:Feral Guardian,Animal Companions,"Rouse a grizzly to fight by your side. The grizzly swipes at an enemy, dealing [1537 / 1553 / 1570 / 1587] Magic Damage, and sometimes swipes all enemies in front of it, dealing [6149 / 6216 / 6284 / 6351] Magic Damage and stunning them for 2 seconds. Once summoned you can activate Guardian's Wrath for 75 Ultimate, causing the grizzly to maul an enemy for [8610 / 8704 / 8799 / 8894] Magic Damage. Deals 100% more damage to enemies below 25% Health.",Animal Companions-Feral Guardian,85985,3.0.5,"* Fixed an issue where ranking up a summon ability (Unstable Familiar, Summon Winged Twilight, Feral Guardian, etc.) would unsummon your pet.",Summon,Ultimate,Magic Damage,"Rouse a grizzly to fight by your side. The grizzly swipes at an enemy, dealing [1746 / 1765 / 1784 / 1803] Bleed Damage, and sometimes swipes all enemies in front of it, dealing [6987 / 7063 / 7140 / 7217] Bleed Damage and stunning them for 2 seconds. Once summoned you can activate Guardian's Savagery for 75 Ultimate, to maul an enemy for [9783 / 9890 / 9998 / 10105] Bleed Damage. Deals 100% more damage to enemies below 25% Health. The damage has a higher chance to apply the Hemorrhaging status effect.",Area of Effect,,12,Free,Self,2.5 seconds,Stun,,ON-skill-Feral Guardian.jpg,A Feral Guardian summoned by a Khajiit Warden,,,"Rouse a grizzly to fight by your side. The grizzly swipes an enemy, dealing [1587 / 1604 / 1621 / 1639] Magic Damage, and sometimes swipes all enemies in front of it, dealing [6352 / 6421 / 6491 / 6561] Magic Damage and stunning them for 2 seconds. Once summoned you can activate Guardian's Wrath for 75 Ultimate, causing the grizzly to maul an enemy for [8893 / 8990 / 9088 / 9186] Magic Damage. Deals 150% more damage to enemies below 25% Health. The grizzly respawns when killed, once per minute.",Eternal Guardian,85989,The grizzly instantly respawns when it dies. Increases the amount of bonus damage dealt to low Health targets.,Wild Guardian,85993,Animal Companions-Wild Guardian,"The bear now deals Bleed Damage, and has a quintuple chance of applying the Hemorrhaging status effect.",Animal Companions-Eternal Guardian,Execute,Crown Store,,Bleed Damage,,,Increase Debuff Chance,,,,No Cost,,,,Ultimate Cost,,,
Online:Fiery Breath,Draconic Power,"Exhale a blast of draconic fire in front of you, dealing [1874] Flame Damage and an additional [3215] Flame Damage over 10 seconds to enemies in your path.",Ardent Flame-Fiery Breath,34031,1.1.2,* Burning Breath: Fixed an issue where this ability was doing less damage than intended.,Fire Damage,,Area of Effect,"Cost: 3780 Magicka. Breathe forth and unending torrent of draconic fire in front of you, dealing [1114] Flame Damage every 0.5 seconds in a channeled attack over 4.8 seconds. Each tick increases the damage by 5%, up to a maximum of 50%. While Take Flight is active you always deal maximum damage. This ability is considered direct damage.",Direct Damage,,1,2984 Stamina,Cone,Instant,Damage Over Time,,ON-skill-Fiery Breath.jpg,Fiery Breath,,,"Exhale a blast of draconic fire in front of you, dealing [1874] Flame Damage, applying the Burning status effect, and an additional [3215] Flame Damage over 10 seconds to enemies in your path. The initial hit liquifies the armor of your enemies applying Major Breach to enemies for the duration, reducing Physical Resistance and Spell Resistance by 5948.",Disintegrating Dragonfire,34039,The initial hit applies the Burning status effect and Major Breach.,Engulfing Dragonfire,34048,Ardent Flame-Engulfing Flames,Converts the ability into a channeled attack that deals direct damage.,Ardent Flame-Noxious Breath,Poison Damage,,10 seconds,Apply Status Effect,Stamina,,Reduce Armor,10 meters,,,Increase Damage Taken,,,,Magicka Cost,,,
Online:Fiery Flail,Ardent Warrior,"Bastian Hallix lashes an enemy with flame, dealing 3245/6180 Flame Damage and setting them Off Balance for 7 seconds.",Companion-Fiery Flail,153687,3.0.5,"* Fixed an issue where ranking up a summon ability (Unstable Familiar, Summon Winged Twilight, Feral Guardian, etc.) would unsummon your pet.",,Companion,,,,,2,12 seconds,Enemy,0.5 seconds,,,,,,,,,,,,,,,,,Blackwood,,,,5 meters,,,Flame Damage,Off-Balance,,,,,,,,
Online:Fiery Grip,Draconic Power,"Lash out with a flaming chain, pulling an enemy to you. The searing metal deals [1499] Flame Damage, applies the Burning status effect, and taunts them for 15 seconds if they are not already taunted. This attack cannot be dodged or reflected. Also inflicts Minor Cowardice on the enemy, reducing Weapon Damage and Spell Damage for 430 for 10 seconds.",Ardent Flame-Fiery Grip,23744,1.2.3,* This ability will no longer taunt monsters that already have an active taunt on them.,Fire Damage,,Direct Damage,"Lash out with a chain bound in Draconic runes, pulling an enemy to you. The enchanted metal deals 1499 Flame Damage, applies the Burning status effect, and taunts them for 15 seconds if they are not already taunted. If the target cannot be pulled you restore the abilities Magicka cost. This attack cannot be dodged or reflected. Also inflicts Minor Cowardice on the enemy, reducing Weapon Damage and Spell Damage for 430 for [15] seconds.",Pull,,42,3780 Magicka,Enemy,Instant,Taunt,,ON-skill-Fiery Grip.jpg,Fiery Grip,,,"Lash out with a chain bound in jagged links, pulling yourself to an enemy. The searing metal deals 1499 Flame Damage and applies the Burning status effect. This attack cannot be dodged or reflected. Hitting the target grants you Major Berserk and Major Evasion for [10] seconds, increasing damage done by 10% reducing damage taken from area attacks by 20%.",Chains of Devastation,32229,Converts the enemy pull into a self pull that no longer taunts or debuffs. Grants Major Berserk and Major Evasion.,Chains of Dominance,23778,Ardent Flame-Unrelenting Grip,"If the target cannot be pulled, you are refunded the Magicka cost. Extends the duration of Major Cowardice.",Ardent Flame-Chains of Devastation,Increase Movement Speed,,,Charge,Magicka,22 meters,Increase Damage Dealt,,,,Restore Magicka,,,,Magicka Cost,,,
Online:Finders Keepers,Thieves Guild,Thieves Troves are caches that are located all over Tamriel. They can only be opened by members of the Thieves Guild.,Thieves Guild-Finders Keepers,74580,,,Passive Effect,Passive,Free Items,,,1,,,,,,,ON-misc-Thieves Trove.jpg,A trove,,,,,,,,,,,,,Thieves Guild,,,,,,,,,,,,,,,,
Online:Fire Rune,Mages Guild,"Inscribe a rune of cosmic fire on the earth, which takes 2 seconds to arm and lasts for 20 seconds. When triggered, the rune blasts all enemies in the target area for [6147 / 6214 / 6281 / 6350] Flame Damage.",Mages Guild-Fire Rune,42305,1.3.4,"* Scalding Rune: Fixed an issue where the damage-over-time from this ability would stack multiple times on the same enemy. We also fixed an issue where there were multiple copies of the FX playing after this ability was cast. * Might of the Guild: Fixed an issue with this passive where, when combined with using the ability Scalding Rune repeatedly, you could place many Runes down at one time.",Trap,,Fire Damage,"Inscribe a rune of cosmic fire on the earth, which takes 2 seconds to arm and lasts for 20 seconds. When triggered, the rune blasts all enemies in the target area for 6351 Flame Damage and an additional [7590 / 7667 / 7744 / 7832] Flame Damage over 22 seconds.",Area of Effect,,6,3240 Magicka,Ground,Instant,Knockback,,ON-skill-Fire Rune.jpg,Fire Rune,,,"Cost: [3240 / 3150 / 3060 / 2970] Magicka. Inscribe a rune of cosmic fire on the earth, which takes 2 seconds to arm and lasts for 20 seconds. When triggered, the rune blasts all enemies in the target area for 6351 Flame Damage, knocks them into the air, and stuns them for 3 seconds.",Volcanic Rune,42327,The rune knocks enemies into the air and stuns them. Reduces the cost as the ability ranks up.,Scalding Rune,42349,Mages Guild-Scalding Rune,The rune also deals additional damage over time.,Mages Guild-Volcanic Rune,Stun,,20 seconds,Damage Over Time,Magicka,28 meters,Magicka Cost,3 meters,,,,,,,,,,
Online:Firmness,Heavy Armor (Companion),Increases healing received by 1% for each piece of Heavy Armor equipped. Increases the amount of damage blocked by 1% for each piece of Heavy Armor equipped.,Companion-Firmness,157730,3.0.5,"* Fixed an issue where ranking up a summon ability (Unstable Familiar, Summon Winged Twilight, Feral Guardian, etc.) would unsummon your pet.",,Companion Passive,,,,1,,,,,,,,,,,,,,,,,,,,,Blackwood,,,,,,,Passive Effect,Evasion,,,,,,,,
Online:Flame Skull,Grave Lord,"Lob an explosive skull at an enemy, dealing [5535 / 5595 / 5656 / 5717] Flame Damage. Every third cast of this ability deals 50% increased damage and creates a corpse near the enemy.",Grave Lord-Flame Skull,40114108,7.1.5,"* The bonus damage from this ability and morphs' third cast has now been built into their damage coefficients, rather than as a bonus modifier effect. This will clean up some calculation errors that result in less damage than intended when stacking multiple bonuses.",Fire Damage,,Increase Damage Dealt,"Area: 8 meters. Lob an explosive skull at an enemy, dealing [5717 / 5779 / 5842 / 5905] Flame Damage. Every third cast of this ability deals 50% increased damage, creates a corpse near the initial enemy, and will bounce up to 2 times to other nearby enemies.",Poison Damage,,1,2700 Magicka,Enemy,Instant,Slotted Effect,,ON-skill-Flame Skull.jpg,Flame Skull,,,"Cost: 2295 Stamina. Lob an explosive skull at an enemy, dealing [5717 / 5779 / 5842 / 5905] Poison Damage. Every third cast of this ability deals 50% increased damage and creates a corpse near the enemy, up to once every 3 seconds. While slotted, casting any Necromancer ability while you are in combat will count towards the third cast.",Venom Skull,40117624,Converts into a Stamina ability and deals Poison Damage. Casting any Necromancer ability counts towards the third cast.,Ricochet Skull,40117637,Grave Lord-Ricochet Skull,The third cast of the skull will bounce to other nearby enemies.,Grave Lord-Venom Skull,Multiple Targets,Elsweyr,,Magicka Cost,Magicka,28 meters,Stamina Cost,,,,,,,,,,,
Online:Flexibility,Medium Armor (Companion),Increases damage done by 1% for each piece of Medium Armor equipped. Decreases the cooldown of Roll Dodge by 5% for each piece of Medium Armor equipped.,Companion-Flexibility,157729,3.0.5,"* Fixed an issue where ranking up a summon ability (Unstable Familiar, Summon Winged Twilight, Feral Guardian, etc.) would unsummon your pet.",,Companion Passive,,,,1,,,,,,,,,,,,,,,,,,,,,Blackwood,,,,,,,Passive Effect,Evasion,,,,,,,,
Online:Flourish,Animal Companions,WITH AN ANIMAL COMPANION ABILITY SLOTTED Increases your Magicka and Stamina recovery by 10%.,Animal Companions-Flourish,86067,11.0.5,"* Increased the Magicka and Stamina Recovery granted from this passive to 10/20%, up from 6/12%.",Magicka Recovery,Passive,Stamina Recovery,WITH AN ANIMAL COMPANION ABILITY SLOTTED Increases your Magicka and Stamina recovery by 20%.,Passive Effect,22,,,,,,36,,,86066,86067,,,,,,,,,,,Crown Store,,,,,,,,,,,,,,,,
Online:Flow,Light Armor (Companion),Increases healing done by 1% for each piece of Light Armor equipped.Decreases the cooldown of Break Free by 5% for each piece of Light Armor equipped.,Companion-Flow,157728,3.0.5,"* Fixed an issue where ranking up a summon ability (Unstable Familiar, Summon Winged Twilight, Feral Guardian, etc.) would unsummon your pet.",,Companion Passive,,,,1,,,,,,,,,,,,,,,,,,,,,Blackwood,,,,,,,Passive Effect,Evasion,,,,,,,,
Online:Flurry,Dual Wield,"Flood an enemy with steel, battering them with four consecutive attacks that each deal [1767 / 1786 / 1805 / 1825] Physical Damage.",Dual Wield-Flurry,40582,1.2.3,* This ability now properly animates even if the first tick is dodged. * Increased the damage executed by the last hit by 10%.,Physical Damage,,Multiple Strikes,"Flood an enemy with steel, battering them with four consecutive attacks that each deal [1826 / 1846 / 1866 / 1886] Bleed Damage and heal you for 33% of the damage caused.",Increase Damage Dealt,,2,2700 Stamina,Enemy,,Bleed Damage,,ON-skill-Flurry (U35).jpg,Flurry,,,"Cost: 2430 Stamina. Flood an enemy with steel, battering them with four consecutive attacks that each deal [1826 / 1846 / 1866 / 1886] Physical Damage. Each hit increases the damage of the subsequent hit by 5%.",Rapid Strikes,40590,Reduces the cost and each hit increases the damage of the subsequent hit.,Bloodthirst,40599,Dual Wield-Bloodthirst,Converts into Bleed Damage and heals you for a percentage of the damage caused.,Dual Wield-Rapid Strikes,Heal Self,,,Leech Health,Stamina,7 meters,Stamina Cost,,,,,,,,,,,
Online:Focused Charge,Aedric Spear,"Charge with your divine lance to impale an enemy, dealing [3690 / 3730 / 3771 / 3811] Magic Damage while taunting them to attack you for 15 seconds. If the enemy hit was casting, they are interrupted, set Off Balance, and stunned for 3 seconds. You also gain Major Protection for 7 seconds, reducing your damage taken by 10%.",Aedric Spear-Focused Charge,23716,1.2.3,* We have made this ability's tooltip clearer-it now states that it only stuns targets that are casting.,Charge,,Magic Damage,"Cost: [3780 / 3690 / 3600 / 3510] Magicka. Charge with your divine lance to impale an enemy, dealing 3811 Magic Damage while taunting them to attack you for 15 seconds. The enemy hit is stunned for 3 seconds, set Off Balance, and if they were casting, they are interrupted. You also gain Major Protection for 7 seconds, reducing your damage taken by 10%.",Taunt,,20,3780 Magicka,Enemy,Instant,Interrupt,,ON-skill-Focused Charge.jpg,Focused Charge while charging,,,"Area: 6 meters. Charge with your divine lance to impale all enemies in the area, dealing [4764 / 4816 / 4868 / 4921] Magic Damage while taunting the first enemy hit to attack you for 15 seconds. Any enemy hit that was casting is interrupted, set Off Balance, and stunned for 3 seconds. You also gain Major Protection for 15 seconds, reducing your damage taken by 10%.",Explosive Charge,23726,Deals increased damage and interrupts all enemies near the point of impact. Increases duration of Major Protection.,Toppling Charge,23870,Aedric Spear-Toppling Charge,"Always stuns the enemy and sets them Off Balance, regardless if they are casting. Reduces cost as the ability ranks up.",Aedric Spear-Explosive Charge,Off-Balance,,,Stun,Magicka,22 meters,Reduce Damage Taken,,,,Area of Effect,,,,Magicka Cost,,,
Online:Focused Killer,Dual Wield,WHILE DUAL WIELDING Increases damage with Dual Wield abilities by 10% against enemies with under 25% Health.,Dual Wield-Focused Killer,45476,,,,Passive,,WHILE DUAL WIELDING Increases damage with Dual Wield abilities by 20% against enemies with under 25% Health.,,5,,,,,,30,,,,,,,,,,,,,,,,,,,,,,,,,,,,,,,
Online:Follow Up,Two Handed,"WITH TWO-HANDED WEAPON EQUIPPED When you complete a fully-charged Heavy Attack, your damage done with Two Handed attacks increases by 5% for 4 seconds.",Two Handed-Follow Up,45446,1.5.2,* Replaced the Arcane Fighter passive with Follow Up. This will increase your damage by 5%/10% for 7 seconds after activating a fully charged heavy attack.,Passive Effect,Passive,Heavy Attack Bonus,"WITH TWO-HANDED WEAPON EQUIPPED When you complete a fully-charged Heavy Attack, your damage done with Two Handed attacks increases by 10% for 4 seconds.",Increase Damage Dealt,30,,,,,,46,,,29389,45446,,,,,,,,,,,,,,,,,,,,,,,,,,,
Online:Font of Power,Class Mastery,"Within you is a wellspring of near unlimited power. Upgrades rank 2 of Exploitation to work with any Sorcerer ability and increases your Weapon Damage and Spell Damage by 17% for 10 seconds. The Weapon Damage and Spell Damage increases by 1% for every 1750 Max Magicka or Stamina you have, whichever is higher.",Mages Guild-Everlasting Magic,263871,12.0.0,"*This passive upgrades rank 2 of Exploitation to also activate off any Sorcerer ability, and to grant you 1% Weapon and Spell Damage for every 1750 Max Magicka or Stamina you have, whichever is higher, for 10 seconds.",,Passive,,,,1,,,,,,,,,,,,,,,,,,,,,,,,,,,,,,,,,,,,,
Online:Force Shock,Destruction Staff,"Focus all the elemental energies with your staff and blast an enemy for [1845 / 1865 / 1885 / 1905] Flame Damage, [1844 / 1863 / 1883 / 1904] Frost Damage, and [1844 / 1863 / 1883 / 1904] Shock Damage.",Destruction Staff-Force Shock,48956,1.1.2,* Increased the damage for this ability and its morphs.,Fire Damage,,Frost Damage,"Area: 8 meters. Focus all the elemental energies with your staff and blast an enemy for 1905 Flame Damage, 1905 Frost Damage, and 1905 Shock Damage. Up to 2 nearby enemies will take [6352 / 6421 / 6491 / 6561] Magic Damage if they were already afflicted with a status effect.",Shock Damage,,2,2700 Magicka,Enemy,Instant,Interrupt,,ON-skill-Force_Shock.jpg,Force Shock,,,"Cost: [2700 / 2610 / 2520 / 2430] Magicka. Focus all the elemental energies with your staff and blast an enemy for 1905 Flame Damage, 1905 Frost Damage, and 1905 Shock Damage. Enemies hit while casting are interrupted, set Off Balance, and stunned for 3 seconds.",Crushing Shock,48971,"Interrupts spells, putting the caster Off Balance. Reduces cost as ability ranks up.",Force Pulse,48991,Destruction Staff-Force Pulse,Damages nearby enemies if they are under the effects of a status effect.,Destruction Staff-Crushing Shock,Off-Balance,,,Stun,Magicka,28 meters,Area of Effect,,,,Magic Damage,,,,Magicka Cost,,,
Online:Force Siphon,Restoration Staff,"Duration: [18 / 20 / 22 / 24] seconds. Focus your staff's power to apply Minor Lifesteal to an enemy for [18 / 20 / 22 / 24] seconds, healing you and your allies for 600 Health every 1 second when damaging them.",Restoration Staff-Force Siphon,41207,1.1.3,* Siphon Spirit: This ability no longer generates ultimate. This is a temporary fix until we can resolve an issue where the ability generates more ultimate than intended.,Leech Health,,Heal Self,"Duration: [24 / 26 / 28 / 30] seconds. Focus your staff's power to apply Minor Lifesteal to an enemy for [24 / 26 / 28 / 30] seconds, healing you and your allies for 600 Health every 1 second when damaging them. When you or an ally hits the target, they gain Minor Expedition, which increases their Movement Speed by 15% for 4 seconds.",Heal Others,,38,Free,Enemy,Instant,Leech Magicka,,ON-skill-Force Siphon.jpg,Force Siphon and Quick Siphon visual,,,"Duration: [24 / 26 / 28 / 30] seconds. Focus your staff's power to apply Minor Lifesteal to an enemy for [24 / 26 / 28 / 30] seconds, healing you and your allies for 600 Health every 1 second when damaging them. Also applies Minor Magickasteal to the enemy for [24 / 26 / 28 / 30] seconds, causing you and your allies to restore 168 Magicka every 1 second when damaging them.",Siphon Spirit,41225,Also applies Minor Magickasteal to the enemy.,Quick Siphon,41239,Restoration Staff-Quick Siphon,Allies who hit the enemy target also gain Minor Expedition.,Restoration Staff-Siphon Spirit,Restore Magicka,,24 seconds,Increase Movement Speed,Magicka,28 meters,Magicka Cost,,,,,,,,,,,
Online:Forceful,Two Handed,WITH TWO-HANDED WEAPON EQUIPPED Your Light and Heavy Attacks damage up to 3 other nearby enemies for 50% of the damage inflicted to the primary target.,Two Handed-Forceful,45444,1.5.2,* This passive now applies splash damage to two targets instead of one.,Passive Effect,Passive,Area of Effect,WITH TWO-HANDED WEAPON EQUIPPED Your Light and Heavy Attacks damage up to 3 other nearby enemies for 100% of the damage inflicted to the primary target.,,5,,,,,,34,,,29387,45444,,,,,,,,,,,,,,,,,,,,,,,,,,,
Online:Fortress,One Hand and Shield,WITH ONE HAND WEAPON AND SHIELD EQUIPPED Reduces the Stamina cost of your One Hand and Shield abilities by 7% and reduces the cost of blocking by 18%.,One Hand and Shield-Fortress,45471,2.4.5,* Increased the block cost reduction from this passive ability to 18/36% at Ranks I/II from 15/30%.,Passive Effect,Passive,Reduce Skill Cost,WITH ONE HAND WEAPON AND SHIELD EQUIPPED Reduces the Stamina cost of your One Hand and Shield abilities by 15% and reduces the cost of blocking by 36%.,Reduce Activity Cost,5,,,,,,34,,,29420,45471,,,,,,,,,,,,,,,,,,,,,,,,,,,
Online:Frost Cloak,Winter's Embrace,"Duration: [17 / 18 / 19 / 20] seconds. Wrap a thick cloak of ice around you and your grouped allies. The ice grants Major Resolve, increasing your Physical Resistance and Spell Resistance by 5948 for [17 / 18 / 19 / 20] seconds.",Winter's Embrace-Frost Cloak,86125,4.0.5,* Fixed an issue where this ability and its morphs would not apply their Major Resolve and Major Ward buffs to you if other allies were nearby. It now always applies those buffs to you and the closest 5 allies.,Increase Armor,,Group Bonus,"Duration: [27 / 28 / 29 / 30] seconds. Wrap a thick cloak of ice around you and your grouped allies. The ice grants Major Resolve, increasing your Physical Resistance and Spell Resistance by 5948 for [27 / 28 / 29 / 30] seconds. You gain Minor Protection, reducing your damage taken by 5% for [27 / 28 / 29 / 30] seconds.",Reduce Damage Taken,,1,4050 Magicka,Area,Instant,Magicka Cost,,ON-skill-Frost Cloak.jpg,Frost Cloak,,,"Cost: [2700 / 2610 / 2520 / 2430] Magicka, Area: 36 meters. Wrap a thick cloak of ice around you and your grouped allies. The ice grants Major Resolve, increasing your Physical Resistance and Spell Resistance by 5948 for 20 seconds.",Expansive Frost Cloak,86129,Increases the radius and reduces the cost.,Ice Fortress,86133,Winter's Embrace-Ice Fortress,Grants Minor Protection to you. Increases the duration as the ability ranks up.,Winter's Embrace-Expansive Frost Cloak,,Crown Store,20 seconds,,Magicka,,,,,,,,,,,,,8 meters
Online:Frozen Armor,Winter's Embrace,Increases your Physical Resistance and Spell Resistance by 620 for each Winter's Embrace ability slotted.,Winter's Embrace-Frozen Armor,86190,8.1.5,"* Increased the amount of Armor granted from this passive to 495/990 per Winter's Embrace skill slotted, up from 250/500.",Passive Effect,Passive,Increase Armor,Increases your Physical Resistance and Spell Resistance by 1240 for each Winter's Embrace ability slotted.,,14,,,,,,27,,,86189,86190,,,,,,,,,,,Crown Store,,,,,,,,,,,,,,,,
Online:Frozen Colossus,Grave Lord,"Unleash a frostbitten Flesh Colossus to pulverize enemies in the area. The Colossus smashes the ground three times over 3 seconds, dealing [8199 / 8288 / 8377 / 8469] Frost Damage with each smash. Dealing damage applies Major Vulnerability to any enemy hit for 12 seconds, increasing their damage taken by 10%.",Grave Lord-Frozen Colossus,40122174,5.0.9,"* Fixed an issue where this ability and its morphs had a 1-second delay before they displayed a hostile telegraph to enemy players. It will now display a hostile circle telegraph in the area the colossus is going to smash, the moment the ability is cast.",Frost Damage,Ultimate,Area of Effect,"Unleash a frostbitten Flesh Colossus to pulverize enemies in the area. The Colossus smashes the ground three times over 3 seconds, dealing 8468 Frost Damage with each smash. The final smash stuns all enemies hit for [3 / 3.3 / 3.7 / 4] seconds. Dealing damage applies Major Vulnerability to any enemy hit for 17 seconds, increasing their damage taken by 10%.",Increase Damage Taken,,12,175 Ultimate,Ground,Instant,Disease Damage,,ON-skill-Frozen Colossus.jpg,Frozen & Glacial Colossus visual,,,"Unleash a pestilent Flesh Colossus to pulverize enemies in the area. The Colossus smashes the ground three times over 3 seconds, dealing [8469 / 8562 / 8655 / 8748], [8893 / 8990 / 9088 / 9186], and [9338 / 9440 / 9543 / 9646] Disease Damage with the first, second, and third smash. Dealing damage applies the Diseased status effect and Major Vulnerability to any enemy hit for 12 seconds, increasing their damage taken by 10%.",Pestilent Colossus,40122395,Deals Disease Damage. The Colossus deals more damage with each smash and always applies the Diseased status effect.,Glacial Colossus,40122388,Grave Lord-Glacial Colossus,Increases the duration of Major Vulnerability and the final smash stuns all enemies hit.,Grave Lord-Pestilent Colossus,Apply Status Effect,Elsweyr,3 seconds,Stun,,28 meters,Ultimate Cost,8 meters,,,,,,,,,,
Online:Frozen Gate,Winter's Embrace,"Summon an ancient portal, which arms after 1.5 seconds and lasts for 15 seconds. When triggered the enemy is teleported to you if within range, immobilized for 3 seconds, and dealt [4608 / 4657 / 4709 / 4759] Frost Damage. You can have up to 3 Frozen Gates active at a time.",Winter's Embrace-Frozen Gate,86178,3.0.8,* You can no longer use Frozen Gate to pull other players into spawn locations in Imperial City. You can also no longer cast Nature's Grasp abilities to get back into respawn locations.,Trap,,Pull,"Summon an ancient portal, which arms after 1.5 seconds. When triggered the enemy is teleported to you if within range, immobilized for 3 seconds, and dealt [4765 / 4816 / 4869 / 4921] Frost Damage. An ally in the portal can activate the Icy Escape synergy, teleporting them to you and granting them Major Expedition, increasing their Movement Speed by 30% for 8 seconds. You can have up to 3 Frozen Retreats active at a time.",Immobilize,,42,2970 Magicka,Ground,Instant,Frost Damage,,ON-skill-Frozen Gate.jpg,Frozen Gate,,,"Summon an ancient portal, which arms after 1.5 seconds. When triggered the enemy is teleported to you if within range, immobilized for 3 seconds, dealt [4765 / 4816 / 4869 / 4921] Frost Damage, and afflicted with Major Maim, reducing their damage done by 10% for 4 seconds. You can have up to 3 Frozen Devices active at a time.",Frozen Device,86182,Teleported enemies have their damage done reduced.,Frozen Retreat,86186,Winter's Embrace-Frozen Retreat,Grants allies in the area a synergy that teleports them to you and grants them increased Movement Speed.,Winter's Embrace-Frozen Device,Reduce Damage Dealt,Crown Store,15 seconds,Synergy,Magicka,22 meters,Teleport,,,,Increase Movement Speed,,,,Magicka Cost,,,5 meters
Online:Fungal Forage,Verdant Growth,"Sharp-as-Night musters a cluster of mushrooms, healing you and your allies for 3245 Health. Heals for 50% more on allies that are within 8 meters of Sharp-as-Night. Used when Sharp-as-Night or an ally is below 75% Health.",Companion-Fungal Forage,186598,3.0.5,"* Fixed an issue where ranking up a summon ability (Unstable Familiar, Summon Winged Twilight, Feral Guardian, etc.) would unsummon your pet.",,Companion,,,,,1,12 seconds,Area,0.4 seconds,,,,,,,,,,,,,,,,,Necrom,,,,,,20 meters,Heal Self,Heal Others,,,,,,,,
Online:Fungal Growth,Green Balance,"Seed a large area of mushrooms in front of you, healing you and your allies for [6918 / 6994 / 7070 / 7146] Health.",Green Balance-Fungal Growth,93771,3.2.5,* Fixed an issue where some of the visual effects of this ability and its morphs were not aligned with the actual location of the healing cone.,Heal Self,,Heal Others,"Cost: 3902 Stamina. Seed a large area of mushrooms in front of you, healing you and your allies for [7146 / 7224 / 7303 / 7381] Health. Heals for 15% more on allies that are within 8 meters of you.",Area of Effect,,1,4590 Magicka,Cone,Instant,Magicka Recovery,,ON-skill-Enchanted Growth.jpg,Enchanted Growth morph,,,"Seed a large area of mushrooms in front of you, healing you and your allies for [7146 / 7224 / 7303 / 7381] Health. Any target healed gains Minor Intellect and Minor Endurance, increasing their Magicka and Stamina Recovery by 15% for 20 seconds.",Enchanted Growth,93774,Affected targets have increased Magicka and Stamina Recovery.,Soothing Spores,93777,Green Balance-Soothing Spores,Converts into a Stamina ability. Allies near you are healed for more.,Green Balance-Enchanted Growth,Stamina Recovery,Crown Store,,Distance Bonus,Magicka,,Magicka Cost,,,,Stamina Cost,,,,,,,20 meters
Online:Future Focus,Scrying,Grants you an additional Magicka Charge for use in Scrying.,Scrying-Future Focus,139781,,,Passive Effect,Passive,Antiquities,Grants you two additional Magicka Charges for use in Scrying.,,4,,,,,,8,,,,,,,,,,,,,,,Greymoor,,,,,,,,,,,,,,,,
Online:Gallant Blitz,Brilliant Shield,"Isobel Veloise charges toward their enemy with a vibrant spear that bursts in a flash of light, setting all enemies in the area Off Balance for 7 seconds.",Companion-Gallant Blitz,163590,3.0.5,"* Fixed an issue where ranking up a summon ability (Unstable Familiar, Summon Winged Twilight, Feral Guardian, etc.) would unsummon your pet.",,Companion,,,,,5,11.6 seconds,Enemy,Instant,,,,,,,,,,,,,,,,,High Isle,,,,7 - 22 meters,,,Charge,Off-Balance,,,,,,,,
Online:Ghostly Evasion,Living Shade,"Mirri Elendis surrounds themselves in a phantasmic aura, dodging the next attack made against them while also reducing their damage taken by 20% for 8 seconds. Used when Mirri Elendis is below 75% Health.",Companion-Ghostly Evasion,157197,3.0.5,"* Fixed an issue where ranking up a summon ability (Unstable Familiar, Summon Winged Twilight, Feral Guardian, etc.) would unsummon your pet.",,Companion,,,,,1,12 seconds,Self,0.6 seconds,,,,,,,,,,,,,,,,,Blackwood,8 seconds,,,5 meters,,,Evasion,Reduce Damage Taken,,,,,,,,
Online:Gibbering Shield,Soldier of Apocrypha,"Gather the true strength of Apocrypha around you, forming protective tentacles and a damage shield that absorbs 60% of all damage for 10 seconds, up to a max of [30720 / 31057 / 31395 / 31733] damage, scaling off your Max Health. When the shield collapses you lash out, dealing all of the damage absorbed as Magic Damage to enemies within 5 meters over 10 seconds.",Soldier of Apocrypha-Gibbering Shield,40183676,,,Ultimate Cost,Ultimate,Damage Shield,"Gather the true strength of Apocrypha, forming a tentacle damage shield that absorbs 60% of all damage for 10 seconds, up to a max of 31733 damage. When the shield absorbs damage, pseudopods cascade out at up to 11 allies within 15 meters, granting them a damage shield for 4 seconds that absorbs up to [5288 / 5346 / 5404 / 5462] damage. These shields can be applied once every 4 seconds. Both shields scale off your Max Health.",Counter Attack,,12,200 Ultimate,Self,Instant,Magic Damage,,ON-skill-Gibbering Shield.png,Gibbering Shield,,,"Gather the true strength of Apocrypha as protective tentacles rise from the Abyssal Sea around you. The tentacles form a damage shield that absorbs 60% of all damage for 10 seconds, up to a max of [36493 / 36894 / 37295 / 37697] damage, scaling off your Max Health. When the shield collapses you lash out, dealing all of the damage absorbed as Magic Damage to enemies within 5 meters over 10 seconds.",Sanctum of the Abyssal Sea,40192372,Damage shield gains an increase in strength.,Gibbering Shelter,40192380,Soldier of Apocrypha-Gibbering Shelter,No longer deals damage to enemies and grants allies a damage shield when you are hit.,Soldier of Apocrypha-Sanctum of the Abyssal Sea,Area of Effect,,10 seconds,Damage Over Time,,,,,,,,,,,,,,
Online:Gift of Magnus,Breton,Increases your Max Magicka by 600.,Breton-Gift of Magnus,45260,4.3.5,* Gain 10% Max Magicka → Increases your Max Magicka by 2000.,Passive Effect,Passive,Increase Max Magicka,Increases your Max Magicka by 1200.,,5,,,,,,15,,,35995,45259,,,,,,,,,,,,,,,,,,,,,Increases your Max Magicka by 2000.,30,45260,,,,
Online:Glacial Obstinance,Class Mastery,Tap into the wellspring of permafrost's resolve. Upgrades Bond with Nature to also activate when casting Winter's Embrace abilities and to grant 15% Weapon Damage and Spell Damage for 10 seconds if you are at full Health after the heal.,Winter's Embrace-Piercing Cold,263521,12.0.0,"*Glacial Obstinance: This passive upgrades Bond with Nature to also trigger off activating Winter's Embrace abilities, and causes the effect to grant you 15% Weapon and Spell Damage for 10 seconds if you are at full Health after the heal.",,Passive,,,,1,,,,,,,,,,,,,,,,,,,,,,,,,,,,,,,,,,,,,
Online:Glacial Presence,Winter's Embrace,Increases your chance to apply the Chilled status effect by 125% and increases its damage done by 158. The damage increasing effect scales off the higher of your Weapon Damage and Spell Damage.,Winter's Embrace-Glacial Presence,86192,5.3.4,"* This passive now also increases your Critical Damage against enemies, and Critical Healing against allies who have been recently afflicted with the Chilled status effect.",Passive Effect,Passive,Increase Debuff Chance,Increases your chance to apply the Chilled status effect by 250% and increases its damage by 316. The damage increasing effect scales off the higher of your Weapon Damage and Spell Damage.,Status Effect Bonus,8,,,,,,18,,,86191,86192,,,,,,,,,,,Crown Store,,,,,,,,,,,,,,,,
Online:Gnash,Werewolf,"Bare your fangs and gnash your teeth into an enemy while ripping back, dealing [3523 / 3561 / 3600 / 3639] Physical Damage on the initial lunge and [3524 / 3561 / 3601 / 3640] Bleed Damage while ripping out. Consumes a stack of Blood Hunger to increase the initial damage done by 25%. The second hit deals up to 125% more damage to enemies with less than 25% Health.",Werewolf-Gnash,58740,12.0.5,"*Piercing Howl -> Gnash: This ability and its morphs have been completely reworked into a melee (7m) driven double bite attack, rather than a 10m projectile howl attack. The ability now scales with.525 of your Weapon or Spell Damage and.065 of your Magicka or Stamina twice, rather than a singular 1.3125 and.125 scaling attack. The initial hit deals Physical Damage, while the second hit deals Bleed Damage. Both attacks have a 10% chance of applying their respective status effects. The second hit happens after.4s (no cast time, so it can be animation canceled with no loss) and deals 125% bonus damage to targets under 25% Health. If 1 or more stacks of Blood Hunger are active, the initial hit deals 25% bonus damage and 1 stack is consumed. Reduced the cost of this ability and its morphs to 765, down from 2869. **Howl of Agony -> Bloody Gnash: This morph now adds a 50% chance when benefiting from Blood Hunger to not consume a stack. This morph also upgrades the 2nd hit to always apply the Hemorrhaging status effect. Increased the execute scaling of the 2nd hit to 200%. This morph no longer increases damage done against Off Balance targets or reduces in cost as it ranks up. **Howl of Despair -> Rip and Tear: This morph upgrades the 1st hit to always apply the Sundered status effect, as well as inflicting Major Breach to the target for 12-15 seconds. The second hit heals you for.2066 of your Max Health (and ranks up by 1.1% per rank) if it hits. Blood Hunger’s 25% increase applies to the healing effect for this morph, rather than the base damage. This morph no longer grants access to Feeding Frenzy, as it has been moved to Roar. Developer Comment Werewolves have finally learned to put their jaws to use with this new spammable, rending flesh from their foes with a much more brutal two part attack - gone are the days of angrily yelling your opponents to death. Gnash operates as both your standard fare single target spammable and an execute both in one, helping make up for t",Physical Damage,,Bleed Damage,"Bare your fangs and gnash your teeth into an enemy while ripping back, dealing 3640 Physical Damage on the initial lunge and [3639 / 3677 / 3719 / 3758] Bleed Damage while ripping out. Consumes a stack of Blood Hunger to increase the initial damage done by 25%. There is a 50% chance to retain Blood Hunger each cast. The second hit deals up to 200% more damage to enemies with less than 25% Health and applies the Hemorrhaging status effect.",Apply Status Effect,,6,765 Stamina,Enemy,Instant,Stamina Cost,,,,,,"Rip and tear into an enemy with your fangs, dealing 3640 Physical Damage while applying Major Breach for 15 seconds and the Sundered status effect on the initial rip and 3639 Bleed Damage while tearing out, when it is done. The second hit deals up to 125% more damage to enemies with less than 25% Health and heals you for [3305 / 3341 / 3377 / 3414], based off your Max Health. Consumes a stack of Blood Hunger to increase the initial damage and healing done by 25%.",Rip and Tear,58794,"The initial hit applies Sundered and Major Breach, while the second hit heals you. Blood Hunger applies to healing instead of damage.",Bloody Gnash,58808,Werewolf-Bloody Gnash,Has a 50% chance to not consume Blood Hunger and the second hit applies Hemorrhaging. Increases execute scaling.,Werewolf-Rip and Tear,Execute,,,Reduce Armor,,7 meters,,,,,,,,,,,25%,
Online:Gore,Beasts of the Hunt,"Sharp-as-Night provokes a spectral kagouti to charge and toss the enemy for 9450 Physical Damage, stunning them for 3 seconds. This ability deals 150% more damage to enemies below 25% Health.",Companion-Gore,186488,3.0.5,"* Fixed an issue where ranking up a summon ability (Unstable Familiar, Summon Winged Twilight, Feral Guardian, etc.) would unsummon your pet.",,Companion,,,,,20,200 Ultimate,Enemy,0.1 seconds,,,,,,,,,,,,,,,,,Necrom,,,,28 meters,,,Physical Damage,Knockback,,,,,,Stun,,
Online:Gourmand,Provisioning,Adds 5 minutes to the duration of any eaten food.,Provisioning-Gourmand,44610,,,Passive Effect,Passive,Increase Consumable Effect,Adds 10 minutes to the duration of any eaten food.,,3,,,,,,14,,,44602,44609,,,,,,,,,,,,,,,,,,,,,Adds 20 minutes to the duration of any eaten food.,43,44610,,,,
Online:Grace,Light Armor,Reduces the effectiveness of snares applied to you by 1% for each piece of Light Armor worn. Reduces the cost of Sprint by 1% for each piece of Light Armor worn.,Light Armor-Grace,45549,4.2.5,"* Recovery: Renamed this ability to Grace. ** This ability's old effects have been merged into the Evocation passive. ** It now reduces the effectiveness of snares applied to you by 1/2/4% per piece of Light Armor worn, and reduces the cost of Sprint by 1/2/3% per piece of Light Armor worn. ***Developer Comment: We want Light and Medium armor to have a mobility advantage over Heavy Armor without using penalties to make Heavy Armor feel slow. Medium Armor already has faster sprinting, while Light Armor wearers now can sprint for longer and also isn't affected by snares as strongly.",Passive Effect,Passive,Immunity,Reduces the effectiveness of snares applied to you by 2% for each piece of Light Armor worn. Reduces the cost of Sprint by 2% for each piece of Light Armor worn.,Light Armor Boost,2,,,,,Reduce Activity Cost,10,,,,,,,,,,,,,,,,,,,,,,,,,Reduces the effectiveness of snares applied to you by 4% for each piece of Light Armor worn. Reduces the cost of Sprint by 3% for each piece of Light Armor worn.,30,,,,,
Online:Grand Healing,Restoration Staff,"Summon restoring spirits with your staff, healing you and your allies in the target area for [12276 / 12419 / 12551 / 12694] Health over 10 seconds.",Restoration Staff-Grand Healing,41248,1.2.4,* Fixed an issue where using this ability would significantly reduce your game's performance. This fix will help alleviate the sudden FPS drop some of you encountered after we released v1.2.3.,Heal Self,,Heal Others,"Summon restoring spirits with your staff, healing you and your allies in the target area for 12661 Health over 10 seconds. Increases your Magicka Recovery by [12 / 13 / 14 / 15] for each target affected, stacking up to 20 times.",Area of Effect,,2,3510 Magicka,Ground,Instant,Multiple Targets Hit Bonus,,ON-skill-Grand_Healing.jpg,Grand Healing,,,"Duration: [12 / 13 / 14 / 15] seconds. Summon restoring spirits with your staff, healing you and your allies in the target area for [14963 / 16120 / 17277 / 18421] Health over [12 / 13 / 14 / 15] seconds.",Illustrious Healing,41255,Increases the duration.,Healing Springs,41265,Restoration Staff-Healing Springs,You gain Magicka Recovery for each target healed.,Restoration Staff-Illustrious Healing,Magicka Recovery,,10 seconds,Magicka Cost,Magicka,28 meters,,8 meters,,,,,,,,,,
Online:Grave Grasp,Bone Tyrant,"Summon three patches of skeletal claws from the ground in front of you. Enemies in the first area are snared by 30% for [3.5 / 4 / 4.5 / 5] seconds, immobilized in the second area for [3 / 3.3 / 3.7 / 4] seconds, and stunned in the final area for [2 / 2.3 / 2.7 / 3] seconds. Each patch applies Minor Maim to enemies hit for [7 / 8 / 9 / 10] seconds, reducing their damage done by 5%.",Bone Tyrant-Grave Grasp,40115177,6.1.5,"* This ability has received significant improvements to its functionality and now does the following: ** The first area now snares enemies hit by 30%, down from 50%. ** The second area now immobilizes enemies hit for up to 4 seconds, rather than snaring them. ** The final area now stuns enemies hit for up to 3 seconds, rather than snaring them. ** Each area continues to apply Minor Maim. *** Ghostly Embrace (morph): This morph now increases the duration of all negative effects applies from this ability, rather than adding an Immobilize to each field, as that is now a base line experience. *** Empowering Grasp (morph): This morph's Empower now lasts for the full 5 second duration, rather than being consumed on use.",Area of Effect,,Reduce Movement Speed,"Cost: [3780 / 3690 / 3600 / 3510] Magicka. Summon three patches of skeletal claws from the ground in front of you. Enemies in the first area are snared by 30% for 5 seconds, immobilized in the second area for 4 seconds, and stunned in the final area for 3 seconds. Each area applies Major Maim to enemies and Empower to your allies for 10 seconds, reducing enemy damage done by 10% and allied Heavy Attack Damage against monsters by 150%.",Immobilize,,42,3780 Magicka,Area,Instant,Stun,,ON-skill-Grave Grasp.jpg,Grave Grasp and Ghostly Embrace first two circles,,,"Summon three patches of skeletal claws from the ground in front of you, each dealing [2381 / 2408 / 2432 / 2460] Frost Damage. The first area applies the Chilled status effect, the second area deals an additional [4335 / 4385 / 4430 / 4480] Frost Damage over 5 seconds, and the final area creates a corpse if at least one enemy was hit.",Ghostly Embrace,40118308,Deals damage in each area and applies new effects.,Empowering Grasp,40118352,Bone Tyrant-Empowering Grasp,Each area now also grants allies Empower and improves the Minor Maim to Major Maim against enemies.,Bone Tyrant-Ghostly Embrace,Reduce Damage Dealt,Elsweyr,,Magic Damage,Magicka,,Empower,18 meters,,,Increase Damage Dealt,,,,Increase Healing Done,,,
Online:Green-Keeper's Hide,Class Mastery,"The twisting of seasons has tempered your will. Reduce your damage taken by 3% for every status effect active on your attacker, up to a maximum of 15%.",Animal Companions-Flourish,263522,12.0.0,"*Green-Keeper's Hide: This passive reduces your damage taken by 3% for every status effect on your attacker, up to a maximum of 15%.",,Passive,,,,1,,,,,,,,,,,,,,,,,,,,,,,,,,,,,,,,,,,,,
Online:Grim Focus,Assassination,"When slotted on either bar, you gain Major Prophecy and Major Savagery, increasing your Spell Critical and Weapon Critical rating by 2629. Your Light and Heavy Attacks now generate a stack of Grim Focus, up to 10 times. Fully-charged Heavy Attacks grant two stacks. When at 5 or more stacks, you can consume 5 to fire a spectral arrow to deal [11070 / 11191 / 11313 / 11435] Magic Damage and heal for 33% of the damage dealt, if you are in melee range.",Assassination-Grim Focus,62096,1.6.5,"* Haste: This ability has been removed, and replaced by the new ability Grim Focus. * Grim Focus: This ability has replaced Haste in the Assassination tree. Any experience gained in Haste will now apply to Grim Focus. ** When Grim Focus is activated, all weapon attacks will do additional damage for 20 seconds. Using light attacks or heavy attacks while the effect is active will grant a charge. When you gain eight charges, Grim Focus changes to Assassin's Will. *Assassin's Will: This ability allows you to fire a spectral projectile at your target, dealing magic damage.",Slotted Effect,,Spell Critical,"When slotted on either bar, you gain Major Prophecy and Major Savagery, increasing your Spell Critical and Weapon Critical rating by 2629. Your Light and Heavy Attacks now generate a stack of Merciless Resolve, up to 10 times. Fully-charged Heavy Attacks grant two stacks. When at 5 or more stacks, you can consume 5 to fire a spectral arrow to deal [12578 / 12716 / 12854 / 12993] Magic Damage and heal for 50% of the damage dealt, if you are in melee range.",Weapon Critical,,42,1890 Magicka,Enemy,Instant,Light Attack Bonus,,ON-skill-Assassin's Will.jpg,The spectral bow of Assassin's Will,,,"Cost: [1377 / 1287 / 1197 / 1107] Stamina. When slotted on either bar, you gain Major Prophecy and Major Savagery, increasing your Spell Critical and Weapon Critical rating by 2629. Your Light and Heavy Attacks now generate a stack of Relentless Focus, up to 10 times. Fully-charged Heavy Attacks grant two stacks. When at 4 or more stacks, you can consume 4 to fire a spectral arrow to deal 11435 Disease Damage and heal for 33% of the damage dealt, if you are in melee range.",Relentless Focus,62107,Converts into a Stamina ability and deals Disease Damage. Reduces the cost and the amount of stacks needed.,Merciless Resolve,62117,Assassination-Merciless Resolve,Increases the damage and healing of the spectral arrow.,Assassination-Relentless Focus,Heavy Attack Bonus,,,Magic Damage,Magicka,28 meters,Distance Bonus,,,,Heal Self,,,,Leech Health,,,
Online:Guard (skill),Support,"Cost: [3672 / 3582 / 3492 / 3402] Stamina. Create a lifebond between you and an allied player. While bonded, 30% of the damage they take is instead redistributed to you. The bond will remain until you recast the spell or move more than 15 meters away from your ally.",Support-Guard,63318,1.6.5,"* Guard (new ability) ** This new ability will intercept all projectiles that are targeted at allies near you, and when toggled, will also drain your target's stamina while active. ** Mystic Guard: Your allies gain the Minor Vitality buff. ** Stalwart Guard: Using this ability will slow your stamina drain.",Reduce Damage Taken,,Increase Healing Received,"Cost: [3402 / 3312 / 3222 / 3132] Stamina. Create a lifebond between you and an allied player. While bonded, 30% of the damage they take is instead redistributed to you. You and your bonded ally also gain Minor Force, increasing your Critical Damage by 10%. The bond will remain until you recast the spell or move more than 15 meters away from your ally.",Increase Critical Damage,,5,3402 Stamina,,Instant,Stamina Cost,,ON-skill-Guard_(Skill).jpg,Guard being used on Bastian Hallix,,,"Cost: [3402 / 3312 / 3222 / 3132] Stamina. Create a lifebond between you and an allied player. While bonded, 30% of the damage they take is instead redistributed to you. You and your bonded ally also gain Minor Vitality, increasing your healing received and damage shield strength by 6%. The bond will remain until you recast the spell or move more than 15 meters away from your ally.",Mystic Guard,63335,"You and your bonded ally also gain Minor Vitality, increasing your healing received.",Stalwart Guard,63351,Support-Stalwart Guard,"You and your bonded ally also gain Minor Force, increasing your Critical Damage.",Support-Mystic Guard,,,,,Stamina,15 meters,,,,,,,,,,,,
Online:Haggling,Thieves Guild,Stolen items sold at a fence are worth 2% more. Does not apply to Laundering.,Thieves Guild-Haggling,76461,,,Passive Effect,Passive,Improved Fencing,Stolen items sold at a fence are worth 4% more. Does not apply to Laundering.,Increase Currency Gain,3,,,,,,6,,,76458,76459,,,,,,,,,,,Thieves Guild,,,,,,,,,,Stolen items sold at a fence are worth 7% more. Does not apply to Laundering.,9,76460,,,,
Online:Hand Brush,Excavation,Removes 1 layer of soil or rock from a 1x1 area. Generates: 1 Intuition Maximum Intuition: 2.,Excavation-Hand Brush,139909,,,Passive Effect,Passive,Antiquities,Removes 1 layer of soil or rock from a 1x1 area. Generates: 1 Intuition Maximum Intuition: 4.,,1,,,,,,6,,,,,,,,,,,,,,,Greymoor,,,,,,,,,,,,,,,,
Online:Harnessed Quintessence,Herald of the Tome,"You master the warp and weft of your very soul. When you restore Magicka or Stamina, your Weapon Damage and Spell Damage increase by 142 for 10 seconds.",Herald of the Tome-Harnessed Quintessence,184858,10.3.5,"* This passive now increases your Weapon and Spell Damage by 142/284 when you are restored Magicka or Stamina, instead of by 2/5%.",Increase Weapon Damage,Passive,Increase Spell Damage,"You master the warp and weft of your very soul. When you restore Magicka or Stamina, your Weapon Damage and Spell Damage increase by 284 for 10 seconds.",,14,,,,,,27,,,184857,184858,,,,,,,,,,,,,,,,,,,,,,,,,,,
Online:Haste (Companion),Light Armor (Companion),"Your Companion focuses their magical energies inward, resetting the cooldown of all their other abilities.",Companion-Haste,156340,3.0.5,"* Fixed an issue where ranking up a summon ability (Unstable Familiar, Summon Winged Twilight, Feral Guardian, etc.) would unsummon your pet.",,Companion,,,,,20,36 seconds,Self,0.6 seconds,,,,,,,,,,,,,,,,,Blackwood,,,,,,,Reduce Cooldown,,,,,,,,,
Online:Hasty Retreat,Bow,WITH BOW EQUIPPED Grants you Major Expedition for 2 seconds after you use Roll Dodge. Major Expedition increases your Movement Speed by 30%.,Bow-Hasty Retreat,45498,2.1.4,"* This passive now grants the Major Expedition buff for 1 second/2 seconds instead of a 30% movement speed bonus. We also increased this ability's duration to 2.5 seconds at Rank I from 1 second, and 5 seconds at Rank II from 2 seconds.",Passive Effect,Passive,Increase Movement Speed,WITH BOW EQUIPPED Grants you Major Expedition for 4 seconds after you use Roll Dodge. Major Expedition increases your Movement Speed by 30%.,,41,,,,,,50,,,30923,45498,,,,,,,,,,,,,,,,,,,,,,,,,,,
Online:Hawk Eye,Bow,"WITH BOW EQUIPPED Dealing damage with a Light or Heavy Attack increases the damage of your Bow abilities by 2% for 5 seconds, stacking up to 5 times.",Bow-Hawk Eye,45497,1.2.3,* Poison Arrow damage-over-time ticks now benefit from this passive ability.,Passive Effect,Passive,Light Attack Bonus,"WITH BOW EQUIPPED Dealing damage with a Light or Heavy Attack increases the damage of your Bow abilities by 5% for 5 seconds, stacking up to 5 times.",Heavy Attack Bonus,30,,,,,Increase Damage Dealt,46,,,30936,45497,,,,,,,,,,,,,,,,,,,,,,,,,,,
Online:Haze of Cinders,Radiating Heart,"Tanlorin summons a scorching cloud of ash at the target location for 8 seconds, reducing enemy Movement Speed by 70% and healing them and their allies for 787 Health every 2 seconds.",Companion-Haze of Cinders,,3.0.5,"* Fixed an issue where ranking up a summon ability (Unstable Familiar, Summon Winged Twilight, Feral Guardian, etc.) would unsummon your pet.",,Companion,,,,,17,12 seconds,Area,0.3 seconds,,,,,,,,,,,,,,,,,,8 seconds,,,28 meters,,5 meters,Heal Self,Heal Others,,,,,,Reduce Movement Speed,,
Online:Healing Ritual,Restoring Light,"Focus your spiritual devotion, healing you and nearby allies for [6918 / 6994 / 7070 / 7146] Health.",Restoring Light-Healing Ritual,27342,1.1.2,* Ritual of Rebirth: Increased the self-healing on this Healing Ritual morph.,Area of Effect,,Heal Self,"Cost: [5265 / 5175 / 5085 / 4995] Magicka. Focus your spiritual devotion, healing you and nearby allies for 7146 Health. Affected targets gain Minor Expedition, increasing their Movement Speed by 15% for 10 seconds.",Heal Others,,4,5265 Magicka,Area,Instant,Increase Movement Speed,,ON-skill-Healing Ritual.jpg,A character casting Healing Ritual,,,"Focus your spiritual devotion, healing you and nearby allies for 7146 Health. You heal a single ally outside this ability's radius for an additional [7146 / 7224 / 7303 / 7381] Health.",Ritual of Rebirth,27352,You heal a single ally outside the ability's radius.,Hasty Prayer,27376,Restoring Light-Hasty Prayer,Healed allies gain Minor Expedition for a short duration and reduces the cost as the ability ranks up.,Restoring Light-Ritual of Rebirth,Magicka Cost,,,,Magicka,,,10 meters,,,,,,,,,,
Online:Healing Seed,Green Balance,"Summon a field of flowers which blooms after 6 seconds, healing you and allies in the area for [9222 / 9324 / 9425 / 9527] Health. An ally within the field can activate the Harvest synergy, healing for 9222 Health over 5 seconds.",Green Balance-Healing Seed,93804,3.1.5,* Fixed a grammatical error in the tooltip of this ability and its morphs. * Budding Seeds: This morph can now be cast even if you have an enemy targeted in your reticle.,Heal Self,,Heal Others,"Summon a field of flowers which blooms after 6 seconds, healing you and allies in the area for [9528 / 9631 / 9737 / 9842] Health. Enemies who enter the field are afflicted with Major Defile and Minor Cowardice, reducing their healing received and damage shield strength by 12% and their Weapon Damage and Spell Damage by 215. An ally within the field can activate the Harvest synergy, healing for 9222 Health over 5 seconds.",Area of Effect,,4,2430 Magicka,Ground,Instant,Synergy,,ON-skill-Healing Seed.jpg,Healing Seed and its morphs visual,,,"Summon a field of flowers which blooms after 6 seconds, healing you and allies in the area for 9528 Health. While the field grows, you and allies are healed for [1086 / 1099 / 1110 / 1123] Health every 1 second. You can activate this ability again to cause it to instantly bloom. An ally within the field can activate the Harvest synergy, healing for 9222 Health over 5 seconds.",Budding Seeds,93807,"The area now heals allies while it grows, and can be activated a second time to instantly trigger the delayed heal.",Corrupting Pollen,93810,Green Balance-Corrupting Pollen,Enemies in the field receive less healing and have reduced Weapon Damage and Spell Damage.,Green Balance-Budding Seeds,Reduce Healing,Crown Store,6 seconds,Reduce Weapon/Spell Damage,Magicka,28 meters,Magicka Cost,,,,,,,,,,,8 meters
Online:Healing Tides,Curative Runeforms,Your mastery of weaving fate and abyssal water increases your healing done by 2% for each active Crux.,Curative Runeforms-Healing Tides,185186,10.3.5,"* This passive now increases the Healing Done per Crux by 2/4%, up from 1/3% per Crux.",Increase Healing Done,Passive,,Your mastery of weaving fate and abyssal water increases your healing done by 4% for each active Crux.,,8,,,,,,18,,,185185,185186,,,,,,,,,,,,,,,,,,,,,,,,,,,
Online:Health Avarice,Bone Tyrant,Increase your Healing Received by 1% for each Bone Tyrant ability slotted.,Bone Tyrant-Health Avarice,116270,11.0.5,"* This passive now increases your Healing Taken by 1/3% per Bone Tyrant ability slotted, up from 1/2%.",Increase Healing Received,Passive,Passive Effect,Increase your Healing Received by 3% for each Bone Tyrant ability slotted.,,22,,,,,,36,,,116269,116270,,,,,,,,,,,Elsweyr,,,,,,,,,,,,,,,,
Online:Heart of Stone,Earthen Heart,"Rock and stone shield your heart, turning aside sharp blades and barbed words. Increases your Armor by 1487.",Earthen Heart-Heart of Stone,44996,,,,Passive,,"Rock and stone shield your heart, turning aside sharp blades and barbed words. Increases your Armor by 2974.",,8,,,,,,18,,,,,,,,,,,,,,,,,,,,,,,,,,,,,,,
Online:Hearthfire,Ardent Flame,"Throw out a kindled flame, filling a large area with warmth for 15 seconds. This fire heals you and your allies at the target location for [1149 / 1160 / 1173 / 1185] Health every 1 second. Healed targets gain Minor Fortitude and Minor Heroism while inside, increasing Health Recovery by 15% and generating 1 Ultimate every 1.5 seconds.",Ardent Flame-Hearthfire,33778,,,,,,"Cost: [351 / 324 / 297 / 270] Magicka / 1s. Throw out a protective flame for 15 seconds, healing you and allies inside for 618 Health every 1 second, scaling off your Max Health. Healed targets gain Minor Fortitude and Minor Heroism while inside, increasing Health Recovery by 15% and generating 1 Ultimate every 1.5 seconds. You gain Major Protection while inside, reducing damage taken by 10%. Enemies inside have their Movement Speed reduced by 70%.",,,30,351 Magicka / 1s,Ground,Instant,,,,,,,"Throw out a purifying flame, filling a large area with warmth for 15 seconds. This fire heals you and your allies at the target location for [1190 / 1203 / 1216 / 1229] Health every 1 second. This healing increases by 50% if you are in the area. Healed targets gain Minor Fortitude and Minor Heroism for 15 seconds, increasing Health Recovery by 15% and generating 1 Ultimate every 1.5 seconds.",Fire Keeper,33797,Heals for significantly more if you stand in the area. Minor buffs persist after being healed.,Hearth and Home,33816,Ardent Flame-Hearth and Home,"While inside, you gain Major Protection and enemies move slower. Healing now scales off Max Health. Reduces the cost as the ability ranks up.",Ardent Flame-Fire Keeper,,,15 seconds,,,22 meters,,,,,,,,,,,,8 meters
Online:Heavy Armor Bonuses,Heavy Armor,Each piece of Heavy Armor does the following: Reduces damage taken from Martial attacks by 1% Increases the amount of damage blocked by 1% Increases damage done with Bash by 30 Reduces your damage taken while immune to crowd control by 1%,Heavy Armor-Heavy Armor Bonuses,150184,,,Passive Effect,Passive,Reduce Damage Taken,,Increase Block,1,,,,,Increase Damage Dealt,,,,,,,,,,,,,,,,,,,,,,,,,,,,,,,,
Online:Heavy Armor Penalties,Heavy Armor,Each piece of Heavy Armor does the following: Increases damage taken from Magical attacks by 1% Reduces the Movement Speed bonus of Sprint by 1% Increases the cost of Roll Dodge by 3% Increases the size of your detection area while Sneaking by 10%,Heavy Armor-Heavy Armor Penalties,152780,,,Passive Effect,Passive,Drawbacks,,,1,,,,,,,,,,,,,,,,,,,,,,,,,,,,,,,,,,,,,
Online:Heavy Shovel,Excavation,Removes 1 layer of dirt and rocks from up to a 3x3 area. The shovel only affects a single contiguous height of dirt and rocks. Costs 2 Intuition to use.,Excavation-Heavy Shovel,139907,,,Passive Effect,Passive,Antiquities,Removes 1 layer of dirt and rocks from up to a 3x3 area. The shovel only affects a single contiguous height of dirt and rocks. Costs 2 Intuition to use. Has a chance to consume no Intuition on use.,,4,,,,,,8,,,,,,,,,,,,,,,Greymoor,,,,,,,,,,,,,,,,
Online:Heavy Weapons,Two Handed,WITH A TWO-HANDED WEAPON EQUIPPED Grants a bonus based on the type of weapon equipped: Swords increase your Weapon Damage and Spell Damage by 129. Axes increase your Critical Damage done by 6%. Maces increase your Offensive Penetration by 1487.,Two Handed-Heavy Weapons,45430,1.2.3,"* This passive ability now scales based on weapon damage instead of spell damage. It also no longer ticks for zero damage at low levels, and Rank I's axe damage modifier will now properly be weaker than that of Rank II.",Passive Effect,Passive,Increase Weapon Damage,WITH A TWO-HANDED WEAPON EQUIPPED Grants a bonus based on the type of weapon equipped: Swords increase your Weapon Damage and Spell Damage by 258. Axes increase your Critical Damage done by 12%. Maces increase your Offensive Penetration by 2974.,Increase Spell Damage,10,,,,,Increase Critical Damage,25,,,29375,45430,,,,,,,,,,Physical Penetration,,,Spell Penetration,,,,,,,,,,,,,,
Online:Helping Hands,Earthen Heart,WITH AN EARTHEN HEART ABILITY SLOTTED The strength of mountains fuels your mightiest blows. Dealing damage with a fully-charged Heavy Attack also applies Off Balance to the target.,,45009,3.0.5,* This passive ability now restores Stamina based on your character level instead of your Max Stamina.,Passive Effect,Passive,Restore Stamina,WITH AN EARTHEN HEART ABILITY SLOTTED The strength of mountains fuels your mightiest blows. Dealing damage with a fully-charged Heavy Attack also applies Off Balance to the target and restores 1430 Stamina. The Stamina restore can occur once every 0.5 seconds.,,39,,,,,,50,,,29475,45009,,,,,,,,,,,,,,,,,,,,,,,,,,,
Online:Hemorrhage,Assassination,"WITH AN ASSASSINATION ABILITY SLOTTED Increases your Critical Damage by 5%. Critically striking in any form grants you and your group Minor Savagery, increasing your Weapon Critical rating by 1314 for 10 seconds.",Assassination-Hemorrhage,45060,1.6.5,* This passive now provides the Minor Force buff for 20 seconds to all allies whenever you crit.,Passive Effect,Passive,Increase Critical Damage,"WITH AN ASSASSINATION ABILITY SLOTTED Increases your Critical Damage by 10%. Critically striking in any form grants you and your group Minor Savagery, increasing your Weapon Critical rating by 1314 for 20 seconds.",Weapon Critical,39,,,,,Group Bonus,50,,,36641,45060,,,,,,,,,,,,,,,,,,,,,,,,,,,
Online:Hidden Blade,Dual Wield,"Fire a secret dagger from your sleeve at an enemy, dealing [3690 / 3730 / 3771 / 3811] Physical Damage and granting you Major Brutality and Sorcery, increasing your Weapon Damage and Spell Damage by 20% for 20 seconds. If the enemy hit is casting an ability they are interrupted, set Off Balance, and stunned for 3 seconds.",Dual Wield-Hidden Blade,40610,1.1.2,"* Flying Blade: ** Increased the cost of Flying Blade. It now has the same cost as Hidden Blade. ** Those who have spent Skill Points in the Flying Blade passive will have those points returned to their overall skill point pool. You may place those Skill Points back in this ability if you wish, or invest them elsewhere.",Physical Damage,,Increase Weapon Damage,"Fire a secret dagger from your sleeve at an enemy, dealing [3811 / 3852 / 3894 / 3936] Physical Damage and marking them for 5 seconds. If the enemy hit is casting an ability they are interrupted, set Off Balance, and stunned for 3 seconds. Reactivating this ability on them allows you to jump to a marked enemy free of cost, dealing [5717 / 5779 / 5842 / 5905] Physical Damage. Casting grants you Major Brutality and Sorcery, increasing your Weapon Damage and Spell Damage by 20% for 40 seconds.",Increase Spell Damage,,38,3780 Stamina,Enemy,Instant,Interrupt,,ON-skill-Hidden_Blade.jpg,Hidden Blade,,,"Area: 8 meters. Fire a secret dagger from your sleeve that bounces up to 3 times to nearby enemies, dealing [4764 / 4816 / 4868 / 4921] Physical Damage per hit. If enemies hit are casting they are interrupted, set Off Balance, and stunned for 3 seconds. You also gain Major Brutality and Sorcery, increasing your Weapon Damage and Spell Damage by 20% for 20 seconds.",Shrouded Daggers,40619,"Increases the damage, and the dagger now bounces up to a total of three times.",Flying Blade,40628,Dual Wield-Flying Blade,Casting the ability again against the same target causes you to jump to them. Extends the duration of Major Brutality and Sorcery.,Dual Wield-Shrouded Daggers,Off-Balance,,,Stun,Stamina,22 meters,Multiple Targets,,,,Charge,,,,Stamina Cost,,100%,
Online:Hideous Clarity,Curative Runeforms,"You've stared too long into the abyss. When you generate Crux, you restore 112 Magicka and Stamina.",Curative Runeforms-Hideous Clarity,185243,10.3.5,"* This passive now restores both Magicka and Stamina, instead of just the highest of your max resources.",Restore Magicka,Passive,Restore Stamina,"You've stared too long into the abyss. When you generate Crux, you restore 225 Magicka and Stamina.",,14,,,,,,27,,,185240,185243,,,,,,,,,,,,,,,,,,,,,,,,,,,
Online:Highborn,High Elf,Increases your experience gain with the Destruction Staff skill line by 15%. Increases your experience gained by 1%.,High Elf-Highborn,35965,2.5.5,"* This passive ability has been renamed to ""Highborn."" Also, in addition to the current benefit it now increases your experience gained by 1%.",Innate Effect,Passive,Increase Experience Gain,,,1,,,,,,,,,,,,,,,,,,,,,,,,,,,,,,,,,,,,,
Online:Hircine's Bounty,Werewolf,"Invoke the Huntsman's blessing, healing you for [5520 / 5580 / 5641 / 5702] Health, scaling off your Max Health. You also restore 10% Stamina, increasing by up to 100% based on how high your current Health is. Current Restore: 3000 While slotted you gain Major Brutality and Sorcery, increasing your Weapon Damage and Spell Damage by 20%.",Werewolf-Hircine's Bounty,58316,1.5.2,* Added some new werewolf abilities: ** Hircine's Bounty: This ability is a large heal that costs magicka. ** Infectious Claws: This ability instantly deals damage to all enemies in front of you and causes disease damage over time. ** Piercing Howl: This ability deals high damage and stuns your enemy.,Heal Self,,Restore Stamina,"Invoke the Huntsman's blessing, healing you for [6272 / 6340 / 6409 / 6478] Health, scaling off your Max Health. You also restore 12% Stamina, increasing by up to 100% based on how high your current Health is. Current Restore: 3600 While slotted you gain Major Brutality, Sorcery, and Vitality increasing Weapon Damage and Spell Damage by 20% and healing received and damage shield strength by 12%.",Slotted Effect,,4,4320 Magicka,Self,Instant,Increase Weapon Damage,,ON-skill-Hircine's Bounty.jpg,Werewolf using Hircine's Bounty,,,"Invoke the Huntsman's blessing, healing you for 9102 Health, granting double Fury, and increasing your damage done and taken by up to 12% for [17 / 18 / 19 / 20] seconds, based on how high your current Health is. You also restore 10% Stamina, increasing by up to 100%, based on how high your current Health is. Current Restore: 3000 While slotted you gain Major Brutality and Sorcery and Minor Berserk.",Hircine's Rage,58323,"Healing now scales with offensive stats, grants double Fury, and passively grants Minor Berserk while slotted. Increases damage done and taken based on your current Health.",Hircine's Fortitude,58334,Werewolf-Hircine's Fortitude,Increases the healing and stamina restored. Passively grants Major Vitality while slotted.,Werewolf-Hircine's Rage,Increase Spell Damage,,,Increase Damage Dealt,Magicka,,Increase Damage Taken,,,,Health Recovery,,,,Stamina Recovery,,,
Online:Hireling (Enchanting),Enchanting,A hireling will send you some runestones every day.,Enchanting-Enchanter Hireling,46772,,,Crafting Effect,Passive,Free Items,A hireling will send you runestones every day. You have a chance at Essence and better Aspect runestones.,,3,,,,,,12,,,46770,46771,,,,,,,,,,,,,,,,,,,,,A hireling will send you runestones every day. You have a greater chance at Essence and better Aspect runestones.,32,46772,,,,
Online:Hireling (Provisioning),Provisioning,A hireling will send you some provisioning ingredients every day.,Provisioning-Forager Hireling,44641,,,Crafting Effect,Passive,Free Items,A hireling will send you more provisioning ingredients every day. You have a chance at better quality ingredients.,,28,,,,,,38,,,44634,44640,,,,,,,,,,,,,,,,,,,,,A hireling will send you even more provisioning ingredients every day. You have a greater chance at better quality ingredients.,48,44641,,,,
Online:Holy Ground,Healing Grace,"Isobel Veloise consecrates the ground under them for 8 seconds, healing themselves and nearby allies 750/1500 Health every 2 seconds and snaring enemies by 50%. Used when Isobel Veloise or a nearby ally is below 75% Health, or if an enemy is nearby.",Companion-Holy Ground,163660,3.0.5,"* Fixed an issue where ranking up a summon ability (Unstable Familiar, Summon Winged Twilight, Feral Guardian, etc.) would unsummon your pet.",,Companion,,,,,8,15.5 seconds,Area,0.5 seconds,,,,,,,,,,,,,,,,,High Isle,8 seconds,,,,,12 meters,Heal Self,Heal Others,,,,,,Reduce Movement Speed,,
Online:Hunter's Eye,Wood Elf,Increases your Stealth Detection radius by 1 meter. Increases your Movement Speed by 1% and your Physical Penetration and Spell Penetration by 300.,Wood Elf-Hunter's Eye,45296,4.3.5,"* Stealthy: Reduces detection Radius by 3m and Increases Damage Done in Stealth by 10% → Hunter's Eye: Increases your Stealth detection radius by 3m. After you use Roll Dodge you gain 10% Movement Speed for 6 seconds and a bonus to Physical and Spell Penetration of 1500 for the duration. ** Developer Comment: Previously if you weren't able to utilize Stealth, you lost a large portion of effectiveness that Wood Elves provided, so we've put the bulk of their power into their flat bonuses to Stamina and recovery. We also wanted to have more of a distinct play pattern on how Wood Elves and Khajiit both engaged with Stealth, so we've repurposed Wood Elves' passive into one that deals with turning their proficiency of Stealth into a proficiency of hunting Stealthed targets. Additionally, since Stealth is not always engaged with at the same rate across the game, we added a small boon to when you activate Roll Dodge to help enhance mobility and offensive turning power in order to slip to safety or reposition for an unexpected attack.",Passive Effect,Passive,Detection,Increases your Stealth Detection radius by 2 meters. Increases your Movement Speed by 3% and your Physical Penetration and Spell Penetration by 600.,Increase Movement Speed,5,,,,,Physical Penetration,15,,,36022,45295,,,,,,,,,,Spell Penetration,,,,,,,,,,,Increases your Stealth Detection radius by 3 meters. Increases your Movement Speed by 5% and your Physical Penetration and Spell Penetration by 950.,30,45296,,,,
Online:Hurricane Visage,Mischievous Caster,"Ember manifests themselves as pure lightning, zapping nearby enemies with electricity dealing 1611/3087 Shock Damage over 8 seconds. While in this form their damage taken is reduced by 20%.",Companion-Hurricane Visage,165860,3.0.5,"* Fixed an issue where ranking up a summon ability (Unstable Familiar, Summon Winged Twilight, Feral Guardian, etc.) would unsummon your pet.",,Companion,,,,,5,12 seconds,Self,0.4 seconds,,,,,,,,,,,,,,,,,High Isle,8 seconds,,,,,,Shock Damage,Area of Effect,,,,,,Damage Over Time,,
Online:Icy Aura,Winter's Embrace,"WITH A WINTER'S EMBRACE ABILITY SLOTTED When you take direct damage from an enemy in melee range, you apply a stack of Bite of Winter to them for 1.5 seconds, up to 5 stacks max. Attackers at max stacks are afflicted with Major Maim for 1.5 seconds, reducing their damage done by 10%.",Winter's Embrace-Icy Aura,86194,11.0.5,"* This passive now causes attackers in melee range to receive a stack of Winter's Bite for 1.5/3 seconds, up to 5 stacks max. Attackers at 5 stacks are afflicted with Major Maim for 1.5/3 seconds. This passive no longer reduces the effectiveness of snares against you by 7/15%.",Passive Effect,Passive,Counter Attack,"WITH A WINTER'S EMBRACE ABILITY SLOTTED When you take direct damage from an enemy in melee range, you apply a stack of Bite of Winter to them for 3 seconds, up to 5 stacks max. Attackers at max stacks are afflicted with Major Maim for 3 seconds, reducing their damage done by 10%.",Reduce Damage Dealt,22,,,,,,36,,,86193,86194,,,,,,,,,,,Crown Store,,,,,,,,,,,,,,,,
Online:Igneous Armor,Draconic Armor,"Tanlorin releases their inner Dragon to gain Major Resolve for themselves and their grouped allies, increasing their Physical and Spell Resistance by 90 for 6 seconds. They gain a damage shield that absorbs up to 5948 damage for 6 seconds, scaling off their Max Health",Companion-Igneous Armor,,3.0.5,"* Fixed an issue where ranking up a summon ability (Unstable Familiar, Summon Winged Twilight, Feral Guardian, etc.) would unsummon your pet.",,Companion,,,,,14,12 seconds,Self,0.2 seconds,,,,,,,,,,,,,,,,,,6 seconds,,,,,12 meters,Increase Physical Resistance,Increase Spell Resistance,,,,,,Damage Shield,,
Online:Illuminate,Dawn's Wrath,"Casting a Dawn's Wrath ability grants Minor Sorcery to you and your group for 10 seconds, increasing your Spell Damage by 10%.",Dawn's Wrath-Illuminate,45215,1.6.5,"* This passive now provides nearby allies with the Minor Sorcery buff for 10 seconds at Rank I, and 20 seconds at Rank II, when a Dawns Wrath ability is activated.",Passive Effect,Passive,Increase Spell Damage,"Casting a Dawn's Wrath ability grants Minor Sorcery to you and your group for 20 seconds, increasing your Spell Damage by 10%.",Group Bonus,22,,,,,,36,,,31743,45215,,,,,,,,,,,,,,,,,,,,,,,,,,,
Online:Imbue Weapon,Psijic Order,"Infuse your weapon with power, causing your next Light Attack used within 2 seconds to deal an additional [5532 / 5591 / 5652 / 5712] Physical Damage. If the power is not consumed in time, you restore 1620 Stamina.",Psijic Order-Imbue Weapon,40103483,4.1.5,"* Fixed an issue where this ability and its morphs were removing you from sneak when cast. * Fixed an issue where this ability and its morphs were not playing their visual effects or audio if you were unarmed. * Crushing Weapon (morph): Fixed an issue where this would heal based on the damage done from the Light Attack, and not the damage done by Crushing Weapon itself.",Physical Damage,,Restore Stamina,"Infuse your weapon with power, causing your next Light Attack used within 2 seconds to deal an additional [5715 / 5778 / 5841 / 5903] Physical Damage and applying Major Breach to the target, reducing their Physical Resistance and Spell Resistance by 5948 for 5 seconds. If the power is not consumed in time, you restore 1620 Stamina.",Magic Damage,,3,2700 Stamina,Self,Instant,Apply Status Effect,,On-skill-Imbue Weapon.jpg,Imbue Weapon applied to a destruction staff.,,,"Cost: 2700 Magicka. Infuse your weapon with power, causing your next Light Attack used within 2 seconds to deal an additional [5715 / 5778 / 5841 / 5903] Magic Damage and apply the Burning, Concussion, or Chill elemental status effect. If the power is not consumed in time, you restore 1620 Magicka.",Elemental Weapon,40103571,Converts into a Magicka ability and deals Magic Damage. Applies a random status effect.,Crushing Weapon,40103623,Psijic Order-Crushing Weapon,"Applies Major Breach to the enemy, reducing their Physical Resistance and Spell Resistance.",Psijic Order-Elemental Weapon,Restore Magicka,Summerset,2 seconds,Reduce Armor,Stamina,,Stamina Cost,,,,Magicka Cost,,,,,,,
Online:Impaling Shards,Winter's Embrace,"Conjure icy shards around you to skewer enemies in the area, dealing [392 / 396 / 400 / 404] Frost Damage every 1 second for 12 seconds. Enemies hit are overcome with bitter cold, reducing their Movement Speed by 30% for 3 seconds. Damage done is based on your Max Health, and has a higher chance to apply the Chilled status effect.",Winter's Embrace-Impaling Shards,86164,3.1.5,"* In an effort to reduce the visual effect noise in group combat situations, we've hidden most visual effects from persistent damaging area of effect abilities cast by your allies. Area of effect abilities that have a synergy, healing, or defensive component that can benefit you will still be visible, and area of effect abilities cast by enemies will also still be visible.",Frost Damage,,Area of Effect,"Range: 28 meters, Target: Ground. Conjure icy shards at the target location to skewer enemies in the area, dealing [779 / 787 / 796 / 803] Frost Damage every 1 second for 12 seconds. This damage increases by 30% if cast with a Destruction Staff equipped. Enemies hit are overcome with bitter cold, reducing their Movement Speed by 30% for 3 seconds. This ability has a higher chance to apply the Chilled status effect.",Damage Over Time,,4,3240 Magicka,Area,Instant,Reduce Movement Speed,,ON-skill-Impaling Shards.jpg,Impaling Shards and its morphs' visual,,,"Cost: 2970 Magicka. Conjure icy shards around you to skewer enemies in the area, immobilizing them for 3 seconds and dealing [405 / 409 / 413 / 418] Frost Damage every 1 second for 12 seconds. Enemies hit are overcome with bitter cold, reducing their Movement Speed by 30% for 3 seconds. Damage done is based on your Max Health and has a higher chance to apply the Chilled status effect.",Gripping Shards,86168,Immobilizes enemies around you when cast and reduces the cost.,Winter's Revenge,86172,Winter's Embrace-Winter's Revenge,Summons at targeted location instead of around you. Deals damage based on your offensive stats rather than Max Health.,Winter's Embrace-Gripping Shards,Increase Debuff Chance,Crown Store,12 seconds,Immobilize,Magicka,,Magicka Cost,,,,,,,,,,Maximum,6 meters
Online:Impeccable Shot,Deadly Assassin,"Mirri Elendis marks an enemy and exposes their weakness, causing them to take 20% more damage for 3 seconds. While the enemy is exposed they build up to a single killing shot, unleashing a massive bolt that deals 18540 Physical Damage.",Companion-Impeccable Shot,157259,3.0.5,"* Fixed an issue where ranking up a summon ability (Unstable Familiar, Summon Winged Twilight, Feral Guardian, etc.) would unsummon your pet.",,Companion,,,,,20,200 Ultimate,Enemy,3 seconds,,,,,,,,,,,,,,,,,Blackwood,3 seconds,,,20 meters,,,Increase Damage Taken,Physical Damage,,,,,,Ultimate Cost,,
Online:Imperial Mettle,Imperial,Increases your Max Stamina by 600.,Imperial-Imperial Mettle,45280,4.3.5,* Conditioning: Gain 10% Max Stamina → Imperial Mettle: Increases your Max Stamina by 2000.,Passive Effect,Passive,Increase Max Stamina,Increases your Max Stamina by 1200.,,10,,,,,,20,,,36153,45279,,,,,,,,,,,Imperial Edition,,,,,,,,,,Increases your Max Stamina by 2000.,40,45280,,,,
Online:Implacable Outcome,Soldier of Apocrypha,"The will of an Arcanist is absolute. When you consume Crux, gain 2 Ultimate. This effect can occur once every 8 seconds.",Soldier of Apocrypha-Implacable Outcome,185058,,,Ultimate Gain,Passive,,"The will of an Arcanist is absolute. When you consume Crux, gain 4 Ultimate. This effect can occur once every 8 seconds.",,39,,,,,,50,,,185050,185058,,,,,,,,,,,,,,,,,,,,,,,,,,,
Online:Implosion,Storm Calling,"When you deal Shock Damage, you have a 3% chance to instantly disintegrate enemies under 15% Health, dealing 7999 Shock Damage. When you deal Physical Damage, you have a 3% chance to instantly pulverize enemies under 15% Health, dealing 7999 Physical Damage.",Storm Calling-Implosion,45192,2.4.5,"* Disintegrate: ** Renamed this passive ability to Implosion. ** This passive ability now also grants all Physical Damage you deal a chance to instantly pulverize low health enemies, dealing additional Physical Damage to them. ** Updated this passive's tooltip to indicate what the health threshold is for it to trigger. * Fixed an issue where this passive ability could not critically strike.",,Passive,,"When you deal Shock Damage, you have a 6% chance to instantly disintegrate enemies under 15% Health, dealing 7999 Shock Damage. When you deal Physical Damage, you have a 6% chance to instantly pulverize enemies under 15% Health, dealing 7999 Physical Damage.",,22,,,,,,36,,,31422,45192,,,,,,,,,,,,,,,,,,,,,,,,,,,
Online:Improved Hiding,Legerdemain,Reduces the cost of Sneak by 10%.,Legerdemain-Improved Hiding,63802,2.6.2,* Fixed an issue where skill points spent in this passive ability were being removed.,Passive Effect,Passive,Improve Stealth,Reduces the cost of Sneak by 20%.,Reduce Activity Cost,1,,,,,,6,,,63799,63800,,,,,,,,,,,,,,,,,,,,,Reduces the cost of Sneak by 30%.,11,63801,,,,
Online:Improved Sneak,Medium Armor,Reduces the cost of Sneak by 4% for each piece of Medium Armor equipped. Reduces the size of your detection area while Sneaking by 3% for each piece of Medium Armor equipped.,Medium Armor-Improved Sneak,45567,,,Passive Effect,Passive,Medium Armor Boost,Reduces the cost of Sneak by 7% for each piece of Medium Armor equipped. Reduces the size of your detection area while Sneaking by 5% for each piece of Medium Armor equipped.,Reduce Activity Cost,14,,,,,Improve Stealth,34,,,29738,45567,,,,,,,,,,,,,,,,,,,,,,,,,,,
Online:Impulse,Destruction Staff,"Release a surge of elemental energy, dealing [4612 / 4662 / 4713 / 4764] Magic Damage to nearby enemies. Fire Impulse hits Burning enemies with Impulse Afterburn, which deals more damage based on their missing Health. Frost Impulse also provides Minor Protection. Shock Impulse's damage increases based on the number of enemies hit.",Destruction Staff-Impulse (Frost),42957,1.1.2,"* Increased the Magicka cost of Impulse and its morphs. * If you have spent skill points in the Impulse ability, you will have those points returned to your overall skill point pool. They can be re-spent in this ability, or invested elsewhere.",Fire Damage,,Frost Damage,"Release a surge of elemental energy, dealing 4764 Magic Damage to nearby enemies and afflicting them with Minor Mangle, reducing their Max Health by 10% for [7 / 8 / 9 / 10] seconds. Flame Pulsar hits Burning enemies with Pulsar Afterburn, which deals more damage based on their missing Health. Frost Pulsar also provides Minor Protection. Storm Pulsar's damage increases based on the number of enemies hit.",Shock Damage,,38,3780 Magicka,Area,Instant,Area of Effect,,ON-skill-Impulse (Shock).jpg,Impulse (Shock),,,"Range: 28 meters, Target: Ground. Release a surge of elemental energy, dealing [4764 / 4816 / 4868 / 4921] Magic Damage to enemies at the target location. Fire Ring hits Burning enemies with Ring Afterburn, which deals more damage based on their missing Health. Frost Ring also provides Minor Protection. Shock Ring's damage increases based on the number of enemies hit.",Elemental Ring,42975,Deals damage at a target location instead of around you.,Pulsar,42996,Destruction Staff-Pulsar,"Applies Minor Mangle to non-boss enemies, reducing their Max Health. Triples the innate chance to apply the respective status effect.",Destruction Staff-Elemental Ring,Status Effect Bonus,,,Execute,Magicka,,Reduce Damage Taken,6 meters,,,Group Bonus,,,,Multiple Targets Hit Bonus,,Maximum,
Online:Inexorable Descent,Class Mastery,"Be as the landslide. Let nothing stop you. Improves your Landslide passive to increase the potency of your damage done, healing done, and damage shield strength by 1% per stack.",Earthen Heart-Landslide,238232,12.0.0,"*This passive upgrades Landslide to also grant 1% potency to damage and healing done, and damage shield strength per stack.",,Passive,,,,1,,,,,,,,,,,,,,,,,,,,,,,,,,,,,,,,,,,,,
Online:Infectious Claws,Werewolf,"Shred enemies in front of you with your tainted claws, dealing [5765 / 5828 / 5891 / 5955] Disease Damage and an additional [9600 / 9700 / 9810 / 9910] Disease Damage over 20 seconds. Enemies hit by the initial hit are afflicted with the Diseased status effect.",Werewolf-Infectious Claws,58862,1.5.2,* Added some new werewolf abilities: ** Hircine's Bounty: This ability is a large heal that costs magicka. ** Infectious Claws: This ability instantly deals damage to all enemies in front of you and causes disease damage over time. ** Piercing Howl: This ability deals high damage and stuns your enemy.,Physical Damage,,Disease Damage,"Shred enemies in front of you with your tainted claws, dealing [5955 / 6020 / 6086 / 6151] Disease Damage and an additional 9920 Disease Damage over 20 seconds. You are healed for [63 / 64 / 65 / 66]% of the damage over time caused. Enemies hit by the initial hit are afflicted with the Diseased status effect.",Damage Over Time,,9,3442 Stamina,Cone,Instant,Reduce Healing,,ON-skill-Infectious Claws.jpg,Werewolf using Infectious Claws,,,"Shred enemies in front of you with your tainted claws, dealing 5955 Disease Damage and an additional 9920 Disease Damage over 20 seconds. Afflicts enemies with Major Defile for [2 / 2.7 / 3.3 / 4] seconds, reducing their healing received and damage shield strength by 12%. Enemies hit by any part of the ability are afflicted with the Diseased status effect.",Claws of Anguish,58876,Afflicts enemies with Major Defile and each tick now also applies the Diseased status effect.,Claws of Life,58907,Werewolf-Claws of Life,The damage over time heals you for a portion of the damage caused.,Werewolf-Claws of Anguish,Leech Health,,20 seconds,Stamina Cost,Stamina,,Heal Self,7 meters,,,Stamina Cost,,,,,,,
Online:Inferno,Ardent Flame,"Activate an aura of flames which launches a wave of flame around you every 5 seconds, dealing [4612 / 4662 / 4713 / 4764] Flame Damage to enemies inside. While slotted on either bar, you gain Major Prophecy and Savagery, increasing your Spell Critical and Weapon Critical rating by 2629.",Ardent Flame-Inferno,34061,1.6.5,"* This ability has completely changed. It can now be toggled, has no cost, and deals no area of effect damage. Instead, when toggled on, Inferno will fire a projectile at the nearest target within 15 meters while in combat. In addition, Inferno provides the Major Prophecy buff while active. * Flames of Oblivion: This ability now provides the same effect as Inferno, as well as providing the Major Savagery buff while active. * Sea of Flames: This ability provides the same effect as Inferno, in addition to restoring Magicka to you whenever an enemy is killed by one of the projectiles. * Updated the visual effects for Inferno and both morphs.",Fire Damage,,Direct Damage,"Radius: 15 meters. Activate an aura of embers which cauterizes the wounds of you or up to 6 nearby allies every 3 seconds, healing for [3175 / 3209 / 3244 / 3279] Health. While slotted on either bar, you gain Major Prophecy and Savagery, increasing your Spell Critical and Weapon Critical rating by 2629.",Spell Critical,,42,4050 Magicka,Area,Instant,Weapon Critical,,ON-skill-Inferno.jpg,Inferno,,,"Activate an aura of flames which launches a wave of flames every 5 seconds, dealing [5240 / 5297 / 5355 / 5412] Flame Damage to enemies inside. Each hit has a 15% chance of applying Burning. While slotted on either bar, you gain Major Prophecy and Savagery, increasing your Spell Critical and Weapon Critical rating by 2629.",Incinerate,34080,Increases the damage of the ability and chances of applying Burning.,Cauterize,34100,Ardent Flame-Cauterize,Now heals allies instead of damaging enemies. Increases radius and tick frequency.,Ardent Flame-Incinerate,Multiple Strikes,,15 seconds,Multiple Targets,Magicka,,Heal Self,8 meters,,,Heal Others,,,,Slotted Effect,,,
Online:Infest,Beasts of the Hunt,"Sharp-as-Night provokes a cloud of fetcherflies to swarm an enemy, dealing 4720 Magic Damage over 8 seconds. The fetcherflies rip through the enemy's flesh, afflicting them with Minor Vulnerability for the duration, increasing their damage taken by 5%.",Companion-Infest,186485,3.0.5,"* Fixed an issue where ranking up a summon ability (Unstable Familiar, Summon Winged Twilight, Feral Guardian, etc.) would unsummon your pet.",,Companion,,,,,11,12 seconds,Enemy,0.4 seconds,,,,,,,,,,,,,,,,,Necrom,8 seconds,,,28 meters,,,Magic Damage,Damage Over Time,,,,,,Increase Damage Taken,,
Online:Inhale,Ardent Flame,"Let the fire within draw heat into your core, restoring 15% of your missing Magicka and Stamina every 2 seconds over 4 seconds. When this ability completes, you release this heat as a blast of fire that deals 2154 Flame Damage to nearby enemies.",Draconic Power-Inhale,33697,1.1.2,* This ability's initial life drain morphs can now hit a maximum of three targets. This also applies to Inhale's morphs.,Fire Damage,,Area of Effect,"Let the fire within draw heat into your heart, restoring 12% of your missing Health and 15% of your missing Magicka and Stamina every 2 seconds over 4 seconds. When this ability completes, you release this heat as a blast of fire that deals 2969 Flame Damage to nearby enemies.",Heal Self,,42,3510 Magicka,Area,Instant,Leech Health,,ON-skill-Inhale.jpg,Core of Flame...,,,"Let the fire within draw heat into your soul, restoring 15% of your missing Magicka and Stamina every 2 seconds over 4 seconds. Much of this heat is drawn from enemies around you. Those that are casting are interrupted, set Off Balance, and stunned for 2 seconds. When this ability completes, you release this heat as a blast of fire that deals 2969 Flame Damage to nearby enemies.",Soul of Flame,33715,Initial hit interrupts enemies that are casting. Final explosion damage increased.,Heart of Flame,33732,Draconic Power-Draw Essence,Adds a heal based on your mission Health.,Draconic Power-Deep Breath,Fire Damage,,4 seconds,Interrupt,Magicka,,Stun,8 meters,,,Off-Balance,,,,Restore Magicka,,,
Online:Ink-Scribe's Verve,Class Mastery,"Illuminate body and mind with glimmering ink. While in combat, when you heal or overheal a total of 100000 Health, you generate a Crux and grant you and your group members Major Force for 10 seconds, increasing Critical Damage by 20%.",Herald of the Tome-Fated Fortune,263416,12.0.5,*Ink-Scribe's Verve: This passive enables you to generate a Crux and to grant you and group members Major Force for 10 seconds when you heal or overheal a total of 100000 Health while in combat.,,Passive,,,,1,,,,,,,,,,,,,,,,,,,,,,,,,,,,,,,,,,,,"100,000",
Online:Inner Fire,Undaunted,"Ignite the fires of hate in an enemy's heart, dealing [2767 / 2797 / 2827 / 2858] Flame Damage and taunting them to attack you for 15 seconds. An ally targeting the taunted enemy can activate the Radiate Synergy synergy, dealing 3684 Flame Damage to them over 3 seconds then an additional 6147 Flame Damage to them and other nearby enemies.",Undaunted-Inner Fire,43363,1.2.3,* This ability is now capable of critical strikes.,Magic Damage,,Taunt,"Cost: 2295 Stamina. Ignite the fires of hate in an enemy's heart, dealing [5717 / 5779 / 5842 / 5905] Physical Damage, taunting them to attack you, and applying Minor Maim and Minor Vulnerability for 15 seconds, reducing their damage done and increasing their damage taken by 5%. An ally targeting the enemy can activate the Radiate Synergy synergy, dealing 3684 Flame Damage to them over 3 seconds then an additional 6147 Flame Damage to them and other nearby enemies.",Synergy,,3,1620 Magicka,Enemy,Instant,Damage Over Time,,ON-skill-Inner Fire.jpg,Inner Fire,,,"Ignite the fires of hate in an enemy's heart, dealing [2858 / 2889 / 2920 / 2952] Flame Damage and taunting them to attack you for 15 seconds. Up to 3 allies targeting the taunted enemy can activate the Radiate Synergy synergy, dealing 3684 Flame Damage to them over 3 seconds then an additional 6147 Flame Damage to them and other nearby enemies.",Inner Rage,43378,The synergy can now be activated by up to 3 allies.,Inner Beast,43393,Undaunted-Inner Beast,Converts into a Stamina ability and deals increased Physical Damage. Applies Minor Vulnerability and Maim to the enemy.,Undaunted-Inner Rage,Area of Effect,,,Increase Damage Taken,Magicka,28 meters,Magicka Cost,,,,Stamina Cost,,,,,,,
Online:Insatiable Hunger,Werewolf,"WHILE YOU ARE IN WEREWOLF FORM Hunger gnaws at you. Like Storihbeg, shape it into a brutal weapon. Gain the ability to devour corpses, for up to 4 seconds per corpse. Each second devouring you heal for 3200 Health, based off your Max Health, and restore 15 Ultimate. If you are a Werewolf Berserker, each tick activates Fury generation.",Werewolf-Devour,32634,12.0.5,"*Devour -> Insatiable Hunger: This synergy now has a minor grace period for movement, allowing you to move slightly before and after activating it without causing the cast to be interrupted. Note that this grace period is NOT the same as the resurrection ability update that lets you move while casting it, and instead exists to give a small amount of time to let your momentum end if you cast it while moving. Increased the healing per tick to 20% of your Max Health, up from 8% (resulting in a 100% Heal over the total duration, up from 40%, or a 150% increase). Each tick now grants 15 Ultimate, rather than 3 seconds of Werewolf timer. Activating this synergy will disable the cost to maintain Werewolf Transformation for 12 seconds, rather than disabling the cost of maintaining only while channeling it. This passive will also trigger Fury generation each tick if you are a Werewolf Berserker, even if you are outside of combat.",Passive Effect,Passive,Heal Self,,Ultimate Gain,1,,,,,Consume Corpse,,,,,,,,,,,,,,,,,,,,,,,,,,,,,,,Max,
Online:Internal Conflict,Empathic Fighter,"Tanlorin lays claim to an enemy's soul, dealing 4864 Magic Damage to their target over 6 seconds.",Companion-Internal Conflict,,3.0.5,"* Fixed an issue where ranking up a summon ability (Unstable Familiar, Summon Winged Twilight, Feral Guardian, etc.) would unsummon your pet.",,Companion,,,,,1,8 seconds,Enemy,0.4 seconds,,,,,,,,,,,,,,,,,,6 seconds,,,,,28 meters,Magic Damage,Damage Over Time,,,,,,,,
Online:Intimidating Presence,Fighters Guild,Allows you to Intimidate NPCs in conversation. Reduces the Stamina cost of your Fighters Guild abilities by 15%.,Fighters Guild-Intimidating Presence,29062,2.4.5,* This passive ability now also reduces the cost of Fighters Guild abilities by 20%.,Passive Effect,Passive,Quest Options,,,1,,,,,,,,,,,,,,,,,,,,,,,,,,,,,,,,,,,,,
Online:Intricate Runeforms,Curative Runeforms,With a Curative Runeforms Ability Slotted Your status as illuminatus reduces the cost and increases the strength of your damage shields by 5%.,Curative Runeforms-Intricate Runeforms,185195,,,Increase Healing Done,Passive,,With a Curative Runeforms Ability Slotted Your status as illuminatus reduces the cost and increases the strength of your damage shields by 10%.,,39,,,,,,50,,,185187,185195,,,,,,,,,,,,,,,,,,,,,,,,,,,
Online:Iron Skin,Draconic Power,"A Dragon's scales will turn aside arrow, fire, and blade. Increases the amount of damage you block by 4%.",Draconic Power-Scaled Armor,44922,2.7.5,* Combat Refresh Overhaul. Dragonknight Functionality and Balance Update.,Passive Effect,Passive,Increase Block,"A Dragon's scales will turn aside arrow, fire, and blade. Increases the amount of damage you block by 10%.",,8,,,,,,18,,,29455,44922,,,,,,,,,,,,,,,,,,,,,,,,,,,
Online:Jewelry Extraction,Jewelry Crafting,Improves the chances of extracting Jewelry Crafting ingredients and allows the refining of more powerful Platings from raw materials.,Jewelry Crafting-Jewelry Extraction,103645,,,Crafting Effect,Passive,Material Extraction,Greatly improves the chances of extracting Jewelry Crafting ingredients and allows the refining of more powerful Platings from raw materials.,,4,,,,,,22,,,103643,103644,,,,,,,,,,,Summerset,,,,,,,,,,Maximizes the chances of extracting Jewelry Crafting ingredients and allows the refining of more powerful Platings from raw materials.,32,103645,,,,
Online:Judgment's Brand,Class Mastery,"Judgement follows in the wake of your radiance. When rank 2 of Burning Light deals damage, your Templar abilities gain 1400 damage done for 3.1 seconds. This bonus is halved against players.",Restoring Light-Mending,263588,12.0.0,This passive upgrades rank 2 of Burning Light to increase your damage done with Templar abilities by 1250 (625 against players) for 3.1 seconds after activating.,,Passive,,,,1,,,,,,,,,,,,,,,,,,,,,,,,,,,,,,,,,,,,,
Online:Juggernaut,Heavy Armor,Increases your Max Health by 1% for each piece of Heavy Armor equipped.,Heavy Armor-Juggernaut,45546,1.6.5,* This passive now grants a 0.5% increase in max health per piece of heavy armor worn. All other bonuses on this passive have been removed.,Passive Effect,Passive,Heavy Armor Boost,Increases your Max Health by 2% for each piece of Heavy Armor equipped.,Increase Max Health,14,,,,,,34,,,29804,45546,,,,,,,,,,,,,,,,,,,,,,,,,,Maximum,
Online:Keen Eye: Cloth,Clothing,Fibrous plants in the world will be easier to see when you are 20 meters or closer.,Clothing-Keen Eye,47862,,,Passive Effect,Passive,Keen Eye,Fibrous plants in the world will be easier to see when you are 30 meters or closer.,,2,,,,,,9,ON-skill-Keen_Eye_Cloth.jpg,Effect on an Ancestor Silk node,47860,47861,,,,,,,,,,,,,,,,,,,,,Fibrous plants in the world will be easier to see when you are 40 meters or closer.,30,47862,,,,
Online:Keen Eye: Dig Sites,Excavation,Antiquity Dig Sites will be easier to see when you are 20 meters or closer.,Excavation-Keen Eye,140174,,,Passive Effect,Passive,Keen Eye,Antiquity Dig Sites will be easier to see when you are 30 meters or closer.,Antiquities,2,,,,,,4,ON-skill-Keen Eye - Dig Sites.jpg,Dig Site with passive unlocked.,,,,,,,,,,,,,Greymoor,,,,,,,,,,,,,,,,
Online:Keen Eye: Jewelry,Jewelry Crafting,Jewelry Seams in the world will be easier to see when you are 20 meters or closer.,Jewelry Crafting-Keen Eye,103639,,,Passive Effect,Passive,Keen Eye,Jewelry Seams in the world will be easier to see when you are 30 meters or closer.,,2,,,,,,9,ON-skill-Keen_Eye_Jewelry.jpg,Effect on a Platinum node,103637,103638,,,,,,,,,,,Summerset,,,,,,,,,,Jewelry Seams in the world will be easier to see when you are 40 meters or closer.,30,103639,,,,
Online:Keen Eye: Ore,Blacksmithing,Ore in the world will be easier to see when you are 20 meters or closer.,Blacksmithing-Keen Eye,47856,,,Passive Effect,Passive,Keen Eye,Ore in the world will be easier to see when you are 30 meters or closer.,,2,,,,,,9,ON-skill-Keen_Eye_Ore.jpg,Effect on a Rubedite node,47854,47855,,,,,,,,,,,,,,,,,,,,,Ore in the world will be easier to see when you are 40 meters or closer.,30,47856,,,,
Online:Keen Eye: Reagents,Alchemy,Herbs and fungi in the world will be easier to see when you are 20 meters or closer.,Alchemy-Keen Eye,47842,4.1.5,* Alchemy's Keen Eye will now illuminate giant clams seen on the shores of Summerset.,Passive Effect,Passive,Keen Eye,Herbs and fungi in the world will be easier to see when you are 30 meters or closer.,,2,,,,,,6,ON-misc-Keen_Eye.jpg,Keen Eye on a Corn Flower plant,47840,47841,,,,,,,,,,,,,,,,,,,,,Herbs and fungi in the world will be easier to see when you are 40 meters or closer.,17,47842,,,,
Online:Keen Eye: Rune Stones,Enchanting,Runes in the world will be easier to see when you are 20 meters or closer.,Enchanting-Keen Eye,47853,,,Passive Effect,Passive,Keen Eye,Runes in the world will be easier to see when you are 30 meters or closer.,,2,,,,,,7,ON-skill-Keen_Eye_Rune_Stones.jpg,Effect on a Rune Stone,47851,47852,,,,,,,,,,,,,,,,,,,,,Runes in the world will be easier to see when you are 40 meters or closer.,14,47853,,,,
Online:Keen Eye: Treasure Chests,Excavation,Treasure Chests will be easier to see when you are 20 meters or closer.,Excavation-Keen Eye,139772,,,Passive Effect,Passive,Keen Eye,Treasure Chests will be easier to see when you are 30 meters or closer.,,7,,,,,,9,ON-skill-Keen Eye - Treasure Chests.jpg,Treasure Chest highlighted with passive skill,,,,,,,,,,,,,Greymoor,,,,,,,,,,,,,,,,
Online:Keen Eye: Wood,Woodworking,Wood in the world will be easier to see when you are 20 meters or closer.,Woodworking-Keen Eye,47859,,,Passive Effect,Passive,Keen Eye,Wood in the world will be easier to see when you are 30 meters or closer.,,2,,,,,,9,ON-skill-Keen_Eye_Wood.jpg,Effect on a Ruby Ash node,47857,47858,,,,,,,,,,,,,,,,,,,,,Wood in the world will be easier to see when you are 40 meters or closer.,30,47859,,,,
Online:Kickback,Legerdemain,Reduces bounties you willingly pay to guards and fences by 10%.,Legerdemain-Kickback,63818,,,Passive Effect,Passive,Escape Justice,Reduces bounties you willingly pay to guards and fences by 20%.,,6,,,,,,10,,,63815,63816,,,,,,,,,,,,,,,,,,,,,Reduces bounties you willingly pay to guards and fences by 30%.,15,63817,,,,
Online:Kindle,Radiating Heart,"Your Companion launches a searing fireball at themselves or an ally to cauterize their wounds, healing for 3150/6000 Health. Used when Your Companion or an ally is below 75% Health.",Companion-Kindle,154925,3.0.5,"* Fixed an issue where ranking up a summon ability (Unstable Familiar, Summon Winged Twilight, Feral Guardian, etc.) would unsummon your pet.",,Companion,,,,,1,8 seconds,Area,0.3 seconds,,,,,,,,,,,,,,,,,Blackwood,,,,,,28 meters,Heal Self,Heal Others,,,,,,,,
Online:Laboratory Use,Alchemy,Allows the use of up to 3 reagents while mixing Potions or Poisons.,Alchemy-Laboratory Use,45555,,,Crafting Effect,Passive,,,,15,,,,,,,,,,,,,,,,,,,,,,,,,,,,,,,,,,,,,
Online:Lacerate,Dual Wield,"Slash enemies in front of you, causing them to bleed for [18440 / 18640 / 18845 / 19045] Bleed Damage over 8 seconds and healing you for 50% of the damage done. Each tick applies the Hemorrhaging status effect.",Dual Wield-Lacerate,86370,2.6.4,"* New Weapon Ultimates have been added to the game. Each Weapon skill line now has one Ultimate, and each Ultimate can be obtained by reaching Rank 50 in its respective Weapon skill line. Weapon Ultimates can be morphed as well!",Bleed Damage,Ultimate,Area of Effect,"Radius: 15 meters, Target: Cone. Slash enemies in front of you, causing them to bleed for 19045 Bleed Damage over 8 seconds and healing you for 50% of the damage done. Each enemy hit increases your damage done by [3 / 4 / 5 / 6]% for 15 seconds. This effect can stack up to 6 times. Each tick applies the Hemorrhaging status effect.",Damage Over Time,,50,150 Ultimate,Area,0.5 seconds,Leech Health,,ON-skill-Lacerate.jpg,Lacerate,,,"Duration: 16 seconds. Slash enemies in front of you, causing them to bleed for [34281 / 34659 / 35046 / 35406] Bleed Damage over 16 seconds and healing you for 50% of the damage done. Each tick applies the Hemorrhaging status effect.",Rend,86393,Increases the duration.,Thrive in Chaos,86410,Dual Wield-Thrive in Chaos,Converts into a attack. Each enemy hit increases your damage done.,Dual Wield-Rend,Heal Self,,8 seconds,Apply Status Effect,,,Multiple Targets Hit Bonus,8 meters,,,Increase Damage Dealt,,,,Ultimate Cost,,,
Online:Landslide,Earthen Heart,"Given time, the smallest rock on the mountain can cascade into pure devastation. Whenever you deal damage you gain a stack of Landslide which increases your damage done by 1% per stack, up to 10 times. This effect can occur once every 10 seconds. Every 2 seconds you do not deal damage, you lose a stack.",Earthen Heart-Landslide,44984,,,,Passive,,"Given time, the smallest rock on the mountain can cascade into pure devastation. Whenever you deal damage you gain a stack of Landslide which increases your damage done by 1% per stack, up to 10 times. This effect can occur once every 5 seconds. Every 2 seconds you do not deal damage, you lose a stack.",,14,,,,,,27,,,,,,,,,,,,,,,,,,,,,,,,,,,,,,,
Online:Lapidary Research,Jewelry Crafting,Reduces research times by 5%.,Jewelry Crafting-Lapidary Research,108098,,,Crafting Effect,Passive,Reduce Research Time,Reduces research times by 10%.,,8,,,,,,18,,,103640,103641,,,,,,,,,,,Summerset,,,,,,,,,,Reduces research times by 20%.,28,103642,,,,
Online:Last Gasp,Bone Tyrant,Increases your Max Health by 1206.,Bone Tyrant-Last Gasp,116272,11.0.5,"* This passive now increases your Max Health by 1206/2412, up from 625/1250.",Increase Max Health,Passive,Passive Effect,Increase your Max Health by 2412.,,39,,,,,,50,,,116271,116272,,,,,,,,,,,Elsweyr,,,,,,,,,,,,,,,Maximum,
Online:Lava Whip,Ardent Flame,"Lash an enemy with flame, dealing [6149 / 6216 / 6284 / 6351] Flame Damage. Hitting an Off Balance enemy grants 5 stacks of Volcanic Whip for 20 seconds, up to once every 20 seconds. Volcanic Whip replaces this ability and consumes a stack to instead deal [11480 / 11606 / 11732 / 11858] Flame Damage to your target and all nearby enemies.",Ardent Flame-Lava Whip,23811,1.2.3,* Flame Lash: Increased the damage and healing for this ability's activated follow-up attack. * Molten Whip: This ability's slotted passive only applies to Ardent Flame skill line abilities instead of all fire damage.,Fire Damage,,Direct Damage,"Lash an enemy with flame, dealing [6149 / 6216 / 6284 / 6351] Flame Damage and healing for [2116 / 2139 / 2162 / 2185] Health. Hitting an Off Balance enemy grants 5 stacks of Power Lash for 20 seconds, up to once every 20 seconds. Activating again consumes a stack to deal 11858 Flame Damage to your target and all nearby enemies and heals for [8469 / 8562 / 8655 / 8748] Health.",Damage Against Status,,1,2295 Magicka,Enemy,Instant,Off-Balance,,ON-skill-Lava Whip.jpg,Lava Whip,,,"Cost: 1148 Magicka and 1148 Stamina. Lash an enemy with flame, dealing [6352 / 6421 / 6491 / 6561] Flame Damage. Activating a different Dragonknight ability while in combat grants a stack of Seething Fury up to 3 times, increasing the damage of your next Molten Whip by 33% within 10 seconds.",Molten Whip,23819,Splits the cost between Magicka and Stamina. Activating other Dragonknight abilities empowers your next Molten Whip cast to deal high single target damage.,Flame Lash,23924,Ardent Flame-Flame Lash,You heal whenever dealing damage with the ability.,Ardent Flame-Molten Whip,Slotted Effect,,,Increase Damage Dealt,Magicka,7 meters,Increase Weapon Damage,,,,Increase Spell Damage,,,,Heal Self,,,
Online:Lead from the Front,Class Mastery,"Let others be swept along in the wake of your flame. Activating rank 2 of The Storm Voice grants you and group members within 28 meters of you Major Berserk and Protection for 1 second per 15 Ultimate spent, increasing damage done and reducing damage taken by 10%.",Class Mastery-Lead from the Front,263247,12.0.0,*This passive upgrades rank 2 of The Storm Voice to also apply Major Berserk and Protection for 1 second per 15 Ultimate spent to you and group members within 28m of you.,,Passive,,,,1,,,,,,,,,,,,,,,,,,,,,,,,,,,,,,,,,,,,,
Online:Life Absorption,Soul Thief,"Mirri Elendis steals an enemy's life force, dealing 1622/3090 Magic Damage and healing themselves or an ally around them for 3245/6180 Health.",Companion-Life Absorption,154790,3.0.5,"* Fixed an issue where ranking up a summon ability (Unstable Familiar, Summon Winged Twilight, Feral Guardian, etc.) would unsummon your pet.",,Companion,,,,,1,12 seconds,Enemy,0.2 seconds,,,,,,,,,,,,,,,,,Blackwood,,,,28 meters,,,Magic Damage,Heal Self,,,,,,Heal Others,,
Online:Life Mender,Argonian,Increases your healing done by 1%.,Argonian-Life Mender,45258,2.1.4,* Increased the bonus healing received from this passive to 3/6/9 from 2/4/6.,Passive Effect,Passive,Increase Healing Done,Increases your healing done by 3%.,,5,,,,,,15,,,36585,45257,,,,,,,,,,,,,,,,,,,,,Increases your healing done by 6%.,30,45258,,,,
Online:Life Siphon,Soul Thief,"Mirri Elendis siphons the vigor from the blood of enemies nearby, dealing 1622/3090 Magic Damage and healing themselves and their allies for 1622/3090 Health.",Companion-Life Siphon,157207,3.0.5,"* Fixed an issue where ranking up a summon ability (Unstable Familiar, Summon Winged Twilight, Feral Guardian, etc.) would unsummon your pet.",,Companion,,,,,17,16 seconds,Area,0.6 seconds,,,,,,,,,,,,,,,,,Blackwood,,,,8 meters,,,Magic Damage,Area of Effect,,,,,,Heal Self,,
Online:Life amid Death,Living Death,"Release residual fragments of fallen souls at the target location, healing you and your allies for [6149 / 6216 / 6284 / 6351] Health. Consumes a corpse on cast to continue to heal you and your allies in the area for [6150 / 6215 / 6285 / 6350] Health over 5 seconds.",Living Death-Life amid Death,40115315,,,Heal Self,,Heal Others,"Release residual fragments of fallen souls at the target location, healing you and your allies for [6352 / 6421 / 6491 / 6561] Health. Consumes a corpse on cast to continue to heal you and your allies in the area for [6345 / 6410 / 6480 / 6550] Health over 5 seconds. You can consume up to 5 additional corpses on cast, with each corpse extending the duration of the heal over time by 5 seconds.",Area of Effect,,20,3510 Magicka,Ground,Instant,Consume Corpse,,ON-skill-Life amid Death.jpg,Life amid Death and Renewing Undeath morph visual,,,"Release residual fragments of fallen souls at the target location, healing you and your allies for [6352 / 6421 / 6491 / 6561] Health. Consumes a corpse on cast to immediately remove up to 3 negative effects and continue to heal you and your allies in the area for [6345 / 6410 / 6480 / 6550] Health over 5 seconds.",Renewing Undeath,40118017,Consuming a corpse also removes negative effects.,Enduring Undeath,40118809,Living Death-Enduring Undeath,Can consume multiple corpses to increase the duration of the heal over time.,Living Death-Renewing Undeath,Cleanse,Elsweyr,,Magicka Cost,Magicka,28 meters,,8 meters,,,,,,,,,,
Online:Light Armor Bonuses,Light Armor,Each piece of Light Armor does the following: Reduces damage taken from Magical attacks by 1% Reduces the cost of Roll Dodge by 3% Reduces the Movement Speed penalty of Sneak by 5% Reduces the cost of Break Free by 5% Reduces the cost of Bash by 3%,Light Armor-Light Armor Bonuses,150185,,,Passive Effect,Passive,Reduce Damage Taken,,Reduce Activity Cost,1,,,,,Improve Stealth,,,,,,,,,,,,,,,,,,,,,,,,,,,,,,,,
Online:Light Armor Penalties,Light Armor,Each piece of Light Armor does the following: Increases damage taken from Martial attacks by 1% Increases the cost of Block by 3% Decreases damage done with Bash by 1%,Light Armor-Light Armor Penalties,152778,,,Passive Effect,Passive,Drawbacks,,,1,,,,,,,,,,,,,,,,,,,,,,,,,,,,,,,,,,,,,
Online:Light Fingers,Legerdemain,Increases your chance of successfully Pickpocketing by 10%.,Legerdemain-Light Fingers,63806,,,Passive Effect,Passive,Escape Justice,Increases your chance of successfully Pickpocketing by 20%.,,2,,,,,,7,,,63803,63804,,,,,,,,,,,,,,,,,,,,,Increases your chances of successfully Pickpocketing by 35%,12,63805,,,,
Online:Light Weaver,Restoring Light,"When you heal an ally under 50% Health with a Restoring Light ability, you grant them 1 Ultimate. Activating an ability with a cast or channel time while in combat causes you to automatically block all attacks at no cost for 2 seconds, up to once every 30 seconds.",Restoring Light-Light Weaver,45208,6.1.5,"*This passive has been updated so healing an ally under 50% of any Restoring Light ability restores 1 / 2 Ultimate, rather than restoring 1 /2 Ultimate when healing an ally under 60% health with Healing Ritual. *This passive no longer extends the duration of Restoring Aura.",Passive Effect,Passive,Near Death Effect,"When you heal an ally under 50% Health with a Restoring Light ability, you grant them 2 Ultimate. Activating an ability with a cast or channel time while in combat causes you to automatically block all attacks at no cost for 2 seconds, up to once every 15 seconds.",Ultimate Gain,22,,,,,Increase Armor,36,,,31760,45208,,,,,,,,,,,,,,,,,,,,,,,,,,50%,
Online:Lightning Form,Storm Calling,"Manifest yourself as pure lightning, zapping nearby enemies with electricity dealing [1230 / 1243 / 1257 / 1270] Shock Damage every 2 seconds for 20 seconds. While in this form you also gain Major Resolve, increasing your Physical Resistance and Spell Resistance by 5948.",Storm Calling-Lightning Form,30235,1.2.3,* This ability now deals damage at every tick.,Shock Damage,,Area of Effect,"Duration: [27 / 28 / 29 / 30] seconds. Manifest yourself as pure lightning, zapping nearby enemies with electricity dealing 1269 Shock Damage every 2 seconds for [27 / 28 / 29 / 30] seconds. While in this form you also gain Major Resolve, increasing your Physical Resistance and Spell Resistance by 5948. Activating this grants you Major Expedition, increasing your Movement Speed by 30% for 4 seconds.",Damage Over Time,,4,2700 Magicka,Area,Instant,Increase Armor,,ON-skill-Lightning Form cast.jpg,Lightning Form and Boundless Storm morph cast visual,,,"Cost: 2295 Stamina. Manifest yourself as pure air, buffeting nearby enemies with wind dealing [1269 / 1282 / 1296 / 1310] Physical Damage every 2 seconds for 20 seconds. The winds grow in damage and size, increasing up to 120% more damage and up to 9 meters in size. While in this form you gain Major Resolve and Minor Expedition, increasing your Physical Resistance and Spell Resistance by 5948 and your Movement Speed by 15%.",Hurricane,30244,"Converts into a Stamina ability and deals Physical Damage. Increases in size and damage the longer it is active. Grants Minor Expedition while active, increasing your Movement Speed.",Boundless Storm,30255,Storm Calling-Boundless Storm,"Increases the duration, and you gain Major Expedition for brief period after activation, increasing your Movement Speed.",Storm Calling-Hurricane,Physical Damage,,20 seconds,Increase Movement Speed,Magicka,,Magicka Cost,5 meters,,,Stamina Cost,,,,,,,
Online:Lightning Splash,Storm Calling,"Create a nexus of storm energy at the target location, dealing [818 / 826 / 836 / 843] Shock Damage to enemies in the area every 1 second for 10 seconds. You or an ally standing within the nexus can activate the Conduit Synergy synergy, dealing 7380 Shock Damage to enemies around them.",Storm Calling-Lightning Splash,30269,1.2.3,* Edited the tooltip so it more accurately reflects the damage dealt.,Shock Damage,,Area of Effect,"Radius: 8 meters. Create a nexus of storm energy at the target location, dealing [1099 / 1111 / 1123 / 1135] Shock Damage to enemies in the area every 1 second for 10 seconds. You or an ally standing within the nexus can activate the Conduit Synergy synergy, dealing 7380 Shock Damage to enemies around them.",Damage Over Time,,20,2970 Magicka,Ground,Instant,Synergy,,ON-skill-Lightning Splash.jpg,Lightning Splash,,,"Duration: [12 / 13 / 14 / 15] seconds. Create a nexus of storm energy at the target location, dealing 844 Shock Damage to enemies in the area every 1 second for [12 / 13 / 14 / 15] seconds. You or an ally standing within the nexus can activate the Conduit Synergy synergy, dealing 7380 Shock Damage to enemies around them.",Liquid Lightning,30286,Increases the duration.,Lightning Flood,30302,Storm Calling-Lightning Flood,Increases the radius and damage.,Storm Calling-Liquid Lightning,Magicka Cost,,10 seconds,,Magicka,28 meters,,4 meters,,,,,,,,,,
Online:Living Vines,Green Balance,Grow vines to embrace you or the lowest health ally in front of you for 10 seconds. The vines heal the target for [1844 / 1863 / 1883 / 1904] Health each time they take damage. This effect can occur once every 1 second.,Green Balance-Living Vines,93877,5.3.4,* Fixed an issue where you would slowly turn to your target receiving the cast if they ran out of your field of vision while activating. You will now immediately snap to their direction and cast the ability.,Counter Attack,,Heal Self,"Grow vines to embrace you or the lowest health ally in front of you for 10 seconds. The vines heal the target for [1905 / 1924 / 1946 / 1967] Health each time they take damage. This effect can occur once every 1 second. When the vines expire, they heal the target for an additional [4608 / 4657 / 4709 / 4759] Health.",Heal Others,,20,2700 Magicka,Area,Instant,Leech Health,,ON-skill-Living Vines cast.jpg,Living Vines and its morphs cast visual,,,"Grow vines to embrace you or the lowest health ally in front of you for 10 seconds. The vines heal the target for [1905 / 1924 / 1946 / 1967] Health each time they take damage. This effect can occur once every 1 second. The vines apply Minor Lifesteal to enemies that damage the target for 10 seconds, healing you and your allies for 600 Health every 1 second when damaging that enemy.",Leeching Vines,93880,Minor Lifesteal is applied to attackers.,Living Trellis,93883,Green Balance-Living Trellis,Heals when effect ends.,Green Balance-Leeching Vines,Magicka Cost,Crown Store,10 seconds,,Magicka,,,,,,,,,,,,,28 meters
Online:Locksmith,Legerdemain,Improves your chances of forcing locks by 10%.,Legerdemain-Locksmith,63814,,,Passive Effect,Passive,,Improves your chances of forcing locks by 25%.,,5,,,,,,9,,,63811,63812,,,,,,,,,,,,,,,,,,,,,Improves your chances of forcing locks by 45%.,14,63813,,,,
Online:Long Shots,Bow,Gives you a damage bonus of up to 6% against enemies at longer range.,Bow-Long Shots,45494,1.2.3,* This passive ability's bonus is now applied to enemies greater than 40 meters away.,,Passive,,Gives you a damage bonus of up to 12% against enemies at longer range.,,5,,,,,,34,,,30937,45494,,,,,,,,,,,,,,,,,,,,,,,,,,,
Online:Lotus Flower,Green Balance,"Duration: [17 / 18 / 19 / 20] seconds. Embrace the lotus blessing, causing your Light Attacks to restore 1320 Health and your fully-charged Heavy Attacks to restore 3036 Health to you or a nearby ally for [17 / 18 / 19 / 20] seconds. While active you gain Major Prophecy and Savagery, increasing your Spell Critical and Weapon Critical rating by 2629.",Green Balance-Lotus Flower,93908,3.0.8,"* This ability and its morphs will now critically strike based on your highest critical strike rating, instead of only your Spell Critical rating.",Leech Health,,Heal Self,"Duration: [57 / 58 / 59 / 60] seconds. Embrace the lotus blessing, causing your Light Attacks to restore 1320 Health and your fully-charged Heavy Attacks to restore 3036 Health to you or a nearby ally for [57 / 58 / 59 / 60] seconds. While active you gain Major Prophecy and Savagery, increasing your Spell Critical and Weapon Critical rating by 2629.",Heal Others,,30,1350 Magicka,Area,Instant,Weapon Critical,,ON-skill-Lotus Flower.jpg,Lotus Blossom effect.,,,"Embrace the lotus blessing, causing your Light Attacks to restore [1401 / 1434 / 1467 / 1500] Health and your fully-charged Heavy Attacks to restore [3360 / 3390 / 3420 / 3450] Health to you or 2 nearby allies for 20 seconds. While active you gain Major Prophecy and Savagery, increasing your Spell Critical and Weapon Critical rating by 2629.",Green Lotus,93911,Heals two additional targets and increases the healing caused.,Lotus Blossom,93914,Green Balance-Lotus Blossom,Significantly increases the duration.,Green Balance-Green Lotus,Spell Critical,Crown Store,20 seconds,Magicka Cost,Magicka,,,,,,,,,,,,,28 meters
Online:Low Slash,One Hand and Shield,"Surprise an enemy with a deep lunge, dealing [3690 / 3730 / 3771 / 3811] Physical Damage and afflicting them with Minor Maim, reducing their damage done by 5% for 15 seconds.",One Hand and Shield-Low Slash,41394,1.3.3,* Crippling Slash: This ability now has a visual effect to indicate that your target is immobilized.,Physical Damage,,Reduce Damage Dealt,"Surprise an enemy with a deep lunge, dealing [3811 / 3852 / 3894 / 3936] Physical Damage and afflicting them with Minor Maim, reducing their damage done by 5% for 15 seconds. You gain Minor Heroism, granting you 1 Ultimate every 1.5 seconds for 15 seconds.",Area of Effect,,4,2970 Stamina,Enemy,Instant,Reduce Movement Speed,,ON-skill-Low_Slash.jpg,Low Slash,,,"Area: 6 meters. Surprise an enemy with a sweeping lunge, dealing [4764 / 4816 / 4868 / 4921] Physical Damage to them and other nearby enemies, afflicting them with Minor Maim, reducing their damage done by 5% for 15 seconds. Enemies hit also have their Movement Speed reduced by 30% for 4 seconds.",Deep Slash,41403,"Increases the damage dealt. Now hits all targets near the initial enemy hit, and snares them.",Heroic Slash,41414,One Hand and Shield-Heroic Slash,"You gain Minor Heroism, increasing your Ultimate generation.",One Hand and Shield-Deep Slash,Ultimate Gain,,,Stamina Cost,Stamina,7 meters,,,,,,,,,,,,
Online:Lumberjack Hireling,Woodworking,A hireling will send you some woodworking materials and possibly other items every day.,Woodworking-Lumberjack Hireling,48186,,,Crafting Effect,Passive,Free Items,A hireling will send you more woodworking materials and possibly other items every day. You have a chance at better quality materials.,,3,,,,,,12,,,48184,48185,,,,,,,,,,,,,,,,,,,,,A hireling will send you even more woodworking materials and possibly other items every day. You have a greater chance at better quality materials.,32,48186,,,,
Online:Lunar Blessings,Khajiit,"Increase your Maximum Health, Magicka, and Stamina by 305.",Khajiit-Lunar Blessings,117848,4.3.5,"* Stealthy: Reduce detection radius by 3m and Increase damage from Stealth by 10% → Lunar Blessings: Increases your Max Health, Magicka, and Stamina by 825.",Passive Effect,Passive,Increase Max Health,"Increase your Maximum Health, Magicka, and Stamina by 610.",Increase Max Magicka,10,,,,,Increase Max Stamina,20,,,117846,117847,,,,,,,,,,,,,,,,,,,,,"Increase your Maximum Health, Magicka, and Stamina by 915.",40,117848,,,,
Online:Mage Adept,Mages Guild,Reduces the Magicka and Health cost of your Mages Guild abilities by 8%.,Mages Guild-Mage Adept,45601,,,Passive Effect,Passive,Reduce Skill Cost,Reduces the Magicka and Health cost of your Mages Guild abilities by 15%.,,3,,,,,,5,,,40436,45601,,,,,,,,,,,,,,,,,,,,,,,,,,,
Online:Magelight,Mages Guild,"Cost: [5400 / 5310 / 5220 / 5130] Magicka. Summon a mote of magelight, revealing stealthed and invisible enemies around you for 5 seconds. Exposed enemies cannot return to stealth or invisibility for 4 seconds. While slotted you gain Major Savagery and Prophecy, increasing your Weapon Critical and Spell Critical rating by 2629.",Mages Guild-Magelight,42418,1.4.3,* Fixed an issue where the UI wasn't updating the Spell Critical Strike rating when it was being activated near an enemy.,Detection,,Slotted Effect,"Cost: [5130 / 5040 / 4950 / 4860] Magicka, Radius: 12 meters. Summon a mote of magelight, revealing stealthed and invisible enemies around you for 5 seconds. Exposed enemies cannot return to stealth or invisibility for 4 seconds. While slotted you gain Major Savagery and Prophecy, increasing your Weapon Critical and Spell Critical rating by 2629. You also prevent the stun from stealth attacks for you and nearby allies.",Weapon Critical,,2,5130 Magicka,Area,Instant,Spell Critical,,ON-skill-Magelight.jpg,The effects of Magelight,,,"Summon a mote of magelight, revealing stealthed and invisible enemies around you for 5 seconds. Exposed enemies cannot return to stealth or invisibility for 4 seconds. While slotted you gain Major Savagery and Prophecy, increasing your Weapon Critical and Spell Critical rating by 2629 and your Max Magicka is increased by [2 / 3 / 4 / 5]%.",Inner Light,42430,Also increases your Max Magicka while slotted.,Radiant Magelight,42455,Mages Guild-Radiant Magelight,Increases the radius of the reveal. You and nearby allies cannot be stunned from sneak attacks while slotted. Reduces the cost as the ability ranks up.,Mages Guild-Inner Light,Increase Max Magicka,,5 seconds,Immunity,Magicka,,Magicka Cost,6 meters,,,,,,,,,,
Online:Mages' Fury,Storm Calling,"Call down lightning to strike an enemy, dealing [2306 / 2331 / 2356 / 2382] Shock Damage. If the enemy falls to or below 20% Health within 2 seconds of being struck, an explosion deals an additional [8452 / 8545 / 8638 / 8731] Shock Damage to them and [1845 / 1865 / 1885 / 1905] Shock Damage to other enemies nearby.",Storm Calling-Mages' Fury,30319,1.1.2,"* Endless Fury: This ability now restores magicka if the secondary explosion kills an enemy, in addition to the initial bolt.",Shock Damage,,Area of Effect,"Cost: 2160 Magicka. Call down lightning to strike an enemy, dealing 2382 Shock Damage. If the enemy falls to or below 20% Health within 2 seconds of being struck, an explosion deals an additional 8735 Shock Damage to them and 1905 Shock Damage to other enemies nearby. If any enemy is killed within 5 seconds of being hit with this ability, you restore [2430 / 3240 / 4050 / 4860] Magicka.",Execute,,1,2430 Magicka,Enemy,Instant,Restore Magicka,,ON-skill-Mages' Fury.jpg,Mages' Fury and its morphs' bolt of Lightning,,,"Call down lightning to strike an enemy, dealing 2382 Shock Damage. If the enemy falls to or below 20% Health within 2 seconds of being struck, an explosion deals an additional 8735 Shock Damage to them and all nearby enemies.",Mages' Wrath,30331,Significantly increases the damage dealt to other enemies nearby.,Endless Fury,30343,Storm Calling-Endless Fury,Reduces the cost and restores Magicka if the target dies after this ability dealt damage to them.,Storm Calling-Mages' Wrath,Magicka Cost,,2 seconds,,Magicka,28 meters,,4 meters,,,,,,,,,20%,
Online:Magicka Aid,Support,Increases your Magicka Recovery by 5% for each Support ability slotted.,Support-Magicka Aid,45622,1.6.5,* Fixed an issue where the extra Magicka recovery granted by this passive ability was not working properly with Guard and Revealing Flare.,Passive Effect,Passive,Magicka Recovery,Increases your Magicka Recovery by 10% for each Support ability slotted.,,3,,,,,,9,,,39255,45622,,,,,,,,,,,,,,,,,,,,,,,,,,,
Online:Magicka Controller,Mages Guild,Increases your Max Magicka and Magicka Recovery by 1% for each Mages Guild ability slotted.,Mages Guild-Magicka Controller,45603,2.3.5,* Fixed an issue where this passive ability was not dynamically updating the stats on the Character UI when you added Mages Guild abilities to your skill bar.,Passive Effect,Passive,Increase Max Magicka,Increases your Max Magicka and Magicka Recovery by 2% for each Mages Guild ability slotted.,Magicka Recovery,7,,,,,,9,,,40438,45603,,,,,,,,,,,,,,,,,,,,,,,,,,,
Online:Magicka Detonation,Assault,"Curse an enemy with a magical bomb that explodes after 4 seconds, dealing [1152 / 1164 / 1177 / 1190] Magic Damage to all enemies in the area. Each enemy within the bomb's radius increases the damage by 100%, including the original target.",Assault-Magicka Detonation,63284,1.6.5,"* Magicka Detonation (new ability) ** Using this new ability will place a bomb on your target. After 4 seconds, the bomb will explode dealing high area of effect damage. This ability has a 2 second cast time. ** Inevitable Detonation: This ability will deal area of effect damage if dispelled. ** Proximity Detonation: This ability, cast upon yourself, will blow up and damage all nearby enemies after 4 seconds.",Magic Damage,,Area of Effect,"Casting Time: Instant, Duration: 8 seconds, Target: Area. Activate a magical bomb on yourself that explodes after 8 seconds, dealing [1191 / 1204 / 1217 / 1230] Magic Damage to all enemies in the area. Each enemy within the bomb's radius increases the damage by 100%, including the original target.",Magicka Cost,,7,3510 Magicka,Enemy,1 second,,,ON-skill-Magicka_Detonation.jpg,Magicka Detonation on a target,,,"Curse an enemy with a magical bomb that explodes after 4 seconds, dealing [1191 / 1204 / 1217 / 1230] Magic Damage to all enemies in the area. If the bomb is dispelled or removed early, the explosion is triggered immediately. Each enemy within the bomb's radius increases the damage by 100%.",Inevitable Detonation,63293,"If the bomb is dispelled or removed early, the explosion is triggered immediately.",Proximity Detonation,63302,Assault-Proximity Detonation,"You become the center of the detonation. Removes cast time, but doubles the duration it takes to detonate.",Assault-Inevitable Detonation,,,4 seconds,,Magicka,28 meters,,8 meters,,,,,,,,,,
Online:Magicka Flood,Siphoning,WITH A SIPHONING ABILITY SLOTTED Increases your Max Magicka and Stamina by 3%.,Siphoning-Magicka Flood,45150,1.2.3,* This ability now correctly increases your maximum magicka.,Passive Effect,Passive,Increase Max Magicka,WITH A SIPHONING ABILITY SLOTTED Increases your Max Magicka and Stamina by 6%.,,14,,,,,,27,,,36595,45150,,,,,,,,,,,,,,,,,,,,,,,,,,,
Online:Magicka Mastery,Breton,Reduces the Magicka cost of your abilities by 2%.,Breton-Magicka Mastery,45264,4.3.5,"* Gain 3% Magicka Cost Reduction → Reduces the Magicka cost of your abilities by 7%. ** Developer Comment: The Breton race is meant to showcase the alternative side of attunement to magic, with their ability to weave spells for prolonged periods of time. Their previous cost reduction bonus was being eclipsed by other races' bonuses, so we wanted it to stand out more as their main focus. In addition to this, Bretons had a large bulk of their efficiency split between sustain and Spell Resistance, which made them feel less focused in one core theme. We've adjusted their Spell Resistance passive to be slightly less impactful, and added some additional recovery to make them the true masters of sustain of Magicka, similar to the choice between Redguard and Orc of sustain versus raw damage.",Passive Effect,Passive,Reduce Skill Cost,Reduces the Magicka cost of your abilities by 4%.,,25,,,,,,35,,,36303,45263,,,,,,,,,,,,,,,,,,,,,Reduces the Magicka cost of your abilities by 7%.,50,45264,,,,
Online:Magma Armor,Earthen Heart,"Duration: [12 / 13 / 14 / 15] seconds. Ignite the molten lava in your veins, limiting incoming damage to 3% of your Max Health for [12 / 13 / 14 / 15] seconds. While active, you cannot generate Ultimate.",Earthen Heart-Magma Armor,19982,1.1.3,* Reduced the duration of this ability.,Reduce Damage Taken,Ultimate,Cap Damage,"Duration: 10 seconds, Area: 5 meters, Target: Area. Ignite the molten lava in your veins, limiting incoming damage to 6% of your Max Health and dealing [4287 / 4334 / 4381 / 4428] Flame Damage to nearby enemies each second for 10 seconds. While active your direct damage attacks ignore enemy Physical Resistance and Spell Resistance but you cannot generate Ultimate.",Fire Damage,,12,200 Ultimate,Self,Instant,Area of Effect,,ON-skill-Magma Armor.jpg,A character affected by Magma Armor,,,"Area: 28 meters, Target: Area. Ignite the molten lava in your veins, limiting incoming damage to 3% of your Max Health for 15 seconds. When activated, nearby allies gain a damage shield for [130 / 131 / 132 / 133]% of their Max Health for 10 seconds. While active, you cannot generate Ultimate.",Magma Shell,33841,Grants a powerful damage shield to nearby allies.,Corrosive Armor,33852,Earthen Heart-Corrosive Armor,"Your direct damage attacks ignore Physical Resistance and Spell Resistance and you deal Flame Damage around you while the Ultimate persists, but reduces the duration and damage limit.",Earthen Heart-Magma Shell,Damage Over Time,,15 seconds,Damage Shield,,,Poison Damage,,,,Ignore Armor,,,,Ultimate Cost,,,
Online:Malacath's Vengeance,Volendrung,"Swing Volendrung in a mighty downward blow, dealing 12075 Physical Damage to a single target.",Volendrung-Malacath's Vengeance,116094,5.3.4,"* Updated this ability to better match its visual effects, resulting in a 700ms cast time. This will fix numerous issues where this ability could cause health desyncs or hit targets who had appeared to dodge.",Physical Damage,Artifact,No Cost,,,,1,Free,Enemy,0.7 seconds,,,ON-skill-Malacath's Vengeance.jpg,Malacath's Vengeance,,,,,,,,,,,,,,,,Magicka,12 meters,,,,,,,,,,,,
Online:Malevolent Offering,Siphoning,"Pour out your lifesblood and channel the arcane, healing yourself or an ally in front of you for [9225 / 9326 / 9427 / 9529] Health, while draining 1080 Health from yourself over 3 seconds.",Siphoning-Malevolent Offering,36109,3.2.5,"* Agony: This ability and its morphs is now an ally-targeted spell that heals them over time and costs Health to cast instead of Magicka. We also renamed this ability to Malevolent Offering. * Malefic Wreath (Agony morph): This morph now grants Minor Mending when it deals damage to you, and has been renamed to Healthy Offering. * Prolonged Suffering (Agony morph): This morph now decreases the health cost, and has been renamed to Shrewd Offering. **Developer Notes:This redesign of Agony and its morphs gave us an opportunity to create a new ability more in-line with the theme of Siphoning. It helps Nightblades fulfill the healing role in a unique way, and synergizes with the other Siphoning abilities that let you steal health like Strife or Siphoning Strikes. You can then transfer that health to your allies.",Heal Self,,Heal Others,"Pour out your lifesblood and channel the arcane, healing yourself or an ally in front of you for [9528 / 9632 / 9737 / 9842] Health, while draining 1080 Health from yourself over 3 seconds. After casting, gain Minor Mending for 10 seconds, increasing your healing done by 8%.",Increase Healing Done,,4,3510 Magicka,Cone,Instant,Health Cost,,ON-skill-Malevolent_Offering.jpg,Malevolent Offering and its morphs' visual,,,"Cost: [3240 / 3150 / 3060 / 2970] Magicka. Pour out your lifesblood and channel the arcane, healing yourself or an ally in front of you for 9528 Health, while draining 810 Health from yourself over 2 seconds.",Shrewd Offering,36129,Reduces the Magicka cost and the duration of the Health cost.,Healthy Offering,36144,Siphoning-Healthy Offering,"Grants you Minor Mending after casting, increasing your healing done.",Siphoning-Shrewd Offering,Magicka Cost,,,,Health,,,,,,,,,,,,,28 meters
Online:Malevolent Promise,Class Mastery,"Death's knell is a familiar song. Share it with your enemies. Upgrades rank 2 of Corpse Consumption to mark the closest non-player enemy to you with death's touch for 6 seconds, allowing you to use a corpse consuming ability on them. Consuming or replacing this effect forcibly triggers rank 1 of Corpse Consumption's Ultimate generation and triggers rank 2 of Death Gleaning. This effect can occur once every 2 seconds.",Class Mastery-Malevolent Promise,263465,12.0.0,"*Malevolent Promise: This passive upgrades rank 2 of Corpse Consumption to mark the closest non-player enemy to you with death's touch for 6 seconds whenever you consume a corpse, which allows you to use a corpse consuming ability against them. This can occur once every 2 seconds. Consuming or replacing this effect triggers rank 2 of Death Gleaning.",,Passive,,,,1,,,,,,,,,,,,,,,,,,,,,,,,,,,,,,,,,,,,,
Online:Mark Target,Assassination,"Duration: [17 / 18 / 19 / 20] seconds. Expose an enemy's weaknesses by applying Major Breach to them, reducing Physical Resistance and Spell Resistance by 5948 for [17 / 18 / 19 / 20] seconds. When a marked enemy dies, you heal to full Health. You can only have one Mark Target active at a time.",Assassination-Mark Target,37603,1.2.3,* Reaper's Mark: This ability's weapon and spell damage buff no longer stacks with itself - the duration of the damage buff will now just refresh upon each kill.,Reduce Armor,,Kill Bonus,"Expose an enemy's weaknesses by applying Major Breach to them, reducing Physical Resistance and Spell Resistance by 5948 for [17 / 18 / 19 / 20] seconds. When a marked enemy dies, you heal to full Health and gain Major Berserk, increasing your damage done by 10% for [7 / 8 / 9 / 10] seconds. You can only have one Reaper's Mark active at a time.",Heal Self,,30,2700 Magicka,Enemy,Instant,Detection,,ON-skill-Mark Target.jpg,Mark Target,,,"Duration: [57 / 58 / 59 / 60] seconds. Expose an enemy's weaknesses by applying Major Breach to them, reducing Physical Resistance and Spell Resistance by 5948 for [17 / 18 / 19 / 20] seconds. You can detect marked enemies even if they use stealth or invisibility for 3 seconds. When a marked enemy dies, you heal to full Health. You can only have one Piercing Mark active at a time.",Piercing Mark,37631,"Ability has an increased duration, and you can see the target if they use stealth or invisibility.",Reaper's Mark,37658,Assassination-Reaper's Mark,"If the marked enemy dies, you gain Major Berserk, increasing your damage done.",Assassination-Piercing Mark,Increase Damage Dealt,,20 seconds,Magicka Cost,None,50 meters,,,,,,,,,,,,
Online:Martial Training,Redguard,Reduces the cost of your weapon abilities by 2%. Reduces the effectiveness of snares applied to you by 5%.,Redguard-Martial Training,45278,4.3.5,"* Exhilaration: Gain 9% Stamina Recovery → Martial Training: Reduces the cost of your Weapon abilities by 8%, and reduces the effectiveness of Snares applied to you by up to 15%.",Passive Effect,Passive,Reduce Skill Cost,Reduces the cost of your weapon abilities by 4%. Reduces the effectiveness of snares applied to you by 10%.,Immunity,5,,,,,,15,,,36009,45277,,,,,,,,,,,,,,,,,,,,,Reduces the cost of your weapon abilities by 8%. Reduces the effectiveness of snares applied to you by 15%.,30,45278,,,,
Online:Masque of Torment,Living Shade,"Mirri Elendis terrifies nearby enemies, causing them to cower in fear for 4 seconds.",Companion-Masque of Torment,153856,3.0.5,"* Fixed an issue where ranking up a summon ability (Unstable Familiar, Summon Winged Twilight, Feral Guardian, etc.) would unsummon your pet.",,Companion,,,,,5,8 seconds,Area,0.5 seconds,,,,,,,,,,,,,,,,,Blackwood,4 seconds,,,,,6 meters,Fear,,,,,,,,,
Online:Master Assassin,Assassination,"Increases your Critical Chance rating against enemies you are flanking by 724, increasing your chance to critically strike by 3.3%.",Assassination-Master Assassin,45038,1.2.3,* This passive ability now increases spell power in addition to weapon power. Its stun duration increase has also been added to the tooltip.,Passive Effect,Passive,Angle of Attack Bonus,"Increases your Critical Chance rating against enemies you are flanking by 1448, increasing your chance to critically strike by 6.6%.",Weapon Critical,8,,,,,Spell Critical,18,,,36616,45038,,,,,,,,,,,,,,,,,,,,,,,,,,,
Online:Master Ritualist,Restoring Light,Increases resurrection speed by 10%. Resurrected allies return with 50% more Health. Gives you a 50% chance to fill an empty Soul Gem after each successful resurrection.,Restoring Light-Master Ritualist,45202,1.1.2,"* Decreased this ability's resurrection cast speed bonus. * Those who have spent Skill Points in the Master Ritualist passive will have those points returned to their overall skill point pool. You may place those Skill Points back in this ability if you wish, or invest them elsewhere.",Passive Effect,Passive,Improved Resurrection,Increases resurrection speed by 20%. Resurrected allies return with 100% more Health. Gives you a 50% chance to fill an empty Soul Gem after each successful resurrection.,Soul Trap,39,,,,,,50,,,31747,45202,,,,,,,,,,,,,,,,,,,,,,,,,,,
Online:Master of the Chase,Werewolf,"WHILE YOU ARE IN WEREWOLF FORM Give chase, hunter. Become pursuit unrelenting. Increases your Movement Speed by 15%.",Werewolf-Call of the Pack,46142,12.0.5,"*Pursuit -> Master of the Chase: This passive’s bonus to Heavy Attack resource restore now only occurs at rank 2, as it is largely irrelevant for most play styles after the cost reduction changes and cuts down on performance.",Passive Effect,Passive,Increase Movement Speed,"WHILE YOU ARE IN WEREWOLF FORM Give chase, hunter. Become pursuit unrelenting. Increases your Movement Speed by 30%. Increases the Stamina your Heavy Attacks restore by 50%.",Heavy Attack Bonus,3,,,,,Restore Stamina,7,,,,,,,,,,,,,,,,,,,,,,,,,,,,,,,
Online:Maturation,Green Balance,"When you activate a heal on yourself or an ally you grant the target Minor Toughness, increasing their Max Health by 10% for 10 seconds.",Green Balance-Maturation,85881,4.2.5,"* The Minor Toughness granted by this passive now applies even if the target was completely over-healed, and its duration has been increased to 10/20 seconds from 5/10 seconds. **Developer Comment: The goal of this change is to ensure that all types of Wardens now have the ability to bring Minor Toughness to the group.",Increase Max Health,Passive,Group Bonus,"When you activate a heal on yourself or an ally you grant the target Minor Toughness, increasing their Max Health by 10% for 20 seconds.",Passive Effect,39,,,,,,50,,,85880,85881,,,,,,,,,,,Crown Store,,,,,,,,,,,,,,,Maximum,
Online:Medicinal Use,Alchemy,"When using potions, resulting effects last 10% longer.",Alchemy-Medicinal Use,45573,1.6.6,* Medicinal Use will no longer occasionally disappear from player characters who have died.,Passive Effect,Passive,Increase Consumable Effect,"When using potions, resulting effects last 20% longer.",,8,,,,,,35,,,45569,45571,,,,,,,,,,,,,,,,,,,,,"When using potions, resulting effects last 30% longer.",50,45573,,,,
Online:Meditate,Psijic Order,"Focus your body and mind into a meditative state, healing for [1200 / 1300 / 1400 / 1500] Health and restoring [1200 / 1300 / 1400 / 1500] Magicka and Stamina every 1 second. You will remain in a meditative state until you toggle this ability off or are interrupted.",Psijic Order-Meditate,40103492,5.1.5,* Slightly reduced the healing and resource return from this ability and its morphs to land on whole numbers. * Introspection: Increased the healing of this ability by approximately 5%.,Toggleable,,Heal Self,"Focus your body and mind into a meditative state, healing for [1700 / 1733 / 1766 / 1800] Health and restoring 1500 Magicka and Stamina every 1 second. Maintaining the channel increases the Health restored by 10% every tick, up to a maximum of 50%. You will remain in a meditative state until you toggle this ability off or are interrupted.",Restore Magicka,,8,Free,Self,,Restore Stamina,,ON-skill-Meditate.jpg,A player meditating.,,,"Focus your body and mind into a meditative state, healing for 1500 Health and restoring [1600 / 1700 / 1800 / 1900] Magicka and Stamina every 1 second. You will remain in a meditative state until you toggle this ability off or are interrupted.",Deep Thoughts,40103652,Increases the amount of Magicka and Stamina restored.,Introspection,40103665,Psijic Order-Introspection,Maintaining the channel increases the amount of Health restored.,Psijic Order-Deep Thoughts,No Cost,Summerset,,,None,,,,,,,,,,,,,
Online:Medium Armor Bonuses,Medium Armor,Each piece of Medium Armor does the following: Reduces the cost of Sprint by 1% Reduces the cost of Sneak by 5% Reduces the cost of Block by 3% Reduces damage taken from Area of Effect attacks by 2% for 2 seconds after you use Roll Dodge Increases Movement Speed by 2% while immune to crowd control,Medium Armor-Medium Armor Bonuses,150181,,,Passive Effect,Passive,Reduce Activity Cost,,Reduce Damage Taken,1,,,,,Increase Movement Speed,,,,,,,,,,,,,,,,,,,,,,,,,,,,,,,,
Online:Mend Wounds,Psijic Order,"Invoke the Rites of Moawita, replacing your Light and Heavy Attacks with healing abilities that can only be used on allies. Your Light Attacks heal for [2490 / 2517 / 2544 / 2572]. Your Heavy Attacks heal for [2214 / 2238 / 2262 / 2287] every 1 second, and restore 1155 Magicka to you for successfully healing.",Psijic Order-Mend Wounds,40103543,4.1.5,* Fixed an issue where the Light Attack heal over time from this ability could cause health desyncs.,Toggleable,,Light Attack Bonus,"Invoke the Rites of Moawita, replacing your Light and Heavy Attacks with healing abilities that can be used on allies. Your Light Attacks heal for [2572 / 2600 / 2628 / 2656]. Your Heavy Attacks heal for [2286 / 2311 / 2336 / 2361] every 1 second, and restore 1155 Magicka to you for successfully healing. You heal yourself for 50% of the amount of healing done to the ally.",Heavy Attack Bonus,,6,Free,Self,Instant,Heal Others,,ON-skill-Mend_Wounds.jpg,Mend Wounds,,,"Invoke the Rites of Moawita, replacing your Light and Heavy Attacks with healing abilities that only can be used on allies. Your Light Attacks heal for [2572 / 2600 / 2628 / 2656]. Your Heavy Attacks heal for [2286 / 2311 / 2336 / 2361] every 1 second, and restore 1155 Magicka to you for successfully healing. After you heal an ally you grant them Major Resolve, increasing their Physical Resistance and Spell Resistance by 5948 for 5 seconds.",Mend Spirit,40103747,Increases your ally's Physical Resistance and Spell Resistance while you heal them.,Symbiosis,40103755,Psijic Order-Symbiosis,You heal yourself for a percentage of the healing done to the ally.,Psijic Order-Mend Spirit,Restore Magicka,Summerset,,Increase Armor,Magicka,,Heal Self,,,,No Cost,,,,,,,
Online:Mender's Bond,,,,,,,,,,,,,,,,,,,,,,,,,,,,,,,,,,,,,,,,,,,,,,,,754,
Online:Mending,Restoring Light,"Increases your healing done by up to 6%, in proportion to the severity of the target's wounds.",Restoring Light-Mending,45206,1.6.5,"* This passive now grants your Restoring Light heals a bonus based on the amount of missing health on the target of the heal. This can be up to a 5% bonus at Rank I, or up to a 10% bonus at Rank II.",Passive Effect,Passive,Near Death Effect,"Increases your healing done by up to 13%, in proportion to the severity of the target's wounds.",Increase Healing Done,8,,,,,,18,,,31751,45206,,,,,,,,,,,,,,,,,,,,,,,,,,,
Online:Mending Incantation,Restoration Staff (Companion),"Your Companion slams their staff down to activate its blessings, healing themselves and allies in front of them for 1575 Health. The blessing also grants 7000 Spell and Physical Resistance for 8 seconds.",Companion-Mending Incantation,153467,3.0.5,"* Fixed an issue where ranking up a summon ability (Unstable Familiar, Summon Winged Twilight, Feral Guardian, etc.) would unsummon your pet.",,Companion,,,,,10,16 seconds,Area,0.4 seconds,,,,,,,,,,,,,,,,,Blackwood,,,,,,,Heal Self,Heal Others,,,,,,Increase Spell Resistance,,20 x 8 meters
Online:Mesmerize,Vampire,"Cost: [4050 / 3960 / 3870 / 3780] Magicka. Subdue enemies in front of you with your baleful gaze, stunning them for 5 seconds if they are facing your direction. This stun cannot be blocked.",Vampire-Mesmerize,40128709,,,Stun,,Reduce Movement Speed,"Subdue enemies in front of you with your baleful gaze, stunning them for 5 seconds if they are facing your direction. This stun cannot be blocked. After the stun ends they remain stupefied, reducing their Movement Speed by [50 / 51 / 52 / 53]% for 5 seconds.",Magicka Cost,,6,3780 Magicka,Cone,Instant,,,,,,,"Cost: [3780 / 3690 / 3600 / 3510] Magicka, Area: 7 meters, Target: Area. Subdue enemies around you with your baleful gaze, stunning them for 5 seconds if they are facing your direction. This stun cannot be blocked.",Hypnosis,40137861,Affects all enemies around you.,Stupefy,40138097,Vampire-Stupefy,Enemies are snared after the stun ends.,Vampire-Hypnosis,,,,,,,,,,,,,,,,,,10 meters
Online:Metal Extraction,Blacksmithing,Improves the chances of extracting Blacksmithing ingredients and allows the refining of more powerful tempers from raw materials.,Blacksmithing-Metal Extraction,48165,,,Crafting Effect,Passive,Material Extraction,Greatly improves the chances of extracting Blacksmithing ingredients and allows the refining of more powerful tempers from raw materials.,,4,,,,,,22,,,48163,48164,,,,,,,,,,,,,,,,,,,,,Maximizes the chances of extracting Blacksmithing ingredients and allows the refining of the most powerful tempers from raw materials.,32,48165,,,,
Online:Metallurgy,Blacksmithing,Reduces research times by 5% and allows the research of two items at once.,Blacksmithing-Metallurgy,58784,,,Crafting Effect,Passive,Reduce Research Time,Reduces research times by 10% and allows the research of two items at once.,,8,,,,,,18,,,,,,,,,,,,,,,,,,,,,,,,,Reduces research times by 20% and allows the research of three items at once.,28,,,,,
Online:Metalworking,Blacksmithing,Allows the use of Iron Ingots.,Blacksmithing-Metalworking,70041,4.1.5,"* Updated the base-rank icons for Metalworking, Tailoring, Woodworking, and Solvent Proficiency to match the facing of subsequent ranks.",Crafting Effect,Passive,Crafting Quality,Allows the use of Steel Ingots.,,1,,,,,,5,,,47276,47277,,,,,,,,,,,,,,,,,,,,,Allow the use of Orichalcum Ingots.,10,47278,,,,
Online:Meteor,Mages Guild,"Call a comet down from the constellations to blast an enemy, dealing [10762 / 10880 / 10998 / 11117] Flame Damage to all enemies in the area, knocking them down, and stunning them for 2 seconds. After impact, enemies in the target area take [3072 / 3105 / 3138 / 3174] Flame Damage every 1 second for 11 seconds.",Mages Guild-Meteor,42467,1.1.2,* Increased the area-of-effect damage for this ability's Ice Comet and Shooting Star morphs. * Fixed an issue where Meteor wasn't properly applying a crowd-control immunity to after knocking back the enemy target.,Fire Damage,Ultimate,Area of Effect,"Cost: [200 / 195 / 190 / 185] Ultimate. Call a comet down from the constellations to blast an enemy, dealing 11117 Flame Damage to all enemies in the area, knocking them down, and stunning them for 2 seconds. After impact, enemies in the target area take 3175 Flame Damage every 1 second for 11 seconds. You generate 10 Ultimate for each enemy hit by the initial blast, up to 6 times.",Stun,,10,200 Ultimate,Enemy,Instant,Damage Over Time,,ON-skill-Meteor.jpg,Meteor striking a target,,,"Call a comet down from the constellations to blast an enemy, dealing [12228 / 12362 / 12497 / 12631] Frost Damage to all enemies in the area, knocking them down, stunning them for 2 seconds, and reducing their Movement Speed by 50% for 5 seconds. After impact, enemies in the target area take [3493 / 3532 / 3569 / 3607] Frost Damage every 1 second for 11 seconds.",Ice Comet,42478,"Increases the damage, deals Frost Damage, and reduces the Movement Speed of enemies hit.",Shooting Star,42492,Mages Guild-Shooting Star,You generate Ultimate for each enemy hit by the initial blast. Reduces the base cost as the ability ranks up.,Mages Guild-Ice Comet,Frost Damage,,,Reduce Movement Speed,,28 meters,Ultimate Gain,5 meters,,,Ultimate Cost,,,,,,,
Online:Might of the Guild,Mages Guild,"Casting a Mages Guild ability grants you Empower, increasing the damage of your Heavy Attacks against monsters by 150% for 5 seconds.",Mages Guild-Might of the Guild,45607,1.3.4,"* Fixed an issue with this passive where, when combined with using the ability Scalding Rune repeatedly, you could place many Runes down at one time.",Passive Effect,Passive,Empower,"Casting a Mages Guild ability grants you Empower, increasing the damage of your Heavy Attacks against monsters by 150% for 10 seconds.",,9,,,,,,10,,,43561,45607,,,,,,,,,,,,,,,,,,,,,,,,,,,
Online:Miner Hireling,Blacksmithing,A hireling will send you some blacksmithing materials and possibly other items every day.,Blacksmithing-Miner Hireling,48171,,,Crafting Effect,Passive,Free Items,A hireling will send you more blacksmithing materials and possibly other items every day. You have a chance at better quality materials.,,3,,,,,,12,,,48169,48170,,,,,,,,,,,,,,,,,,,,,A hireling will send you even more blacksmithing materials and possibly other items every day. You have a greater chance at better quality materials.,32,48171,,,,
Online:Mist Form,Vampire,"Cost: [4050 / 3960 / 3870 / 3780] Magicka. Disperse into a dark mist, causing the next 3 projectiles to deal no damage to you for 1 second while you dash forward and reappear at your target location after a short duration. Casting again within 4 seconds costs 33% more Magicka.",Vampire-Mist Form,41809,1.0.7,* The Elder Scroll beacon effect will no longer vanish when the carrier uses the vampire ability Mist Form. * Reduced the movement speed bonus of the ability Mist Form.,Projectile Defense,,Increase Movement Speed,"Duration: 20 seconds, Area: 5 meters. Dissolve into a bloody mist, causing the next 3 projectiles to deal no damage to you for 1 second while you dash forward and reappear at your target location after a short duration. Upon activation you drain the blood of those around you for 20 seconds, dealing [1154 / 1166 / 1179 / 1192] Magic Damage every 2 seconds to enemies and healing you for 45% of the damage caused. Casting again within 4 seconds costs 33% more Magicka.",Magic Damage,,9,3780 Magicka,Ground,Instant,Area of Effect,,ON-skill-Mist Form.jpg,Mist Form,,,"Disperse into a dark mist, causing the next 3 projectiles to deal no damage to you for 1 second while you dash forward and reappear at your target location after a short duration. You gain Major Expedition and Major Evasion for [2 / 2.7 / 3.3 / 4] seconds after reappearing, increasing your Movement Speed by 30% and reducing damage from area attacks by 20%. Casting again within 4 seconds costs 33% more Magicka.",Elusive Mist,41815,Grants you Major Expedition and Major Evasion after reappearing.,Blood Mist,41824,Vampire-Blood Mist,Deals damage to enemies around you and heals for a portion of the damage caused for a duration after casting.,Vampire-Elusive Mist,Leech Health,,1 second,Heal Self,Magicka,15 meters,Magicka Cost,,,,Teleport,,,,,,,
Online:Molten Weapons,Earthen Heart,"Duration: [27 / 28 / 29 / 30] seconds. Charge you and your grouped allies' weapons with volcanic power to gain Major Brutality and Sorcery, increasing your Weapon Damage and Spell Damage by 20% for [27 / 28 / 29 / 30] seconds. While active, dealing damage with Light and Heavy Attacks causes an additional 1228 Flame Damage, up to once every 2 seconds.",Earthen Heart-Molten Weapons,32156,1.5.2,"* When a second Dragonknight casts this ability, a first caster of the ability no longer loses their caster ability bonus.",Group Bonus,,Increase Weapon Damage,"Cost: [4320 / 4230 / 4140 / 4050] Magicka. Charge you and your grouped allies' weapons with volcanic power to gain Major Brutality and Sorcery, increasing your Weapon Damage and Spell Damage by 20% for 30 seconds. While active, dealing damage with Light and Heavy Attacks causes an additional 1228 Flame Damage, up to once every 1.5 seconds. You also gain Empower for the duration, increasing the damage of your Heavy Attacks against monsters by 150%.",Increase Spell Damage,,4,4320 Magicka,Area,Instant,Empower,,ON-skill-Molten_Weapons.jpg,Molten Weapons,,,"Duration: [57 / 58 / 59 / 60] seconds, Radius: 36 meters. Charge you and your grouped allies' weapons with volcanic power to gain Major Brutality and Sorcery, increasing your Weapon Damage and Spell Damage by 20% for [57 / 58 / 59 / 60] seconds. While active, dealing damage with Light and Heavy Attacks causes an additional 1228 Flame Damage, up to once every 2 seconds.",Igneous Weapons,32166,Increases the duration and increases the radius.,Molten Armaments,32173,Earthen Heart-Molten Armaments,"You also gain Empower, the damage cooldown is shortened, and reduces the cost as the ability ranks up.",Earthen Heart-Igneous Weapons,Magicka Cost,,30 seconds,,Magicka,,,28 meters,,,,,,,,,,
Online:Momentum,Two Handed,"Duration: [27 / 28 / 29 / 30] seconds. Focus your strength and resolve to gain Major Brutality and Sorcery, increasing your Weapon Damage and Spell Damage by 20%, as well as gaining Minor Endurance, increasing your Stamina Recovery by 15% for [27 / 28 / 29 / 30] seconds.",Two Handed-Momentum,39881,1.1.2,* Rally: Increased the self-healing amount granted at the end of this ability.,Increase Weapon Damage,,Increase Spell Damage,"Focus your strength and resolve to gain Major Brutality and Sorcery, increasing your Weapon Damage and Spell Damage by 20%, as well as gaining Minor Endurance, increasing your Stamina Recovery by 15% for 30 seconds. You heal for [4764 / 4816 / 4868 / 4921] Health when Rally ends. The final heal is increased by 20% every 2 seconds, up to a maximum of 200%.",Stamina Recovery,,38,3780 Stamina,Self,Instant,Remove Snares,,ON-skill-Rally.jpg,Effect of using Momentum or Rally,,,"Cost: [3510 / 3420 / 3330 / 3240] Stamina, Duration: 60 seconds. Focus your strength and resolve to gain Major Brutality and Sorcery, increasing your Weapon Damage and Spell Damage by 20%, as well as gaining Minor Endurance, increasing your Stamina Recovery by 15% for 1 minute. Activating this ability removes all snares and immobilizations from you and grants immunity to them for 4 seconds.",Forward Momentum,39892,"Reduces the cost, increases the duration, and provides a brief immunity to snares and immobilizations.",Rally,39904,Two Handed-Rally,Also heals you when the effect expires.,Two Handed-Forward Momentum,Immunity,,30 seconds,Heal Self,Stamina,,Stamina Cost,,,,,,,,,,,
Online:Mountain Giant,Earthen Heart,WITH AN EARTHEN HEART ABILITY SLOTTED The strength of mountains fuels your mightiest blows. Dealing damage with a fully-charged Heavy Attack also applies Off Balance to the target.,Earthen Heart-Mountain Giant,45009,,,,Passive,,WITH AN EARTHEN HEART ABILITY SLOTTED The strength of mountains fuels your mightiest blows. Dealing damage with a fully-charged Heavy Attack also applies Off Balance to the target and restores 1430 Stamina. The Stamina restore can occur once every 0.5 seconds.,,39,,,,,,50,,,,,,,,,,,,,,,,,,,,,,,,,,,,,,,
Online:Mountain's Blessing,Earthen Heart,Where earth meets sky is a wellspring of power you can tap at will. When you cast or deal damage with an Earthen Heart ability in combat you generate 1 Ultimate. This effect can occur once every 6 seconds. Increases your Critical Damage by 5%.,Earthen Heart-Mountain's Blessing,45001,1.6.5,"* This passive now also grants all allies within 30 meters the buff Minor Brutality for 10 seconds at Rank I, or 20 seconds at Rank II. This passive ability now grants three Ultimate every six seconds at Rank II.",Passive Effect,Passive,Group Bonus,Where earth meets sky is a wellspring of power you can tap at will. When you cast or deal damage with an Earthen Heart ability in combat you generate 3 Ultimate. This effect can occur once every 6 seconds. Increases your Critical Damage by 10%.,Increase Weapon Damage,22,,,,,Ultimate Gain,36,,,29473,45001,,,,,,,,,,,,,,,,,,,,,,,,,,,
Online:Mystic Fortress,Restoration Staff (Companion),"Your Companion calls on their staff's strength to protect themselves or the lowest health ally around them, granting a damage shield that absorbs 9450 damage. Used when Your Companion or an ally is below 25% Health.",Companion-Mystic Fortress,153685,3.0.5,"* Fixed an issue where ranking up a summon ability (Unstable Familiar, Summon Winged Twilight, Feral Guardian, etc.) would unsummon your pet.",,Companion,,,,,20,8 seconds,Area,0.6 seconds,,,,,,,,,,,,,,,,,Blackwood,6 seconds,,,,,28 meters,Damage Shield,,,,,,,,,
Online:Nature's Gift,Green Balance,"When you overheal yourself or an ally with a Green Balance ability, you gain 125 Magicka and 125 Stamina, up to once every 1 second.",Green Balance-Nature's Gift,85879,3.1.5,* Updated this passive ability's tooltip to indicate its cooldown.,Restore Magicka,Passive,Restore Stamina,"When you overheal yourself or an ally with a Green Balance ability, you gain 250 Magicka and 250 Stamina, up to once every 1 second.",Passive Effect,14,,,,,,27,,,85878,85879,,,,,,,,,,,Crown Store,,,,,,,,,,,,,,,,
Online:Nature's Grasp,Green Balance,"Launch a vine to swing yourself to an ally, healing them for [9222 / 9318 / 9420 / 9522] Health over 10 seconds. You gain 3 Ultimate when this effect completes if you are in combat.",Green Balance-Nature's Grasp,93934,3.0.8,* You can no longer use Frozen Gate to pull other players into spawn locations in Imperial City. You can also no longer cast Nature's Grasp abilities to get back into respawn locations.,Teleport,,Heal Others,"Launch a vine to swing yourself to an ally, healing you and them for [9528 / 9630 / 9726 / 9834] Health over 10 seconds. Gain 3 Ultimate when either of these effects complete while you are in combat.",Ultimate Gain,,42,4050 Magicka,,Instant,Near Death Effect,,ON-skill-Nature's Grasp cast.jpg,Nature's Grasp casting visual,,,"Launch a vine to swing yourself to an ally, instantly healing them for [7146 / 7224 / 7303 / 7381] Health. Gain 10 Ultimate when healing an ally under 60% Health while you are in combat. This effect can occur every 4 seconds.",Bursting Vines,93937,"Travels faster, heals instantly, and restores more Ultimate.",Nature's Embrace,93940,Green Balance-Nature's Embrace,Heals both you and the ally.,Green Balance-Bursting Vines,Heal Self,Crown Store,10 seconds,Magicka Cost,Magicka,28 meters,,,,,,,,,,,,
Online:Near-Death Experience,Living Death,"While you have a Living Death ability slotted, your Critical Strike Chance with all healing abilities is increased by up to 6% in proportion to the severity of the target's wounds.",Living Death-Near-Death Experience,116275,11.0.5,"* This passive now increases your Critical Chance with healing based on your targets' missing Health by up to 6/12%, down from 10/20%.",Near Death Effect,Passive,Weapon Critical,"While you have a Living Death ability slotted, your Critical Strike Chance with all healing abilities is increased by up to 12% in proportion to the severity of the target's wounds.",Spell Critical,14,,,,,Passive Effect,27,,,116273,116275,,,,,,,,,,,Elsweyr,,,,,,,,,,,,,,,,
Online:Necrotic Orb,Undaunted,"Project a globe of annihilation that slowly floats forward for 10 seconds, dealing [836 / 844 / 853 / 864] Magic Damage every 1 second to nearby enemies. An ally near the globe can activate the Combustion Synergy synergy, causing the orb to explode for 6147 Magic Damage to nearby enemies and restore 3960 Magicka or Stamina to the ally, whichever maximum is higher.",Undaunted-Necrotic Orb,43406,1.3.3,* Activating the Intensify synergy no longer makes all Energy Orbs (Necrotic Orb morph) in the area explode.,Magic Damage,,Area of Effect,"Cost: 3780 Magicka. Project a globe of regeneration that slowly floats forward, healing for [1296 / 1311 / 1326 / 1340] Health every 1 second to you and nearby allies. An ally near the globe can activate the Healing Combustion Synergy synergy, causing the orb to explode and heal for 6149 Health to nearby allies and restoring 3960 Magicka or Stamina to the activator, whichever maximum is higher.",Damage Over Time,,5,2970 Magicka,Area,Instant,Synergy,,ON-skill-Necrotic Orb.jpg,A Necrotic Orb,,,"Project a globe of annihilation that slowly floats forward, dealing [864 / 873 / 884 / 894] Magic Damage every 1 second to nearby enemies. While the orb is active you gain [70 / 80 / 90 / 100] Health, Magicka, and Stamina Recovery. An ally near the globe can activate the Combustion Synergy synergy, causing the orb to explode for 6147 Magic Damage to nearby enemies and restore 3960 Magicka or Stamina to the ally, whichever maximum is higher.",Mystic Orb,43415,"Increases your Health, Magicka, and Stamina Recovery while active.",Energy Orb,43447,Undaunted-Energy Orb,The orb heals allies instead of damaging enemies and moves faster.,Undaunted-Mystic Orb,Restore Magicka,,10 seconds,Restore Stamina,Magicka,,Heal Self,8 meters,,,Heal Others,,,,Magicka Cost,,,
Online:Negate Magic,Dark Magic,"Duration: [9 / 10 / 11 / 12] seconds. Create a globe of magic suppression for [9 / 10 / 11 / 12] seconds, removing and preventing all enemy area of effect abilities from occurring in the area. Enemies within the globe are stunned, while enemy players will be silenced rather than stunned.",Dark Magic-Negate Magic,29844,1.3.3,* The abilities Hardened Ward and Negate Magic no longer share the same icon.,Area of Effect,Ultimate,Dispel Magic,"Create a globe of magic suppression for 12 seconds, removing and preventing all enemy area of effect abilities from occurring in the area. Enemies within the globe are stunned, while enemy players will be silenced rather than stunned. The globe also heals you and your allies for [2747 / 2778 / 2807 / 2838] Health every 1 second.",Silence,,12,225 Ultimate,Ground,Instant,Stun,,ON-skill-Negate Magic.jpg,A globe of magic suppression created by Negate Magic,,,"Create a globe of magic suppression for 12 seconds, removing and preventing all enemy area of effect abilities from occurring in the area. Enemies within the globe are stunned, while enemy players will be silenced rather than stunned. The globe also damages enemies for [2747 / 2778 / 2807 / 2838] Magic Damage every 1 second.",Suppression Field,29861,The globe also damages enemies standing inside it.,Absorption Field,29881,Dark Magic-Absorption Field,The globe also heals you and your allies standing inside it.,Dark Magic-Suppression Field,Magic Damage,,12 seconds,Damage Over Time,,28 meters,Heal Self,8 meters,,,Heal Others,,,,Ultimate Cost,,,
Online:Nocturnal Inspiration,Class Mastery,The Night Mistress rewards those who strike without reservation. Upgrades rank 2 of Hemorrhage to have a chance to generate 2 Ultimate. This effect can occur once every 0.3 seconds and the chance is equal to your Weapon Critical chance.,Class Mastery-Nocturnal Inspiration,263603,12.0.0,"*This passive upgrades rank 2 of Hemorrhage to have a chance equal to your Weapon Critical chance to grant you 2 Ultimate, up to once every 3 seconds.",,Passive,,,,1,,,,,,,,,,,,,,,,,,,,,,,,,,,,,,,,,,,,,
Online:Nothing Wasted,Class Mastery,"As an abattoir of death, no remnants of life are wasted. Upgrades rank 2 of Corpse Consumption to also grant a stack of Nothing Wasted for 15 seconds, which increases your Max Health by 2% and Weapon Damage and Spell Damage by 2% per stack, up to 10 times. Stacks decay three at a time instead of all at once.",Living Death-Corpse Consumption,263448,12.0.0,"*Nothing Wasted: This passive upgrades rank 2 of Corpse Consumption to also grant a stack of Nothing Wasted for 12 seconds every time you consume a corpse, up to 10 stacks max. Nothing Wasted increases your Max Health and Weapon and Spell Damage by 2% per stack. If the stacks reach their full duration, they instead lose 3 stacks and refresh, rather than losing all stacks.",,Passive,,,,1,,,,,,,,,,,,,,,,,,,,,,,,,,,,,,,,,,,,Max,
Online:Nova,Dawn's Wrath,"Call down a fragment of the sun, dealing [3072 / 3105 / 3138 / 3174] Magic Damage every 1 second for 8 seconds to enemies in the area and afflicting them with Major Maim, reducing their damage done by 10%. An ally near the fragment can activate the Supernova Synergy synergy, dealing 7128 Magic Damage to all enemies in the area and stunning them for 3 seconds.",Dawn's Wrath-Nova,24063,1.2.3,"* This ability can now deal critical strikes, and the damage-per-tick has been increased by 20%. * Solar Disturbance: This ability now scales in damage from ranks I-IV, and now snares your targets by 60% at all ranks.",Magic Damage,Ultimate,Damage Over Time,"Cost: 225 Ultimate. Call down a fragment of the sun, dealing 3175 Magic Damage every 1 second for 8 seconds to enemies in the area and applying Major Maim to them for [7 / 8 / 9 / 10] seconds, reducing their damage done by 10%. An ally near the fragment can activate the Supernova Synergy synergy, dealing 7128 Magic Damage to all enemies in the area and stunning them for 3 seconds.",Area of Effect,,12,250 Ultimate,Ground,Instant,Reduce Damage Dealt,,ON-skill-Nova.jpg,Nova in use,,,"Call down a fragment of the sun, dealing [3175 / 3210 / 3244 / 3279] Magic Damage every 1 second for 8 seconds to enemies in the area and afflicting them with Major Maim, reducing their damage done by 10%. An ally near the fragment can activate the Gravity Crush Synergy Supernova synergy, dealing 14256 Magic Damage to all enemies in the area and stunning them for 5 seconds.",Solar Prison,24301,The synergy deals more damage and stuns for longer.,Solar Disturbance,24320,Dawn's Wrath-Solar Disturbance,Reduces the cost and Major Maim stays on enemies after leaving the area.,Dawn's Wrath-Solar Prison,Synergy,,8 seconds,Stun,,28 meters,Ultimate Cost,,,,,,,,,,,8 meters
Online:Obsidian Shield,Earthen Heart,"Call the earth to your defense, granting a damage shield for you and nearby allies that absorbs [1280 / 1294 / 1308 / 1322] damage. This portion of the ability scales off your Max Health. You also gain Major Mending, increasing your healing done by 16% for 4 seconds.",Earthen Heart-Obsidian Shield,33866,1.2.3,* Igneous Shield: **This ability now increases the healing you deal to allies for 5 seconds instead of increasing your shield value. **This ability's healing buff no longer stacks.,Damage Shield,,Increase Healing Done,"Call the earth to your defense, creating a damage shield for you and nearby allies that absorbs [5810 / 5873 / 5937 / 6001] damage. This portion of the ability scales off the higher of your Max Magicka or Stamina and is capped at 31% of the target's Max Health. You also gain Major Mending, increasing your healing done by 16% for 6 seconds.",Magicka Cost,,20,4050 Magicka,Area,Instant,,,ON-skill-Obsidian_Shield.jpg,Obsidian Shield,,,"Call the earth to your defense, granting a damage shield for nearby allies that absorbs 1322 damage. Your own damage shield absorbs [3702 / 3742 / 3783 / 3824] damage. This portion of the ability scales off your Max Health. You also gain Major Mending, increasing your healing done by 16% for 4 seconds.",Igneous Shield,33872,Increased shield strength on self.,Fragmented Shield,33881,Earthen Heart-Fragmented Shield,The shield strength now scales with your highest resource. Increases duration of Major Mending.,Earthen Heart-Igneous Shield,,,6 seconds,,Magicka,,,12 meters,,,,,,,,,Max,
Online:On Guard (Companion),One Hand and Shield (Companion),"Your Companion bolsters their defenses, granting a damage shield that absorbs up to 25% of their Max Health for 6 seconds.",Companion-On Guard,155328,3.0.5,"* Fixed an issue where ranking up a summon ability (Unstable Familiar, Summon Winged Twilight, Feral Guardian, etc.) would unsummon your pet.",,Companion,,,,,20,8 seconds,Self,0.6 seconds,,,,,,,,,,,,,,,,,Blackwood,6 seconds,,,,,,Damage Shield,,,,,,,,,
Online:Opportunist,Breton,Increases your experience gain with the Light Armor skill line by 15%. Increases your Alliance Points gained by 1%.,Breton-Opportunist,36247,2.5.5,"* Light Armor Affinity: This passive ability has been renamed to ""Opportunist."" Also, in addition to the current benefit it now increases your Alliance Points gained by 1%.",Innate Effect,Passive,Increase Experience Gain,,Increase Currency Gain,1,,,,,PvP Bonus,,,,,,,,,,,,,,,,,,,,,,,,,,,,,,,,
Online:Outfitter Hireling,Clothing,A hireling will send you some clothing materials and possibly other items every day.,Clothing-Outfitter Hireling,48201,,,Crafting Effect,Passive,Free Items,A hireling will send you more clothing materials and possibly other items every day. You have a chance at better quality materials.,,3,,,,,,12,,,48199,48200,,,,,,,,,,,,,,,,,,,,,A hireling will send you even more clothing materials and possibly other items every day. You have a greater chance at better quality materials.,32,48201,,,,
Online:Overload,Storm Calling,"Charge your fists with the power of the storm, replacing your Light and Heavy Attacks with new, stronger abilities. Light Attacks become lightning bolts, dealing [6149 / 6216 / 6284 / 6351] Shock Damage to an enemy up to 28 meters away. Heavy Attacks blast enemies in a 4 x 6 area for [5535 / 5595 / 5656 / 5717] Shock Damage. Attacks deplete Ultimate until you run out, or the ability is toggled off.",Storm Calling-Overload,30354,1.2.3,* Significantly increased the light attack damage and cost for this ability. Ride the lightning! * Power Overload: This no longer uses the same ability bar as the werewolf.,Toggleable,Ultimate,Shock Damage,"Charge your fists with the power of the storm, replacing your Light and Heavy Attacks with new, stronger abilities. Light Attacks become lightning bolts, dealing [6352 / 6421 / 6491 / 6561] Shock Damage to an enemy up to 28 meters away. Heavy Attacks blast enemies in a 4 x 6 area for [5717 / 5779 / 5842 / 5905] Shock Damage. The attacks restore [1110 / 1140 / 1170 / 1200] Magicka and Stamina, and deplete Ultimate until you run out, or the ability is toggled off.",Area of Effect,,12,25 Ultimate,Self,Instant,Light Attack Bonus,,ON-skill-Overload light attack.jpg,Overload and its morphs' light attack,,,"Charge your fists with the power of the storm, replacing your Light and Heavy Attacks with new, stronger abilities. Light Attacks become lightning bolts, dealing [6987 / 7063 / 7140 / 7217] Shock Damage to an enemy up to 32 meters away. Heavy Attacks blast enemies in a 6 x 8 area for [6289 / 6358 / 6427 / 6496] Shock Damage. Attacks deplete Ultimate until you run out, or the ability is toggled off.",Power Overload,30366,Increase range of Light Attacks and radius of Heavy Attacks. Increases damage.,Energy Overload,30381,Storm Calling-Energy Overload,While active your Light and Heavy Attacks restore Magicka and Stamina.,Storm Calling-Power Overload,Heavy Attack Bonus,,,Restore Magicka,,,Restore Stamina,,,,Ultimate Cost,,,,,,,
Online:Padomaic Sprint,Dark Brotherhood,"Grants Major Expedition, increasing your Movement Speed by 30% for 6 seconds after killing an enemy with Blade of Woe.",Dark Brotherhood-Padomaic Sprint,79868,6.2.5,"* This passive now triggers whenever you kill an enemy with the Blade of Woe, rather than whenever you kill a citizen. This means it will now work on non-civilian type enemies if you use the Blade of Woe, but will no longer proc off kills on civilians with non-Blade of Woe means. In addition to these changes, this passive will now have significantly less performance implications than before.",Passive Effect,Passive,Increase Movement Speed,"Grants Major Expedition, increasing your Movement Speed by 30% for 8 seconds after killing an enemy with Blade of Woe.",Escape Justice,3,,,,,,6,,,77397,77398,,,,,,,,,,,Dark Brotherhood,,,,,,,,,,"Grants Major Expedition, increasing your Movement Speed by 30% for 10 seconds after killing an enemy with Blade of Woe.",9,77399,,,,
Online:Panacea,Restoration Staff,"Release the rejuvenating energies of your staff to swirl around you, healing you or an ally for [7687 / 7771 / 7856 / 7940] Health every 1 second for 5 seconds.",Restoration Staff-Panacea,86425,2.6.4,"* New Weapon Ultimates have been added to the game. Each Weapon skill line now has one Ultimate, and each Ultimate can be obtained by reaching Rank 50 in its respective Weapon skill line. Weapon Ultimates can be morphed as well!",Multiple Strikes,Ultimate,Heal Self,"Release the rejuvenating energies of your staff to swirl around you, healing you or a nearby ally for 7940 Health every 1 second for 5 seconds. Any friendly target you heal gains Major Force for [5 / 6 / 7 / 8] seconds, increasing their Critical Damage by 20%.",Heal Others,,50,125 Ultimate,Area,Instant,Damage Shield,,ON-skill-Panacea (pulse).jpg,Panacea and its morphs' pulsing visual,,,"Release the rejuvenating energies of your staff to swirl around you, healing you or an ally for [7940 / 8027 / 8114 / 8202] Health every 1 second for 5 seconds. When you activate this ability you automatically cast Regeneration, Blessing of Protection, and Steadfast Ward at no cost. These will update based on which morph of each ability you have taken.",Life Giver,86454,"Also automatically casts Regeneration, Blessing of Protection, and Steadfast Ward.",Light's Champion,86475,Restoration Staff-Light's Champion,"Any friendly target healed gains Major Force, increasing Critical Damage dealt.",Restoration Staff-Life Giver,Near Death Effect,,5 seconds,Area of Effect,,,Increase Armor,,,,Increase Damage Dealt,,,,Multiple Targets,,,28 meters
Online:Parallel,Mages Guild (Companion),"Your Companion barters with Oblivion for power, generating 50 Ultimate.",Companion-Parallel,155411,3.0.5,"* Fixed an issue where ranking up a summon ability (Unstable Familiar, Summon Winged Twilight, Feral Guardian, etc.) would unsummon your pet.",,Companion,,,,,10,16 seconds,Self,0.6 seconds,,,,,,,,,,,,,,,,,Blackwood,,,,,,,Reduce Cooldown,,,,,,,,,
Online:Pariah's Resolve,Volendrung,"Channel Volendrung's power to grant you and nearby group members Major Brutality, Major Sorcery, Major Endurance, and Major Expedition for 20 seconds, increasing your Weapon Damage and Spell Damage by 20%, your Stamina Recovery by 30%, and your Movement Speed by 30%. Activating this ability removes all snares and immobilizations from you and grants immunity to them for 4 seconds.",Volendrung-Pariah's Resolve,116095,,,Increase Weapon Damage,Artifact,Increase Spell Damage,,Stamina Recovery,,1,Free,Area,Instant,Increase Movement Speed,,ON-skill-Pariah's Resolve.jpg,Pariah's Resolve,,,,,,,,,,,,Remove Snares,,20 seconds,No Cost,Stamina,,,28 meters,,,,,,,,,,
Online:Path of Darkness,Shadow,"Create a corridor of shadows for 10 seconds, granting you and allies in the area Major Expedition, increasing Movement Speed by 30%. Effect persists for [1 / 2 / 3 / 4] seconds after leaving the path.",Shadow-Path of Darkness,37764,1.1.3,* Increased the damage of this ability.,Increase Movement Speed,,Area of Effect,"Create a corridor of shadows for 10 seconds, granting you and allies in the area Major Expedition, Minor Endurance, and Minor Intellect, increasing Movement Speed by 30%, as well as Stamina and Magicka Recovery by 15%. Effect persists for 4 seconds after leaving the path. Heals [1151 / 1163 / 1176 / 1190] Health to you and allies in the area every 1 second.",Magic Damage,,20,3510 Magicka,Area,Instant,Damage Over Time,,ON-skill-Path_of_Darkness.jpg,Path of Darkness,,,"Cost: 2700 Magicka, Area: 15 meters, Target: Cone. Create a corridor of shadows for 10 seconds, granting you and allies in the area Major Expedition, increasing Movement Speed by 30% which persists for 4 seconds after leaving the path. Deals [998 / 1009 / 1019 / 1031] Magic Damage to enemies in the target area every 1 second.",Twisting Path,37796,Reduces the cost and the path affects a larger area and deals damage.,Refreshing Path,37816,Shadow-Refreshing Path,Path also heals you and your allies and increases their Magicka and Stamina Recovery.,Shadow-Twisting Path,Heal Self,,10 seconds,Heal Others,Magicka,,Magicka Recovery,,,,Stamina Recovery,,,,Magicka Cost,,,17 meters
Online:Penance of Lorkhaj,Remedy of Atonement,"Zerith-var sacrifices their own power to repair damaged flesh, healing themselves or an ally in front of them for 3150 Health but applying Minor Defile to themselves for 4 seconds, reducing their healing received and damage shield strength by 6%. Used when Zerith-var or an ally is below 75% Health.",Companion-Penance of Lorkhaj,,3.0.5,"* Fixed an issue where ranking up a summon ability (Unstable Familiar, Summon Winged Twilight, Feral Guardian, etc.) would unsummon your pet.",,Companion,,,,,1,7.8 seconds,Area,0.4 seconds,,,,,,,,,,,,,,,,,,,,,,,28 meters,Heal Self,Heal Others,,,,,,Drawbacks,,
Online:Penetrating Magic,Destruction Staff,With Destruction Staff Equipped Your Destruction Staff abilities ignore 1487 of the enemy's Spell Resistance.,Destruction Staff-Penetrating Magic,45509,2.3.5,* This passive now grants Spell Penetration to the caster's weapon enchantment procs if they are enchanted on an equipped Destruction Staff.,Passive Effect,Passive,Spell Penetration,With Destruction Staff Equipped Your Destruction Staff abilities ignore 2974 of the enemy's Spell Resistance.,,10,,,,,,17,,,30957,45509,,,,,,,,,,,,,,,,,,,,,,,,,,,
Online:Penetrating Strikes,Blazing Might,"Isobel Veloise attacks three times with a magic spear, dealing 1050/2000 Magic Damage to all enemies in front of them with each strike. After their assault, Isobel Veloise grants themselves and nearby allies a boon that increases the damage of their next Light or Heavy Attack by 50%.",Companion-Penetrating Strikes,163458,8.2.0,* Updated Isobel's Penetrating Strikes ability to share the same animation as Biting Jabs. This ability now hits 3 times instead of 4 but maintains the same total damage done.,,Companion,,,,,1,15.5 seconds,Self,1 second,,,,,,,,,,,,,,,,,High Isle,1 second,,,,,,Magic Damage,Area of Effect,,,,,,Multiple Strikes,,
Online:Perennial Bloom,Verdant Growth,"Sharp-as-Night summons a field of blooming flowers, healing you and nearby allies for 649 Health every 2 seconds over 8 seconds. Used when Sharp-as-Night or an ally is below 75% Health.",Companion-Perennial Bloom,186602,3.0.5,"* Fixed an issue where ranking up a summon ability (Unstable Familiar, Summon Winged Twilight, Feral Guardian, etc.) would unsummon your pet.",,Companion,,,,,8,12 seconds,Area,0.4 seconds,,,,,,,,,,,,,,,,,Necrom,,,,28 meters,,8 meters,Heal Self,Heal Others,,,,,,,,
Online:Perigean Armor,Guardian's Commitment,"Zerith-var wraps themselves in moon-empowered bone, granting them Major Resolve, increasing their Spell and Physical Resistance by 5948 for 10 seconds. While active, enemies that strike them with ranged attacks will be pulled towards them once every 2 seconds and become taunted for 15 seconds if they are not already taunted. Creates a corpse when effect completes.",Companion-Perigean Armor,,3.0.5,"* Fixed an issue where ranking up a summon ability (Unstable Familiar, Summon Winged Twilight, Feral Guardian, etc.) would unsummon your pet.",,Companion,,,,,5,15.5 seconds,Self,0.2 seconds,,,,,,,,,,,,,,,,,,,,,,,,Increase Spell Resistance,Increase Physical Resistance,,,,,,Counter Attack,,
Online:Persistence,Dark Magic,"After blocking an attack, your next Health, Magicka, or Stamina ability costs 9% less.",Dark Magic-Persistence,45165,1.1.2,* Fixed an issue this passive ability. It now properly increases the duration of the Rune Prison ability.,Passive Effect,Passive,Reduce Skill Cost,"After blocking an attack, your next Health, Magicka, or Stamina ability costs 18% less.",,22,,,,,,36,,,31378,45165,,,,,,,,,,,,,,,,,,,,,,,,,,,
Online:Persuasive Will,Mages Guild,Allows you to Persuade NPCs in conversation.,Mages Guild-Persuasive Will,29061,,,Passive Effect,Passive,Quest Options,,,1,,,,,,,,,,,,,,,,,,,,,,,,,,,,,,,,,,,,,
Online:Petals of the Hunter,Verdant Growth,"Sharp-as-Night calls on the essence of a carnivorous bloom, causing their Light Attacks to restore 1351 Health to themselves or up to 2 nearby allies for 8 seconds.",Companion-Petals of the Hunter,186601,3.0.5,"* Fixed an issue where ranking up a summon ability (Unstable Familiar, Summon Winged Twilight, Feral Guardian, etc.) would unsummon your pet.",,Companion,,,,,17,16 seconds,Area,0.5 seconds,,,,,,,,,,,,,,,,,Necrom,8 seconds,,,,,28 meters,Heal Self,Light Attack Bonus,,,,,,,,
Online:Petrify,Earthen Heart,"Cost: [3780 / 3690 / 3600 / 3510] Magicka. Encase an enemy in molten rock, reducing their movement speed by 50% for 1 second. Upon completion, the target is stunned for 4 seconds, or 8 seconds against monsters. This stun cannot be blocked. The molten rock melts through the enemy's armor and applies Minor Breach for 10 seconds, reducing Armor by 2974.",Earthen Heart-Petrify,33898,1.1.2,* The enemy target's health regeneration bonus while they were affected by Petrify and its morphs has been removed.,Stun,,Fire Damage,"Encase an enemy in molten rock, reducing their movement speed by 50% for 1 second. Upon completion, the target is stunned for 4 seconds, or 8 seconds against monsters. After the stun ends, the target takes [3650 / 3689 / 3729 / 3771] Flame Damage and you heal for [7302 / 7383 / 7463 / 7543] Health. This stun cannot be blocked. The molten rock melts through the enemy's armor and applies Minor Breach for 10 seconds, reducing Armor by 2974.",Immobilize,,30,3510 Magicka,Enemy,Instant,Heal Self,,ON-skill-Petrify.jpg,A petrified Shalk,,,"Encase an enemy in molten rock, reducing their movement speed by 50% for 1 second. Upon completion, the target is stunned for 4 seconds, or 8 seconds against monsters. Immobilizes the target for 4 seconds after the stun ends. This stun cannot be blocked. The molten rock melts through the enemy's armor and applies Minor Breach and Minor Vulnerability for [17 / 18 / 19 / 20] seconds, reducing Armor by 2974 and increasing damage taken by 5%.",Fossilize,33921,Adds Minor Vulnerability and extends the duration. Immobilizes after the stun ends.,Shattering Rocks,33944,Earthen Heart-Shattering Rocks,Damages the enemy and heals you when the stun ends.,Earthen Heart-Fossilize,Magicka Cost,,4 seconds,Unavoidable,Magicka,7 meters,,,,,,,,,,,,
Online:Piercing Arrow,Bow (Companion),"Your Companion plants a masterfully aimed arrow in an enemy's vital spot, dealing 3150 Physical Damage.",Companion-Piercing Arrow,152793,3.0.5,"* Fixed an issue where ranking up a summon ability (Unstable Familiar, Summon Winged Twilight, Feral Guardian, etc.) would unsummon your pet.",,Companion,,,,,1,8 seconds,Enemy,1 second,,,,,,,,,,,,,,,,,Blackwood,,,,35 meters,,,Physical Damage,,,,,,,,,
Online:Piercing Cold,Winter's Embrace,Increases the amount of damage you block by 4% and increases your Frost Damage by 7%.,Winter's Embrace-Piercing Cold,86196,5.2.5,"* Increased the bonus damage of this passive to 5/10%, up from 3/6%.",Passive Effect,Passive,Increase Block,Increases the amount of damage you block by 8% and increases your Frost Damage by 15%.,Increase Damage Dealt,39,,,,,,50,,,86195,86196,,,,,,,,,,,Crown Store,,,,,,,,,,,,,,,,
Online:Piercing Howl,Werewolf,"Crush an enemy with a deafening howl, dealing [7687 / 7771 / 7856 / 7940] Physical Damage. Deals 10% more damage to enemies that are Terrified.",Werewolf-Piercing Howl,58740,1.5.2,* Added some new werewolf abilities: ** Hircine's Bounty: This ability is a large heal that costs magicka. ** Infectious Claws: This ability instantly deals damage to all enemies in front of you and causes disease damage over time. ** Piercing Howl: This ability deals high damage and stuns your enemy.,Physical Damage,,Damage Against Status,"Cost: [2869 / 2779 / 2689 / 2599] Stamina. Crush an enemy with a deafening howl, dealing 7940 Physical Damage. Deals 10% more damage to enemies that are Terrified and 10% more to enemies that are Off Balance.",Synergy,,6,2869 Stamina,Enemy,Instant,Empower,,ON-skill-Piercing Howl.jpg,Piercing Howl and Howl of Despair morph,,,"Crush an enemy with a deafening howl, dealing [7940 / 8027 / 8114 / 8202] Physical Damage. Enemies who are Terrified take 10% more damage from this attack. You or an ally targeting the enemy can activate the Feeding Frenzy Synergy synergy, which grants them Empower and Minor Force for 20 seconds, increasing their damage done with Heavy Attacks against monsters by 70% and their Critical Damage by 10%.",Howl of Despair,58794,Grants a synergy to you or allies that grants them Empower and Minor Force.,Howl of Agony,58808,Werewolf-Howl of Agony,Reduces cost as the ability ranks up and deals additional damage against Off Balance enemies.,Werewolf-Howl of Despair,Increase Critical Damage,,,Stamina Cost,Stamina,10 meters,,,,,,,,,,,,
Online:Piercing Javelin,Aedric Spear,"Hurl your spear at an enemy with godlike strength, dealing [3690 / 3730 / 3771 / 3811] Magic Damage and knocking them back 8 meters. This ability ignores the enemy's Resistances and cannot be blocked.",Aedric Spear-Piercing Javelin,26975,1.1.2,* Aurora Javelin: Fixed an issue where Aurora Javelin was adding less damage than the intended additional 40%.,Magic Damage,,Knockback,"Cost: 3213 Stamina. Hurl your spear at an enemy with godlike strength, dealing 3811 Physical Damage and stunning them for [2.5 / 3 / 3.5 / 4] seconds. This ability ignores the enemy's Resistances and cannot be blocked.",Ignore Armor,,4,3780 Magicka,Enemy,Instant,Distance Bonus,,ON-skill-Piercing Javelin.jpg,Piercing Javelin,,,"Hurl your spear at an enemy with godlike strength, dealing [3811 / 3852 / 3894 / 3936] Magic Damage and knocking them back 8 meters. This ability ignores the enemy's Resistances and cannot be blocked. The spear deals an additional 2% damage for every 1 meter you are away from the target, up to a maximum of 40%.",Aurora Javelin,26983,Deals additional damage based on the distance the spear travels.,Binding Javelin,26992,Aedric Spear-Binding Javelin,Converts into a Stamina ability and deals Physical Damage. Stuns the enemy for longer instead of knocking back.,Aedric Spear-Aurora Javelin,Physical Damage,,,Stun,Magicka,22 meters,Magicka Cost,,,,Stamina Cost,,,,Unavoidable,,,
Online:Piercing Spear,Aedric Spear,WITH AN AEDRIC SPEAR ABILITY SLOTTED Increases your Critical Damage by 6%. Increases your damage done to blocking players by 6%.,Aedric Spear-Piercing Spear,44046,1.2.3,* This passive now adds a melee critical strike in addition to a spell critical strike when using spear abilities.,Passive Effect,Passive,Increase Critical Damage,WITH AN AEDRIC SPEAR ABILITY SLOTTED Increases your Critical Damage by 12%. Increases your damage done to blocking players by 12%.,Increase Damage Dealt,8,,,,,,18,,,31698,44046,,,,,,,,,,,,,,,,,,,,,,,,,,,
Online:Platings Expertise,Jewelry Crafting,Increases the chances of improving items with platings.,Jewelry Crafting-Platings Expertise,103648,4.1.5,"* Significantly reduced the amount of Boosters needed to improve the quality of Jewelry. ** At maximum rank of Plating Expertise, it now takes only a single piece of Terne Plating to go from white to green, two Iridium Platings to go from green to blue, three Zircon Platings to go from blue to purple, and only 4 Chromium Platings to go from purple to gold.",Crafting Effect,Passive,Increase Improvement Chance,Increases the chances of improving items with platings.,,10,,,,,,25,,,103646,103647,,,,,,,,,,,Summerset,,,,,,,,,,More than doubles the chances of improving items with platings.,40,103648,,,,
Online:Poison Arrow,Bow,"Shoot an arrow coated in Baandari poison at an enemy, dealing [3074 / 3107 / 3141 / 3175] Poison Damage and an additional [9210 / 9300 / 9410 / 9510] Poison Damage over 20 seconds.",Bow-Poison Arrow,40806,1.2.3,* Increased the damage-over-time for this ability by 50%.,Poison Damage,,Damage Over Time,"Shoot an arrow coated in Baandari poison at an enemy, dealing 3175 Poison Damage and an additional 9520 Poison Damage over 20 seconds. Deals up to [105 / 110 / 115 / 120]% more damage to enemies under 50% Health.",Interrupt,,38,2700 Stamina,Enemy,Instant,Off-Balance,,ON-skill-Poison Arrow.jpg,Poison Arrow,,,"Cost: [2700 / 2610 / 2520 / 2430] Stamina. Shoot an arrow coated in Shadowscale poison at an enemy, dealing 3175 Poison Damage and an additional 9520 Poison Damage over 20 seconds. If the enemy hit is casting an ability they are interrupted, set Off Balance, and stunned for 3 seconds. After casting you gain Major Brutality and Sorcery, increasing your Weapon Damage and Spell Damage for 20 seconds.",Venom Arrow,40823,Interrupts enemies hit if they are casting. Grants Major Brutality and Sorcery after casting. Reduces cost as ability ranks up.,Poison Injection,40842,Bow-Poison Injection,Deals additional damage to low Health enemies.,Bow-Venom Arrow,Stun,,20 seconds,Increase Weapon Damage,Stamina,28 meters,Increase Spell Damage,,,,Execute,,,,Stamina Cost,,,
Online:Potency Improvement,Enchanting,"Allows the use of Jora, Porade, Jode and Notade Potency Runestones to make Glyphs of levels 1-15.",Enchanting-Potency Improvement,70045,1.1.2,* Updated the icons for Enchanting passive skills Aspect Improvement and Potency Improvement to more closely match their associated runestone shapes.,Crafting Effect,Passive,Crafting Quality,"Allows the use of Jera, Jejora, Ode and Tade Potency Runestones to make Glyphs of levels 10-25.",,1,,,,,,5,,,46727,46729,,,,,,,,,,,,,,,,,,,,,"Allows the use of Odra, Pojora, Jayde and Edode Potency Runestones to make Glyphs of levels 20-35.",10,46731,,,,
Online:Pounce,Werewolf,"Pounce on an enemy with primal fury, dealing [4230 / 4276 / 4323 / 4369] Bleed Damage and applying the Hemorrhaging status effect. When you are 7 meters or closer this ability becomes Carnage, which causes you to rip into an enemy and deal [4480 / 4529 / 4578 / 4627] Bleed Damage over 12 seconds, dealing up to 450% more damage to enemies under 100% Health.",Werewolf-Pounce,42110,1.5.2,"* This ability now deals more damage, and can now be cast while silenced. * Brutal Pounce: This ability now deals 50% of the initial hit to nearby enemies. * Feral Pounce: ** This ability only increases the werewolf duration if you are 10 meters or more from your target. ** This ability now properly increases the werewolf timer when used. ** Updated the tooltip to note that it only adds Ultimate when traveling at least 10 meters.",Charge,,Bleed Damage,"Pounce on an enemy with primal fury, dealing 4369 Bleed Damage and applying the Hemorrhaging status effect. When you are 7 meters or closer this ability becomes Feral Carnage, which causes you to rip into an enemy and deal 4627 Bleed Damage over 12 seconds, dealing up to 450% more damage to enemies under 100% Health. Dealing damage with either ability restores [185 / 190 / 195 / 200] Stamina and triggers Fury generation.",Apply Status Effect,,2,1071 Stamina,Enemy,Instant,Damage Over Time,,ON-skill-Pounce.jpg,A werewolf pouncing on a Giant Scorpion,,,"Area: 7 meters. Pounce on an enemy with primal fury, dealing [4369 / 4417 / 4465 / 4513] Bleed Damage and applying the Hemorrhaging status effect to all nearby enemies. When you are 7 meters or closer this ability becomes Brutal Carnage, which causes you to rip into all enemies in front of you to deal [4621 / 4712 / 4819 / 4922] Bleed Damage over 12 seconds, dealing up to 450% more damage to enemies under 100% Health. The duration increases by 10 seconds if cast on the same enemy multiple times.",Brutal Pounce,42119,Deals additional damage to other nearby enemies. Carnage hits in a cone and increases in duration on successive application.,Feral Pounce,42128,Werewolf-Feral Pounce,You restore Stamina and trigger Fury generation when dealing damage with either form of the ability.,Werewolf-Brutal Pounce,Execute,,,Area of Effect,Stamina,22 meters,Restore Stamina,,,,Increase Effect Duration,,,,Stamina Cost,,,
Online:Pound of Flesh,Class Mastery,"Knock upon death's door and demand your due. When you take damage you have a 10% chance to heal 1600 Health and restore 5% of your missing Stamina, up to once per second. This chance increases by 1% for every missing Health percent you have and the healing is based off your Max Health.",Living Death-Near-Death Experience,263549,12.0.0,"*Pound of Flesh: This passive grants you a 1% chance when taking damage to restore 10% Health and 5% of your missing Stamina, up to once every second. This chance increases by 1% for every 1% missing Health you have. **If you have 50% Health, you'd have a 51% chance to activate this passive when taking damage.",,Passive,,,,1,,,,,,,,,,,,,,,,,,,,,,,,,,,,,,,,,,,,1600,
Online:Power Bash,One Hand and Shield,"Strike an enemy full-force with your shield, dealing [6149 / 6216 / 6284 / 6351] Physical Damage. This ability's damage is considered Bash damage and interrupts the enemy if they are casting.",One Hand and Shield-Power Bash,41435,1.1.2,* Fixed an issue where the Reverberating Bash morph was not properly reducing Spell Damage. * Fixed an issue where Reverberating Bash was reducing Spell and Weapon Damage before the disorient effect ended.,Physical Damage,,Interrupt,"Strike an enemy full-force with your shield, dealing [6352 / 6421 / 6491 / 6561] Physical Damage. While slotted, blocking any attack grants you Resentment, which reduces the cost of your next Power Slam cast within 10 seconds by [47 / 48 / 49 / 50]%. This ability's damage is considered Bash damage and interrupts the enemy if they are casting.",Stun,,38,2700 Stamina,Enemy,Instant,Multiple Strikes,,ON-skill-Power_Bash.jpg,Power Bash,,,"Strike an enemy full-force with your shield, dealing 3175 Physical Damage and stunning them for [2 / 2.3 / 2.7 / 3] seconds. After the stun ends, the enemy takes an additional 3175 Physical Damage. This ability's damage is considered Bash damage and interrupts the enemy if they are casting.",Reverberating Bash,41448,"Initial damage is halved, but stuns the target. After the stun ends, the enemy takes the damage again.",Power Slam,41459,One Hand and Shield-Power Slam,Blocking any attack reduces the cost of your next Power Slam.,One Hand and Shield-Reverberating Bash,Slotted Effect,,,Reduce Skill Cost,Stamina,7 meters,Stamina Cost,,,,,,,,,,,
Online:Power Stone,Daedric Summoning,Reduces the cost of your Ultimate abilities by 8%.,Daedric Summoning-Power Stone,45196,,,Passive Effect,Passive,Reduce Skill Cost,Reduces the cost of your Ultimate abilities by 15%.,,14,,,,,,27,,,31396,45196,,,,,,,,,,,,,,,,,,,,,,,,,,,
Online:Preemptive Power,Scrying,Start each Scrying attempt with an additional row of facets already claimed.,Scrying-Preemptive Power,139777,,,Passive Effect,Passive,Antiquities,,,9,,,,,,,,,,,,,,,,,,,,,Greymoor,,,,,,,,,,,,,,,,
Online:Pressure Points,Assassination,"Increases your Critical Chance rating by 219 for each Nightblade ability slotted, increasing your chance to critically strike by 1% per ability.",Assassination-Pressure Points,45053,1.3.3,* The tooltip for this ability no longer reports an incorrect value when multiple assassination values are slotted.,Passive Effect,Passive,Weapon Critical,"Increases your Critical Chance rating by 438 for each Nightblade ability slotted, increasing your chance to critically strike by 2% per ability.",Spell Critical,22,,,,,,36,,,36636,45053,,,,,,,,,,,,,,,,,,,,,,,,,,,
Online:Prism,Dawn's Wrath,Casting a Dawn's Wrath ability while in combat generates 2 Ultimate. This effect can occur once every 6 seconds.,Dawn's Wrath-Prism,45216,1.1.2,* Fixed an issue where the Prism passive wasn't properly adding Ultimate when the Dawn's Wrath ability was cast.,Passive Effect,Passive,Ultimate Gain,Casting a Dawn's Wrath ability while in combat generates 3 Ultimate. This effect can occur once every 6 seconds.,,14,,,,,,27,,,31744,45216,,,,,,,,,,,,,,,,,,,,,,,,,,,
Online:Prodigy,Light Armor,Increases your Weapon Critical and Spell Critical rating by 109 for each piece of Light Armor equipped.,Light Armor-Prodigy,45561,7.1.5,"* The following passives and player abilities now grant hybrid stats to help improve their viability and accessibility to off-meta builds, because we love them too: ** Agility: Now grants equal Weapon and Spell Damage. ** Balanced Warrior: *** Now grants 660/1320 Armor, rather than 1320/2640 Spell Resistance. *** Now grants equal Weapon and Spell Damage values. ** Brutal Carange's bonus: Now grants equal Weapon and Spell Damage values. ** Concentration: Now grants equal Offensive Penetration. ** Dexterity: Now increases Critical Damage and Healing Done per piece worn, up to 2% at the final rank, rather than Weapon Critical (as Prodigy now grants Weapon Critical as well) ** Flawless Dawnbreaker's bonus: Now grants equal Weapon and Spell Damage values. ** Prodigy: Now grants equal Critical Chance. ** Savage Strength: Now grants equal Weapon and Spell Damage values. ** Scaled Armor: Now grants 825/1650 Armor rather than 1320/3300 Spell Resistance. ** Slayer: Now grants equal Weapon and Spell Damage values.",Passive Effect,Passive,Weapon Critical,Increases your Weapon Critical and Spell Critical rating by 219 for each piece of Light Armor equipped.,Spell Critical,38,,,,,Light Armor Boost,46,,,29668,45561,,,,,,,,,,,,,,,,,,,,,,,,,,,
Online:Protective Scale,Draconic Power,"Unfurl draconic wings to knockback enemies around you 4 meters and stun them for 1.8 seconds. The winds from your buffet swirl around you, reducing your damage taken by projectiles by 50% for 6 seconds, while granting you Major Expedition for 4 seconds, increasing Movement Speed by 30%.",Draconic Power-Protective Scale,33743,1.4.3,"* Fixed an issue where this ability was charging magicka and stamina for each ability reflected, and reflected projectiles would occasionally not do any damage.",Reduce Damage Taken,,Projectile Defense,"Cost: 4050 Magicka, Radius: 12 meters Unfurl draconic wings to safeguard you and nearby group members for 6 seconds damage taken by projectiles by 50% for you and 25% for group members. You and your brood gain Minor Protection for 20 seconds, reducing damage taken by 5%. You gain Major Expedition for 4 seconds, increasing Movement Speed by 30%.",Immunity,,30,4320 Magicka,Self,Instant,Counter Attack,,ON-skill-Reflective Scale.jpg,Protective Scale,,,"Cost: [4320] Magicka Unfurl draconic wings to knockback enemies around you 4 meters and stun them for 1.8 seconds. The enchanted winds summoned by your wings coalesce around you, reducing your damage taken by projectiles by 50% for 6 seconds, while granting you immunity to snares and immobilizations and Major Expedition for 4 seconds, increasing Movement Speed by 30%.",Fleetstep Wings,33749,Gain immunity to snares and immobilizations. Cost reduces as ability ranks up.,Protect the Brood,33759,Draconic Power-Dragon Fire Scale,Converts the knockback into partial protection for group members. Adds Minor Protection.,Draconic Power-Protective Plate,Fire Damage,,6 seconds,Magicka Cost,Magicka,6 meters,,,,,,,,,,,,
Online:Provoke,One Hand and Shield (Companion),"Your Companion thrusts their weapon with disciplined precision at an enemy, dealing 1575 Physical Damage and taunting the enemy to attack them for 15 seconds. Used when the enemy is not already taunted.",Companion-Provoke,152625,3.0.5,"* Fixed an issue where ranking up a summon ability (Unstable Familiar, Summon Winged Twilight, Feral Guardian, etc.) would unsummon your pet.",Physical Damage,Companion,Taunt,,,,1,12 seconds,Enemy,0.3 seconds,,,,,,,,,,,,,,,,,Blackwood,,,,5 meters,,,,,,,,,,,,
Online:Psychic Lesion,Herald of the Tome,"With a Herald of the Tome Ability Slotted Your attacks wound the mind with heretical knowledge, increasing damage dealt by Status Effects by 7% and Status Effect Chance by 27%.",Herald of the Tome-Psychic Lesion,184873,9.3.5,"* Reduced this passive’s increase to applying status effects to 55%, down from 75%, to make up for the status effect buffs in this update.",Status Effect Bonus,Passive,Increase Debuff Chance,"With a Herald of the Tome Ability Slotted Your attacks wound the mind with heretical knowledge, increasing damage dealt by Status Effects by 15% and Status Effect Chance by 55%.",,22,,,,,,36,,,184870,184873,,,,,,,,,,,,,,,,,,,,,,,,,,,
Online:Puncture,One Hand and Shield,"Thrust your weapon with disciplined precision at an enemy, dealing [3074 / 3107 / 3141 / 3175] Physical Damage and taunting them to attack you for 15 seconds. Also inflicts Major Breach on the enemy, reducing their Physical Resistance and Spell Resistance by 5948 for 15 seconds.",One Hand and Shield-Puncture,41477,1.5.2,* Reduced the cost of this ability by approximately 30%. * Ransack: This ability now provides armor if used while blocking.,Physical Damage,,Taunt,"Thrust your weapon with disciplined precision at an enemy, dealing [3175 / 3209 / 3244 / 3279] Physical Damage and taunting them to attack you for 15 seconds. Also inflicts Minor Breach and Major Breach on the enemy, reducing their Physical Resistance and Spell Resistance by 2974 and 5948 for 15 seconds.",Reduce Armor,,2,1350 Stamina,Enemy,Instant,Reduce Damage Taken,,ON-skill-Puncture.jpg,Puncture,,,"Thrust your weapon with disciplined precision at an enemy, dealing [3175 / 3209 / 3244 / 3279] Physical Damage and taunting them to attack you for 15 seconds. Also inflicts Major Breach on the enemy, reducing their Physical Resistance and Spell Resistance by 5948 for 15 seconds. You also gain Minor Protection, reducing your damage taken by 5% for 15 seconds.",Ransack,41487,"You also gain Minor Protection, reducing your damage taken.",Pierce Armor,41497,One Hand and Shield-Pierce Armor,"Also inflicts Minor Breach, further reducing the enemy's Resistances.",One Hand and Shield-Ransack,Stamina Cost,,,,Stamina,7 meters,,,,,,,,,,,,
Online:Puncturing Strikes,Aedric Spear,"Launch a relentless assault, striking up to 6 enemies in front of you three times with your Aedric spear. The spear deals [2356 / 2381 / 2407 / 2433] Magic Damage per strike and reduces enemy Movement Speed by 40% for 0.5 seconds.",Aedric Spear-Puncturing Strikes,27186,1.1.3,"* Reduced the post global cooldown on this ability, and slightly increased the cost.",Multiple Strikes,,Magic Damage,"Launch a relentless assault, striking up to 6 enemies in front of you three times with your Aedric spear. The spear deals [2434 / 2460 / 2487 / 2514] Magic Damage per strike and reduces enemy Movement Speed by 40% for 0.5 seconds. You heal for 25% of the damage done with this ability.",Area of Effect,,1,2295 Magicka,Area,,Reduce Movement Speed,,ON-skill-Puncturing Strikes U35.jpg,Puncturing Strikes visual now,,,"Cost: 2295 Stamina. Launch a relentless assault, striking up to 6 enemies in front of you three times with your Aedric spear. The spear deals [2434 / 2460 / 2487 / 2514] Physical Damage per strike and reduces enemy Movement Speed by 40% for 0.5 seconds. Each strike has a 10% chance of applying the Sundered status effect. Activating this ability grants you Major Brutality and Major Sorcery, increasing your Weapon Damage and Spell Damage by 20% for 10 seconds.",Biting Jabs,27197,Converts into a Stamina ability and deals Physical Damage. Grants you Major Brutality and Sorcery after casting and has a higher chance of applying the Sundered status effect.,Puncturing Sweep,27207,Aedric Spear-Puncturing Sweep,You heal for a percentage of the damage done.,Aedric Spear-Biting Jabs,Physical Damage,,,Increase Weapon Damage,Magicka,,Increase Spell Damage,8 meters,,,Increase Debuff Chance,,,,Heal Self,,,
Online:Purge,Support,"Cost: [8100 / 8010 / 7920 / 7830] Magicka. Cleanse yourself and your group, removing up to 3 negative effects immediately.",Support-Purge,46630,1.2.3,* This ability's name will now display its rank.,Cleanse,,Heal Self,"Cleanse yourself and your group, removing 3 negative effects immediately. For every negative effect removed, the target is healed for [2 / 3 / 4 / 5]% of their Max Health.",Heal Others,,4,7830 Magicka,Area,Instant,Magicka Cost,,ON-skill-Purge.jpg,Purge,,,"Cost: [5670 / 5580 / 5490 / 5400] Magicka. Cleanse yourself and your group, removing up to 3 negative effects immediately.",Efficient Purge,46636,Reduces the cost.,Cleanse,46644,Support-Cleanse,"If a negative effect is removed, the target is healed.",Support-Efficient Purge,,,,,Magicka,,,18 meters,,,,,,,,,,
Online:Pursuit,Werewolf,WHILE YOU ARE IN WEREWOLF FORM Increases your Movement Speed by 15%. Increases the Stamina your Heavy Attacks restore by 25%.,Werewolf-Pursuit,46142,1.5.2,* This passive now increases stamina gained from heavy attacks.,Passive Effect,Passive,Increase Movement Speed,WHILE YOU ARE IN WEREWOLF FORM Increases your Movement Speed by 30%. Increases the Stamina your Heavy Attacks restore by 50%.,Heavy Attack Bonus,3,,,,,Restore Stamina,7,,,32636,46142,,,,,,,,,,,,,,,,,,,,,,,,,,,
Online:Quick Fix,Playful Schemer,"Ember patches themselves or an ally with restorative magic, healing for 3150/6000 Health. Used when Ember or an ally is below 75% Health.",Companion-Quick Fix,166018,3.0.5,"* Fixed an issue where ranking up a summon ability (Unstable Familiar, Summon Winged Twilight, Feral Guardian, etc.) would unsummon your pet.",,Companion,,,,,1,8 seconds,Area,0.6 seconds,,,,,,,,,,,,,,,,,High Isle,,,,,,28 meters,Heal Self,Heal Others,,,,,,,,
Online:Radial Sweep,Aedric Spear,"Swing your Aedric spear around with holy vengeance, dealing [6149 / 6216 / 6284 / 6351] Magic Damage to all nearby enemies and an additional [3074 / 3107 / 3141 / 3175] Magic Damage every 2 seconds for 6 seconds.",Aedric Spear-Radial Sweep,23784,1.2.3,* Empowering Sweep: This Ultimate ability now gives 15% damage reduction and +4% damage reduction for each target hit instead of increasing your armor.,Magic Damage,Ultimate,Damage Over Time,"Swing your Aedric spear around with holy vengeance, dealing [6352 / 6421 / 6491 / 6561] Magic Damage to all nearby enemies and an additional 3175 Magic Damage every 2 seconds for 6 seconds. Enemies in your path will be hit for 60% more damage.",Area of Effect,,12,75 Ultimate,Area,0.3 seconds,Physical Damage,,ON-skill-Radial_Sweep.jpg,Radial Sweep,,,"Duration: 10 seconds. Swing your Aedric spear around with holy vengeance, dealing [6352 / 6421 / 6491 / 6561] Physical Damage to all nearby enemies and an additional 3175 Physical Damage every 2 seconds for 10 seconds. The duration is extended by 2 seconds for each enemy hit.",Everlasting Sweep,23794,"Deals Physical Damage and increases the duration, which further increases for each enemy hit.",Crescent Sweep,23788,Aedric Spear-Crescent Sweep,Deals additional damage to enemies in front of you.,Aedric Spear-Everlasting Sweep,Multiple Targets Hit Bonus,,6 seconds,Increase Damage Dealt,,,Ultimate Cost,8 meters,,,,,,,,,,
Online:Radiant Destruction,Dawn's Wrath,"Burn an enemy with a ray of holy fire, dealing [19182 / 19392 / 19596 / 19812] Magic Damage over 3.8 seconds. Deals up to 500% more damage to enemies below 33% Health. This ability is considered direct damage.",Dawn's Wrath-Radiant Destruction,63058,1.6.5,"* Blinding Light: The ability Blinding Light has been removed, and replaced with Radiant Destruction. * Radiant Destruction: ** This new ability has replaced Blinding Light. Any experience you had in Blinding Light will automatically apply to Radiant Destruction. ** Radiant Destruction is a channeled, magicka-based beam with a range of 28 meters and a duration of 3 seconds. It does moderate damage against enemies, but that damage increases against targets who are low in health. ** Radiant Glory: This ability heals the caster for 20% of the amount of damage dealt by the ability. ** Radiant Oppression: This ability deals more damage depending on how much unspent magicka you have. A caster with 100% magicka will receive a 40% bonus to the damage from this ability.",Magic Damage,,Damage Over Time,"Burn an enemy with a ray of holy fire, dealing [19812 / 20022 / 20244 / 20460] Magic Damage over 3.8 seconds. Deals up to 500% more damage to enemies below 40% Health. This ability is considered direct damage.",Execute,,42,1080 Magicka / 1s,Enemy,,Heal Self,,ON-skill-Radiant Destruction.jpg,Radiant Destruction,,,"Cost: 648 Magicka / 1s. Burn an enemy with a ray of holy fire, dealing [19812 / 20022 / 20244 / 20460] Magic Damage over 3.8 seconds. Deals up to 500% more damage to enemies below 33% Health. You heal for 15% of the damage inflicted. This ability is considered direct damage.",Radiant Glory,63066,Reduces the cost and you heal for a percentage of the damage inflicted.,Radiant Oppression,63075,Dawn's Wrath-Radiant Oppression,The bonus damage against low health targets now starts at higher health.,Dawn's Wrath-Radiant Glory,Restore Magicka,,,Magicka Cost,Magicka,28 meters,,,,,,,,,,,,
Online:Raging Storm,Lightning Caller,"Ember creates a thunderstorm that follows the target, striking all enemies within for 1012/1159 Shock Damage every 1 second for 8 seconds. The final strike deals 300% additional damage to enemies under 25% Health.",Companion-Raging Storm,164191,3.0.5,"* Fixed an issue where ranking up a summon ability (Unstable Familiar, Summon Winged Twilight, Feral Guardian, etc.) would unsummon your pet.",,Companion,,,,,20,200 Ultimate,,0.2 seconds,,,,,,,,,,,,,,,,,High Isle,7 seconds,,,28 meters,,8 meters,Shock Damage,Area of Effect,,,,,,Multiple Strikes,,
Online:Ranger,Bow,WITH BOW EQUIPPED Reduces the Stamina cost of Bow abilities by 7%.,Bow-Ranger,45493,,,Passive Effect,Passive,Reduce Skill Cost,WITH BOW EQUIPPED Reduces the Stamina cost of Bow abilities by 15%.,,17,,,,,,28,,,30942,45493,,,,,,,,,,,,,,,,,,,,,,,,,,,
Online:Rapid Fire,Bow,"Unleash a barrage of arrows at an enemy, dealing [46107 / 46611 / 47115 / 47637] Physical Damage over 4 seconds. You can move at full speed and are immune to all disabling effects while channeling this attack. This ability is considered direct damage.",Bow-Rapid Fire,86586,2.6.4,"* New Weapon Ultimates have been added to the game. Each Weapon skill line now has one Ultimate, and each Ultimate can be obtained by reaching Rank 50 in its respective Weapon skill line. Weapon Ultimates can be morphed as well!",Physical Damage,Ultimate,Multiple Strikes,"Casting Time: Instant, Channel Time:, Duration: 5 seconds, Range: 25 meters. Create a turret to unleash a barrage of arrows at an enemy, dealing [41236 / 41691 / 42133 / 42588] Physical Damage over 5 seconds.",Immunity,,50,175 Ultimate,Enemy,,Poison Damage,,ON-skill-Rapid_Fire.jpg,Rapid Fire,,,"Unleash a barrage of arrows at an enemy, dealing 47619 Poison Damage over 4 seconds. After dealing damage you poison the enemy, dealing an additional [26460 / 26760 / 27040 / 27340] Poison Damage over 8 seconds after a 1 second delay. You can move at full speed and are immune to all disabling effects while channeling this attack. This ability is considered direct damage.",Toxic Barrage,86603,"Deals Poison Damage. Dealing damage with the attack injects them with poison, dealing additional damage over time.",Ballista,86620,Bow-Ballista,"Create a turret to channel the attack for you, but for less damage.",Bow-Toxic Barrage,Damage Over Time,,,Summon,,28 meters,Ultimate Cost,,,,,,,,,,,
Online:Rapid Maneuver,Assault,"Mobilize your forces, granting Major Expedition to you and your group, increasing your Movement Speed by 30% for 8 seconds.",Assault-Rapid Maneuver,46492,1.1.2,* Charging Maneuver: This ability now properly adds Weapon Damage.,Increase Movement Speed,,Reduce Damage Taken,"Cost: [6426 / 6336 / 6246 / 6156] Stamina. Mobilize your forces, granting Major and Minor Expedition to you and your group, increasing your Movement Speed by 30% and 15% respectively, for 8 seconds.",Stamina Cost,,5,6426 Stamina,Area,Instant,,,ON-skill-Rapid_Maneuver.jpg,Rapid Maneuver,,,"Mobilize your forces, granting Major Expedition to you and your group, increasing your Movement Speed by 30% for 8 seconds. Attacks from behind deal [12 / 13 / 14 / 15]% less damage while this effect persists.",Retreating Maneuver,46505,Attacks made against you from behind deal less damage while this effect persists.,Charging Maneuver,46519,Assault-Charging Maneuver,"Also grants Minor Expedition, increasing your Movement Speed further. Reduces the cost as the ability ranks up.",Assault-Retreating Maneuver,,,8 seconds,,Stamina,,,28 meters,,,,,,,,,,
Online:Rapid Mending,Heavy Armor,Increases your healing received by 1% for every 2 pieces of Heavy Armor worn.,Heavy Armor-Rapid Mending,45529,2.4.5,"* This passive ability no longer increments its bonuses with each piece of Heavy Armor, and now requires 5 pieces or more of Heavy Armor to be worn. * Increased the healing taken bonus to 4/8% * This ability now increases the amount of resources your Heavy Attacks restore by 25/50% at Ranks I/II.",Passive Effect,Passive,Heavy Armor Boost,Increases your healing received by 1% for each piece of Heavy Armor worn.,Increase Healing Received,42,,,,,,50,,,29791,45529,,,,,,,,,,,,,,,,,,,,,,,,,,,
Online:Rapid Rot,Grave Lord,Increases your damage done with damage over time effects by 5%.,Grave Lord-Rapid Rot,116201,5.2.5,"* Increased the damage bonus for this passive to 15%, up from 10%.",Increase Damage Dealt,Passive,Passive Effect,Increases your damage done with damage over time effects by 10%.,,39,,,,,,50,,,116199,116201,,,,,,,,,,,Elsweyr,,,,,,,,,,,,,,,,
Online:Razor Cape,Dual Wield (Companion),"Your Companion envelops themselves in a ring of floating razors, dealing 630 Physical Damage to nearby enemies every 2 seconds for 8 seconds. The razors also shield them from attacks, reducing their damage taken by 20%.",Companion-Razor Cape,152696,3.0.5,"* Fixed an issue where ranking up a summon ability (Unstable Familiar, Summon Winged Twilight, Feral Guardian, etc.) would unsummon your pet.",,Companion,,,,,20,12 seconds,Area,0.2 seconds,,,,,,,,,,,,,,,,,Blackwood,8 seconds,,,,,5 meters,Physical Damage,Area of Effect,,,,,,Reduce Damage Taken,,
Online:Reach,Assault,Increases the range of long-range abilities by 2 meters while near a keep or outpost. Any ability with a range greater than 28 meters is affected.,Assault-Reach,45621,1.1.2,* Reach I: Fixed an issue where Reach I was granting slightly more range than was intended. Rank II remains unchanged.,Passive Effect,Passive,PvP Bonus,Increases the range of long-range abilities by 5 meters while near a keep or outpost. Any ability with a range greater than 28 meters is affected.,Increase Range,5,,,,,,10,,,39254,45621,,,,,,,,,,,,,,,,,,,,,,,,,,,
Online:Reanimate,Living Death,"Cost: [350 / 345 / 340 / 335] Ultimate. Bring your allies back from the brink of death, resurrecting up to 3 allies at the target location.",Living Death-Reanimate,40115410,5.3.4,* Fixed an issue where this ability and its morphs would not trigger events that required Resurrections to proc.,Resurrect,Ultimate,Area of Effect,"Cost: [335 / 330 / 325 / 320] Ultimate. Bring your allies back from the brink of death, resurrecting up to 3 allies at the target location. You consume up to 3 other corpses in the area and summon a Blighted Blastbones for each corpse consumed.",Restore Magicka,,12,335 Ultimate,Ground,Instant,Restore Stamina,,ON-skill-Reanimate.jpg,Reanimate and its morphs' visual,,,"Bring your allies back from the brink of death, resurrecting up to 3 allies at the target location. You restore [5000 / 5100 / 5200 / 5300] Magicka and Stamina for each ally you successfully resurrect.",Renewing Animation,40118367,You restore Magicka and Stamina for each ally you resurrect.,Animate Blastbones,40118379,Living Death-Animate Blastbones,You consume other corpses in the area and summon Blastbones.,Living Death-Renewing Animation,Consume Corpse,Elsweyr,,Summon,,28 meters,Disease Damage,12 meters,,,Apply Status Effect,,,,Reduce Healing,,,
Online:Rebate,Daedric Summoning,You restore 185 Magicka or Stamina when one of your non-Ultimate Daedric Summoning abilities end. The resource returned is dictated by the ability's cost.,Daedric Summoning-Rebate,45198,1.1.2,* Fixed an issue with this ability. It will now properly recover magicka when your Summoned Winged Twilight is killed.,Passive Effect,Passive,Restore Stamina,You restore 371 Magicka or Stamina when one of your non-Ultimate Daedric Summoning abilities end. The resource returned is dictated by the ability's cost.,Restore Magicka,8,,,,,,18,,,31398,45198,,,,,,,,,,,,,,,,,,,,,,,,,,,
Online:Recipe Improvement,Provisioning,Allows the making of up to level 19 Recipes.,Provisioning-Recipe Improvement,44650,1.1.2,* Corrected a minor issue with this passive skill's icon.,Crafting Effect,Passive,Crafting Quality,Allows the making of up to level 29 Recipes.,,1,,,,,,20,,,44590,44595,,,,,,,,,,,,,,,,,,,,,Allows the making of up to level 39 Recipes.,30,44597,,,,
Online:Recipe Quality,Provisioning,Allows the use of Standard (green) Recipes.,Provisioning-Recipe Quality,69953,,,Crafting Effect,Passive,Crafting Quality,Allows the use of Difficult (blue) Recipes.,,1,,,,,,10,,,44625,44630,,,,,,,,,,,,,,,,,,,,,Allows the use of Complex (purple) Recipes.,35,44631,,,,
Online:Recovery,Light Armor,Increases your Magicka Recovery by 2% for each piece of Light Armor equipped.,Light Armor-Recovery,45549,1.2.3,* Recovery II: Fixed a typo with this passive ability's tooltip.,,Passive,,Increases your Magicka Recovery by 3% for each piece of Light Armor equipped.,,2,,,,,,10,,,29639,45548,,,,,,,,,,,,,,,,,,,,,Increases your Magicka Recovery by 4% for each piece of Light Armor equipped.,30,45549,,,,
Online:Red Diamond,Imperial,Reduces the cost of all your abilities by 2%.,Imperial-Red Diamond,45293,3.3.5,* Fixed an issue where this passive ability would display a generic icon in your buff trackers when it triggered.,Passive Effect,Passive,Reduce Skill Cost,Reduces the cost of all your abilities by 4%.,,25,,,,,,35,,,36155,45291,,,,,,,,,,,Imperial Edition,,,,,,,,,,Reduces the cost of all your abilities by 6%.,50,45293,,,,
Online:Refreshing Shadows,Shadow,"Increases your Health, Stamina, and Magicka Recovery by 7%.",Shadow-Refreshing Shadows,45103,1.2.3,"* This passive ability is now always active, and no longer requires you to use another ability.",Passive Effect,Passive,Health Recovery,"Increases your Health, Stamina, and Magicka Recovery by 15%.",Magicka Recovery,8,,,,,Stamina Recovery,18,,,36549,45103,,,,,,,,,,,,,,,,,,,,,,,,,,,
Online:Regeneration,Restoration Staff,"Share your staff's life-giving energy, healing you or a nearby ally for [9222 / 9318 / 9420 / 9522] Health over 10 seconds.",Restoration Staff-Regeneration,41271,1.1.2,* Mutagen: Fixed an issue where this ability's heal was not applying to targets under 20% health.,Heal Self,,Heal Others,"Share your staff's life-giving energy, healing you or up to 3 nearby allies for [9522 / 9624 / 9726 / 9834] over 10 seconds.",Near Death Effect,,4,2700 Magicka,Area,Instant,Multiple Targets,,ON-skill-Regeneration.jpg,Regeneration,,,"Duration: 5 seconds. Share your staff's life-giving energy, healing you or a nearby ally for [9522 / 9624 / 9726 / 9834] Health over 5 seconds. The healing increases by up to 50% more on targets under 100% Health.",Rapid Regeneration,41276,The healing happens faster over a shorter duration and increases in healing on low Health targets.,Radiating Regeneration,41288,Restoration Staff-Radiating Regeneration,Heals two additional targets.,Restoration Staff-Rapid Regeneration,Magicka Cost,,10 seconds,,Magicka,,,28 meters,,,,,,,,,,
Online:Rejuvenation (Companion),Restoration Staff (Companion),"Your Companion shares their staff's life-giving energy, healing themselves and a nearby ally for 3150 Health over 8 seconds.",Companion-Rejuvenation,153066,3.0.5,"* Fixed an issue where ranking up a summon ability (Unstable Familiar, Summon Winged Twilight, Feral Guardian, etc.) would unsummon your pet.",,Companion,,,,,1,12 seconds,Area,0.3 seconds,,,,,,,,,,,,,,,,,Blackwood,8 seconds,,,,,28 meters,Heal Self,Heal Others,,,,,,,,
Online:Remedy Cascade,Curative Runeforms,Cost determined by highest max resource Channel the abyssal sea to coalesce a beam of restorative energy. The beam heals you and your allies in its path for [29978 / 30303 / 30628 / 30966] Health over 4.5 seconds. Consume Crux to also restore 728 Magicka and Stamina per Crux spent to your allies over 4.5 seconds.,Curative Runeforms-Remedy Cascade,40183537,10.3.5,* This ability and its morphs now properly prioritize the lowest health allies in the area.,Magicka Cost,,Stamina Cost,"Cost determined by highest max resource Channel the abyssal sea to coalesce a beam that heals you and your allies in its path for [30966 / 31304 / 31642 / 31980] Health over 4.5 seconds. The beam gradually grows stronger the longer you channel it, healing for up to 192% more at the end of its duration. Consume Crux to also restore 728 Magicka and Stamina per Crux spent to your allies over 4.5 seconds.",Area of Effect,,4,720 Magicka / 1s,Area,,Heal Self,,ON-skill-Remedy Cascade.jpg,Remedy Cascade and Cascading Fortune morph's visual,,,Cost determined by highest max resource Channel the abyssal sea to coalesce a beam that heals you and your allies in its path for [30966 / 31304 / 31642 / 31980] Health over 4.5 seconds. The beam heals for up to 50% more in proportion to the severity of the target's wounds as you reweave fate itself. Consume Crux to also restore 728 Magicka and Stamina per Crux spent to your allies over 4.5 seconds.,Cascading Fortune,40186193,Heals for more on low Health targets.,Curative Surge,40186200,Curative Runeforms-Curative Surge,The beam gradually heals for more the longer you channel it.,Curative Runeforms-Cascading Fortune,Heal Others,,,Restore Magicka,Magicka,,Restore Stamina,22 meters,,,Near Death Effect,,,,,,,22 x 4 meters
Online:Render Flesh,Living Death,"Sacrifice your own power to repair damaged flesh, healing you or an ally in front of you for [9225 / 9326 / 9427 / 9529] Health but applying Minor Defile to yourself for 4 seconds, reducing your healing received and damage shield strength by 6%.",Living Death-Render Flesh,40114196,5.1.5,* Fixed an issue where the Befouled star from the Shadow tree was applying to the Minor Defile from this ability and its morphs.,Heal Self,,Heal Others,"Sacrifice your own power to repair damaged flesh, healing you or an ally in front of you for [9528 / 9632 / 9737 / 9842] Health but applying Minor Defile to yourself for 4 seconds, reducing your healing received and damage shield strength by 6%. Consumes a corpse near you when cast to heal a second target.",Drawbacks,,1,4320 Magicka,Area,Instant,Reduce Healing,,ON-skill-Render Flesh.jpg,Render Flesh and its morphs' visual,,,"Sacrifice your own power to repair damaged flesh, healing you or an ally in front of you for [9528 / 9632 / 9737 / 9842] Health but applying Minor Defile to yourself for 4 seconds, reducing your healing received and damage shield strength by 6%. You grant the target Spell Resistance and Physical Resistance equal to half the amount healed for 3 seconds.",Resistant Flesh,40117883,Grant resistances to the target equal to half the amount healed.,Blood Sacrifice,40117888,Living Death-Blood Sacrifice,Consumes a corpse to heal a second target.,Living Death-Resistant Flesh,Increase Armor,Elsweyr,,Consume Corpse,Magicka,,Magicka Cost,,,,,,,,,,,28 meters
Online:Rending Claws,Werewolf,"Shred up to 6 enemies in front of you with wild abandon, dealing [5287 / 5345 / 5403 / 5461] Physical Damage and an additional [10550 / 10665 / 10785 / 10900] Bleed Damage over 10 seconds. Reduced to [6330 / 6399 / 6471 / 6540] Bleed Damage over 6 seconds against players. The initial hit has a 15% chance of applying Sundered, while the damage over time has a 5% chance of applying Hemorrhaging.",Werewolf-Rending Claws,58862,12.0.5,"*Infectious Claws -> Rending Claws: This ability and the Claws of Life morph have been adjusted to deal Physical Damage on their initial hit and Bleed Damage for their over time effect, rather than dealing Disease Damage on both hits. Reduced the initial hit’s Weapon and Spell Damage scaling by 20%, and increased its Magicka and Stamina scaling by 4%. The damage over time now lasts for 10 seconds, down from 20. Increase the Weapon and Spell Damage scaling by ~92% and the Magicka and Stamina scaling by ~150%. This ability and its morphs now have a target cap of 6, rather than hitting all enemies. The initial hit now has a 15% chance of applying Sundered and the damage over time has a 5% chance of applying Hemorrhaging, rather than the initial hit applying Diseased and the damage over time having a 1%. **Claws of Anguish -> Claw Fury: This morph has been reworked into a channeled attack that deals direct Physical Damage over 4.8 seconds, hitting up to 6 enemies closest to you in a 7m cone with a 90 degree arc up to 13 times. Claw Fury generates Fury and a stack of Blood Hunger, up to once every second while dealing damage with the ability. Claw Fury scales with 0.488093 Weapon or Spell Damage and 0.060431 Magicka or Stamina per tick, and increases by 25% for each stack of Blood Hunger you have. When Claw Fury ends in any capacity, all stacks of Blood Hunger are removed. **Claws of Life -> Bloodclaws: This morph now heals for 40% of the initial hit damage done, rather than not healing at all on the initial hit. The damage over time now heals you for ~6.2% of your Max Health when damaging an enemy, rather than healing you for 66% of the damage done. Adjusted the rank up progression to 1.1% for the initial hit and 1.1% healing done for the healing from the damage over time. Developer Comment We're generically buffing this skill to now be a full power area effect attack and damage over time effect, rather than reducing the damage of the area effect from the damage over ti",Apply Status Effect,,Area of Effect,"Shred up to 6 enemies in front of you with blood soaked claws, dealing [5461 / 5521 / 5581 / 5641] Physical Damage and an additional 10920 Bleed Damage over 10 seconds. Reduced to 6552 Bleed Damage over 6 seconds against players. You heal for 40% of the initial hit's damage, while you heal for [990 / 1000 / 1011 / 1022] Health with the damage over time, based off your Max Health. The initial hit grants a stack of Blood Hunger per enemy hit and has a 15% chance of applying Sundered, while the damage over time has a 5% chance of applying Hemorrhaging.",Physical Damage,,9,995 Stamina,Cone,Instant,Bleed Damage,,,,,,"Casting Time:, Channel Time: 4.7 seconds, Cost: 383 Stamina / 1s, Target: Area. Shred up to 6 enemies in front of you with furious intent, dealing [58162 / 58799 / 59436 / 60073] Physical Damage in a channeled attack over 4.7 seconds. Dealing damage with this ability generates 15 Fury and a stack of Blood Hunger, up to once per second. This ability deals 25% more damage per stack of Blood Hunger, consumes all stacks when the ability ends, and is considered direct damage.",Claw Fury,58876,Converts into a direct damage channeled attack. Generates Fury and Blood Hunger and increases in damage based on Blood Hunger stacks.,Bloodclaws,58907,Werewolf-Claws of Life,"The initial hit heals for a portion of the damage caused, while the damage over time heals based off your Max Health.",Werewolf-Claw Fury,Damage Over Time,,10 seconds,Reduce Healing,,,Leech Health,,,,Stamina Cost,,,,Reduce Armor,,Max,7 meters
Online:Resin Expertise,Woodworking,Increases the chances of improving items with resins.,Woodworking-Resin Expertise,48177,,,Crafting Effect,Passive,Increase Improvement Chance,Greatly increases the chances of improving items with resins.,,10,,,,,,25,,,48175,48176,,,,,,,,,,,,,,,,,,,,,More than doubles the chances to improve items with resins.,40,48177,,,,
Online:Resist Affliction,Wood Elf,Increases your Max Stamina by 600 and your Disease and Poison Resistance by 660.,Wood Elf-Resist Affliction,45319,2.5.5,* Increased the Max Stamina bonus provided by this passive to 2/4/6% from 1/2/3%.,Passive Effect,Passive,Resist Elements,Increases your Max Stamina by 1200 and your Disease and Poison Resistance by 1320.,Increase Max Stamina,25,,,,,,35,,,36011,45317,,,,,,,,,,,,,,,,,,,,,Increases your Max Stamina by 2000 and your Disease and Poison Resistance by 2310.,50,45319,,,,
Online:Resist Flame,Dark Elf,Increases your Flame Resistance by 1540.,Dark Elf-Resist Flame,45270,4.0.5,* Updated this ability's tooltip to indicate it grants immunity to the Burning status effect.,Passive Effect,Passive,Resist Elements,Increases your Flame Resistance by 3080.,,10,,,,,,20,,,36593,45269,,,,,,,,,,,,,,,,,,,,,Increases your Flame Resistance by 4620.,40,45270,,,,
Online:Resist Frost,Nord,Increases your Max Health by 333 and Frost Resistance by 1540.,Nord-Resist Frost,45304,2.1.4,* Increased the maximum health bonus to 3/6/9% from 1/2/3%.,Passive Effect,Passive,Resist Elements,Increases your Max Health by 666 and Frost Resistance by 3080.,Increase Max Health,5,,,,,,15,,,36627,45303,,,,,,,,,,,,,,,,,,,,,Increases your Max Health by 1000 and Frost Resistance by 4620.,30,45304,,,Maximum,
Online:Resolute Defense,Class Mastery,"You are as unyielding as a mountain. Each second you remain Bracing, you increase the amount of damage you block by 6%, up to 5 times. Blocking damage has a 20% chance to restore 500 Stamina. This effect can occur once every block cost.",Class Mastery-Resolute Defense,263220,12.0.0,"*This passive increases the amount of damage you can block by 6% every second you remain Bracing, up to 30%. Blocking has a 20% chance to restore 500 Stamina, up to once every 250ms.",,Passive,,,,1,,,,,,,,,,,,,,,,,,,,,,,,,,,,,,,,,,,,,
Online:Resolve,Heavy Armor,Increases your Physical Resistance and Spell Resistance by 114 for each piece of Heavy Armor equipped.,Heavy Armor-Resolve,45533,8.1.5,"* Fixed an issue where this passive's bonus Armor could fail to contribute to abilities or effects that used Physical or Spell Resistance to scale in many cases, as it was looking at your current target's information to derive its values rather than always your own.",Passive Effect,Passive,Heavy Armor Boost,Increases your Physical Resistance and Spell Resistance by 229 for each piece of Heavy Armor equipped.,Increase Armor,2,,,,,,10,,,29825,45531,,,,,,,,,,,,,,,,,,,,,Increases your Physical Resistance and Spell Resistance by 343 for each piece of Heavy Armor equipped.,30,45533,,,,
Online:Resourceful,Argonian,"Increases your Max Magicka and Max Stamina by 333. When you drink a potion, you restore 1000 Health, Magicka, and Stamina.",Argonian-Resourceful,45247,2.1.4,"* Increased the bonus Health, Magicka and Stamina restore upon consuming a potion to 2/5/8% from 2/4/6%.",Passive Effect,Passive,Increase Max Magicka,"Increases your Max Magicka and Max Stamina by 666. When you drink a potion, you restore 2000 Health, Magicka, and Stamina.",Increase Max Stamina,25,,,,,Consumable Bonus,35,,,36568,45243,,,,,,,,,,Heal Self,,,Restore Magicka,,,Restore Stamina,,,,,"Increases your Max Magicka and Max Stamina by 1000. When you drink a potion, you restore 3125 Health, Magicka, and Stamina.",50,45247,,,,
Online:Restoration Expert,Restoration Staff,WITH RESTORATION STAFF EQUIPPED Increases your healing by 8% on allies under 30% Health.,Restoration Staff-Restoration Expert,45519,,,Passive Effect,Passive,Increase Healing Done,WITH RESTORATION STAFF EQUIPPED Increases your healing by 15% on allies under 30% Health.,Near Death Effect,10,,,,,,17,,,30980,45519,,,,,,,,,,,,,,,,,,,,,,,,,,,
Online:Restoration Master,Restoration Staff,WITH RESTORATION STAFF EQUIPPED Increases healing with Restoration Staff spells by 3%.,Restoration Staff-Restoration Master,45524,1.6.5,* This passive will now only increase healing done with Restoration Staff abilities.,Passive Effect,Passive,Increase Healing Done,WITH RESTORATION STAFF EQUIPPED Increases healing with Restoration Staff spells by 5%.,,41,,,,,,50,,,30981,45524,,,,,,,,,,,,,,,,,,,,,,,,,,,
Online:Restoring Aura,Restoring Light,"Duration: [17 / 18 / 19 / 20] seconds. Champion the cause of divine glory to apply Minor Endurance, Minor Fortitude, and Minor Intellect to nearby group members for [17 / 18 / 19 / 20] seconds, increasing Health, Magicka, and Stamina Recovery by 15%. While slotted on either bar you gain these effects.",Restoring Light-Restoring Aura,27007,1.1.3,* Radiant Aura: Fixed an issue where this ability could prevent you from swapping weapon sets.,Area of Effect,,Slotted Effect,"Consecrate the souls of the fallen, healing you and your allies for [2700 / 2800 / 2900 / 3000] Health and restoring [2700 / 2800 / 2900 / 3000] Stamina to you for each corpse nearby. While slotted on either bar, you gain Minor Fortitude, Minor Endurance, and Minor Intellect, increasing your Health, Stamina, and Magicka Recovery by 15%.",Health Recovery,,20,Free,Area,Instant,Magicka Recovery,,ON-skill-Restoring Aura.jpg,Restoring Aura,,,"Duration: 60 seconds, Radius: [25 / 26 / 27 / 28] meters. Champion the cause of divine glory to apply Minor Endurance, Minor Fortitude, and Minor Intellect to you and nearby group members for 1 minute, increasing your Health, Magicka, and Stamina Recovery by 15%. While slotted on either bar you gain these effects.",Radiant Aura,27030,Increases the radius and duration.,Repentance,27043,Restoring Light-Repentance,"No longer applies buffs to allies, instead you consume corpses to restore Health and Stamina.",Restoring Light-Radiant Aura,Stamina Recovery,,20 seconds,Heal Self,Magicka,,Heal Others,12 meters,,,Restore Stamina,,,,No Cost,,,
Online:Restoring Spirit,Dawn's Wrath,"Reduces the Health, Magicka, Stamina, and Ultimate costs of your abilities by 2%.",Dawn's Wrath-Restoring Spirit,45212,,,Passive Effect,Passive,Reduce Skill Cost,"Reduces the Health, Magicka, Stamina, and Ultimate costs of your abilities by 5%.",,39,,,,,,50,,,31721,45212,,,,,,,,,,,,,,,,,,,,,,,,,,,
Online:Restoring Tether,Living Death,"Siphon the last remnants of life from a corpse, healing for [14742 / 14904 / 15066 / 15228] Health over 12 seconds to yourself and all allies between you and the corpse. While slotted, your healing done is increased by 3%.",Living Death-Restoring Tether,40115926,5.1.5,"* This ability and its morphs no longer have a resource cost, and now scale off your highest offensive stats. * Decreased the healing per tick by approximately 14%. * Mortal Coil: Reduced the Stamina return per tick to 35 from 79 at Rank IV.",Heal Self,,Heal Others,"Siphon the last remnants of life from a corpse, healing for 15228 Health over 12 seconds to yourself and all allies between you and the corpse. You also restore [140 / 150 / 160 / 170] Magicka and Stamina every 2 seconds while siphoning the corpse. While slotted, your healing done is increased by 3%.",Slotted Effect,,42,Free,,Instant,Increase Healing Done,,ON-skill-Restoring Tether.jpg,Restoring Tether and Mortal Coil,,,"Area: 5 meters. Siphon the last remnants of life from a corpse, healing for [15228 / 15390 / 15552 / 15714] Health over 12 seconds to yourself, all allies around you, and all allies between you and the corpse. While slotted, your healing done is increased by 3%.",Braided Tether,40118070,Also heals allies in a radius around you.,Mortal Coil,40118122,Living Death-Mortal Coil,Restores Magicka and Stamina while siphoning the corpse.,Living Death-Braided Tether,Area of Effect,Elsweyr,12 seconds,Restore Magicka,none,28 meters,Restore Stamina,,,,No Cost,,,,Consume Corpse,,,
Online:Reusable Parts,Grave Lord,"When your Sacrificial Bones, Skeletal Mage, or Spirit Mender dies, the cost of your next Sacrificial Bones, Skeletal Mage, or Spirit Mender is reduced by 33%.",Grave Lord-Reusable Parts,116188,5.2.5,"* Increased the cost reduction granted from this passive to 25/50%, up from 12/25%.",Reduce Skill Cost,Passive,Passive Effect,"When your Sacrificial Bones, Skeletal Mage, or Spirit Mender dies, the cost of your next Sacrificial Bones, Skeletal Mage, or Spirit Mender is reduced by 66%.",,8,,,,,,18,,,116186,116188,,,,,,,,,,,Elsweyr,,,,,,,,,,,,,,,,
Online:Revealing Flare,Support,"Cost: [5400 / 5310 / 5220 / 5130] Magicka. Launch a blinding flare, revealing stealthed and invisible enemies in the target area for 5 seconds. Exposed enemies cannot return to stealth or invisibility for 4 seconds. While slotted you gain Major Protection, reducing your damage taken by 10%.",Support-Revealing Flare,63370,1.6.5,"* Revealing Flare (new ability) ** This new ability will cast a projectile to travel to a specified location, which will reveal all enemies within 10 meters. ** Lingering Flare (morph): The area of effect will persist for 4 seconds after the ability is cast. ** Scorching Flare (morph): Using this ability will place a damage over time on any revealed enemies.",Detection,,Area of Effect,"Launch a blinding flare, revealing stealthed and invisible enemies in the target area for 5 seconds. Exposed enemies are stunned for [2 / 2.7 / 3.3 / 4] seconds, and cannot return to stealth or invisibility for 4 seconds. While slotted you gain Major Protection, reducing your damage taken by 10%.",Slotted Effect,,7,5130 Magicka,Ground,Instant,Reduce Damage Taken,,ON-skill-Revealing Flare.jpg,Revealing Flare,,,"Duration: [7 / 8 / 9 / 10] seconds. Launch a blinding flare, revealing stealthed and invisible enemies in the target area for [7 / 8 / 9 / 10] seconds. Exposed enemies cannot return to stealth or invisibility for 4 seconds. While slotted you gain Major Protection, reducing your damage taken by 10%.",Lingering Flare,63391,The flare lasts longer.,Blinding Flare,63415,Support-Blinding Flare,Exposed enemies are also stunned.,Support-Lingering Flare,Stun,,5 seconds,Magicka Cost,Magicka,28 meters,,10 meters,,,,,,,,,,
Online:Reveler,Nord,Increases your experience gain with the Two Handed skill line by 15%. Increases the duration of any consumed drink by 15 minutes.,Nord-Reveler,36626,2.5.5,"* Two Handed Weapon Expertise: This passive ability has been renamed to ""Reveler."" Also, in addition to the current benefit it now increases the duration of any consumed drink by 15 minutes.",Innate Effect,Passive,Increase Experience Gain,,Increase Consumable Effect,1,,,,,,,,,,,,,,,,,,,,,,,,,,,,,,,,,,,,,
Online:Reverse Entropy,Mages Guild (Companion),"Your Companion envelops an ally with stabilizing magic, healing them for 4720 Health over 8 seconds.",Companion-Reverse Entropy,155408,3.0.5,"* Fixed an issue where ranking up a summon ability (Unstable Familiar, Summon Winged Twilight, Feral Guardian, etc.) would unsummon your pet.",,Companion,,,,,6,12 seconds,Area,0.4 seconds,,,,,,,,,,,,,,,,,Blackwood,8 seconds,,,,,28 meters,Heal Self,,,,,,,,,
Online:Reverse Slash,Two Handed,"Shift your grip and strike an enemy down, dealing [3074 / 3107 / 3141 / 3175] Physical Damage. Deals up to 300% more damage to enemies with less than 50% Health.",Two Handed-Reverse Slash,39928,1.3.3,* Executioner: The tooltip for this ability now reports the correct damage when you don't have a target.,Physical Damage,,Execute,"Cost: 2160 Stamina. Shift your grip and cut deep, dealing 3175 Bleed Damage to your foe. Deals up to [385 / 390 / 395 / 400]% more damage to enemies with less than 50% Health.",Area of Effect,,20,2430 Stamina,Enemy,Instant,Bleed Damage,,ON-skill-Reverse_Slash.jpg,Reverse Slash,,,"Area: 5 meters. Shift your grip and unleash a devastating slice, dealing [3175 / 3209 / 3244 / 3279] Physical Damage to your foe and all nearby enemies. Deals up to 300% more damage to enemies with less than 50% Health.",Reverse Slice,39942,Now deals its damage in an area around the initial target.,Executioner,39957,Two Handed-Executioner,Converts to Bleed Damage and reduces the cost. Increases the amount of bonus damage dealt to low health targets.,Two Handed-Reverse Slice,Stamina Cost,,,,Stamina,7 meters,,,,,,,,,,,50%,
Online:Revitalize,Heavy Armor,Increases the Magicka or Stamina your Heavy Attacks restore by 2% for each piece of Heavy Armor worn.,Heavy Armor-Revitalize,45528,3.2.5,"* Wrath: This passive ability has been replaced with the Revitalize passive, which increases the resources your Heavy Attacks restore by 12/25%. * Rapid Mending: This passive ability no longer increases the amount of resources your Heavy Attacks restore, as that effect has been moved to the new Revitalize passive. It continues to increase your healing received by 4/8%. **Developer Notes: We want each of the three armor types to have unique trade-offs. Heavy Armor's main advantage is its increase to survivability, while the disadvantage is its lower damage and healing power. To emphasize this distinction, we've removed the Wrath passive.",Passive Effect,Passive,Heavy Armor Boost,Increases the Magicka or Stamina your Heavy Attacks restore by 4% for each piece of Heavy Armor worn.,Heavy Attack Bonus,38,,,,,Restore Stamina,46,,,29773,45528,,,,,,,,,,Restore Magicka,,,,,,,,,,,,,,,,,
Online:Rite of Passage,Restoring Light,"Channel the grace of the gods, healing you and nearby allies for [7380 / 7461 / 7542 / 7623] Health every 1 second for 4 seconds. You cannot move while channeling, but you gain immunity to all disabling effects.",Restoring Light-Rite of Passage,27396,1.1.2,"* Slightly increased in healing done. * The Remembrance morph now gives allies 20% damage reduction at all ranks, rather than scaling from 16% up to 20%.",Heal Self,Ultimate,Heal Others,"Channel Time: [5 / 6 / 7 / 8] seconds, Duration: [5 / 6 / 7 / 8] seconds. Channel the grace of the gods, healing you and nearby allies for 7622 Health every 1 second for [5 / 6 / 7 / 8] seconds. While channeling this ability, you gain immunity to all disabling effects.",Immunity,,12,125 Ultimate,Area,,Reduce Damage Taken,,ON-skill-Rite of Passage.jpg,A character casting Rite of Passage,,,"Channel the grace of the gods, healing you and nearby allies for 7622 Health every 1 second for 4 seconds. Gain Major Protection, reducing damage you take by 10% for [7 / 8 / 9 / 10] seconds. You cannot move while channeling, but you gain immunity to all disabling effects.",Remembrance,27413,"Gain Major Protection after casting, reducing your damage taken.",Practiced Incantation,27427,Restoring Light-Practiced Incantation,Increases the duration of the channel and allows you move at a reduced rate while channeling.,Restoring Light-Remembrance,Drawbacks,,4 seconds,Ultimate Cost,,,,20 meters,,,,,,,,,,
Online:Ritual of Salvation,Fighters Guild (Companion),"Your Companion brands the earth underneath them with a rune of protection for 8 seconds. Standing within the rune reduces the damage they and their allies take by 20%. If the attacker is an Undead, Daedra, or Werewolf the rune reduces damage taken by an additional 20%.",Companion-Ritual of Salvation,154926,3.0.5,"* Fixed an issue where ranking up a summon ability (Unstable Familiar, Summon Winged Twilight, Feral Guardian, etc.) would unsummon your pet.",,Companion,,,,,6,16 seconds,Area,0.4 seconds,,,,,,,,,,,,,,,,,Blackwood,8 seconds,,,,,5 meters,Reduce Damage Taken,"Bonus Against Undead, Daedra and Werewolves",,,,,,,,
Online:Roar,Werewolf,"Duration: [3 / 3.3 / 3.7 / 4] seconds. Roar with bloodlust to fear nearby enemies for [3 / 3.3 / 3.7 / 4] seconds and setting them Off Balance for 7 seconds. Grants you a stack of Blood Hunger, which empowers Gnash and Claw Fury. Up to 12 nearby allies can activate the Feeding Frenzy synergy, which grants 6% damage done and Minor Force for 30 seconds, increasing Critical Damage by 10%. While slotted you gain Major Prophecy and Savagery.",Werewolf-Roar,42145,1.3.3,* This ability now correctly calculates its power bonus based on the number of targets that get hit.,Fear,,Off-Balance,"Roar with bloodlust to fear nearby enemies for 4 seconds, setting them Off Balance for 7 seconds, and applying Major Cowardice and Maim for [12 / 13 / 14 / 15] seconds. Grants you a stack of Blood Hunger. Up to 12 nearby allies can activate the Feeding Frenzy synergy, which grants 6% damage done and Minor Force for 30 seconds. While slotted you gain Major Evasion and Minor Protection. Selecting this morph causes your Gnash to taunt enemies if cast while Bracing.",Area of Effect,,5,1071 Stamina,Area,0.4 seconds,Slotted Effect,,ON-skill-Roar.jpg,ROAR!,,,"Roar with bloodlust to fear nearby enemies for 4 seconds and setting them Off Balance for 7 seconds. Grants two stacks of Blood Hunger, which empowers Gnash and Claw Fury. You and up to 11 nearby allies gain Major Courage for 20 seconds and can activate the Feeding Frenzy synergy, which grants 6% damage done and Minor Force for 30 seconds. While slotted you gain Major Prophecy and Savagery.",Ferocious Roar,42157,"Grants you and allies Major Courage, you can use your own synergy, and grants two stacks of Blood Hunger.",Deafening Roar,42179,Werewolf-Deafening Roar,Adds Major Cowardice and Maim to enemies. Converts the slot bonuses to Major Evasion and Minor Protection. Selecting this morph enhances Gnash to taunt.,Werewolf-Ferocious Roar,Weapon Critical,,4 seconds,Spell Critical,Stamina,,Increase Critical Damage,6 meters,,,Synergy,,,,Reduce Armor,,,
Online:Robustness,Khajiit,"Increases your Health, Magicka, and Stamina Recovery by 30.",Khajiit-Robustness,70390,2.1.4,"* Removed the Robust passive, and replaced it with Robust Constitution. This will increase your Health regeneration by 6/13/20% and Stamina regeneration by 3/6/10%.",Passive Effect,Passive,Health Recovery,"Increases your Health, Magicka, and Stamina Recovery by 60.",Stamina Recovery,5,,,,,Magicka Recovery,15,,,70386,70388,,,,,,,,,,,,,,,,,,,,,"Increases your Health, Magicka, and Stamina Recovery by 90.",30,70390,,,Max,
Online:Rourken's Rebuke,Volendrung,"Batter foes in an arc in front of you, dealing 9055 Physical Damage, knocking enemies back 4 meters, and stunning them for 4 seconds.",Volendrung-Rourken's Rebuke,116093,5.3.4,"* Updated this ability to better match its visual effects, resulting in a 600ms cast time. This will fix numerous issues where this ability could cause health desyncs or hit targets who had appeared to dodge.",Physical Damage,Artifact,Area of Effect,,Knockback,,1,Free,Cone,0.6 seconds,Stun,,ON-skill-Rourken's Rebuke.jpg,Rourken's Rebuke,,,,,,,,,,,,No Cost,,,,Magicka,,,8 meters,,,,,,,,,,
Online:Ruffian,Dual Wield,"WHILE USING DUAL WIELDING ATTACKS Gives you an 8% damage bonus when attacking stunned, immobilized, or silenced enemies.",Dual Wield-Ruffian,45481,1.3.3,* This passive is no longer lost when you die.,Passive Effect,Passive,Damage Against Status,"WHILE USING DUAL WIELDING ATTACKS Gives you an 15% damage bonus when attacking stunned, immobilized, or silenced enemies.",,28,,,,,,46,,,21114,45481,,,,,,,,,,,,,,,,,,,,,,,,,,,
Online:Rugged,Nord,Increases your Physical Resistance and Spell Resistance by 866.,Nord-Rugged,45306,1.2.3,"* This Nord passive has changed from an armor bonus to a damage reduction bonus that grants 2% (Rank I), 4% (Rank II), and 6% (Rank III) reduced damage. ** Reduce Damage Taken is unaffected by Armor Overcharge and effects spell damage as well.",Passive Effect,Passive,Increase Armor,Increases your Physical Resistance and Spell Resistance by 1732.,,25,,,,,,35,,,36628,45305,,,,,,,,,,,,,,,,,,,,,Increases your Physical Resistance and Spell Resistance by 2600.,50,45306,,,,
Online:Ruination (skill),Dark Elf,Increases your Weapon Damage and Spell Damage by 86.,Dark Elf-Ruination,45272,1.2.3,* Ranks II and III of this passive ability now provide the correct amount of spell damage bonus to fire attacks.,Passive Effect,Passive,Increase Weapon Damage,Increases your Weapon Damage and Spell Damage by 127.,Increase Spell Damage,25,,,,,,35,,,36598,45271,,,,,,,,,,,,,,,,,,,,,Increases your Weapon Damage and Spell Damage by 258.,50,45272,,,,
Online:Ruinous Cyclone,Volendrung,"Turn into a living cyclone, dealing 7875 Physical Damage every 0.5 seconds for 7 seconds in an 8 meter radius, while pulling all enemies within 15 meters closer to you.",Volendrung-Ruinous Cyclone,116096,5.3.4,"* Fixed an issue where this ability could pull targets through walls. * Fixed an issue where this ability's damage did not properly match its visuals. This will result in reducing the delay of the first attack to 0.5 seconds, down from 2 seconds, resulting in 3 additional ticks of damage.",Physical Damage,Artifact,Area of Effect,,Damage Over Time,,1,250 Ultimate,Self,,Pull,,ON-skill-Ruinous Cyclone.jpg,Ruinous Cyclone,,,,,,,,,,,,Ultimate Cost,,7 seconds,,Ultimate,,,,,,,,,,,,,
Online:Ruinous Outburst,Empathic Fighter,"Tanlorin swipes each hand, sending a massive wave of power to crash into enemies in front of them, dealing 3245 Magic Damage followed by a second wave after 0.5 seconds dealing 1622 Magic Damage. Enemies are knocked back and stunned for 2.5 seconds.",Companion-Ruinous Outburst,,3.0.5,"* Fixed an issue where ranking up a summon ability (Unstable Familiar, Summon Winged Twilight, Feral Guardian, etc.) would unsummon your pet.",,Companion,,,,,20,200 Ultimate,Area,0.4 seconds,,,,,,,,,,,,,,,,,,8 seconds,,,15 meters,,,Magic Damage,Knockback,,,,,,Stun,,15 x 10 meters
Online:Rune Focus,Restoring Light,"Duration: [17 / 18 / 19 / 20] seconds. Create a rune of celestial protection and gain Major Resolve for [17 / 18 / 19 / 20] seconds, increasing your Physical Resistance and Spell Resistance by 5948. While the rune is active you heal for 318 Health every 1 second, scaling off your Max Health. Standing within the rune increases the healing done by 200%.",Restoring Light-Rune Focus,23970,1.1.2,* Channeled Focus: Fixed an issue where Channeled Focus was not giving the intended amount of magicka.,Increase Armor,,Area of Effect,"Cost: 918 Stamina. Create a rune of celestial protection and gain Major Resolve for 20 seconds, increasing your Physical Resistance and Spell Resistance by 5948. You also recover 242 Stamina every 1 second over the duration. While the rune is active you heal for [399 / 402 / 407 / 412] Health every 1 second, scaling off your Max Health. Standing within the rune increases the healing done by 200%.",Heal Self,,42,1080 Magicka,Area,Instant,Restore Magicka,,ON-skill-Rune Focus.jpg,Rune Focus,,,"Duration: [22 / 23 / 24 / 25] seconds. Create a rune of celestial protection and gain Major Resolve for [22 / 23 / 24 / 25] seconds, increasing your Physical Resistance and Spell Resistance by 5948. You also recover 242 Magicka every 1 second over the duration. While the rune is active you heal for 320 Health every 1 second, scaling off your Max Health. Standing within the rune increases the healing done by 200%.",Channeled Focus,23998,Increases the duration and causes you to restore Magicka over the duration.,Restoring Focus,23985,Restoring Light-Restoring Focus,Increases the healing done and causes you to restore Stamina over the duration.,Restoring Light-Channeled Focus,Restore Stamina,,20 seconds,Magicka Cost,Magicka,,Stamina Cost,,,,,,,,,,,3 meters
Online:Rune Prison,Dark Magic,Cost: [3780 / 3690 / 3600 / 3510] Magicka. Imprison an enemy in a constricting sphere of dark magic. After a short duration they are stunned for 3 seconds. This stun cannot be blocked.,Dark Magic-Rune Prison,30162,1.1.2,* Persistence: Fixed an issue this passive ability. It now properly increases the duration of the Rune Prison ability.,Stun,,Magic Damage,"Duration: [60 / 80 / 100 / 120] seconds, Target: Self. Place a rune of protection on yourself for [1 / 1.3 / 1.7 / 2] minutes. While active, the next enemy to attack you is imprisoned in a constricting sphere of dark magic, stunning them after a short delay for 3 seconds. This stun cannot be blocked.",Counter Attack,,20,3510 Magicka,Enemy,Instant,Magicka Cost,,ON-skill-Rune Prison Immobilization.jpg,A mudcrab immobilized by Rune Prison and its morphs,,,Imprison an enemy in a constricting sphere of dark magic. After a short duration they are stunned for 3 seconds. Deals [4764 / 4816 / 4868 / 4921] Magic Damage if the stun lasts the full duration. This stun cannot be blocked.,Rune Cage,30177,Deals damage when effect completes.,Defensive Rune,30194,Dark Magic-Defensive Rune,"Cast spell on self, stunning the next enemy who attacks you.",Dark Magic-Rune Cage,Unavoidable,,3 seconds,,Magicka,28 meters,,,,,,,,,,,,
Online:Rune of Eldritch Horror,Soldier of Apocrypha,"Etch an incomprehensible rune on your enemy's mind, paralyzing them in fear after a 1 second delay, stunning them for 4 seconds. This terror applies Minor Vulnerability for [7 / 8 / 9 / 10] seconds, increasing their damage taken by 5%. If used against a monster, the paralyze lasts for 8 seconds. This ability cannot be dodged.",Soldier of Apocrypha-Rune of Eldritch Horror,40185918,,,Magicka Cost,,Stun,"Etch an amorphous rune on your enemy's mind, paralyzing them in fear after a 1 second delay, stunning them for 4 seconds. This undimensioned phenomenon applies Minor Vulnerability and Minor Brittle for [14 / 16 / 18 / 20] seconds, increasing their damage taken by 5% and their Critical Damage taken by 10%. If used against a monster, the paralyze lasts for 8 seconds. This ability cannot be dodged.",Increase Damage Taken,,42,3780 Magicka,Enemy,Instant,Unavoidable,,ON-skill-Rune of Eldritch Horror.png,Rune of Eldritch Horror,,,"Cost: [3780 / 3690 / 3600 / 3510] Magicka. Etch a blasphemous rune on your enemy's mind, charming them after a 1 second delay for 4 seconds. This eldritch attraction causes them to move towards the player and applies Minor Vulnerability for 10 seconds, increasing their damage taken by 5%. If used against a monster, the charm lasts for 8 seconds. This ability cannot be dodged.",Rune of Uncanny Adoration,40185921,Charms the target and causes them to move towards you.,Rune of the Colorless Pool,40183267,Soldier of Apocrypha-Rune of the Colorless Pool,Applies Minor Brittle to the target.,Soldier of Apocrypha-Rune of Uncanny Adoration,Brittle,Necrom,4 seconds,,Magicka,15 meters,,,,,,,,,,,,
Online:Runeblades,Herald of the Tome,"Cost Determined by Highest Max Resource Craft a series of Apocryphal runes before launching them at a foe, dealing [1845 / 1865 / 1885 / 1905] Magic Damage three times and generating Crux. This ability deals 3% increased damage for each active Crux when cast.",Herald of the Tome-Runeblades,40185794,,,Magicka Cost,,Stamina Cost,"Cost Determined by Highest Max Resource Craft a series of Apocryphal runes before launching them at a foe, dealing 1905 Magic Damage, 2093 Magic Damage, and [2304 / 2373 / 2442 / 2510] Magic Damage and generating Crux. The last rune explodes, dealing damage to all enemies within 8 meters of the target. This ability deals 3% increased damage for each active Crux when cast.",Magic Damage,,1,2700 Magicka,Enemy,Instant,Multiple Strikes,,ON-skill-Runeblades.jpg,Runeblades and Writhing Runeblades visual,,,"Cost Determined by Highest Max Resource Craft a series of Apocryphal runes before launching them at a foe, dealing [1905 / 1925 / 1946 / 1967] Magic Damage three times and generating Crux. This ability gains between 1095 and 2191 Weapon Critical and Spell Critical rating and deals 3% increased damage for each active Crux when cast.",Writhing Runeblades,40185803,Has increased Critical Chance for each active Crux.,Escalating Runeblades,40182977,Herald of the Tome-Escalating Runeblades,Deals increased damage and the last rune deals damage in an area.,Herald of the Tome-Writhing Runeblades,Area of Effect,,,Spell Critical,Magicka or Stamina,22 meters,Weapon Critical,,,,,,,,,,,
Online:Runemend,Curative Runeforms,"Cost determined by highest max resource Craft a series of precise Apocryphal runes, then propel them at yourself or an ally in front of you. The runes heal for [3074 / 3107 / 3141 / 3175] Health three times and generate Crux. Each active Crux reduces the cost of this ability by 3%.",Curative Runeforms-Runemend,40183261,9.0.6,* Fixed an issue where some of the visuals from this ability and its morphs could get stuck floating in midair.,Magicka Cost,,Stamina Cost,"Cost determined by highest max resource Craft a series of virtuous Apocryphal runes, then propel them at yourself or an ally in front of you. The runes heal for [3175 / 3209 / 3244 / 3279] Health three times and generate Crux. Healing a target under 50% Health grants them Minor Heroism for 6 seconds, generating 1 Ultimate every 1.5 seconds. Each active Crux reduces the cost of this ability by 3%.",Heal Self,,1,4590 Magicka,Cone,Instant,Heal Others,,ON-skill-Runemend.jpg,Runemend and its morphs' visual,,,"Cost determined by highest max resource Craft a series of adaptive Apocryphal runes, then propel them at yourself or an ally in front of you. The runes heal for 3175 Health three times, an additional [3456 / 3492 / 3531 / 3570] Health over 6 seconds, and generate Crux. Each active Crux reduces the cost of this ability by 3%.",Evolving Runemend,40186189,Heals for an additional amount over time.,Audacious Runemend,40186191,Curative Runeforms-Audacious Runemend,Healing low Health targets grants them Ultimate.,Curative Runeforms-Evolving Runemend,Reduce Skill Cost,,,Ultimate Gain,Magicka,,,,,,,,,,,,,28 meters
Online:Runespite Ward,Soldier of Apocrypha,"Like the rune knights of old, summon a shield that absorbs 4800 damage for 6 seconds, scaling off your Max Health. The first time you take direct damage, the shield retaliates and deals [1573 / 1589 / 1606 / 1623] Magic Damage to the attacker, scaling off your Armor. Consume Crux to heal yourself for 1600 Health, scaling off your Max Health, per Crux spent.",Soldier of Apocrypha-Runespite Ward,40185894,10.2.5,"* Impervious Runeward: Reduced the size of this morph’s shield after the 1 second window by ~56%. ** Developer Comment: We're introducing a new case on this morph that results in a portion of the total shield strength becoming front loaded, rather than giving a standard sized shield if the primary one doesn't break. Our goal is to retain the feeling of being able to shrug off a tremendous amount of damage within the first second, akin to something like a parry, while ensuring the ability has a tradeoff, so if you miss the activation window, it's weaker than the safer morph option.",Magicka Cost,,Damage Shield,"Like the rune knights of old, summon a shield that absorbs [9600 / 9705 / 9811 / 9916] damage for 1 second, and then [2133 / 2156 / 2179 / 2203] damage for 5 seconds if the first shield persists. Both shields scale off your Max Health. The first time you take direct damage, the shield retaliates and deals 1625 Magic Damage to the attacker, scaling off your Armor. Consume Crux to heal yourself for 1600 Health, scaling off your Max Health, per Crux spent.",Counter Attack,,4,4320 Magicka,Self,Instant,Magic Damage,,ON-skill-Runespite Ward.png,Runespite Ward,,,"Like the rune knights of old, summon a shield that absorbs 4800 damage for 6 seconds, scaling off your Max Health. The first time you take direct damage, the shield retaliates and deals 1625 Magic Damage to the attacker, scaling off your Armor. Consume Crux to heal yourself 1600 Health, scaling off your Max Health, and refund [21 / 24 / 27 / 30]% of Spiteward of the Lucid Mind cost per Crux spent.",Spiteward of the Lucid Mind,40185901,Consume Crux to refund cost.,Impervious Runeward,40183241,Soldier of Apocrypha-Impervious Runeward,Drastically increases the size of the damage shield for the first second but reduces the size of the shield after.,Soldier of Apocrypha-Spiteward of the Lucid Mind,Heal Self,Necrom,6 seconds,Reduce Skill Cost,Magicka,,,,,,,,,,,,,
Online:Runestone Extraction,Enchanting,Increases the chance of extracting each type of Runestone by 3%.,Enchanting-Runestone Extraction,46769,,,Crafting Effect,Passive,Material Extraction,Increases the chance of extracting each type of Runestone by 6%.,,4,,,,,,19,,,46767,46768,,,,,,,,,,,,,,,,,,,,,Increases the chance of extracting each type of Runestone by 10%.,29,46769,,,,
Online:Runic Defense,Soldier of Apocrypha,"Duration: [17 / 18 / 19 / 20] seconds. Cast forth a complex rune granting you and your group members Minor Resolve for [17 / 18 / 19 / 20] seconds, increasing your Armor by 2974. You gain Minor Protection for [17 / 18 / 19 / 20] seconds, reducing your damage taken by 5%. The first time you are damaged while below 50% Health, the Minor Protection is consumed to heal you for 4800 Health, scaling off your Max Health.",Soldier of Apocrypha-Runic Defense,40185912,10.2.5,"* Runeguard of Freedom: Reduced the healing granted by this morph by 50%. Increased the Armor granted to 3300 at rank IV, up from 3000. Increased the duration of the Armor and Crowd Control Immunity granted to 7 seconds. Fixed an issue where the Crowd Control Immunity failed to apply until after the Armor effect ended. ** Developer Comment: We're toning down the effectiveness of this morph from being a straight upgrade morph into more of a conversion morph, since the Crowd Control Immunity effect adds a tremendous amount of potential in PvP. As such, we're gently bumping up the duration and Armor density so it has enough power to warrant the tradeoff.",Magicka Cost,,Group Bonus,"Cast forth a complex rune granting you and your group members Minor Resolve for 20 seconds, increasing your Armor by 2974. You gain Minor Protection for 20 seconds, reducing your damage taken by 5%. The first time you are damaged while below 50% Health, Minor Protection is consumed to heal you for 2400 Health, scaling off your Max Health, and gain [3000 / 3100 / 3200 / 3300] Armor and Crowd Control Immunity for 7 seconds. This immunity can occur once every 30 seconds.",Increase Armor,,30,3510 Magicka,Area,Instant,Reduce Damage Taken,,ON-skill-Runic Defense.png,Runic Defense,,,"Cast forth a complex rune granting you and your group members Minor Resolve for 20 seconds, increasing your Armor by 2974. After 1 second, the spellweave immobilizes enemies within 7 meters for [2 / 2.3 / 2.7 / 3] seconds. You gain Minor Protection for 20 seconds, reducing your damage taken by 5%. The first time you are damaged while below 50% Health, the Minor Protection is consumed to heal you for 4800 Health, scaling off your Max Health.",Runeguard of Still Waters,40183401,Immobilizes nearby enemies.,Runeguard of Freedom,40186489,Soldier of Apocrypha-Runeguard of Freedom,Coverts a portion of the healing into Armor and Crowd Control Immunity.,Soldier of Apocrypha-Runeguard of Still Waters,Near Death Effect,Necrom,20 seconds,Counter Attack,Magicka,,Heal Self,,,,Area of Effect,,,,Immobilize,,,20 meters
Online:Runic Jolt,Soldier of Apocrypha,"Craft a defensive Apocryphal rune that deals [3074 / 3107 / 3141 / 3175] Magic Damage and applies Minor Maim for 15 seconds, reducing their damage done by 5%. The rune also taunts for 15 seconds if it would not cause taunt immunity, and generates Crux. While slotted, damage taken is reduced by 2% per active Crux.",Soldier of Apocrypha-Runic Jolt,40183165,,,Magic Damage,,Reduce Damage Dealt,"Craft a rune that deals 3175 Magic Damage and heals you for [1652 / 1670 / 1688 / 1706] Health, scaling off your Max Health. You apply Minor Maim and Minor Lifesteal for 15 seconds, reducing enemy damage done by 5%, and healing you and your allies for 600 Health every 1 second when damaging them. The rune taunts for 15 seconds if it would not cause taunt immunity, and generates Crux. While slotted, damage taken is reduced by 2% per active Crux.",Slotted Effect,,1,1620 Magicka,Enemy,Instant,Reduce Damage Taken,,ON-skill-Runic Jolt.png,Runic Jolt,,,"Cost: 1377 Stamina. Craft a defensive Apocryphal rune that deals 3175 Physical Damage. The rune steals [1900 / 2000 / 2100 / 2200] Armor and applies Minor Maim for 15 seconds, reducing their damage done by 5%. The rune also taunts for 15 seconds if it would not cause taunt immunity, and generates Crux. While slotted, damage taken is reduced by 2% per active Crux.",Runic Sunder,40183430,Converts into a Stamina ability and deals Physical Damage. Reduce your target's Armor and gain Armor.,Runic Embrace,40186531,Soldier of Apocrypha-Runic Embrace,Heal yourself and apply Minor Lifesteal.,Soldier of Apocrypha-Runic Sunder,Physical Damage,,15 seconds,Increase Armor,Magicka,22 meters,Reduce Armor,,,,Taunt,,,,Heal Self,,,
Online:Rushed Ceremony,Restoring Light,"Beacon your inner light, healing yourself or a wounded ally in front of you for [9225 / 9326 / 9427 / 9529] Health.",Restoring Light-Rushed Ceremony,24204,1.2.5,* Honor the Dead will now properly return magicka if your target is healed to over 50% health.,Heal Self,,Heal Others,"Beacon your inner light, healing yourself or a wounded ally in front of you for 9528 Health. Also heals one other injured target for [3175 / 3209 / 3244 / 3279] Health.",Near Death Effect,,1,4590 Magicka,Cone,Instant,Restore Magicka,,ON-skill-Rushed Ceremony.jpg,A character casting Rushed Ceremony,,,"Beacon your inner light, healing yourself or a wounded ally in front of you for 9528 Health. Healing anyone who is below 75% Health restores [15 / 16 / 17 / 18]% of the ability's cost every 2 seconds over 6 seconds as Magicka.",Honor the Dead,24213,Refunds part of the ability's cost when used to heal an injured target.,Breath of Life,24222,Restoring Light-Breath of Life,Heals a second target for one third the amount.,Restoring Light-Honor the Dead,Magicka Cost,,,,Magicka,,,28 meters,,,,,,,,,75%,
Online:Sacred Ground,Restoring Light,"While standing in your own Cleansing Ritual, Rune Focus, or Rite of Passage areas of effect and for up to 2 seconds after leaving them you gain Minor Mending, increasing your healing done by 8%. Also increases the amount of damage you can block by 10% for the duration.",Restoring Light-Sacred Ground,45207,1.5.2,* Fixed an issue where the Focused Healing passive wasn't being applied to Rite of Passage healing.,Passive Effect,Passive,Increase Healing Done,"While standing in your own Cleansing Ritual, Rune Focus, or Rite of Passage area effects and for up to 4 seconds after leaving them you gain Minor Mending, increasing your healing done by 8%. Also increases the amount of damage you can block by 10% for the duration.",,14,,,,,,27,,,31757,45207,,,,,,,,,,,,,,,,,,,,,,,,,,,
Online:Sacrificial Bones,Grave Lord,"Duration: [7 / 8 / 9 / 10] seconds. Summon a skeleton from the ground after 2.5 seconds. The skeleton leaps to you, sacrificing the fallen soul within and enhancing your necromantic energies for [7 / 8 / 9 / 10] seconds, increasing your damage done with Necromancer abilities and damage over time effects by 15%. Creates a corpse on death if you are in combat.",Grave Lord-Sacrificial Bones,40114860,5.1.5,"* Removed the delay of the skeleton summoned from this ability and its morphs before it would attempt to leap to its target, to help reliability. * Reduced the minimum range of the leap ability to 7 meters from 5 meters to reduce situations where the Blastbones becomes confused on what to do, causing it to stand still, pondering its own existence.",Summon,,Increase Damage Dealt,"Duration: [17 / 18 / 19 / 20] seconds. Summon a skeleton from the ground after 2.5 seconds. The skeleton leaps to you, sacrificing the fallen soul within and mastering your necromantic energies for [17 / 18 / 19 / 20] seconds, increasing your damage done with Necromancer abilities and damage over time effects by 15%. While active, your third cast of Flame Skull damages in an 6 meter area. Creates a corpse on death if you are in combat.",Free Corpse,,4,2700 Magicka,Self,Instant,Disease Damage,,ON-skill-Sacrificial Bones cast.jpg,Sacrificial Bones and its morphs' cast visual,,,"Cost: 1836 Stamina, Duration: 8 seconds, Area: 6 meters, Range: 28 meters, Target: Enemy. Summon a decaying skeleton from the ground after 2.5 seconds. The skeleton runs after the target and explodes when it gets close to them, dealing [9528 / 9632 / 9737 / 9842] Disease Damage to all enemies nearby and applying the Diseased status effect and Major Defile to them for 4 seconds, reducing their healing received and damage shield strength by 12%. Creates a corpse on death.",Blighted Blastbones,40117690,Converts into a Stamina ability that deals Disease Damage to enemies instead of empowering you. Applies Major Defile and the Diseased status effect to enemies hit.,Grave Lord's Sacrifice,40117749,Grave Lord-Grave Lord's Sacrifice,"Increases the duration. While active, your third Flame Skull deals damage in an area.",Grave Lord-Blighted Blastbones,Area of Effect,,10 seconds,Apply Status Effect,,,Reduce Healing,,,,Magicka Cost,,,,Stamina Cost,,,
Online:Sanguine's Rose,Sanguine's Rose,"Raise a skeletal mage from the ground to fight by your side for 16 seconds. The mage attacks the closest enemy, dealing 238 Shock Damage every 1.5 seconds. Creates a corpse on death.",File:ON-icon-achievement-Salothan's Cursebreaker.png,116106,,,,Artifact,,,,,1,2700 Ultimate,Self,Instant,,,,,,,,,,,,,,,,,,16 seconds,,Ultimate,,,None,,,,,,,,,,
Online:Savage Beast,Animal Companions,Casting an Animal Companions ability while are in combat generates 2 Ultimate. This effect can occur once every 8 seconds.,Animal Companions-Savage Beast,86063,6.0.5,* Fixed an issue where this passive could proc off casting Feral Guardian or its morphs.,Ultimate Gain,Passive,Passive Effect,Casting an Animal Companions ability while are in combat generates 4 Ultimate. This effect can occur once every 8 seconds.,,14,,,,,,27,,,86062,86063,,,,,,,,,,,Crown Store,,,,,,,,,,,,,,,,
Online:Savage Feeding,Vampire,"After feeding, your target is set Off Balance and stunned for 2 seconds.",Vampire-Savage Feeding,46045,,,Passive Effect,Passive,Off-Balance,"After feeding, your target is set Off Balance and stunned for 4 seconds.",Stun‏‎,2,,,,,,4,ON-skill-Savage Feeding.jpg,Savage Feeding,42054,46045,,,,,,,,,,,,,,,,,,,,,,,,,,,
Online:Savage Instinct,Undaunted (Companion),"Your Companion ignites the fires of hate in an enemy's heart, dealing 1575 Magic Damage and taunting the enemy to attack them for 15 seconds. An ally targeting the enemy can activate the Savage Implosion synergy, causing the enemy to implode after 2 seconds dealing 1575 Magic Damage to them and other nearby enemies. Used when the enemy is not already taunted.",Companion-Savage Instinct,157240,3.0.5,"* Fixed an issue where ranking up a summon ability (Unstable Familiar, Summon Winged Twilight, Feral Guardian, etc.) would unsummon your pet.",,Companion,,,,,6,36 seconds,Enemy,Instant,,,,,,,,,,,,,,,,,Blackwood,,,,28 meters,,,Magic Damage,Taunt,,,,,,Synergy,,
Online:Savage Strength,Werewolf,"WHILE YOU ARE IN WEREWOLF FORM Increases your Weapon Damage and Spell Damage by 9%. Grants you Major Resolve, increasing your Physical Resistance and Spell Resistance by 5948.",Werewolf-Savage Strength,46139,1.1.2,* Savage Strength I: The stamina bonus this ability provides from kills has been decreased. Savage Strength II's bonus is unchanged.,Passive Effect,Passive,Increase Weapon Damage,"WHILE YOU ARE IN WEREWOLF FORM Increases your Weapon Damage and Spell Damage by 18%. Grants you Major Resolve, increasing your Physical Resistance and Spell Resistance by 5948.",Increase Spell Damage,6,,,,,Increase Armor,9,,,32638,46139,,,,,,,,,,,,,,,,,,,,,,,,,,,
Online:Scaled Armor,Draconic Power,"The syllables of that ancient tongue live in the mouth of every Dragonknight. When you cast an Ultimate ability, you restore 8 Health, 8 Magicka, and 8 Stamina for each point in the Ultimate spent. Each Dragonknight ability slotted increases this value by 3.",Earthen Heart-Battle Roar,44953,7.1.5,"* The following passives and player abilities now grant hybrid stats to help improve their viability and accessibility to off-meta builds, because we love them too: ** Agility: Now grants equal Weapon and Spell Damage. ** Balanced Warrior: *** Now grants 660/1320 Armor, rather than 1320/2640 Spell Resistance. *** Now grants equal Weapon and Spell Damage values. ** Brutal Carange's bonus: Now grants equal Weapon and Spell Damage values. ** Concentration: Now grants equal Offensive Penetration. ** Dexterity: Now increases Critical Damage and Healing Done per piece worn, up to 2% at the final rank, rather than Weapon Critical (as Prodigy now grants Weapon Critical as well) ** Flawless Dawnbreaker's bonus: Now grants equal Weapon and Spell Damage values. ** Prodigy: Now grants equal Critical Chance. ** Savage Strength: Now grants equal Weapon and Spell Damage values. ** Scaled Armor: Now grants 825/1650 Armor rather than 1320/3300 Spell Resistance. ** Slayer: Now grants equal Weapon and Spell Damage values.",Passive Effect,Passive,Increase Armor,"The syllables of that ancient tongue live in the mouth of every Dragonknight. When you cast an Ultimate ability, you restore 16 Health, 16 Magicka, and 16 Stamina for each point in the Ultimate spent. Each Dragonknight ability slotted increases this value by 6.",,39,,,,,,50,,,29462,44953,,,,,,,,,,,,,,,,,,,,,,,,,,,
Online:Scales of Pitiless Justice,Dark Brotherhood,Bounty and Heat resulting from a witnessed Murder or Assault is reduced by 20%.,Dark Brotherhood-Scales of Pitiless Justice,79865,,,Passive Effect,Passive,Escape Justice,Bounty and Heat resulting from a witnessed Murder or Assault is reduced by 30%.,,2,,,,,,5,,,77392,77394,,,,,,,,,,,Dark Brotherhood,,,,,,,,,,Bounty and Heat resulting from a witnessed Murder or Assault is reduced by 40%.,8,77395,,,,
Online:Scathing Rune,Quill Knight,"Azandar uses a runic technique to taunt their enemy to attack them, applying Minor Maim to them for 15 seconds, reducing their damage done by 5%. Used when the enemy is not already taunted.",Companion-Scathing Rune,193130,3.0.5,"* Fixed an issue where ranking up a summon ability (Unstable Familiar, Summon Winged Twilight, Feral Guardian, etc.) would unsummon your pet.",,Companion,,,,,1,11.6 seconds,Enemy,0.5 seconds,,,,,,,,,,,,,,,,,Necrom,,,,10 meters,,,Reduce Damage Dealt,Taunt,,,,,,,,
Online:Scatter Shot,Bow,"Blast an enemy with an explosive arrow, dealing [3690 / 3730 / 3771 / 3811] Physical Damage, knocking them back 8 meters.",Bow-Scatter Shot,40858,1.2.3,* Magnum Shot: This ability's animation no longer breaks if used while silenced or bracing.,Physical Damage,,Knockback,"Blast an enemy with an enchanted arrow, dealing 3811 Physical Damage and reducing their Movement Speed by 60% for 3 seconds. If the enemy is hit, you heal for [6351 / 6420 / 6489 / 6559].",Stun,,14,3780 Stamina,Enemy,Instant,Reduce Movement Speed,,ON-skill-Scatter_Shot.jpg,Scatter Shot and Magnum Shot,,,"Cost: 3510 Stamina. Blast an enemy with an explosive arrow, dealing [4573 / 4623 / 4673 / 4723] Physical Damage and knocking them back 8 meters.",Magnum Shot,40869,Deals increased damage and reduces the cost.,Draining Shot,40883,Bow-Draining Shot,"Heals you if enemy is successfully hit, but snares them instead of stunning.",Bow-Magnum Shot,Heal Self,,,Stamina Cost,Stamina,22 meters,,,,,,,,,,,,
Online:Scorch,Animal Companions,"Stir a group of shalk that attack after 3 seconds, dealing [6641 / 6714 / 6787 / 6860] Magic Damage to enemies in front of you. After the shalk complete their attack, they burrow underground for 6 seconds and then resurface again, dealing [9225 / 9326 / 9427 / 9529] Magic Damage to enemies in front of you.",Animal Companions-Scorch,93593,3.1.5,"* In an effort to reduce the visual effect noise in group combat situations, we've hidden most visual effects from persistent damaging area of effect abilities cast by your allies. Area of effect abilities that have a synergy, healing, or defensive component that can benefit you will still be visible, and area of effect abilities cast by enemies will also still be visible. * Subterranean Assault: This morph can now be cast while you are silenced.",Magic Damage,,Area of Effect,"Stir a group of shalk that attack after 3 seconds, dealing [6860 / 6935 / 7010 / 7086] Magic Damage to enemies in front of you. After the shalk complete their attack, they burrow underground for 6 seconds and then resurface again, dealing [9528 / 9632 / 9737 / 9842] Magic Damage to enemies in front of you. Enemies damaged are afflicted with Major and Minor Breach, reducing their Physical Resistance and Spell Resistance by 5948 and 2974 for 10 seconds.",Multiple Strikes,,4,2700 Magicka,Area,Instant,Poison Damage,,,,,,"Cost: 2066 Stamina, Duration: 6 seconds. Stir a group of shalk that attack after 3 seconds, dealing [6860 / 6935 / 7010 / 7086] Poison Damage to enemies in front of you. After the shalk complete their attack, they burrow underground for 3 seconds and then resurface again, dealing [6860 / 6935 / 7010 / 7086] Poison Damage to enemies in front of you.",Subterranean Assault,93791,"Converts to a Stamina ability and deals Poison Damage. Reduces the cost and time it takes for the ability to deal damage, but the second hit no longer deals increased damage.",Deep Fissure,93778,Animal Companions-Deep Fissure,"Applies Major and Minor Breach to enemies hit, reducing their Physical Resistance and Spell Resistance.",Animal Companions-Subterranean Assault,Reduce Armor,Crown Store,9 seconds,Stamina Cost,Magicka,,Magicka Cost,,,,,,,,,,,20 meters
Online:Scorching Strike,Ardent Warrior,"Bastian Hallix slashes an enemy with flame, dealing 3245/6180 Flame Damage and an additional 4864/9272 Flame Damage over 8 seconds.",Companion-Scorching Strike,154923,3.0.5,"* Fixed an issue where ranking up a summon ability (Unstable Familiar, Summon Winged Twilight, Feral Guardian, etc.) would unsummon your pet.",,Companion,,,,,11,16 seconds,Enemy,0.2 seconds,,,,,,,,,,,,,,,,,Blackwood,8,,,5 meters,,,Flame Damage,Damage Over Time,,,,,,,,
Online:Scrier's Patience,Scrying,Grants you an additional turn of Scrying.,Scrying-Scrier's Patience,139779,,,Passive Effect,Passive,Antiquities,Grants you two additional turns of Scrying.,,2,,,,,,5,,,,,,,,,,,,,,,Greymoor,,,,,,,,,,,,,,,,
Online:Scry,Scrying,Adds the selected contiguous group of facets to your area of control. Consumes 1 turn.,Scrying-Scry,139942,,,Passive Effect,Passive,Antiquities,,,1,,,,,,,,,,,,,,,,,,,,,Greymoor,,,,,,,,,,,,,,,,
Online:Searing Heat,Ardent Flame,"Tend to your garden of flame, that it may flourish. Increases the chance of applying the Burning status effect by [ 25 / 30 / 35 / 40 / 45 / 50 / 55 ]% and its damage done by [ 12 / 15 / 17 / 20 / 22 / 25 / 27 ]%. These values are influenced by the number of Dragonknight abilities slotted.",Ardent Flame-Searing Heat,45023,3.3.7,* Fixed an issue where Rank II of this passive ability was increasing the duration of the heal over time buff from Power Lash.,Passive Effect,Passive,Increase Effect Duration,"Tend to your garden of flame, that it may flourish. Increases the chance of applying the Burning status effect by [ 50 / 60 / 70 / 80 / 90 / 100 / 110 ]% and its damage done by [ 25 / 30 / 35 / 40 / 45 / 50 / 55 ]%. These values are influenced by the number of Dragonknight abilities slotted.",Increase Damage Dealt,22,,,,,,36,,,29439,45023,,,,,,,,,,,,,,,,,,,,,,,,,,,
Online:Searing Strike,Ardent Flame,"Slash your foe with a fiery claw, dealing [3074 / 3107 / 3141 / 3175] Flame Damage and an additional [9220 / 9315 / 9415 / 9520] Flame Damage over 10 seconds. The initial hit always applies the Burning status effect.",Ardent Flame-Searing Strike,23886,1.1.2,* Burning Embers: This ability now heals you if your enemy target dies while affected by it.,Fire Damage,,Direct Damage,"Slash your foe with a fiery claw, dealing 3175 Flame Damage and an additional 9525 Flame Damage over 10 seconds. You heal for [3305 / 3340 / 3377 / 3413] Health from the initial hit and [494 / 499 / 504 / 510] Health each subsequent tick, scaling off your Max Health. The initial hit always applies the Burning status effect.",Damage Over Time,,4,2295 Magicka,Enemy,Instant,Apply Status Effect,,ON-skill-Searing Strike.jpg,Searing Strike,,,"Cost: 2295 Stamina. Slash your foe with a fiery claw, dealing 3175 Flame Damage and an additional 9525 Flame Damage over 10 seconds. The flame sears into the target, dealing [7 / 8 / 9 / 10]% more damage every 2 seconds. The initial hit always applies the Burning status effect.",Searing Claw,23915,Converts into a Stamina ability. The damage over time increases the longer the effect lasts.,Burning Embers,23898,Ardent Flame-Burning Embers,Adds healing based on your Max Health whenever the ability deals damage.,Ardent Flame-Searing Claw,Poison Damage,,10 seconds,Heal Self,Magicka,7 meters,Leech Health,,,,Magicka Cost,,,,Stamina Cost,,,
Online:Searing Weapons,Radiating Heart,"Bastian Hallix charges their weapons and their allies' weapons with volcanic power, increasing their damage done with Light and Heavy Attacks by 15% for 8 seconds.",Companion-Searing Weapons,153851,3.0.5,"* Fixed an issue where ranking up a summon ability (Unstable Familiar, Summon Winged Twilight, Feral Guardian, etc.) would unsummon your pet.",,Companion,,,,,17,16 seconds,Area,0.2 seconds,,,,,,,,,,,,,,,,,Blackwood,8 seconds,,,,,28 meters,Increase Damage Dealt,Light Attack Bonus,,,,,,Heavy Attack Bonus,,
Online:Secluded Grove,Green Balance,"Swell a healing forest at the target location, instantly healing the most injured friendly target for [7380 / 7461 / 7542 / 7623] Health. The forest continues to heal you and your allies in the area for [2460 / 2487 / 2514 / 2541] Health every 1 second for 6 seconds.",Green Balance-Secluded Grove,93968,3.0.10,* Enchanted Forest: Fixed an issue where this morph was not generating Ultimate if the ally was healed to above 50% health on the first healing tick.,Heal Self,Ultimate,Heal Others,"Swell a healing forest at the target location, instantly healing the most injured friendly target for [7622 / 7705 / 7789 / 7873] Health. The forest continues to heal you and your allies in the area for [2540 / 2567 / 2595 / 2623] every 1 second for 6 seconds. The healing over time will continue to heal you or your allies for 4 seconds after leaving the forest.",Area of Effect,,12,90 Ultimate,Ground,Instant,Near Death Effect,,ON-skill-Secluded Grove.jpg,Secluded Groves and its morphs' visual,,,"Swell a healing forest at the target location, instantly healing the most injured friendly target for [7622 / 7705 / 7789 / 7873] Health. The forest continues to heal you and your allies in the area for [2540 / 2567 / 2595 / 2623] Health every 1 second for 6 seconds. You generate 20 Ultimate if the initial heal is used on a friendly target under 50% Health.",Enchanted Forest,93971,Generate Ultimate if the initial heal is used on a low health target.,Healing Thicket,93974,Green Balance-Healing Thicket,The healing over time will continue to heal you and your allies after leaving the area.,Green Balance-Enchanted Forest,Ultimate Gain,Crown Store,6 seconds,Ultimate Cost,,28 meters,,,,,,,,,,,50%,8 meters
Online:Second Wind,Playful Schemer,"Ember uses their backup resources, reducing the cooldown of all their other abilities by 5 seconds.",Companion-Second Wind,166068,3.0.5,"* Fixed an issue where ranking up a summon ability (Unstable Familiar, Summon Winged Twilight, Feral Guardian, etc.) would unsummon your pet.",,Companion,,,,,17,16 seconds,Self,0.3 seconds,,,,,,,,,,,,,,,,,High Isle,,,,,,,Reduce Cooldown,,,,,,,,,
Online:See the Unseen,Psijic Order,The insight you have gained from the Psijic Order grants you vision of the spiritual world. You can now interact with rifts all throughout Tamriel.,Psijic Order-See the Unseen,103793,,,Passive Effect,Passive,Free Items,,,1,,,,,,,,,,,,,,,,,,,,,Summerset,,,,,,,,,,,,,,,,
Online:Sepulchral Chill,Warrior's Banishment,"Zerith-var sanctifies the ground at the target location, dealing 630 Frost Damage every 2 seconds over 8 seconds and applying Major Breach to enemies within, reducing their Spell and Physical Resistance by 5948 for 6 seconds.",Companion-Sepulchral Chill,,3.0.5,"* Fixed an issue where ranking up a summon ability (Unstable Familiar, Summon Winged Twilight, Feral Guardian, etc.) would unsummon your pet.",,Companion,,,,,2,15.5 seconds,Enemy,0.3 seconds,,,,,,,,,,,,,,,,,,8 seconds,,,28 meters,,6 meters,Frost Damage,Reduce Spell Resistance,,,,,,Reduce Physical Resistance,,
Online:Sever,Two Handed (Companion),"Your Companion spins around and strikes an enemy down, dealing 9450 Physical Damage. Used when the enemy is below 25% Health.",Companion-Sever,152624,3.0.5,"* Fixed an issue where ranking up a summon ability (Unstable Familiar, Summon Winged Twilight, Feral Guardian, etc.) would unsummon your pet.",,Companion,,,,,20,8 seconds,Enemy,0.6 seconds,,,,,,,,,,,,,,,,,Blackwood,,,,5 meters,,,Physical Damage,Execute,,,,,,,,
Online:Shadow Barrier,Shadow,"Casting a Shadow ability grants you Major Resolve for 6 seconds, increasing your Physical Resistance and Spell Resistance by 5948. This duration is increased by 2 seconds for each piece of Heavy Armor equipped. Current duration: (2 * # Heavy Armor + 6) seconds.",Shadow-Shadow Barrier,45071,1.6.5,"* This passive now provides the buffs Major Resolve and Major Spell Resist for 4 seconds after using a Shadow ability, with the duration increased when wearing heavy armor.",Passive Effect,Passive,Increase Armor,"Casting a Shadow ability grants you Major Resolve for 12 seconds, increasing your Physical Resistance and Spell Resistance by 5948. This duration is increased by 2 seconds for each piece of Heavy Armor equipped. Current duration: (2 * # Heavy Armor + 12) seconds",Heavy Armor Boost,14,,,,,,27,,,18866,45071,,,,,,,,,,,,,,,,,,,,,,,,,,,
Online:Shadow Cloak,Shadow,"Cost: [3240 / 3150 / 3060 / 2970] Magicka / 1s. Cloak yourself in shadow to become invisible. When moving your Magicka Recovery is disabled and when not moving Shadow Cloak is half cost. When Shadow Cloak begins or ends, you gain Born From Shadow for 10 seconds, increasing your damage done to monsters by 15%. While slotted on either bar, you gain Minor Protection, reducing your damage taken by 5%.",Shadow-Shadow Cloak,36337,1.2.3,"* Using Shadow Cloak during the quest Dream-Walk Into Darkness will no longer result in the Nightblade drawing aggro. * This ability can now be cast when you have less than 35% of your magicka. Additionally, using this ability while a monster is taunted will now cause it to attack a different target.",Toggleable,,Invisibility,"Cost: 4050 Magicka, Duration: 3 seconds. Shroud yourself in protective shadow to heal for [826 / 835 / 844 / 853] Health every 1 second, over 3 seconds, increasing by an additional 150% while Bracing. This portion of the ability scales off your Max Health. While slotted on either bar, you gain Minor Protection, reducing your damage taken by 5%.",Increase Damage Dealt,,4,2970 Magicka / 1s,Self,Instant,Slotted Effect,,ON-skill-Shadow Cloak.jpg,Shadow Cloak and Shadowy Disguise,,,"Cost: [2970 / 2880 / 2790 / 2700] Magicka / 1s. Cloak yourself in shadow to become invisible. When moving your Magicka Recovery is disabled and when not moving Shadowy Disguise is half cost. Your next direct damage attack will Critically Strike. When Shadowy Disguise begins or ends, you gain Born From Shadow for 10 seconds, increasing your damage done to monsters by 15%. While slotted on either bar, you gain Minor Protection, reducing your damage taken by 5%.",Shadowy Disguise,36368,Guarantees a Critical Strike on your next attack after activating. Cost decreases as the ability ranks up.,Dark Cloak,36351,Shadow-Dark Cloak,No longer grants invisibility. Now heals over time based on your Max Health.,Shadow-Shadowy Disguise,Reduce Damage Taken,,,Critical Strike,Magicka,,Heal Self,,,,Increase Block,,,,Magicka Cost,,,
Online:Shadow Rider,Dark Brotherhood,Aggression radius from hostile monsters is decreased by 50% while mounted.,Dark Brotherhood-Shadow Rider,77400,,,Passive Effect,Passive,,,,7,,,,,,,,,,,,,,,,,,,,,Dark Brotherhood,,,,,,,,,,,,,,,,
Online:Shadow Slash,Deadly Assassin,"Mirri Elendis slashes an enemy, dealing 3245/6180 Magic Damage and setting them Off Balance for 7 seconds.",Companion-Shadow Slash,156182,3.0.5,"* Fixed an issue where ranking up a summon ability (Unstable Familiar, Summon Winged Twilight, Feral Guardian, etc.) would unsummon your pet.",,Companion,,,,,1,12 seconds,Enemy,0.3 seconds,,,,,,,,,,,,,,,,,Blackwood,3 seconds,,,5 meters,,,Magic Damage,Off-Balance,,,,,,,,
Online:Shadow of the Bloodmoon,Werewolf,The Great Hunt demands more participants. Become a shepard to the lamb who wishes to fight back. Allows you to infect another player with Lycanthropy once every week by returning to the Werewolf ritual site. Players already infected with Noxiphilic Sanguivoria cannot be infected with Lycanthropy.,Werewolf-Bloodmoon,32639,12.0.5,*Bloodmoon -> Shadow of the Bloodmoon: Just a simple name change that updates the name away from implying the actual Bloodmoon is happening every week.,Passive Effect,Passive,Quest Options,,,6,,,,,,,,,,,,,,,,,,,,,,,,,,,,,,,,,,,,,
Online:Shadowy Supplier,Dark Brotherhood,"A contact from the Brotherhood provides beneficial items once per day. This contact is located in Outlaw Refuges, the Gold Coast Dark Brotherhood Sanctuary, and the Hew's Bane Thieves Den.",Dark Brotherhood-Shadowy Supplier,77396,2.4.10,* The Monk's Disguise from the Shadowy Supplier will now be destroyed if your character dies while wearing it.,Passive Effect,Passive,Free Items,,,4,,,,,,,ON-npc-Remains-Silent.jpg,Remains-Silent,,,,,,,,,,,,,Dark Brotherhood,,,,,,,,,,,,,,,,
Online:Share the Spoils,Class Mastery,"Secrets and coin are tools as sharp as the daggers you wield. Upgrades rank 2 of Transfer to grant group members 250 Magicka and Stamina, 2 Ultimate, and doubles the Ultimate you gain when it activates.",Siphoning-Transfer,263607,12.0.0,"*This passive upgrades rank 2 of Transfer to double the ultimate you gain from it (4, up from 2) while also granting the nearest 4 group members 250 Magicka and Stamina and 1 Ultimate upon activating.",,Passive,,,,1,,,,,,,,,,,,,,,,,,,,,,,,,,,,,,,,,,,,,
Online:Shared Wards,Playful Schemer,"Ember conjures wards made of energy for protection, granting a damage shield for them and their nearby allies that absorbs 1575/3000 damage for 6 seconds. Targets affected by the shield are also healed for 1575/2997 Health over 8 seconds.",Companion-Shared Wards,166069,3.0.5,"* Fixed an issue where ranking up a summon ability (Unstable Familiar, Summon Winged Twilight, Feral Guardian, etc.) would unsummon your pet.",,Companion,,,,,8,12 seconds,Area,0.6 seconds,,,,,,,,,,,,,,,,,High Isle,6 seconds,,,,,28 meters,Damage Shield,Heal Self,,,,,,Heal Others,,
Online:Shattered Spirit,Empathic Fighter,"Tanlorin burns an enemy from inside with soulfire, dealing 4860 Magic Damage over 8 seconds. Upon completion, the soulfire overflows and explodes from the enemy, dealing 3245 Magic Damage to all enemies near them.",Companion-Shattered Spirit,,3.0.5,"* Fixed an issue where ranking up a summon ability (Unstable Familiar, Summon Winged Twilight, Feral Guardian, etc.) would unsummon your pet.",,Companion,,,,,11,16 seconds,Enemy,0.3 seconds,,,,,,,,,,,,,,,,,,8 seconds,,,28 meters,,6 meters,Magic Damage,Area of Effect,,,,,,Damage Over Time,,
Online:Shield Charge,One Hand and Shield,"Rush an enemy and ram them, dealing [3690 / 3730 / 3771 / 3811] Physical Damage and stunning them for 3 seconds.",One Hand and Shield-Shield Charge,41512,1.5.2,* Shielded Assault: Increased the damage shield duration to 6 seconds from 4 seconds. We also fixed an issue where this ability was not refreshing the value of the damage shield when the ability was recast.,Charge,,Physical Damage,"Cost: 3510 Stamina. Rush an enemy and ram them, dealing 3811 Physical Damage and stunning them for [3 / 3.3 / 3.7 / 4] seconds. Stuns up to 50% longer based on the distance traveled.",Stun,,20,3780 Stamina,Enemy,Instant,Damage Shield,,ON-skill-Shield Charge.jpg,Shield Charge,,,"Rush an enemy and ram them, dealing 3811 Physical Damage and stunning them for 3 seconds. You gain a damage shield after the attack, absorbing [4957 / 5011 / 5066 / 5120] damage for 6 seconds. This portion of the ability scales off your Max Health.",Shielded Assault,41526,Gain a damage shield after the attack.,Invasion,41538,One Hand and Shield-Invasion,Stuns longer based on the distance traveled. Reduces the cost.,One Hand and Shield-Shielded Assault,Distance Bonus,,,Stamina Cost,Stamina,22 meters,,,,,,,,,,,,
Online:Shield Throw,,,,,,,,,,,,,,,,,,,,,,,,,,,,,,,,,,,,,,,,,,,,,,,,2591,
Online:Shield Wall,One Hand and Shield,"Duration: [5 / 5.3 / 5.7 / 6] seconds. Reinforce your shield, allowing you to automatically block all attacks at no cost for [5 / 5.3 / 5.7 / 6] seconds.",One Hand and Shield-Shield Wall,86322,2.6.4,"* New Weapon Ultimates have been added to the game. Each Weapon skill line now has one Ultimate, and each Ultimate can be obtained by reaching Rank 50 in its respective Weapon skill line. Weapon Ultimates can be morphed as well!",Increase Block,Ultimate,Projectile Defense,"Duration: [6 / 6.7 / 7.3 / 8] seconds. Reinforce your shield, allowing you to automatically block all attacks at no cost for [6 / 6.7 / 7.3 / 8] seconds. Your One Hand and Shield non-Ultimate abilities cost nothing while this effect persists.",Reflect Projectiles,,50,135 Ultimate,Self,Instant,Counter Attack,,ON-skill-Shield Wall.jpg,Shield Wall,,,"Duration: [6 / 6.3 / 6.7 / 7] seconds. Reinforce your shield, allowing you to automatically block all attacks at no cost and reflect all projectiles cast at you for [6 / 6.3 / 6.7 / 7] seconds.",Spell Wall,86333,You also reflect all projectiles cast at you.,Shield Discipline,86345,One Hand and Shield-Shield Discipline,Your One Hand and Shield abilities cost nothing while active.,One Hand and Shield-Spell Wall,Reduce Skill Cost,,6 seconds,Ultimate Cost,,,,,,,,,,,,,,
Online:Shields of Erudition,Revitalizing Researcher,"Azandar manifests spinning discs of pure knowledge to surround themselves and up to 2 allies, granting a damage shield that absorbs 3150 damage for 6 seconds.",Companion-Shields of Erudition,192937,3.0.5,"* Fixed an issue where ranking up a summon ability (Unstable Familiar, Summon Winged Twilight, Feral Guardian, etc.) would unsummon your pet.",,Companion,,,,,8,11.6 seconds,Area,0.5 seconds,,,,,,,,,,,,,,,,,Necrom,,,,,,28 meters,Damage Shield,,,,,,,,,
Online:Shocking Burst,Lightning Caller,"Ember creates a nexus of storm energy at the target location, instantly dealing 1622/3090 Shock Damage to all enemies in the area and an additional 1818/3474 Shock Damage over 8 seconds.",Companion-Shocking Burst,166085,3.0.5,"* Fixed an issue where ranking up a summon ability (Unstable Familiar, Summon Winged Twilight, Feral Guardian, etc.) would unsummon your pet.",,Companion,,,,,2,12 seconds,Enemy,0.6 seconds,,,,,,,,,,,,,,,,,High Isle,8 seconds,,,28 meters,,4 meters,Shock Damage,Area of Effect,,,,,,Damage Over Time,,
Online:Shocking Siphon,Grave Lord,"Violently drain the last spark of life from a corpse, dealing [16350 / 16500 / 16680 / 16860] Shock Damage over 20 seconds to all enemies around the corpse and between you and the corpse. You also gain Major Savagery and Prophecy for 20 seconds, increasing your Weapon Critical and Spell Critical rating by 2629. While slotted, your damage done is increased by 3%.",Grave Lord-Shocking Siphon,40115924,5.1.5,"* This ability and its morphs will now update their hitboxes when fighting large enemies. * These abilities no longer have a resource cost, and now scale off your highest offensive stats. * Decreased the damage per tick by approximately 14%. * Fixed an issue where the tether from this ability and its morphs would immediately break if you had bonuses to the ability range (like Battle Spirit) and cast it on a corpse further than 30 meters of you. * Mystic Siphon (morph): This ability now restores 35 Magicka per tick at Rank IV, down from 75.",Consume Corpse,,Shock Damage,"Violently drain the last spark of life from a corpse, dealing 16920 Shock Damage over 20 seconds to all enemies around the corpse and between you and the corpse. You also gain Major Savagery and Prophecy for 20 seconds, increasing your Weapon Critical and Spell Critical rating by 2629. While siphoning the corpse you gain [120 / 130 / 140 / 150] Health, Magicka, and Stamina Recovery. While slotted, your damage done is increased by 3%.",Damage Over Time,,42,Free,,Instant,Area of Effect,,ON-skill-Shocking Siphon.jpg,Shocking Siphon,,,"Violently drain the last spark of life from a corpse, dealing 16920 Disease Damage over 20 seconds to all enemies around the corpse and between you and the corpse. You also gain Major Savagery and Prophecy for 20 seconds, increasing your Weapon Critical and Spell Critical rating by 2629. When the siphon ends the corpse explodes, dealing an additional [4764 / 4816 / 4868 / 4921] Disease Damage to all enemies nearby. While slotted, your damage done is increased by 3%.",Detonating Siphon,40118763,"Ability now deals Disease Damage. The corpse explodes at the end of the siphon, dealing additional damage.",Mystic Siphon,40118008,Grave Lord-Mystic Siphon,"Your Health, Magicka, and Stamina Recovery increases while siphoning the corpse.",Grave Lord-Detonating Siphon,Weapon Critical,Elsweyr,20 seconds,Spell Critical,Magicka,28 meters,Slotted Effect,,,,Increase Damage Dealt,,,,Disease Damage,,,5 meters
Online:Siege Shield,Support,Duration: [17 / 18 / 19 / 20] seconds. Create a protective sphere over your location that reduces damage taken from siege weapons by 50% for you and nearby allies.,Support-Siege Shield,46653,1.3.3,* This ability now gives you an armor and resistance bonus instead of reducing all damage taken.,PvP Bonus,,Reduce Damage Taken,"Cost: 7830 Magicka. Create a protective sphere over your location that reduces damage taken from siege weapons by 50% for you and nearby allies. Also increases the range of abilities with a range greater than 28 meters by [4 / 5 / 6 / 7] meters. Does not affect Leap, Move Position, and Pull abilities.",Area of Effect,,2,8100 Magicka,Area,Instant,Increase Range,,ON-skill-Siege Shield.jpg,Siege Shield,,,"Create a protective sphere over your location that reduces damage taken from siege weapons by 50% for you and nearby allies. The sphere also protects you and your allies' siege weapons, reducing damage from enemy siege weapons by [60 / 65 / 70 / 75]%.",Siege Weapon Shield,46661,Your and allied siege weapons in the bubble take reduced damage from other siege weapons.,Propelling Shield,46670,Support-Propelling Shield,Costs less and allies in the shield gain increased range.,Support-Siege Weapon Shield,Magicka Cost,,20 seconds,,Magicka,,,10 meters,,,,,,,,,,
Online:Silver Bolts,Fighters Guild,"Fire a Dawnguard Vampire Hunter's crossbow bolt to strike an enemy, dealing [5535 / 5595 / 5656 / 5717] Physical Damage.",Fighters Guild-Silver Bolts,42655,1.0.3,* Silver Bolts rank 2 can now be re-added to your skill bar if it gets removed.,Physical Damage,,Multiple Targets,"Cost: 3780 Stamina, Range: 22 meters. Fire a Dawnguard's crossbow hook to pull an enemy to you, dealing [3811 / 3852 / 3894 / 3936] Physical Damage, taunting them for 15 seconds if they are not already taunted, and reducing their Movement Speed by 30% for 4 seconds.",Pull,,2,2700 Stamina,Enemy,Instant,Reduce Movement Speed,,ON-skill-Silver Bolts.jpg,Firing Silver Bolts,,,"Area: 5 meters. Fire an augmented Dawnguard Vampire Hunter's crossbow bolt to strike an enemy, dealing 5717 Physical Damage. Fires additional bolts at other enemies near the initial target for [25 / 24 / 23 / 22]% less damage.",Silver Shards,42671,Fires additional bolts at other enemies near the initial target for less damage.,Silver Leash,42696,Fighters Guild-Silver Leash,"Decrease the range and damage, increases the cost, but pulls the enemy to you, attempts to taunt them, and snares them.",Fighters Guild-Silver Shards,Stamina Cost,,,,Stamina,28 meters,,,,,,,,,,,,
Online:Siphoning Strikes,Siphoning,"Channel a portion of your soul to convert Health to [1700 / 1800 / 1900 / 2000] Magicka and Stamina. While slotted on either bar, your soul yearns for the warmth of life. All damage you deal heals you for [950 / 1050 / 1150 / 1250] Health, up to once every 1 second.",Siphoning-Siphoning Strikes,37977,1.2.3,"* Siphoning Strikes: This ability now restores slightly less resources, and will no longer desync your resource bars upon use. * Leeching Strikes: The tooltip for this ability now shows the correct percentage of health recovery.",Restore Stamina,,Restore Magicka,"Channel a portion of your soul to convert Health to 2600 Magicka and Stamina. While slotted on either bar, your soul yearns for the warmth of life. All damage you deal heals you for 1250 Health and restores [170 / 180 / 190 / 200] Magicka and Stamina, up to once every 1 second.",Slotted Effect,,30,4000 Health,Self,Instant,Heal Self,,ON-skill-Siphoning Strikes.jpg,Siphoning Strikes and its morphs' cast visual,,,"Channel a portion of your soul to convert Health to 2000 Magicka and Stamina. While slotted on either bar, your soul yearns for the warmth of life. All damage you deal heals you for [1500 / 1600 / 1700 / 1800] Health and reduces the cost of your next Leeching Strikes by 10%, stacking up to 10 times. This effect can occur once every 1 second.",Leeching Strikes,38015,Increases the healing done and grants ramping cost reduction for the next cast when the heal activates.,Siphoning Attacks,38050,Siphoning-Siphoning Attacks,"Increases the Magicka and Stamina restored, and the heal now also restores Magicka and Stamina.",Siphoning-Leeching Strikes,Reduce Skill Cost,,,Health Cost,Magicka,,,,,,,,,,,,,
Online:Skeletal Aegis,Undaunted (Companion),"Your Companion surrounds themselves with a whirlwind of bones, granting a damage shield for 30% of their Max Health for 6 seconds. While the damage shield holds, an ally near them can activate the Bone Aegis synergy, granting them a damage shield for 50% of their Max Health for 6 seconds.",Companion-Skeletal Aegis,155693,3.0.5,"* Fixed an issue where ranking up a summon ability (Unstable Familiar, Summon Winged Twilight, Feral Guardian, etc.) would unsummon your pet.",,Companion,,,,,10,36 seconds,Self,0.6 seconds,,,,,,,,,,,,,,,,,Blackwood,6 seconds,,,,,,Damage Shield,Synergy,,,,,,,,
Online:Skeletal Mage,Grave Lord,"Unearth a skeletal mage from the dirt to fight by your side for 20 seconds, while granting you Major Brutality and Sorcery, increasing your Weapon Damage and Spell Damage by 20%. The mage attacks the closest enemy every 2 seconds, dealing [1230 / 1243 / 1257 / 1270] Shock Damage. Creates a corpse on death if you are in combat.",Grave Lord-Skeletal Mage,40114317,5.1.5,"* Increased the base cost to 4320 from 2430, and increased the damage per tick by approximately 90%. * Skeletal Archer: ** The archer's base damage no longer ranks up by 1.1% per rank. ** Reduced the scaling bonus to 2% per hit from 10%, which ranks up to 5% at Rank IV.",Summon,,Shock Damage,"Area: 5 meters, Target: Area. Unearth a skeletal mage from the dirt to fight by your side for 20 seconds, while granting you Major Brutality and Sorcery, increasing your Weapon Damage and Spell Damage by 20%. The mage attacks the closest enemy every 2 seconds, dealing [1269 / 1282 / 1296 / 1310] Shock Damage to them and all other enemies nearby. Creates a corpse on death if you are in combat.",Increase Weapon Damage,,30,2970 Magicka,Self,Instant,Increase Spell Damage,,ON-skill-Skeletal Mage attacking.jpg,Skeletal Mage/Skeletal Arcanist morph seen attacking/fleeing a Giant Snake,,,"Cost: 2525 Stamina. Unearth a skeletal archer from the dirt to fight by your side for 20 seconds, while granting you Major Brutality and Sorcery, increasing your Weapon Damage and Spell Damage by 20%. The archer attacks the closest enemy every 2 seconds, dealing 1269 Physical Damage. Each time the archer deals damage, it deals [12 / 13 / 14 / 15]% more damage than the previous attack. Creates a corpse on death if you are in combat.",Skeletal Archer,40118680,Converts into a Stamina ability and deals Physical Damage. The archer deals more damage with each attack.,Skeletal Arcanist,40118726,Grave Lord-Skeletal Arcanist,The mage deals damage to all enemies around the initial target.,Grave Lord-Skeletal Archer,Free Corpse,Elsweyr,20 seconds,Physical Damage,,,Area of Effect,,,,Magicka Cost,,,,Stamina Cost,,,
Online:Skill Styles,,,,,,,,,,,,,,,,,,,,,,,,,,,,,,,,,Gold Road,,,,,,,,,,,,,,,,
Online:Skilled Tracker,Fighters Guild,Your Fighters Guild abilities deal an additional 10% damage. This bonus doubles against player Vampires and Werewolves.,Fighters Guild-Skilled Tracker,40393,1.2.4,"* Silver Bolts: With one exception as noted below, we fixed an issue so this ability no longer has a 100% proc chance after Skilled Tracker is purchased. ** Known Issue: This ability works properly against all vampires and werewolves in human form. However, if you are specifically in werewolf form, this ability will still proc at 100%. This is not intended, and will be fixed next week.",Passive Effect,Passive,Increase Damage Dealt,,PvP Bonus,7,,,,,Bonus Against Vampire and Werewolf Players,,,,,,,,,,,,,,,,,,,,,,,,,,,,,,,,
Online:Skills,,,,,,,,,,,,,,,,,,,,,,,,,,,,,,,,,,,,,,,,,,,,,,,,,
Online:Skyshards,,,,,,,,,,,,,,,,,,,,,,,,,,,,,,,,,,,,,,,,,,,,,,,,,
Online:Slaughter,Dual Wield,WHILE DUAL WIELDING Increases damage with Dual Wield abilities by 10% against enemies with under 25% Health.,Dual Wield-Slaughter,45476,,,Passive Effect,Passive,Execute,WHILE DUAL WIELDING Increases damage with Dual Wield abilities by 20% against enemies with under 25% Health.,,5,,,,,,30,,,18929,45476,,,,,,,,,,,,,,,,,,,,,,,,,,,
Online:Slayer,Fighters Guild,Increases your Weapon Damage and Spell Damage by 1% for each Fighters Guild ability slotted.,Fighters Guild-Slayer,45596,2.4.5,"* Redesigned this passive ability so it now increases your Weapon Damage by 1/2/3% for each Fighters Guild ability slotted at Ranks I/II/III respectively, instead of increasing your Weapon and Spell Damage by 3/6/9% against Undead and Daedra.",Passive Effect,Passive,Increase Weapon Damage,Increases your Weapon Damage and Spell Damage by 2% for each Fighters Guild ability slotted.,Increase Spell Damage,3,,,,,,6,,,35803,45595,,,,,,,,,,,,,,,,,,,,,Increases your Weapon Damage and Spell Damage by 3% for each Fighters Guild ability slotted.,7,45596,,,,
Online:Slayer's Blade,Deadly Assassin,"Mirri Elendis thrusts a magic blade with lethal precision to finish off an enemy, dealing 9734/18540 Magic Damage.Used when the enemy is below 25% Health.",Companion-Slayer's Blade,153855,3.0.5,"* Fixed an issue where ranking up a summon ability (Unstable Familiar, Summon Winged Twilight, Feral Guardian, etc.) would unsummon your pet.",,Companion,,,,,11,8 seconds,Enemy,0.2 seconds,,,,,,,,,,,,,,,,,Blackwood,,,,5 meters,,,Magic Damage,Execute,,,,,,,,
Online:Sleet Storm,Winter's Embrace,"Twist a violent storm around you, dealing [3074 / 3107 / 3141 / 3175] Frost Damage every 1 second for 8 seconds to enemies around you and reducing their Movement Speed by 40%. You and nearby allies gain Major Protection, reducing your damage taken by 10%.",Winter's Embrace-Sleet Storm,86112,5.0.5,* Reduced the potency of the snare from this ability and its morphs to 40% from 70%.,Frost Damage,Ultimate,Damage Over Time,"Duration: [10 / 11 / 12 / 13] seconds. Twist a violent storm around you, dealing 433 Frost Damage every 1 second for [10 / 11 / 12 / 13] seconds to enemies around you and reducing their Movement Speed by 70% and applying the Chilled status effect. You and nearby allies gain Major Protection, reducing your damage taken by 10%.",Area of Effect,,12,200 Ultimate,Area,Instant,Reduce Movement Speed,,ON-skill-Sleet Storm.jpg,Sleet Storm and its morphs' visual,,,"Twist a violent storm around you, dealing [3175 / 3209 / 3244 / 3279] Frost Damage every 1 second for 8 seconds to enemies around you and reducing their Movement Speed by 40%. As the storm holds, your damage done increases by 4%, reduced to 1% while Battle Spirit is active, every 1 second for 12 seconds, up to 9 stacks max. You and nearby allies gain Major Protection, reducing your damage taken by 10%.",Northern Storm,86116,"Increases your damage done every second while active, and for a duration after.",Permafrost,86120,Winter's Embrace-Permafrost,"Increases the snare potency and applies the Chilled status effect to enemies hit, but at the expense of damage done. Increases the duration as the ability ranks up.",Winter's Embrace-Northern Storm,Reduce Damage Taken,Crown Store,8 seconds,Increase Spell Damage,,,Increase Weapon Damage,10 meters,,,Apply Status Effect,,,,Ultimate Cost,,,
Online:Sleetmail,Winter's Bite,"Sharp-as-Night conjures ice armor for themselves and their grouped allies which grants Major Resolve, increasing Physical and Spell Resistance by 90 for 5 seconds.",Companion-Sleetmail,186603,3.0.5,"* Fixed an issue where ranking up a summon ability (Unstable Familiar, Summon Winged Twilight, Feral Guardian, etc.) would unsummon your pet.",,Companion,,,,,1,8 seconds,Area,0.2 seconds,,,,,,,,,,,,,,,,,Necrom,,,,,,12 meters,Increase Physical Resistance,Increase Spell Resistance,,,,,,,,
Online:Smash,,,,,,,,,,,,,,,,,,,,,,,,,,,,,,,,,,,,,,,,,,,,,,,,6047,
Online:Snakeblood,Alchemy,Reduces duration of negative effects in potions by 50% when consumed.,Alchemy-Snakeblood,47834,2.6.4,* Snakeblood now properly reduces the durations of negative effect potions once more.,Passive Effect,Passive,,Reduces duration of negative effects in potions by 80% when consumed.,,23,,,,,,33,,,47831,47832,,,,,,,,,,,,,,,,,,,,,Reduces duration of negative effects in potions by 100% when consumed.,43,47834,,,,
Online:Snipe,Bow,"Plant a masterfully aimed arrow in an enemy's vital spot, dealing [6365 / 6435 / 6505 / 6575] Physical Damage.",Bow-Snipe,40892,1.2.3,"* Reduced the cast time for this ability from 3 seconds to 2 seconds. We also reduced the range for this ability from 40 meters to 35 meters, and reduced the minimum range from 20 meters to 10 meters. * Focused Aim: This ability's tooltip now lists the duration of the effect.",Physical Damage,,Poison Damage,"Cost: [2700 / 2610 / 2520 / 2430] Stamina, Range: 40 meters. Plant a masterfully aimed arrow in an enemy's vital spot, dealing 6574 Physical Damage and applying the Sundered status effect.",Apply Status Effect,,2,2700 Stamina,Enemy,0.8 seconds,Reduce Healing,,ON-skill-Lethal Arrow.jpg,A Lethal Arrow,,,"Plant a masterfully aimed arrow in an enemy's vital spot, dealing [6574 / 6646 / 6718 / 6790] Poison Damage and applying the Poisoned status effect. Also afflicts enemy with Minor Defile, which reduces their healing received and damage shield strength by 6% for 4 seconds.",Lethal Arrow,40897,Deals Poison Damage and always applies the Poisoned status effect. Also applies Minor Defile to the enemy.,Focused Aim,40907,Bow-Focused Aim,"Increases the range, always applies the Sundered status effect, and reduces cost as the ability ranks up.",Bow-Lethal Arrow,Stamina Cost,,,,Stamina,35 meters,,,,,,,,,,,,
Online:Sniping Silver,Fighters Guild (Companion),"Your Companion fires a Dawnguard Vampire Hunter's crossbow bolt at an enemy, dealing 3150 Physical Damage. Deals double damage if the enemy is an Undead, Daedra, or Werewolf.",Companion-Sniping Silver,153686,3.0.5,"* Fixed an issue where ranking up a summon ability (Unstable Familiar, Summon Winged Twilight, Feral Guardian, etc.) would unsummon your pet.",,Companion,,,,,1,12 seconds,Enemy,0.4 seconds,,,,,,,,,,,,,,,,,Blackwood,,,,28 meters,,,Physical Damage,"Bonus Against Undead, Daedra and Werewolves",,,,,,,,
Online:Snow Squall,Winter's Bite,"Sharp-as-Night envelops themselves in winter winds, instantly healing for 5656 Health and an additional 1413 Health every 2 seconds over 8 seconds. This ability scales off their Max Health. Used when Sharp-as-Night is below 75% Health.",Companion-Snow Squall,186605,3.0.5,"* Fixed an issue where ranking up a summon ability (Unstable Familiar, Summon Winged Twilight, Feral Guardian, etc.) would unsummon your pet.",,Companion,,,,,14,16 seconds,Self,0.5 seconds,,,,,,,,,,,,,,,,,Necrom,8 seconds,,,,,,Heal Self,,,,,,,,,
Online:Solar Flare,Dawn's Wrath,"Conjure a ball of solar energy to heave at an enemy, dealing [6365 / 6435 / 6505 / 6575] Magic Damage and increasing your damage done with class abilities by 5% for 10 seconds. Also grants you Empower for 10 seconds, increasing the damage of your Heavy Attacks against monsters by 150%.",Dawn's Wrath-Solar Flare,24110,1.2.3,* Slightly reduced the cast time for this ability from 1.5 seconds to 1.3 seconds. * Dark Flare: This ability now scales in damage from ranks I-IV.,Magic Damage,,Increase Damage Dealt,"Casting Time: Instant, Duration: 20 seconds, Area: 8 meters, Target: Area. Conjure solar energy to blast enemies around you, dealing [1154 / 1166 / 1179 / 1192] Magic Damage every 2 seconds and increasing your damage done with class abilities by 5% for 20 seconds. While this ability is active you gain Empower, increasing the damage of your Heavy Attacks against monsters by 150%.",Empower,,4,2700 Magicka,Enemy,0.8 seconds,Reduce Healing,,ON-skill-Solar_Flare.jpg,Solar Flare,,,"Cost: 2430 Magicka. Conjure a ball of solar energy to heave at an enemy, dealing [6574 / 6646 / 6718 / 6790] Magic Damage and increasing your damage done with class abilities by 5% for 10 seconds. Afflicts the target and enemies within 8 meters with Major Defile, reducing their healing received and damage shield strength by 12% for 4 seconds. Also grants you Empower for 10 seconds, increasing the damage of your Heavy Attacks against monsters by 150%.",Dark Flare,24147,Reduces cost and applies Major Defile to the target and nearby enemies.,Solar Barrage,24157,Dawn's Wrath-Solar Barrage,Deals damage in multiple blasts as damage over time around you instead of at a single enemy.,Dawn's Wrath-Dark Flare,Area of Effect,,,Damage Over Time,Magicka,28 meters,Magicka Cost,,,,,,,,,,,
Online:Solar Ward,Brilliant Shield,"Isobel Veloise summons the power of the sun to defend themselves from harm, reducing incoming damage by 20% and granting a damage shield that absorbs up to 12.5% of their Max Health for 6 seconds.",Companion-Solar Ward,163442,3.0.5,"* Fixed an issue where ranking up a summon ability (Unstable Familiar, Summon Winged Twilight, Feral Guardian, etc.) would unsummon your pet.",,Companion,,,,,1,7.8 seconds,Self,1 seconds,,,,,,,,,,,,,,,,,High Isle,6 seconds,,,,,,Reduce Damage Taken,Damage Shield,,,,,,,,
Online:Solvent Proficiency,Alchemy,Allows the Alchemist to use Natural Water and Grease to make Level 3 potions and poisons and Clear Water and Ichor to make Level 10 potions and poisons.,Alchemy-Solvent Proficiency,70043,4.1.5,"* Updated the base-rank icons for Metalworking, Tailoring, Woodworking, and Solvent Proficiency to match the facing of subsequent ranks.",Crafting Effect,Passive,Crafting Quality,Allows the Alchemist to use Pristine Water and Slime to make Level 20 potions and poisons.,,1,,,,,,10,,,45542,45547,,,,,,,,,,,,,,,,,,,,,Allows the Alchemist to use Cleansed Water and Gall to make Level 30 potions and poisons.,20,45550,,,,
Online:Son of Kozanset,Redguard (Companion),Increases Max Health by 3% decreases ability cooldowns by 3%.,Companion-Son of Kozanset,193971,3.0.5,"* Fixed an issue where ranking up a summon ability (Unstable Familiar, Summon Winged Twilight, Feral Guardian, etc.) would unsummon your pet.",,Companion Passive,,,,1,,,,,,,,,,,,,,,,,,,,,Necrom,,,,,,,Passive Effect,Increase Max Health,,,,,,Reduce Cooldown,,
Online:Soul Burst,,,,,,,,,,,,,,,,,,,,,,,,,,,,,,,,,,,,,,,,,,,,,,,,5666,
Online:Soul Lock,Soul Magic,Killing an enemy has a 5% chance of automatically filling an empty Soul Gem.,Soul Magic-Soul Lock,45580,1.2.3,* Soul Lock II: Corrected the tooltip for this passive ability so that it lists the right percentage in which it can automatically trap a soul in a Soul Gem upon weapon kills.,Passive Effect,Passive,Kill Bonus,Killing an enemy has a 10% chance of automatically filling an empty Soul Gem.,Soul Trap‏‎,3,,,,,,5,,,39263,45580,,,,,,,,,,,,,,,,,,,,,,,,,,,
Online:Soul Shatter,Soul Magic,"WHEN SOUL ABILITY IS SLOTTED When your Health drops below 20% your soul explodes, dealing 800 Magic Damage to enemies within 8 meters of you. This effect can occur once every 2 minutes and scales off your Max Health.",Soul Magic-Soul Shatter,45583,1.6.5,"* This passive ability now triggers an explosion when you reach 20% health. The explosion deals 8% of your maximum health as damage at Rank I, and 16% at Rank II. This effect can only trigger once every two minutes.",Passive Effect,Passive,Near Death Effect,"WHEN SOUL ABILITY IS SLOTTED When your Health drops below 20% your soul explodes, dealing 1600 Magic Damage to enemies within 8 meters of you. This effect can occur once every 2 minutes and scales off your Max Health.",Magic Damage,2,,,,,Area of Effect‏‎,4,ON-skill-Soul_Shatter.jpg,Soul Shatter,39266,45583,,,,,,,,,,,,,,,,,,,,,,,,,,,
Online:Soul Shred,Siphoning,"Ravage nearby enemies' souls with a night rune, dealing [9225 / 9326 / 9427 / 9529] Magic Damage and stunning them for 4 seconds. An ally can target a ravaged enemy and activate the Soul Leech Synergy synergy, dealing 8535 Magic Damage to them and healing for the damage caused.",Siphoning-Soul Shred,36166,1.2.3,"* Soul Siphon: Edited the tooltip for this ability so it's more consistent with all other tooltips, and fixed an issue so the upgrade tooltip now states that it does less damage than the base ability.",Magic Damage,Ultimate,Area of Effect,"Duration: 8 seconds. Ravage nearby enemies' souls with a night rune, dealing [9528 / 9632 / 9737 / 9842] Magic Damage, healing for half the damage, and stunning them for 4 seconds. Ravaged enemies are tethered to you for 8 seconds, and while they remain within 10 meters, you siphon [1659 / 1676 / 1693 / 1712] Health from them every second. An ally can target a ravaged enemy and activate the Soul Leech Synergy synergy, dealing 8535 Magic Damage to them and healing for the damage caused.",Stun,,12,150 Ultimate,Area,0.5 seconds,Synergy,,ON-skill-Soul Shred AoE.jpg,Soul Shred and its morphs' AoE visual,,,"Duration: 4 seconds, Radius: 28 meters. Sanctify your soul and the souls of nearby allies with a night rune, healing for [9528 / 9631 / 9737 / 9842] Health and an additional [24840 / 25112 / 25384 / 25656] Health over 4 seconds. You and your allies will also receive Major Vitality, increasing your healing received and damage shield strength by 12% for 4 seconds. An ally can target a nearby enemy and activate the Soul Leech Synergy synergy, dealing 8535 Magic Damage to them and healing for the damage caused.",Soul Siphon,36186,Heals you and your allies instead of damaging and stunning enemies.,Soul Tether,36207,Siphoning-Soul Tether,"Heals for half the initial damage caused. Tether to enemies hit, dealing constant damage and healing for damage caused.",Siphoning-Soul Siphon,Heal Others,,,Leech Health,,,Heal Self,8 meters,,,Increase Healing Received,,,,Damage Over Time,,,
Online:Soul Siphoner,Siphoning,Increases your healing done by 1% for each Siphoning ability slotted.,Siphoning-Soul Siphoner,45155,1.6.5,"* This passive now increases healing done for each Siphon ability slotted by 2% at Rank I, or 3% at Rank II.",Passive Effect,Passive,Increase Healing Done,Increases your healing done by 3% for each Siphoning ability slotted.,,22,,,,,,36,,,36603,45155,,,,,,,,,,,,,,,,,,,,,,,,,,,
Online:Soul Strike,Soul Magic,"Burn an enemy from the inside with soulfire, dealing [39198 / 39624 / 40056 / 40488] Magic Damage over 5 seconds. While channeling this ability, you gain immunity to all disabling effects. Enemies affected by this ability are revealed for 3 seconds and may not enter stealth or invisibility. This ability is considered direct damage.",Soul Magic-Soul Strike,43093,1.2.3,* Soul Assault: This ability's tooltip now lists the proper snare value.,Magic Damage,Ultimate,Damage Over Time,"Area: 6 meters. Burn an enemy from the inside with soulfire, dealing 40494 Magic Damage over 5 seconds. Upon completion, the soulfire overflows and explodes from the enemy, dealing [6351 / 6420 / 6489 / 6559] Magic Damage to all enemies near them. While channeling this ability, you gain immunity to all disabling effects. Enemies affected by this ability are revealed for 3 seconds and may not enter stealth or invisibility. This ability is considered direct damage.",Immunity,,6,175 Ultimate,Enemy,,Detection,,ON-skill-Soul Strike.jpg,Soul Strike,,,"Channel Time: 6 seconds. Burn an enemy from the inside with soulfire, dealing [53992 / 54584 / 55176 / 55768] Magic Damage over 6 seconds. While channeling this ability, you gain immunity to all disabling effects. Enemies affected by this ability are revealed for 3 seconds and may not enter stealth or invisibility. This ability is considered direct damage.",Soul Assault,43099,Increases the duration of the channel and number of ticks.,Shatter Soul,43109,Soul Magic-Shatter Soul,"Upon completion, deals damage to all enemies near your target.",Soul Magic-Soul Assault,Area of Effect,,,Ultimate Cost,,28 meters,,,,,,,,,,,,
Online:Soul Summons,Soul Magic,Allows you to revive once every 2 hours without spending a Soul Gem.,Soul Magic-Soul Summons,45590,7.1.5,"* This passive now properly follows its listed cooldown, rather than having an hour cooldown regardless of rank.",Passive Effect,Passive,Improved Resurrection‏‎,Allows you to revive once every 1 hour without spending a Soul Gem.,,2,,,,,,3,,,39269,45590,,,,,,,,,,,,,,,,,,,,,,,,,,,
Online:Soul Trap,Soul Magic,"Lay claim to an enemy's soul, dealing [12276 / 12419 / 12551 / 12694] Magic Damage over 20 seconds. Fills an empty Soul Gem if an affected enemy dies.",Soul Magic-Soul Trap,43056,1.1.2,"* Consuming Trap: This ability can no longer be used on critters to restore Health, Magicka, and Stamina.",Magic Damage,,Physical Damage,"Lay claim to an enemy's soul, dealing 11759 Magic Damage over 20 seconds. If an affected enemy dies, you fill an empty Soul Gem, heal for [2381 / 2521 / 2664 / 2802] Health, and restore [2216 / 2347 / 2478 / 2607] Magicka and [5100 / 5400 / 5700 / 6000] Stamina. This portion of the ability scales off your Max Health, Magicka, and Stamina.",Kill Bonus,,1,2700 Magicka,Enemy,Instant,Soul Trap,,ON-skill-Soul_Trap.jpg,A Soul Trapped target,,,"Cost: [2700 / 2610 / 2520 / 2430] Magicka, Duration: 10 seconds, Area: 8 meters. Lay claim to enemy souls, dealing 6330 Magic Damage to your target and any other nearby enemies over 10 seconds. Fills an empty Soul Gem if an affected enemy dies.",Soul Splitting Trap,43067,"Affects additional enemies near your initial target, but for a shorter duration. Reduces the cost as the ability ranks up.",Consuming Trap,43083,Soul Magic-Consuming Trap,"Also restore Health, Magicka, and Stamina if enemy dies while affected.",Soul Magic-Soul Splitting Trap,Multiple Targets,,20 seconds,Heal Self,Magicka,28 meters,Restore Magicka,,,,Restore Stamina,,,,Magicka Cost,,,
Online:Spear Shards,Aedric Spear,"Send your spear into the heavens to bring down a shower of divine wrath, dealing [4612 / 4662 / 4713 / 4764] Magic Damage to enemies in the area and an additional [437 / 443 / 446 / 451] Magic Damage every 1 second for 10 seconds. An ally near the spear can activate the Blessed Shards Synergy synergy, restoring 3960 Magicka or Stamina, whichever maximum is higher.",Aedric Spear-Spear Shards,27090,1.1.2,* Fixed a visual issue with this ability where the spear was falling horizontally.,Magic Damage,,Area of Effect,"Send your spear into the heavens to bring down a shower of divine wrath, dealing 4764 Magic Damage to enemies in the area and an additional [732 / 740 / 748 / 756] Magic Damage every 1 second for 10 seconds. Enemies hit by the initial hit are immobilized for 4 seconds. An ally near the spear can activate the Blessed Shards Synergy synergy, restoring 3960 Magicka or Stamina, whichever maximum is higher.",Damage Over Time,,30,2970 Magicka,Ground,Instant,Synergy,,ON-skill-Spear Shards.jpg,Spear Shards' Area of Effect,,,"Cost: [2970 / 2880 / 2790 / 2700] Magicka. Send your spear into the heavens to bring down a shower of divine wrath, dealing 4764 Magic Damage to enemies in the area and an additional 453 Magic Damage every 1 second for 10 seconds. You or an ally near the spear can activate the Holy Shards Synergy Blessed Shards synergy, which restores 3960 Magicka and Stamina.",Luminous Shards,27122,The synergy grants both Magicka and Stamina instead of whichever is lowest and you can use your own synergy. Reduces cost as the ability ranks up.,Blazing Spear,27167,Aedric Spear-Blazing Spear,Increases damage dealt of the residual effect. Initial hit immobilizes enemies.,Aedric Spear-Luminous Shards,Restore Stamina,,10 seconds,Immobilize,Magicka,28 meters,Restore Magicka,6 meters,,,Magicka Cost,,,,,,,
Online:Spear Wall,Aedric Spear,"WHEN ACTIVATING AN AEDRIC SPEAR ABILITY Gain Minor Berserk and Minor Protection for 3 seconds, increasing damage done and reducing damage taken by 5%.",Aedric Spear-Spear Wall,44721,4.2.5,"* This ability now grants you Minor Protection for 1.5/3 seconds after activating an Aedric Spear ability. **Developer Comment: We wanted to retain the defensive flavor of this passive while making it applicable to more of the Aedric Spear skills. The previous version wasn't effective with Puncturing Strikes and Focused Charge because they can't be used while blocking. Damage shield mitigation doesn't include block, so Sun Shield also wasn't useful previously with this skill.",Passive Effect,Passive,Increase Damage Dealt,"WHEN ACTIVATING AN AEDRIC SPEAR ABILITY Gain Minor Berserk and Minor Protection for 6 seconds, increasing damage done and reducing damage taken by 5%.",Reduce Damage Taken,14,,,,,,27,,,31708,44721,,,,,,,,,,,,,,,,,,,,,,,,,,,
Online:Spear of Light,Brilliant Shield,"Isobel Veloise hurls a barrage of spears made of radiant light at all targets in front of them, dealing 1500/3000 Magic Damage and knocking them down for 4 seconds. This attack ignores the enemy's Resistances.",Companion-Spear of Light,163725,3.0.5,"* Fixed an issue where ranking up a summon ability (Unstable Familiar, Summon Winged Twilight, Feral Guardian, etc.) would unsummon your pet.",,Companion,,,,,14,15.5 seconds,Enemy,0.5 seconds,,,,,,,,,,,,,,,,,High Isle,4,,,15 meters,,15 x 10 meters,Magic Damage,Knockdown,,,,,,Multiple Targets,,
Online:Spectral Assassin (skill),Dark Brotherhood,"15% chance to shroud you when using the Blade of Woe, shielding you from being witnessed and receiving a Bounty.",Dark Brotherhood-Spectral Assassin,77401,,,Passive Effect,Passive,Escape Justice,,,10,,,,,,,,,,,,,,,,,,,,,Dark Brotherhood,,,,,,,,,,,,,,,,
Online:Spell Attunement,Breton,"Increases your Spell Resistance by 660. This effect is doubled if you are afflicted with Burning, Chilled, or Concussed. Increases your Magicka Recovery by 40.",Breton-Spell Attunement,45262,4.3.5,"* Gain 3960 Spell Resistance → Gain 2310 Spell Resistance and 100 Magicka Recovery. The Spell Resistance granted by this effect will be doubled if you are afflicted with Burning, Chilled, or Concussed.",Passive Effect,Passive,Increase Spell Resistance,"Increases your Spell Resistance by 1320. This effect is doubled if you are afflicted with Burning, Chilled, or Concussed. Increases your Magicka Recovery by 80.",Counter Attack,10,,,,,Magicka Recovery,20,,,36266,45261,,,,,,,,,,,,,,,,,,,,,"Increases your Spell Resistance by 2310. This effect is doubled if you are afflicted with Burning, Chilled, or Concussed. Increases your Magicka Recovery by 130.",40,45262,,,,
Online:Spell Orb,Psijic Order,"When you cast a Psijic Order ability while you are in combat, you generate a spell charge for 10 seconds. When you reach 5 spell charges, you launch a spell orb at the closest enemy to you dealing 1537 Magic Damage. This effect scales off your highest offensive stats.",Psijic Order-Spell Orb,103878,,,Passive Effect,Passive,Magic Damage,"When you cast a Psijic Order ability while you are in combat, you generate a spell charge for 10 seconds. When you reach 5 spell charges, you launch a spell orb at the closest enemy to you dealing 3072 Magic Damage. This effect scales off your highest offensive stats.",Physical Damage,4,,,,,,7,ON-skill-Spell_Orb.jpg,Effect of two Spell Orb charges,103819,103878,,,,,,,,,,,Summerset,,,,,,,,,,,,,,,,
Online:Spell Recharge,High Elf,"When you activate an ability, you restore 200 Magicka or Stamina, based on whichever is lowest. This effect can occur once every 6 seconds. When you are using an ability with a channel or cast time, you take 1% less damage.",High Elf-Spell Recharge,45274,4.3.5,"* Spellcharge: Gain 9% Magicka Recovery → Spell Recharge: Restore 645 Magicka or Stamina, based on whichever is lowest, after activating a Class Ability. This effect can occur once every 6 seconds. Reduces damage taken by 5% while you are using an ability with a cast or channel time. ** Developer Comment: Previously, High Elves offered bonuses that weren't distinct enough from other races, so we decided to repurpose their Recovery passive into one that captured the race's belief in destiny or birth right (in this case, your class!) while tying it to their off-stat resource pool to showcase their knack for efficiency. Now when casting a class ability, they will retain or convert a portion of that cost and restore their lowest resource pool with the power of Alteration Magic. The Elemental Talent passive was also restricting which sorts of damage types and abilities could scale with it, so we converted it to a flat bonus of Spell Damage to allow all damage types, as well as healing, to gain effect.",Passive Effect,Passive,Restore Magicka,"When you activate an ability, you restore 400 Magicka or Stamina, based on whichever is lowest. This effect can occur once every 6 seconds. When you are using an ability with a channel or cast time, you take 2% less damage.",Restore Stamina,5,,,,,Reduce Damage Taken,15,,,35993,45273,,,,,,,,,,,,,,,,,,,,,"When you activate an ability, you restore 625 Magicka or Stamina, based on whichever is lowest. This effect can occur once every 6 seconds. When you are using an ability with a channel or cast time, you take 5% less damage.",30,45274,,,,
Online:Spell Warding,Light Armor,Increases your Spell Resistance by 363 for each piece of Light Armor equipped.,Light Armor-Spell Warding,45559,,,Passive Effect,Passive,Light Armor Boost,Increases your Spell Resistance by 726 for each piece of Light Armor equipped.,Increase Spell Resistance,14,,,,,,34,,,29663,45559,,,,,,,,,,,,,,,,,,,,,,,,,,,
Online:Sphere of Influence,Class Mastery,"Magicka extends your reach, a benefit to those who fight beside you. Casting a damage shield on yourself or an ally grants an additional shield that absorbs up to 2419 damage for 4 seconds and 225 Health, Magicka, and Stamina Recovery for 12 seconds. The shield scales off the higher of your Max Health or Max Magicka, and is capped at 25% of the target's Max Health.",Soul Magic-Soul Summons,263874,12.0.0,"*This passive causes your damage shield abilities to grant an additional damage shield to the target for 3 seconds that absorbs up to 15% of their Max Health as damage, scaling with 25% of the higher of your Max Magicka or Health. Targets also gain 150 Health, Magicka, and Stamina Recovery for 4 seconds",,Passive,,,,1,,,,,,,,,,,,,,,,,,,,,,,,,,,,,,,,,,,,Max,
Online:Spiked Armor,Earthen Heart,"Envelop your body in molten spikes to increase your damage done by [100] and gain Major Resolve, increasing Physical Resistance and Spell Resistance by 5948 for 20 seconds.",Draconic Power-Spiked Armor,23828,1.1.2,* The damage return for this ability and its morphs has been increased.,Increase Armor,,Counter Attack,"Target: Area. Radius: 10 meters. Envelop your body in molten spikes to increase your damage done by [100] and gain Major Resolve, increasing Physical Resistance and Spell Resistance by 5948 for 20 seconds. As the armor forms you blast foes around you with shattered obsidian, causing them to take [5148] Flame Damage over 20 seconds. When this effect deals damage, you gain a stack of Landslide, up to once every 10 seconds.",Fire Damage,,42,2700 Magicka,Self,Instant,Damage Shield,,ON-skill-Spiked Armor.jpg,A character affected by Spiked Armor,,,"Envelop your body in molten spikes to increase your damage done by [100] and gain Major Resolve, increasing Physical Resistance and Spell Resistance by 5948 for 20 seconds. Power drawn from the heart of a volcano forms a damage shield around you that absorbs up to [5444] for 6 seconds scaling off of your Max Health",Earthshield Mantle,23856,Gain a damage shield after casting.,Shatterspike Mantle,23842,Draconic Power-Volatile Armor,Enemies near you take damage over time when you activate the ability.,Draconic Power-Hardened Armor,Area of Effect,,20 seconds,Damage Over Time,Magicka,,Magicka Cost,,,,,,,,,,,
Online:Spinning Steel,Dual Wield (Companion),"Your Companion launches themselves in a lethal spin, dealing 1575 Physical Damage to nearby enemies. Deals triple damage to enemies below 25% Health.",Companion-Spinning Steel,152693,3.0.5,"* Fixed an issue where ranking up a summon ability (Unstable Familiar, Summon Winged Twilight, Feral Guardian, etc.) would unsummon your pet.",,Companion,,,,,10,16 seconds,Area,0.4 seconds,,,,,,,,,,,,,,,,,Blackwood,,,,,,6 meters,Physical Damage,Area of Effect,,,,,,Execute,,
Online:Spirit Mender,Living Death,"Conjure a ghostly spirit to do your bidding and stay by your side for 16 seconds. The spirit heals you or the lowest Health ally around you every 2 seconds, restoring [1845 / 1865 / 1885 / 1905] Health. Creates a corpse on death if you are in combat.",Living Death-Spirit Mender,40115710,5.1.5,"* Increased the cost of this ability and its morphs to 4320 from 2430, and increased the healing per tick by approximately 90%. * Intensive Mender (morph): This morph now heals for twice as much per tick, rather than 3 times. Reduces the duration in half, but also reduces the cost to half.",Summon,,Heal Self,"Cost: 2160 Magicka, Duration: 8 seconds, Area: 8 meters, Target: Area. Conjure a ghostly spirit to do your bidding and stay by your side for 8 seconds. The spirit heals you or lowest Health ally around you every 2 seconds, restoring [3811 / 3852 / 3894 / 3936] Health to the target and 2 allies nearby them. Creates a corpse on death if you are in combat.",Heal Others,,30,4320 Magicka,Self,Instant,Free Corpse,,ON-skill-Spirit Mender.jpg,Spirit Mender,,,"Conjure a ghostly spirit to do your bidding and stay by your side for 16 seconds. The spirit heals you or the lowest Health ally around you every 2 seconds, restoring [1905 / 1925 / 1946 / 1967] Health. While active, 10% of the damage you take is transferred to the spirit instead. Creates a corpse on death if you are in combat.",Spirit Guardian,40118912,Some of the damage you take is transferred to the spirit instead.,Intensive Mender,40118840,Living Death-Intensive Mender,"The spirit lasts for half as long, but heals for twice the amount, heals two additional allies, and costs half as much.",Living Death-Spirit Guardian,Reduce Damage Taken,Elsweyr,16 seconds,Magicka Cost,Magicka,,,,,,,,,,,,,
Online:Spirited,High Elf (Companion),Decreases damage taken by 3% and increases damage done by 3%.,High Elf-Spell Recharge,,3.0.5,"* Fixed an issue where ranking up a summon ability (Unstable Familiar, Summon Winged Twilight, Feral Guardian, etc.) would unsummon your pet.",,Companion Passive,,,,1,,,,,,,,,,,,,,,,,,,,,,,,,,,,Passive Effect,Reduce Damage Taken,,,,,,Increase Damage Dealt,,
Online:Splintered Secrets,Herald of the Tome,What they don't know can kill them. Increase your Physical Penetration and Spell Penetration by 620 per Herald of the Tome ability slotted.,Herald of the Tome-Splintered Secrets,184887,10.3.5,"* This passive now increases your Offensive Penetration per Herald of the Tome ability slotted by 620/1240, up from 495/991.",Physical Penetration,Passive,Spell Penetration,What they don't know can kill them. Increase your Physical Penetration and Spell Penetration by 1240 per Herald of the Tome ability slotted.,Passive Effect,39,,,,,,50,,,184885,184887,,,,,,,,,,,,,,,,,,,,,,,,,,,
Online:Staggering Swing,Two Handed (Companion),"Your Companion slams an enemy with an upward swing and sends them flying, dealing 3150 Physical Damage, stunning them for 2.5 seconds, and knocking them back 4 meters.",Companion-Staggering Swing,152433,3.0.5,"* Fixed an issue where ranking up a summon ability (Unstable Familiar, Summon Winged Twilight, Feral Guardian, etc.) would unsummon your pet.",,Companion,,,,,1,16 seconds,Enemy,1 second,,,,,,,,,,,,,,,,,Blackwood,,,,5 meters,,,Physical Damage,Knockback,,,,,,Stun,,
Online:Stalwart,Nord,"Increases your Max Stamina by 500. When you take damage, you gain 1 Ultimate. This effect can occur once every 10 seconds.",Nord-Stalwart,45298,2.5.5,"* Robust: This passive ability has been renamed to ""Stalwart."" It now increases your Health Recovery by 6/13/20%, down from 10/20/30% and your Max Stamina by 2/4/6%.",Passive Effect,Passive,Increase Max Stamina,"Increases your Max Stamina by 1000. When you take damage, you gain 2 Ultimate. This effect can occur once every 10 seconds.",Ultimate Gain,10,,,,,,20,,,36064,45297,,,,,,,,,,,,,,,,,,,,,"Increases your Max Stamina by 1500. When you take damage, you gain 5 Ultimate. This effect can occur once every 10 seconds.",40,45298,,,,
Online:Starfall,Mages Guild (Companion),"Your Companion calls a comet down from the constellations to blast an enemy, dealing 3150 Flame Damage.",Companion-Starfall,155403,3.0.5,"* Fixed an issue where ranking up a summon ability (Unstable Familiar, Summon Winged Twilight, Feral Guardian, etc.) would unsummon your pet.",,Companion,,,,,1,8 seconds,Enemy,0.6 seconds,,,,,,,,,,,,,,,,,Blackwood,,,,28 meters,,,Flame Damage,,,,,,,,,
Online:Static Reverberation,Class Mastery,"The battlefield crackles with untapped potential. Make use of it. When you deal damage, you have a 5% chance to deal 942 Shock Damage, up to once every 0.3 seconds. The chance increases by 1% for every 1% missing Health the target has. The chance is divided by 1 plus every permanent pet you have active.",Class Mastery-Static Reverberation,263872,12.0.0,"*This harkens to an ancient passive (Implosion). This passive causes your damaging attacks to have a 1% chance for every 1% missing Health the target has, to trigger an additional hit of Shock Damage (31.5% of the higher of your Weapon or Spell Damage), up to once every 200ms. **This chance is further reduced for every permanent pet you have active. The calculation is % chance (based on 1% for each missing Health) divided by 1 + the number of permanent pets you have active.",,Passive,,,,1,,,,,,,,,,,,,,,,,,,,,,,,,,,,,,,,,,,,,
Online:Steadfast Candescence,Class Mastery,Your conviction is unwavering. Light gives no quarter. Sacred Ground now activates and refreshes itself while Bracing. Increases the amount of damage you can block by 20% while stationary.,Aedric Spear-Spear Wall,263589,12.0.0,*This passive increases the amount of damage you can block by 20% while stationary and causes you to gain Sacred Ground while Bracing.,,Passive,,,,1,,,,,,,,,,,,,,,,,,,,,,,,,,,,,,,,,,,,,
Online:Steadfast Ward,Restoration Staff,"Call on your staff's strength to protect you or the lowest health ally around you with a damage shield that absorbs [6149 / 6216 / 6284 / 6351] damage for 6 seconds. The shield's strength is increased by up to 100%, depending on the severity of the target's wounds.",Restoration Staff-Steadfast Ward,41310,1.2.3,* Corrected this ability's tooltip so that it matches what the ability actually does. The tooltip no longer states that it only heals allies in front of you.,Damage Shield,,Near Death Effect,"Call on your staff's strength to protect you or the lowest health ally around you with a damage shield that absorbs [6352 / 6421 / 6491 / 6561] damage. The shield's strength is increased by up to 100%, depending on the severity of the target's wounds. While the shield persists, the target is healed for 33% of the shield's remaining strength every second.",Heal Self,,20,4590 Magicka,Area,Instant,Heal Others,,ON-skill-Steadfast Ward.jpg,Steadfast Ward and Ward Ally morph,,,"Cost: [4590 / 4500 / 4410 / 4320] Magicka. Call on your staff's strength to protect you and the lowest health ally around you with a damage shield that absorbs 6352 damage. The shield's strength is increased by up to 100%, depending on the severity of the target's wounds.",Ward Ally,41302,"Cast two shields instead of one, with one shield always on yourself. Reduces the cost as the ability ranks up.",Healing Ward,41320,Restoration Staff-Healing Ward,Heals target based on the shield's strength every second it persists.,Restoration Staff-Ward Ally,Magicka Cost,,6 seconds,,Magicka,,,28 meters,,,,,,,,,,
Online:Stealthy,Khajiit,Reduces your detection radius in stealth by 1 meter. Increases your damage done while in stealth by 3%.,Khajiit-Stealthy,45296,,,Passive Effect,Passive,Improve Stealth,Reduces your detection radius in stealth by 2 meters. Increases your damage done while in stealth by 6%.,Stealth Bonus,10,,,,,,20,,,36022,45295,,,,,,,,,,,,,,,,,,,,,Reduces your detection radius in stealth by 3 meters. Increases your damage done while in stealth by 10%.,40,45296,,,,
Online:Stitching,Clothing,Reduces research times by 5% and allows the research of two items at once.,Clothing-Stitching,58782,,,Crafting Effect,Passive,Reduce Research Time,Reduces research times by 10% and allows the research of two items at once.,,8,,,,,,18,,,48190,48191,,,,,,,,,,,,,,,,,,,,,Reduces research times by 20% and allows the research of three items at once.,28,48192,,,,
Online:Stonefist,Earthen Heart,"Roil the air around you or an ally, granting a damage shield that absorbs up to [5173] for 6 seconds. This ability scales off the higher of the higher of your Max Magicka or Stamina and is capped at 50% of the target's Max Health",,32194,1.5.2,* Obsidian Shard: Rank I of this ability now has the same travel speed as the other ranks.,Physical Damage,,Area of Effect,"Cost: 2295 Stamina, Target: Enemy. Draw forth magma from below to hurl at an enemy, dealing [1784] Flame Damage while applying a stack of Heat Shock, which increases the enemy's damage taken by [66] for 7 seconds per stack, up to 3 times. Hitting an enemy at max stacks of Heat Shock with this ability increases the damage done of the net cast of this ability within 6 seconds by [66]%, up to once every 6 seconds.",Stun,,1,4590 Magicka,Cone,Instant,Fire Damage,,ON-skill-Stonefist.jpg,Stonefist,,,"Roil the air around you or an ally, granting a damage shield that absorbs up to [5173] for 6 seconds and reducing the net instance of damage taken by 10%. When the sheild ends the latent heat warms the target, healing them for [1784] Health. This ability scales off the higher of the higher of your Max Magicka or Stamina and is capped at 50% of the target's Max Health",Volcanic Ward,32199,Adds damage reduction to the next attack. Heals when the shield ends.,Magma Fist,32205,Earthen Heart-Obsidian Shard,Converts into a Stamina ability that deals damage instead of shielding. Enemies hit take additional damage from all sources.,,Heal Self,,,Heal Others,Magicka,28 meters,Increase Damage Taken,,,,Stamina Cost,,,,Magicka Cost,,,
Online:Strands of the Lattice,Warrior's Banishment,"Zerith-var dislodges a spirit's tie to a corpse, releasing spiritual energy and dealing 787 Disease Damage every 2 seconds over 10 seconds to all enemies around the corpse, around themselves, and between them and the corpse. When this release ends, it causes the corpse to explode, dealing an additional 3150 Disease Damage to all enemies around the corpse. Used when Zerith-var has a corpse within the area.",Companion-Strands of the Lattice,,3.0.5,"* Fixed an issue where ranking up a summon ability (Unstable Familiar, Summon Winged Twilight, Feral Guardian, etc.) would unsummon your pet.",,Companion,,,,,11,11.6 seconds,Area,0.2 seconds,,,,,,,,,,,,,,,,,,,,,,,28 meters,Disease Damage,Area of Effect,,,,,,,,
Online:Strife,Siphoning,"Steal an enemy's life force, dealing [4100 / 4145 / 4190 / 4235] Magic Damage and healing you or a nearby ally for 50% of the damage inflicted every 2 seconds for 10 seconds.",Siphoning-Strife,35931,1.2.3,* Fixed an issue where the red glow from this ability would last longer than intended.,Magic Damage,,Heal Self,"Steal an enemy's life force, dealing [5717 / 5779 / 5842 / 5905] Magic Damage and healing you for 35% of the damage inflicted every 2 seconds for 10 seconds.",Heal Others,,1,2700 Magicka,Enemy,Instant,Leech Health,,ON-skill-Strife.jpg,Strife,,,"Steal an enemy's life force, dealing [4235 / 4281 / 4328 / 4374] Magic Damage and healing you or 3 other nearby allies for 50% of the damage inflicted every 2 seconds for 10 seconds.",Funnel Health,35941,Heals two additional targets.,Swallow Soul,35949,Siphoning-Swallow Soul,Increases the damage done but reduces the healing caused. Heal only targets yourself.,Siphoning-Funnel Health,Magicka Cost,,10 seconds,,Magicka,28 meters,,,,,,,,,,,,15 meters
Online:Strike from the Shadows,Vampire,"While you are at Vampire Stage 2 or higher When you leave Sneak, invisibility, or Mist Form your Weapon Damage and Spell Damage is increased by 150 for 6 seconds.",Vampire-Strike from the Shadows,46040,,,Passive Effect,Passive,Stealth Bonus,"While you are at Vampire Stage 2 or higher When you leave Sneak, invisibility, or Mist Form your Weapon Damage and Spell Damage is increased by 300 for 6 seconds.",Increase Weapon Damage,4,,,,,Increase Spell Damage,8,,,,,,,,,,,,,,,,,,,,,,,,,,,,,,,
Online:Subclassing,,,,,,,,,,,,,,,,,,,,,,,,,,,,,,,,,,,,,,,,,,,,,,,,,
Online:Summon Shade,Shadow,"Summon a shade version of yourself to attack an enemy and fight at your side for 20 seconds. The shade slashes at an enemy, dealing [1230 / 1243 / 1257 / 1270] Magic Damage once every 2 seconds, and inflicts Minor Maim for 4 seconds, reducing the enemy's damage done by 5%.",Shadow-Summon Shade,36313,1.1.2,* Dark Shades: This ability now deals more damage as the ability ranks up.,Summon,,Magic Damage,"Cost: 3780 Magicka. Summon a shade version of yourself to stay in place and attack an enemy from range for 20 seconds. The shade shoots at an enemy, dealing [1269 / 1282 / 1296 / 1310] Magic Damage every 2 seconds, and inflicts Minor Maim for 4 seconds, reducing the enemy's damage done by 5%. While the shade is summoned, you can activate this ability again for no cost to teleport to the shade's location.",Reduce Damage Dealt,,42,2970 Magicka,Self,Instant,Area of Effect,,ON-npc-Shade.jpg,A Shade,,,"Summon a shade version of yourself to attack an enemy and fight at your side for 20 seconds. The shade attacks nearby enemies within 9 meters of it, dealing [1651 / 1669 / 1687 / 1705] Magic Damage once every 2 seconds and afflicting them with Minor Maim for 4 seconds, reducing their damage done by 5%.",Dark Shade,36283,The summoned shade's attacks now hit in an area and deal increased damage.,Shadow Image,36298,Shadow-Shadow Image,The summoned shade now is stationary and attacks from a range but costs more. Activating the ability again while the shade is active allows you to teleport to its position.,Shadow-Dark Shade,Teleport,,20 seconds,Magicka Cost,Magicka,,,,,,,,,,,,,
Online:Summon Storm Atronach,Daedric Summoning,"Cost: [275 / 250 / 225 / 200] Ultimate. Summon an immobile storm atronach at the target location. Its arrival deals 6149 Shock Damage and stuns enemies for 3 seconds. The atronach zaps the closest enemy, dealing 3074 Shock Damage every 1 second. An ally near the atronach can activate the Charged Lightning Synergy synergy, granting nearby allies Major Berserk for 10 seconds, increasing their damage done by 10%.",Daedric Summoning-Summon Storm Atronach,30538,1.1.2,* The storm atronach summoned by this ability now increases in damage as the ability ranks up.,Summon,Ultimate,Shock Damage,"Radius: 8 meters. Summon an immobile storm atronach at the target location. Its arrival deals [6149 / 6216 / 6284 / 6351] Shock Damage and stuns enemies for 3 seconds. The atronach calls upon a lightning storm every 2 seconds, dealing [6149 / 6216 / 6284 / 6351] Shock Damage to enemies around it. Enemies hit are afflicted with the Concussion status effect. An ally near the atronach can activate the Charged Lightning Synergy synergy, granting nearby allies Major Berserk for 10 seconds, increasing their damage done by 10%.",Stun,,12,200 Ultimate,Ground,Instant,Area of Effect,,ON-creature-Summoned Storm Atronach.jpg,A Summoned Storm Atronach,,,"Summon an immobile storm atronach at the target location. Its arrival deals 6149 Shock Damage and stuns enemies for 3 seconds. The atronach zaps the closest enemy, dealing [3996 / 4039 / 4083 / 4127] Shock Damage every 1 second. An ally near the atronach can activate the Charged Lightning Synergy synergy, granting nearby allies Major Berserk for 10 seconds, increasing their damage done by 10%.",Greater Storm Atronach,30575,Increases the health and damage of the atronach.,Summon Charged Atronach,30553,Daedric Summoning-Summon Charged Atronach,"The atronach now uses a powerful area of effect attack, which always applies Concussion.",Daedric Summoning-Greater Storm Atronach,Damage Over Time,,15 seconds,Synergy,,28 meters,Increase Damage Dealt,6 meters,,,Ultimate Cost,,,,Apply Status Effect,,,
Online:Summon Unstable Familiar,Daedric Summoning,"Command the powers of Oblivion to send a Daedric familiar to fight at your side. The familiar's attacks deal [922 / 932 / 942 / 952] Shock Damage. Once summoned, you can activate the familiar's special ability for 3510 Magicka, dealing [1117 / 1129 / 1141 / 1153] Shock Damage every 2 seconds for 20 seconds to enemies near them. The familiar remains until killed or unsummoned.",Daedric Summoning-Summon Unstable Familiar,30641,1.2.3,* This ability's tooltip now mentions it also explodes when unsummoned.,Summon,,Shock Damage,"Command the powers of Oblivion to send a Daedric familiar to fight at your side. The familiar's attacks deal [952 / 962 / 972 / 983] Shock Damage. Once summoned, you can activate the familiar's special ability for 3510 Magicka, dealing [1154 / 1166 / 1179 / 1192] Shock Damage every 2 seconds for 20 seconds to enemies near them. The second hit stuns enemies hit for 3 seconds. The familiar remains until killed or unsummoned.",Damage Over Time,,1,3510 Magicka,Self,1.5 seconds,Physical Damage,,ON-creature-Unstable Familiar.jpg,An Unstable Familiar,,,"Command the powers of Oblivion to send a Daedric clannfear to fight at your side. The clannfear's headbutt deals [952 / 962 / 972 / 983] Physical Damage, while its tail spike hits nearby enemies for [952 / 962 / 972 / 983] Physical Damage after 1 second. Once summoned, you can activate the clannfear's special ability for 4320 Magicka, healing you for [4957 / 5011 / 5066 / 5120] and the clannfear for [2477 / 2505 / 2532 / 2559]. The clannfear remains until killed or unsummoned.",Summon Unstable Clannfear,30657,"Summons a clannfear instead of a familiar. Once summoned, you can activate the clannfear's special ability to heal you and the clannfear based on your Max Health. The clannfear's basic attacks deal Physical Damage.",Summon Volatile Familiar,30674,Daedric Summoning-Summon Volatile Familiar,"You summon a volatile familiar. Once summoned, you can activate the familiar's special ability to pulse area damage and stun enemies.",Daedric Summoning-Summon Unstable Clannfear,Heal Self,,,Area of Effect,Magicka,,Stun,,,,Magicka Cost,,,,,,,
Online:Summon Winged Twilight,Daedric Summoning,"Call on Azura to send a winged twilight to fight at your side. The winged twilight's zap deals [922 / 932 / 942 / 952] Shock Damage and its kick deals [922 / 932 / 942 / 952] Shock Damage. Once summoned, you can activate the winged twilight's special ability for 4590 Magicka, causing it to heal a friendly target for [9225 / 9326 / 9427 / 9529] and itself for [4608 / 4657 / 4709 / 4759]. The winged twilight remains until killed or unsummoned.",Daedric Summoning-Summon Winged Twilight,30587,1.1.2,* Rebate: Fixed an issue with this ability. It will now properly recover magicka when your Summoned Winged Twilight is killed.,Summon,,Shock Damage,"Call on Azura to send a twilight matriarch to fight at your side. The twilight matriarch's zap deals 952 Shock Damage and its kick deals 952 Shock Damage. Once summoned, you can activate the twilight matriarch's special ability for 4590 Magicka, causing it to heal 2 friendly targets for [9528 / 9632 / 9737 / 9842] and itself for [4764 / 4816 / 4868 / 4921]. The twilight matriarch remains until killed or unsummoned.",Heal Self,,20,3510 Magicka,Area,1.5 seconds,Heal Others,,ON-creature-Winged Twilight (Summoned).jpg,A Winged Twilight,,,"Target: Self. Call on Azura to send a twilight tormentor to fight at your side. The twilight tormentor's zap deals [1269 / 1282 / 1296 / 1310] Shock Damage and its kick deals [1269 / 1282 / 1296 / 1310] Shock Damage. Once summoned, you can activate the twilight tormentor's special ability for 2700 Magicka, causing it to deal 60% more damage to enemies above 50% Health for 20 seconds. The twilight tormentor remains until killed or unsummoned.",Summon Twilight Tormentor,30598,"You summon a twilight tormentor, which deals higher damage. Once summoned, you can activate the twilight's special ability to grant it a damage bonus to high health enemies.",Summon Twilight Matriarch,30626,Daedric Summoning-Summon Twilight Matriarch,"You summon a twilight matriarch. Once summoned, you can activate the twilight's special ability to heal the matriarch and up to 2 other friendly targets.",Daedric Summoning-Summon Twilight Tormentor,Reverse Execute,,,Magicka Cost,Magicka,,,,,,,,,,,,50%,28 meters
Online:Sun Brand,Blazing Might,"Isobel Veloise hurls a blazing ball of fire at an enemy, dealing 3150/6000 Flame Damage on impact and an additional 2360/4496 Flame Damage over 8 seconds.",Companion-Sun Brand,163452,3.0.5,"* Fixed an issue where ranking up a summon ability (Unstable Familiar, Summon Winged Twilight, Feral Guardian, etc.) would unsummon your pet.",,Companion,,,,,2,11.6 seconds,Enemy,0.2 seconds,,,,,,,,,,,,,,,,,High Isle,8 seconds,,,28 meters,,,Flame Damage,Damage Over Time,,,,,,,,
Online:Sun Fire,Dawn's Wrath,"Blast an enemy with a charge of radiant heat, dealing [3074 / 3107 / 3141 / 3175] Flame Damage, and an additional [9210 / 9300 / 9410 / 9510] Flame Damage over 20 seconds. Upon activation you gain Major Savagery and Major Prophecy for 20 seconds, increasing your Weapon Critical and Spell Critical rating by 2629.",Dawn's Wrath-Sun Fire,24171,1.2.3,"* This ability's damage-over-time now lasts 1 additional second, and deals 10% more damage.",Fire Damage,,Damage Over Time,"Area: 5 meters. Blast up to three enemies with a charge of radiant heat, dealing [3175 / 3209 / 3244 / 3279] Flame Damage, an additional 9520 Flame Damage over 20 seconds, and reducing their Movement Speed by 40% for 3 seconds. Upon activation you gain Major Savagery and Major Prophecy for 20 seconds, increasing your Weapon Critical and Spell Critical rating by 2629.",Weapon Critical,,1,2970 Magicka,Enemy,Instant,Spell Critical,,ON-skill-Sun Fire.jpg,Sun Fire,,,"Duration: 30 seconds. Blast an enemy with a charge of radiant heat, dealing 3175 Flame Damage, and an additional [14280 / 14430 / 14595 / 14745] Flame Damage over 30 seconds. Upon activation you gain Major Savagery and Major Prophecy for 30 seconds, increasing your Weapon Critical and Spell Critical rating by 2629.",Vampire's Bane,24180,Increases the duration.,Reflective Light,24195,Dawn's Wrath-Reflective Light,"Splits the projectile, allowing it to affect two additional nearby enemies. Briefly snares enemies hit.",Dawn's Wrath-Vampire's Bane,Reduce Movement Speed,,20 seconds,Multiple Targets,Magicka,28 meters,Magicka Cost,,,,,,,,,,,
Online:Sun Shield,Aedric Spear,"Surround yourself with solar rays, dealing [4612 / 4662 / 4713 / 4764] Magic Damage to nearby enemies and applying Minor Maim to them for 10 seconds, reducing their damage done by 5%. The rays then protect you, granting a damage shield that absorbs up to 4800 damage for 6 seconds, increasing by 10% for each enemy hit, up to 60%. This portion of the ability scales off your Max Health.",Aedric Spear-Sun Shield,27501,1.1.2,* Radiant Ward: Fixed an issue where this ability wasn't properly progressing as it ranked up. This results in a slight increase to its damage.,Magic Damage,,Area of Effect,"Radius: 8 meters. Surround yourself with solar rays, applying Minor Maim to nearby enemies for 10 seconds, reducing their damage done by 5%. You gain a damage shield that absorbs up to 4800 damage for 6 seconds, increasing by 10% for each enemy hit, up to 60%. This ability scales off your Max Health. When the shield expires it explodes, dealing [30 / 31 / 32 / 33]% of damage absorbed as Magic Damage to nearby enemies.",Reduce Damage Dealt,,42,4590 Magicka,Area,Instant,Damage Shield,,ON-skill-Sun Shield.jpg,A character affected by Sun Shield,,,"Cost: 4320 Magicka. Surround yourself with solar rays, dealing 4764 Magic Damage to nearby enemies and applying Minor Maim to them for 10 seconds, reducing their damage done by 5%. The rays then protect you, granting a damage shield that absorbs up to [4800 / 4852 / 4905 / 4958] damage for 6 seconds, increasing by 20% for each enemy hit, up to 120%. This portion of the ability scales off your Max Health.",Radiant Ward,27514,Has reduced cost and the shield is strengthened further for each enemy hit.,Blazing Shield,27530,Aedric Spear-Blazing Shield,"No longer deals damage to enemies on activation, instead deals damage when shield expires based on the amount it absorbed, and increases the radius.",Aedric Spear-Radiant Ward,Multiple Targets Hit Bonus,,6 seconds,Counter Attack,Magicka,,Magicka Cost,5 meters,,,,,,,,,,
Online:Sunder,Two Handed (Companion),"Your Companion slices all enemies in front of them with a mighty swing, dealing 1575 Physical Damage and an additional 1572 Physical Damage over 8 seconds.",Companion-Sunder,152512,3.0.5,"* Fixed an issue where ranking up a summon ability (Unstable Familiar, Summon Winged Twilight, Feral Guardian, etc.) would unsummon your pet.",,Companion,,,,,10,12 seconds,Cone,0.6 seconds,,,,,,,,,,,,,,,,,Blackwood,,,,,,7 meters,Physical Damage,Area of Effect,,,,,,Damage Over Time,,
Online:Sundering Swing,Volendrung,"Smash Volendrung into a structure, dealing 10000 Physical Damage every 0.8 seconds for 3 seconds.",Volendrung-Sundering Swing,117985,,,PvP Bonus,Artifact,Physical Damage,,Damage Over Time,,1,Free,Enemy,,No Cost,,ON-skill-Sundering Swing.jpg,Sundering Swing,,,,,,,,,,,,,,3 seconds,,Magicka,12 meters,,,,,,,,,,,,
Online:Superheated Ward,Earthen Heart,"Roil the air around you or an ally, granting a damage shield that absorbs up to [11998 / 12129 / 12260 / 12393] for 6 seconds. This ability scales off the higher of your Max Magicka or Stamina and is capped at 50% of the target's Max Health.",Earthen Heart-Superheated Ward,32194,1.5.2,* Obsidian Shard: Rank I of this ability now has the same travel speed as the other ranks.,Physical Damage,,Area of Effect,"Cost: 2295 Stamina, Range: 28 meters, Target: Enemy. Draw forth magma from below to hurl at an enemy, dealing [6352 / 6421 / 6491 / 6561] Flame Damage while applying a stack of Heat Shock, which increases the enemy's damage taken by 66 for 7 seconds per stack, up to 3 times. Hitting an enemy at max stacks of Heat Shock with this ability increases the damage done of the next cast of this ability within 6 seconds by 66%, up to once every 6 seconds.",Stun,,1,4590 Magicka,Cone,Instant,Fire Damage,,ON-skill-Superheated Ward.jpg,Superheated Ward,,,"Roil the air around you or an ally, granting a damage shield that absorbs up to 12396 for 6 seconds and reducing the next instance of damage taken by 10%. When the shield ends the latent heat warms the target, healing them for [4276 / 4323 / 4370 / 4417] Health. This ability scales off the higher of your Max Magicka or Stamina and the shield is capped at 50% of the target's Max Health.",Volcanic Ward,32199,Adds damage reduction to the next attack. Heals when the shield ends.,Magma Fist,32205,Earthen Heart-Magma Fist,Converts into a Stamina ability that deals damage instead of shielding. Enemies hit take additional damage from all sources.,Earthen Heart-Volcanic Ward,Heal Self,,,Heal Others,Magicka,,Increase Damage Taken,,,,Stamina Cost,,,,Magicka Cost,,,28 meters
Online:Supernatural Recovery,Vampire,(WHILE YOU HAVE VAMPIRISM STAGE 2 OR HIGHER) Increases your Magicka and Stamina Recovery by 5%.,Vampire-Supernatural Recovery,46041,2.1.4,* This passive now only works while any Vampire ability is slotted in your ability bar.,Passive Effect,Passive,Magicka Recovery,(WHILE YOU HAVE VAMPIRISM STAGE 2 OR HIGHER) Increases your Magicka and Stamina Recovery by 10%.,Stamina Recovery,4,,,,,,6,,,33095,46041,,,,,,,,,,,,,,,,,,,,,,,,,,,
Online:Surge,Storm Calling,"Duration: [30 / 31 / 32 / 33] seconds. Invoke Meridia's name to gain Major Brutality and Sorcery, increasing your Weapon Damage and Spell Damage by 20% for [30 / 31 / 32 / 33] seconds. While active, dealing Critical Damage heals you for 2550 Health. This effect can occur once every 1 second.",Storm Calling-Surge,30390,1.6.5,* This ability now applies the Major Brutality buff. * All ranks and morphs of this ability now provide healing when you land a critical strike. * Reduced the healing cooldown to 0.25 seconds from 1 second. * Power Surge: This ability now applies the Major Brutality and Major Sorcery buffs. * Critical Surge: This ability now correctly lists a 20-second duration in its tooltip.,Increase Weapon Damage,,Increase Spell Damage,"Invoke Meridia's name to gain Major Brutality and Sorcery, increasing your Weapon Damage and Spell Damage by 20% for 33 seconds. While active, dealing Critical Damage heals you for [3000 / 3100 / 3200 / 3300] Health. This effect can occur once every 1 second.",Heal Self,,30,4050 Magicka,Self,Instant,Heal Others,,ON-skill-Surge passive.jpg,Surge and its morphs' passive visual,,,"Area: [15 / 16 / 17 / 18] meters, Target: Area. Invoke Meridia's name to gain Major Brutality and Major Sorcery, increasing your Weapon Damage and Spell Damage by 20% for 33 seconds. While active, activating a Critical heal causes the ability to heal you and your allies around you for 2550 Health. This effect can occur once every 3 seconds.",Power Surge,30396,"The heal now heals in an area around you but with a longer cooldown, and only triggers off Critical healing.",Critical Surge,30406,Storm Calling-Critical Surge,Increases the healing.,Storm Calling-Power Surge,Magicka Cost,,33 seconds,,Magicka,,,,,,,,,,,,,
Online:Survivalist,Argonian (Companion),Increases Physical and Spell Resistance by 3% and healing done by 3%.,Companion-Survivalist,193973,3.0.5,"* Fixed an issue where ranking up a summon ability (Unstable Familiar, Summon Winged Twilight, Feral Guardian, etc.) would unsummon your pet.",,Companion Passive,,,,1,,,,,,,,,,,,,,,,,,,,,Necrom,,,,,,,Passive Effect,Increase Physical Resistance,,,,,,Increase Spell Resistance,,
Online:Swarm,Animal Companions,"Unleash a swarm of fetcherflies to relentlessly attack an enemy, dealing [12276 / 12419 / 12551 / 12694] Magic Damage over 20 seconds. The fetcherflies rip through the enemy's flesh, afflicting them with Minor Vulnerability for the duration, increasing their damage taken by 5%.",Animal Companions-Swarm,86026,3.3.5,* Fixed an issue where this ability and its morphs were not being considered damage over time effects for various passive bonuses or procs.,Magic Damage,,Damage Over Time,"Cost: 2525 Stamina, Area: 5 meters. Unleash a swarm of fetcherflies to relentlessly attack an enemy, causing them to bleed for [12661 / 12793 / 12936 / 13090] Bleed Damage over 20 seconds. The fetcherflies rip through the original enemy's flesh, afflicting them with Minor Vulnerability for the duration, increasing their damage taken by 5%. Enemies near the carrier take [1151 / 1163 / 1176 / 1190] Bleed Damage every 2 seconds for the duration. You can only have one Growing Swarm active at a time.",Increase Damage Taken,,20,2970 Magicka,Enemy,Instant,Increase Damage Dealt,,ON-skill-Swarm.jpg,Swarm and morphs' cast,,,"Unleash a swarm of fetcherflies to relentlessly attack an enemy, dealing [12661 / 12793 / 12936 / 13090] Magic Damage over 20 seconds. Every second cast of this ability deals 60% increased damage. The fetcherflies rip through the enemy's flesh, afflicting them with Minor Vulnerability for the duration, increasing their damage taken by 5%.",Fetcher Infection,86030,Every second cast deals increased damage.,Growing Swarm,86034,Animal Companions-Growing Swarm,"Converts into a Stamina ability and deals Bleed Damage. Deals additional damage to nearby enemies of the affected target, but limits the cast to one at a time.",Animal Companions-Fetcher Infection,Bleed Damage,Crown Store,20 seconds,Area of Effect,Magicka,28 meters,Magicka Cost,,,,Stamina Cost,,,,,,,
Online:Swift Assault,Dual Wield (Companion),"Your Companion floods an enemy with steel, battering them with five consecutive attacks that each deal 630 Physical Damage.",Companion-Swift Assault,152629,8.2.0,* Updated the Companion's Dual Wield ability Swift Assault to now use the same player animation as Flurry.,,Companion,,,,,1,8 seconds,Enemy,0.6 seconds,,,,,,,,,,,,,,,,,Blackwood,0.6 seconds,,,5 meters,,,Physical Damage,Multiple Strikes,,,,,,,,
Online:Swift Warrior,Orc,Increases your Weapon Damage and Spell Damage by 86. Reduces the cost of Sprint by 4% and increases the Movement Speed bonus of Sprint by 3%.,Orc-Swift Warrior,45312,2.1.4,"* Swift: Renamed this passive to Swift Warrior. Swift Warrior will no longer increase Charge attacks, but will instead increase all Melee Weapon attack damage by 2/3/4%. * Swift Warrior: Fixed an issue where this passive was not increasing damage for melee-class abilities.",Passive Effect,Passive,Increase Weapon Damage,Increases your Weapon Damage and Spell Damage by 127. Reduces the cost of Sprint by 8% and increases the Movement Speed bonus of Sprint by 6%.,Increase Spell Damage,25,,,,,Reduce Activity Cost,35,,,33304,45311,,,,,,,,,,Increase Movement Speed,,,,,,,,,,,Increases your Weapon Damage and Spell Damage by 258. Reduces the cost of Sprint by 12% and increases the Movement Speed bonus of Sprint by 10%.,50,45312,,,,
Online:Swiftly Forgotten,Thieves Guild,Bounty is decreased by 46 after 3 minutes. Heat is decreased by 36 after 3 seconds.,Thieves Guild-Swiftly Forgotten,76457,,,Passive Effect,Passive,Escape Justice,Bounty is decreased by 69 after 3 minutes. Heat is decreased by 46 after 3 seconds.,,2,,,,,,5,,,76454,76455,,,,,,,,,,,Thieves Guild,,,,,,,,,,Bounty is decreased by 92 after 3 minutes. Heat is decreased by 55 after 3 seconds.,8,76456,,,,
Online:Swoop,Beasts of the Hunt,"Sharp-as-Night commands a cliff racer to dive bomb an enemy, dealing 3150 Magic Damage. If they are more than 7 meters away from the target, they set them Off Balance for 7 seconds.",Companion-Swoop,186056,3.0.5,"* Fixed an issue where ranking up a summon ability (Unstable Familiar, Summon Winged Twilight, Feral Guardian, etc.) would unsummon your pet.",,Companion,,,,,1,12 seconds,Enemy,0.1 seconds,,,,,,,,,,,,,,,,,Necrom,,,,28 meters,,,Magic Damage,Off-Balance,,,,,,,,
Online:Sword and Board,One Hand and Shield,WITH ONE HAND WEAPON AND SHIELD EQUIPPED Increases your Weapon Damage and Spell Damage by 3% and the amount of damage you can block by 10%.,One Hand and Shield-Sword and Board,45452,,,Passive Effect,Passive,Increase Weapon Damage,WITH ONE HAND WEAPON AND SHIELD EQUIPPED Increases your Weapon Damage and Spell Damage by 5% and the amount of damage you can block by 20%.,Increase Spell Damage,10,,,,,Increase Block,25,,,29397,45452,,,,,,,,,,,,,,,,,,,,,,,,,,,
Online:Synergy,,,,,,,,,,,,,,,,,,,,,,,,,,,,,,,,,,,,,,,,,,,,,,,,Max,
Online:Syrabane's Boon,High Elf,Increases your Max Magicka by 600.,High Elf-Syrabane's Boon,117970,4.3.5,* Gift of Magnus: Gain 10% Max Magicka → Syrabane's Boon: Increases your Max Magicka by 2000.,Passive Effect,Passive,Increase Max Magicka,Increases your Max Magicka by 1200.,,10,,,,,,20,,,117968,117969,,,,,,,,,,,,,,,,,,,,,Increases your Max Magicka by 2000.,40,117970,,,,
Online:Tailoring,Clothing,Allows the use of Jute and Rawhide.,Clothing-Tailoring,70044,2.3.6,"* Monsters in scaled zones such as Cyrodiil, Wrothgar, and Hew's Bane will no longer drop a mixture of Rubedo Leather and Shadowhide if you have Rank 10 of the Tailoring passive. Instead, they will exclusively drop Rubedo Leather.",Crafting Effect,Passive,Crafting Quality,Allows the use of Flax and Hide.,,1,,,,,,5,,,47288,47289,,,,,,,,,,,,,,,,,,,,,Allows the use of Cotton and Leather.,10,47290,,,,
Online:Tannin Expertise,Clothing,Increases the chances of improving items with tannins.,Clothing-Tannin Expertise,48198,1.2.3,* Fixed a typo in the passive Tannin Expertise 1.,Crafting Effect,Passive,Increase Improvement Chance,Greatly increases the chances of improving items with tannins.,,10,,,,,,25,,,48196,48197,,,,,,,,,,,,,,,,,,,,,More than doubles the chances to improve items with tannins.,40,48198,,,,
Online:Teleport Strike,Assassination,"Flash through the shadows and ambush an enemy, dealing [4243 / 4289 / 4336 / 4383] Magic Damage and afflicting them with Minor Vulnerability for 10 seconds, increasing their damage taken by 5%.",Assassination-Teleport Strike,35871,1.5.2,* The tooltip for this ability now specifies that it immobilizes other player characters instead of stunning them.,Magic Damage,,Charge,"Cost: 3213 Stamina. Flash through the shadows and ambush an enemy, dealing [4383 / 4431 / 4479 / 4527] Physical Damage and afflicting them with Minor Vulnerability for 10 seconds, increasing their damage taken by 5%. Also grants you Empower and Minor Berserk for 10 seconds, increasing the damage of your Heavy Attacks against monsters by 150% and your damage done by 5%.",Increase Damage Taken,,4,3780 Magicka,Enemy,0.4 seconds,Area of Effect,,ON-skill-Teleport Strike.jpg,Teleport Strike,,,"Area: 6 meters. Flash through the shadows and ambush an enemy while unleashing a fan of knives, dealing 4383 Magic Damage to them and enemies around you. All enemies hit take an additional [5425 / 5485 / 5540 / 5605] Magic Damage over 5 seconds and are afflicted with Minor Vulnerability for 10 seconds, increasing their damage taken by 5%.",Lotus Fan,35882,"Now deals damage in an area around you, and deals additional damage over time to enemies hit.",Ambush,35898,Assassination-Ambush,Converts to a Stamina ability and deals Physical Damage. Also grants you Empower and Minor Berserk.,Assassination-Lotus Fan,Damage Over Time,,,Physical Damage,Magicka,22 meters,Empower,,,,Increase Damage Dealt,,,,Magicka Cost,,,
Online:Temper Expertise,Blacksmithing,Increases the chances of improving items with tempers.,Blacksmithing-Temper Expertise,48168,,,Crafting Effect,Passive,Increase Improvement Chance,Greatly increases the chances of improving items with tempers.,,10,,,,,,25,,,48166,48167,,,,,,,,,,,,,,,,,,,,,More than doubles the chances to improve items with tempers.,40,48168,,,,
Online:Tendrils of the Colorless Sea,Scholar of Apocrypha,"Azandar infuses their arm with abyssal arcanum and thrusts forward, dealing 1575 Physical Damage to enemies and applying Minor Vulnerability to them for 6 seconds, increasing the damage they take by 5%.",Companion-Tendrils of the Colorless Sea,191293,3.0.5,"* Fixed an issue where ranking up a summon ability (Unstable Familiar, Summon Winged Twilight, Feral Guardian, etc.) would unsummon your pet.",,Companion,,,,,2,11.6 seconds,Enemy,0.4 seconds,,,,,,,,,,,,,,,,,Necrom,,,,15 meters,,,Physical Damage,Increase Damage Taken,,,,,,,,
Online:The Imperfect Ring,Herald of the Tome,"Cost Determined by Lowest Max Resource Summon a flawed rune under an enemy that etches foes nearby with scrawled glyphs, dealing [12276 / 12419 / 12551 / 12694] Magic Damage over 20 seconds. An ally near the initial target can activate the Runebreak synergy, dealing 7380 Frost Damage to enemies within 7 meters.",Herald of the Tome-The Imperfect Ring,40185836,9.3.5,"* Increased the radius of this ability and the Fulminating Rune morph to 6 meters, up from 5, to better match their visual effects. The Runebreak synergy from all versions of this ability is now also 6 meters, up from 5. ** Rune of Displacement (morph): Increased the radius of this morph to 10 meters, up from 8, to better match its visual effects.",Magicka Cost,,Stamina Cost,"Cost Determined by Lowest Max Resource Summon an explosive rune under an enemy that etches foes nearby with scrawled glyphs, dealing 12661 Magic Damage over 20 seconds. The rune lingers on the initial target for 6 seconds before detonating, dealing [3809 / 3851 / 3894 / 3934] Frost Damage to enemies within 7 meters. Rune detonation cannot be primed with Fulminating Rune again for 6 seconds. Up to 3 allies near the initial target can activate the Runebreak synergy, dealing 7380 Frost Damage to enemies within 7 meters.",Magic Damage,,42,3510 Stamina,Enemy,Instant,Frost Damage,,ON-skill-The Imperfect Ring.jpg,"The Imperfect Ring, its morphs and Runebreak synergy's visual",,,"Duration: 18 seconds, Radius: 10 meters. Cost Determined by Lowest Max Resource Summon a discharging rune under an enemy. After 2 seconds the rune pulses, pulling in foes between 2 to 10 meters and etching them with scrawled glyphs that deal [12670 / 12800 / 12940 / 13080] Magic Damage over 18 seconds. An ally near the initial target can activate the Runebreak synergy, dealing 7380 Frost Damage to enemies within 7 meters.",Rune of Displacement,40185839,Places a rune under the target that deals damage and pulls nearby enemies after a delay.,Fulminating Rune,40182988,Herald of the Tome-Fulminating Rune,Deals additional area damage after a delay. Up to 3 allies can use the Runebreak synergy.,Herald of the Tome-Rune of Displacement,Area of Effect,,20 seconds,Damage Over Time,Magicka or Stamina,22 meters,Synergy,5 meters,,,Pull,,,,,,,
Online:The Storm Voice,Draconic Power,"The syllables of that ancient tongue live in the mouth of every Dragonknight. When you cast an Ultimate ability, you restore 8 Health, 8 Magicka, and 8 Stamina for every Ultimate spent. Each Dragonknight ability slotted increases this value by 3. Current amount: 8 Health 8 Magicka 8 Stamina",Draconic Power-The Storm Voice,44953,,,,Passive,,"The syllables of that ancient tongue live in the mouth of every Dragonknight. When you cast an Ultimate ability, you restore 16 Health, 16 Magicka, and 16 Stamina for every Ultimate spent. Each Dragonknight ability slotted increases this value by 6. Current amount: 16 Health 16 Magicka 16 Stamina",,39,,,,,,50,,,,,,,,,,,,,,,,,,,,,,,,,,,,,,,
Online:The Triune Word,Scholar of Apocrypha,"Azandar crafts a trio of runes before launching them at an enemy, dealing 1050 Magic Damage three times.",Companion-The Triune Word,191273,3.0.5,"* Fixed an issue where ranking up a summon ability (Unstable Familiar, Summon Winged Twilight, Feral Guardian, etc.) would unsummon your pet.",,Companion,,,,,1,7.8 seconds,Enemy,0.4 seconds,,,,,,,,,,,,,,,,,Necrom,,,,22 meters,,,Magic Damage,Multiple Strikes,,,,,,,,
Online:The Unblinking Eye,Herald of the Tome,Tear open the fabric of the Aurbis to summon a scion of Hermaeus Mora. This being casts forth a beam that rends asunder reality for 6 seconds and deals [2950 / 2981 / 3013 / 3046] Magic Damage to enemies within 5 meters every 0.5 seconds. The scion's beam can be repositioned by recasting The Unblinking Eye.,Herald of the Tome-The Unblinking Eye,40189791,,,Magic Damage,Ultimate,Area of Effect,"Tear open the fabric of the Aurbis to summon a scion of Hermaeus Mora. This being casts forth a beam that rends asunder reality for 6 seconds that deals 3046 Magic Damage to enemies within 5 meters every 0.5 seconds and snares them by [35 / 40 / 45 / 50]% for 3 seconds. Every 0.5 seconds, the beam's damage increases by 7%. The scion's beam can be repositioned by recasting The Languid Eye.",Damage Over Time,,12,175 Ultimate,Ground,Instant,Reduce Movement Speed,,ON-skill-The Unblinking Eye.jpg,The Unblinking Eye and The Languid Eye morph visual,,,"Duration: 8 seconds, Target: Enemy. Tear open the fabric of the Aurbis to summon a scion of Hermaeus Mora. This being casts forth a beam that rends asunder reality for 8 seconds that deals [3046 / 3081 / 3113 / 3146] Magic Damage to enemies within 5 meters every 0.5 seconds. The scion's beam automatically follows the initial target, and hunts for a new one within 8 meters if it is slain.",The Tide King's Gaze,40189837,"Beam duration is increased, automatically follows the initial target, and searches for new targets if it is slain.",The Languid Eye,40189867,Herald of the Tome-The Languid Eye,Also applies a snare to enemies hit and damage increases over time.,Herald of the Tome-The Tide King's Gaze,Ultimate Cost,,6 seconds,,,15 meters,,,,,,,,,,,,5 meters
Online:Third Moon's Chosen,Khajiit (Companion),Decreases ability cooldowns by 3% and increases Health by 3%.,Khajiit-Lunar Blessings,,3.0.5,"* Fixed an issue where ranking up a summon ability (Unstable Familiar, Summon Winged Twilight, Feral Guardian, etc.) would unsummon your pet.",,Companion Passive,,,,1,,,,,,,,,,,,,,,,,,,,,,,,,,,,Passive Effect,Reduce Cooldown,,,,,,Increase Max Health,,
Online:Thunderous Strike,Lightning Caller,"Ember calls down an explosion of lightning to finish off an enemy, dealing 9734/18540 Shock Damage and an additional 3245/6180 Shock Damage to other nearby enemies. Used when the enemy is below 25% Health.",Companion-Thunderous Strike,164291,3.0.5,"* Fixed an issue where ranking up a summon ability (Unstable Familiar, Summon Winged Twilight, Feral Guardian, etc.) would unsummon your pet.",,Companion,,,,,11,16 seconds,Enemy,Instant,,,,,,,,,,,,,,,,,High Isle,,,,28 meters,,,Shock Damage,Area of Effect,,,,,,Execute,,
Online:Time Stop,Psijic Order,"Cost: [8100 / 8010 / 7920 / 7830] Magicka. Freeze the passage of time at the target location, gradually reducing the Movement Speed of enemies in the area during the channel before finally stunning them in place for 3 seconds when the channel completes.",Psijic Order-Time Stop,40103488,4.3.5,"* Increased the base cost of this ability to 8100 from 4590. Keep in mind that this is before the passive cost reduction from the skill line, or the passive cost reduction from the ability rank up. ** Developer Comment: Time Stop is an incredibly powerful ability that allows large areas to be controlled by the caster, and we've noticed that a core contributing factor to the ability's strength is the low cost and high uptime a single user can have. With this change, we want to ensure Time Stop is still powerful, but incurs a high risk of loss of resources to prevent it from being used too often. The cost is based off our other PvP-based abilities such as Purge or Rapid Maneuvers, as this ability is primarily best suited for PvP environments. We will continue to monitor the performance overall to determine if additional changes are needed in the future.",Reduce Movement Speed,,Stun,"Casting Time: Instant, Channel Time:, Cost: [7830 / 7740 / 7650 / 7560] Magicka, Duration: 4 seconds. Freeze the passage of time at the target location, gradually reducing the Movement Speed of enemies in the area over 4 seconds before finally stunning them in place for 3 seconds when the duration completes.",Area of Effect,,2,7830 Magicka,Ground,,Reduce Healing,,ON-skill-Time Stop.jpg,Time Stop used on a pair of Goblins. Note the blue aura around them signifying they're stunned.,,,"Freeze the passage of time at the target location, gradually reducing the Movement Speed of enemies in the area during the channel before finally stunning them in place for 3 seconds when the channel completes. Enemies that are stunned gain [4700 / 4800 / 4900 / 5000] Heal Absorption for 3 seconds, negating the next [4700 / 4800 / 4900 / 5000] points of healing done.",Borrowed Time,40104059,Negates healing done on enemies that are stunned.,Time Freeze,40104079,Psijic Order-Time Freeze,"Removes the cast time, but it takes longer to stun enemies. Reduces the cost as the ability ranks up.",Psijic Order-Borrowed Time,Magicka Cost,Summerset,,,Magicka,28 meters,,8 meters,,,,,,,,,,
Online:Timely Escape,Thieves Guild,"When you have Bounty and are in combat, you have a chance to spot a ""Footpad"" in a town with a Refuge. Interacting with the Footpad will transport the player safely into the nearest Refuge.",Thieves Guild-Timely Escape,76452,,,Passive Effect,Passive,Escape Justice,,,7,,,,,,,ON-npc-Footpad.jpg,A Footpad,,,,,,,,,,,,,Thieves Guild,,,,,,,,,,,,,,,,
Online:Tome-Bearer's Inspiration,Herald of the Tome,"Etch a series of runes onto your weapon that pulse with power once every 5 seconds. Each pulse enhances your class abilities, and striking an enemy with one deals an additional [3072 / 3105 / 3138 / 3174] Magic Damage and generates Crux if you have none. While slotted on either ability bar, gain Major Brutality and Major Sorcery, increasing your Weapon Damage and Spell Damage by 20%.",Herald of the Tome-Tome-Bearer's Inspiration,40186452,,,Magicka Cost,,Magic Damage,"Etch a series of runes onto your weapon that pulse with power once every 5 seconds. Each pulse enhances your class abilities, and striking an enemy with one deals an additional 3175 Magic Damage, restores [510 / 540 / 570 / 600] Magicka and Stamina, and generates Crux if you have none. While slotted on either ability bar, gain Major Brutality and Major Sorcery, increasing your Weapon Damage and Spell Damage by 20%.",Area of Effect,,30,4455 Magicka,Self,Instant,Restore Magicka,,ON-skill-Tome-Bearer's Inspiration.jpg,Tome-Bearer's Inspiration,,,"Etch a series of runes onto your weapon that pulse with power once every 3 seconds. Each pulse enhances your class abilities, and striking an enemy with one deals an additional [2477 / 2502 / 2529 / 2558] Magic Damage and generates Crux if you have none. While slotted on either ability bar, gain Major Brutality and Major Sorcery, increasing your Weapon Damage and Spell Damage by 20%.",Inspired Scholarship,40185842,Increases the frequency of damage.,Recuperative Treatise,40183047,Herald of the Tome-Recuperative Treatise,"When dealing damage, restore Magicka and Stamina.",Herald of the Tome-Inspired Scholarship,Restore Stamina,,30 seconds,Increase Weapon Damage,Magicka,,Increase Spell Damage,,,,Slotted Effect,,,,Damage Over Time,,,
Online:Torchbearer,,,,,,,,,,,,,,,,,,,,,,,,,,,,,,,,,,,,,,,,,,,,,,,,4343,
Online:Tough,Imperial,Increases your Max Health by 600.,Imperial-Tough,50907,4.3.5,* Gain 12% Max Health → Increases your Max Health by 2000.,Passive Effect,Passive,Increase Max Health,Increases your Max Health by 1200.,,5,,,,,,15,,,50903,50906,,,,,,,,,,,Imperial Edition,,,,,,,,,,Increases your Max Health by 2000.,30,50907,,,Maximum,
Online:Tough (Companion),Imperial (Companion),Increases Max Health by 3% and damage done by 3%.,Companion-Tough,157245,3.0.5,"* Fixed an issue where ranking up a summon ability (Unstable Familiar, Summon Winged Twilight, Feral Guardian, etc.) would unsummon your pet.",,Companion Passive,,,,1,,,,,,,,,,,,,,,,,,,,,Blackwood,,,,,,,Passive Effect,Increase Max Health,,,,,,Increase Damage Dealt,,
Online:Trafficker,Legerdemain,Increases the number of fence interactions you can use each day by 120%.,Legerdemain-Trafficker,63810,,,Passive Effect,Passive,Improved Fencing,Increases the number of fence interactions you can use each day by 140%.,,3,,,,,,8,,,63807,63808,,,,,,,,,,,,,,,,,,,,,Increases the number of fence interactions you can use each day by 160%.,13,63809,,,,
Online:Trample,,,,,,,,,,,,,,,,,,,,,,,,,,,,,,,,,,,,,,,,,,,,,,,,,
Online:Transfer,Siphoning,Casting a Siphoning ability while in combat generates 1 Ultimate. This effect can occur once every 4 seconds.,Siphoning-Transfer,45145,1.6.5,* This passive now grants additional Ultimate (only while gaining Ultimate) after casting Siphoning abilities.,Passive Effect,Passive,Ultimate Gain,Casting a Siphoning ability while in combat generates 2 Ultimate. This effect can occur once every 4 seconds.,,39,,,,,,50,,,36587,45145,,,,,,,,,,,,,,,,,,,,,,,,,,,
Online:Trap Beast,Fighters Guild,"Set a sharpened blade trap at your location, which takes 1.5 seconds to arm and lasts for 20 seconds. When triggered, the trap deals [3072 / 3105 / 3138 / 3174] Bleed Damage, an additional [9220 / 9320 / 9420 / 9520] Bleed Damage over 20 seconds, and grants you Minor Force, increasing your Critical Damage by 10% for the duration. Enemies who activate the trap are immobilized for 2 seconds.",Fighters Guild-Trap Beast,42720,1.3.3,* You will now face the targeted area when casting this ability.,Trap,,Bleed Damage,"Cost: [3240 / 3150 / 3060 / 2970] Stamina, Range: 28 meters, Target: Ground. Launch a sharpened blade trap at a target location, which takes 1.5 seconds to arm and lasts for 20 seconds. When triggered, the trap deals 3175 Bleed Damage, an additional 9520 Bleed Damage over 20 seconds, and grants you Minor Force, increasing your Critical Damage by 10% for the duration. Enemies who activate the trap are immobilized for 2 seconds.",Damage Over Time,,8,3240 Stamina,Area,Instant,Increase Critical Damage,,ON-skill-Trap Beast.jpg,A trap placed by Trap Beast,,,"Set a sharpened blade trap at your location, which takes 1.5 seconds to arm and lasts for 20 seconds. When triggered, the trap deals [3809 / 3851 / 3894 / 3934] Bleed Damage, an additional [9520 / 9620 / 9720 / 9830] Bleed Damage over 20 seconds, and grants you Minor Force, increasing your Critical Damage by 10% for the duration. Enemies hit by the initial hit are afflicted with the Hemorrhaging status effect. Enemies who activate the trap are immobilized for 2 seconds.",Barbed Trap,42747,"Increases the damage done by the initial hit, and it always applies the Hemorrhaging status effect.",Lightweight Beast Trap,42771,Fighters Guild-Lightweight Beast Trap,The trap can be thrown up to 28 meters away. Reduces the cost as the ability ranks up.,Fighters Guild-Barbed Trap,Immobilize,,20 seconds,Stamina Cost,Stamina,,,2.5 meters,,,,,,,,,,
Online:Trapping Webs,Undaunted,"Hurl webs to ensnare your foes, reducing the Movement Speed of enemies in the area by 50% and dealing [4608 / 4657 / 4709 / 4759] Physical Damage. After 10 seconds the webs explode, dealing [6147 / 6214 / 6281 / 6350] Poison Damage to enemies within. A ranged ally can activate the Spawn Broodling synergy on an affected enemy, dealing 6149 Poison Damage to them and summoning a spider to attack for 10 seconds. The spider bites enemies for 1845 Physical Damage.",Undaunted-Trapping Webs,43541,1.6.5,* Increased the damage dealt by this ability by 25%. * The Synergy now applies to targets who are immune to crowd control effects.,Reduce Movement Speed,,Physical Damage,"Hurl webs to ensnare your foes, reducing the Movement Speed of enemies in the area by 50% and dealing 4765 Physical Damage. After 10 seconds the webs explode, dealing 6351 Poison Damage to enemies within. A ranged ally can activate the Arachnophobia Synergy Spawn Broodlings synergy on an affected enemy, dealing 6149 Poison Damage to them, fearing them for [3 / 3.3 / 3.7 / 4] seconds, and summoning a spider to attack for 10 seconds. The spider bites enemies for 1845 Physical Damage.",Area of Effect,,2,2984 Stamina,Ground,Instant,Poison Damage,,ON-skill-Trapping_Webs.jpg,Trapping Webs,,,"Hurl webs to ensnare your foes, reducing the Movement Speed of enemies in the area by 50% and dealing [4765 / 4816 / 4869 / 4921] Physical Damage. After 10 seconds the webs explode, dealing [6351 / 6420 / 6489 / 6559] Poison Damage to enemies within. A ranged ally can activate the Black Widow synergy on an affected enemy, dealing 6149 Poison Damage to them and summoning a spider to attack for 10 seconds. The spider bites enemies for 1845 Physical Damage and can poison them for 12294 Poison Damage over 10 seconds.",Shadow Silk,43489,"The synergy summons a more powerful spider, which deals additional damage over time.",Tangling Webs,43477,Undaunted-Tangling Webs,The synergy also fears the enemy.,Undaunted-Shadow Silk,Synergy,,10 seconds,Summon,Stamina,28 meters,Damage Over Time,4 meters,,,Fear,,,,Stamina Cost,,,
Online:Traumatic Burns,Ardent Flame,"Fire cares not for love, or coin, or creed. It consumes. Dealing direct damage with an Ardent Flame ability causes the target to take 5% increased Flame Damage and reduces their Movement Speed by 15% for 5 seconds.",Ardent Flame-Traumatic Burns,45012,,,,Passive,,"Fire cares not for love, or coin, or creed. It consumes. Dealing direct damage with an Ardent Flame ability causes the target to take 5% increased Flame Damage and reduces their Movement Speed by 30% for 5 seconds.",,14,,,,,,27,,,,,,,,,,,,,,,,,,,,,,,,,,,,,,,
Online:Traveling Knife,,,,,,,,,,,,,,,,,,,,,,,,,,,,,,,,,,,,,,,,,,,,,,,,600,
Online:Tri Focus,Destruction Staff,"With Destruction Staff Equipped Fully-charged Inferno Staff Heavy Attacks deal an additional 6110 Flame Damage over 20 seconds. Fully-charged Lightning Staff Heavy Attacks damage nearby enemies for 50% of the damage done. Fully-charged Ice Staff Heavy Attacks grant you a damage shield that absorbs 2640 damage. This effect scales off your Max Health. While an Ice Staff is equipped, blocking costs Magicka instead of Stamina.",Destruction Staff-Tri Focus,45500,1.1.2,* Increased the amount of splash damage from shock effects that this passive ability gives.,Passive Effect,Passive,Heavy Attack Bonus,"With Destruction Staff Equipped Fully-charged Inferno Staff Heavy Attacks deal an additional 12280 Flame Damage over 20 seconds. Fully-charged Lightning Staff Heavy Attacks damage nearby enemies for 100% of the damage done. Fully-charged Ice Staff Heavy Attacks grant you a damage shield that absorbs 5280 damage. This effect scales off your Max Health. While an Ice Staff is equipped, blocking costs Magicka instead of Stamina.",Fire Damage,5,,,,,Damage Over Time,34,,,30948,45500,,,,,,,,,,Area of Effect,,,Increase Block,,,Damage Shield,,,,,,,,,,,
Online:Trick Shot,Bow (Companion),"Your Companion fires a burst of arrows to pin enemies in front of them, dealing 1575 Physical Damage and immobilizing them for 4 seconds.",Companion-Trick Shot,152701,3.0.5,"* Fixed an issue where ranking up a summon ability (Unstable Familiar, Summon Winged Twilight, Feral Guardian, etc.) would unsummon your pet.",,Companion,,,,,10,16 seconds,Cone,0.2 seconds,,,,,,,,,,,,,,,,,Blackwood,,,,,,20 meters,Physical Damage,Area of Effect,,,,,,Immobilize,,
Online:Trickster's Trap,Mischievous Caster,"Ember dazzles an enemy in a ball of magic, stunning them for 3 seconds.",Companion-Trickster's Trap,165865,3.0.5,"* Fixed an issue where ranking up a summon ability (Unstable Familiar, Summon Winged Twilight, Feral Guardian, etc.) would unsummon your pet.",,Companion,,,,,14,8 seconds,Enemy,0.6 seconds,,,,,,,,,,,,,,,,,High Isle,3 seconds,,,28 meters,,,Stun,,,,,,,,,
Online:Triptych Physic,Revitalizing Researcher,"Azandar launches a trio of restorative runes at themselves or an ally, healing for 1050 Health three times. Used when Azandar or an ally is below 75% Health.",Companion-Triptych Physic,192574,3.0.5,"* Fixed an issue where ranking up a summon ability (Unstable Familiar, Summon Winged Twilight, Feral Guardian, etc.) would unsummon your pet.",,Companion,,,,,1,7.8 seconds,Area,0.6 seconds,,,,,,,,,,,,,,,,,Necrom,,,,,,28 meters,Heal Self,Heal Others,,,,,,,,
Online:Trowel,Excavation,Removes 3 layers of dirt or rock from a 1x1 area. Costs 2 Intuition to use.,Excavation-Trowel,140093,,,Passive Effect,Passive,Antiquities,Removes 3 layers of dirt or rock from a 1x1 area. Costs 2 Intuition to use. Can safely trigger Fissures to create explosive chain reactions.,,2,,,,,,7,,,,,,,,,,,,,,,Greymoor,,,,,,,,,,,,,,,,
Online:Tundra's Maw,Class Mastery,"Expose your enemies to unrelenting cold. Applying Chill to an enemy also applies Major Brittle for 2 seconds, increasing their Critical Damage taken by 20%.",Winter's Embrace-Frozen Armor,263519,12.0.0,*Tundra's Maw: This passive upgrades the Chilled status effect to also apply Major Brittle for 2 seconds upon application.,,Passive,,,,1,,,,,,,,,,,,,,,,,,,,,,,,,,,,,,,,,,,,,
Online:Twilight Mantle,Living Shade,"Mirri Elendis shrouds themselves in refreshing shadows, healing for 25% of their Max Health and becoming invisible for 3 seconds. Used when Your Companion is below 50% Health.",Companion-Twilight Mantle,157201,3.0.5,"* Fixed an issue where ranking up a summon ability (Unstable Familiar, Summon Winged Twilight, Feral Guardian, etc.) would unsummon your pet.",,Companion,,,,,14,16 seconds,Self,0.3 seconds,,,,,,,,,,,,,,,,,Blackwood,3 seconds,,,,,,Invisibility,Heal Self,,,,,,,,
Online:Twin Blade and Blunt,Dual Wield,WHILE DUAL WIELDING Grants a bonus based on the type of weapon equipped: Each axe increases your Critical Damage done by 3%. Each mace increases your Offensive Penetration by 743. Each sword increases your Weapon Damage and Spell Damage by 64. Each dagger increases your Critical Chance rating by 328.,Dual Wield-Twin Blade and Blunt,45482,1.2.3,* This passive ability now scales based on weapon damage instead of spell damage.,Passive Effect,Passive,Increase Critical Damage,WHILE DUAL WIELDING Grants a bonus based on the type of weapon equipped: Each axe increases your Critical Damage done by 6%. Each mace increases your Offensive Penetration by 1487. Each sword increases your Weapon Damage and Spell Damage by 129. Each dagger increases your Critical Chance rating by 657.,Physical Penetration,41,,,,,Spell Penetration,50,,,30893,45482,,,,,,,,,,Increase Weapon Damage,,,Increase Spell Damage,,,Weapon Critical,,,,Spell Critical,,,,,,,
Online:Twin Slashes,Dual Wield,"Slice an enemy with both weapons to cause deep lacerations, dealing [1537 / 1553 / 1570 / 1587] Bleed Damage with each weapon and causing them to bleed for an additional [9210 / 9300 / 9410 / 9510] Bleed Damage over 20 seconds.",Dual Wield-Twin Slashes,40664,1.4.3,* Fixed an issue where you could get a movement speed bonus if this ability was activated when your target was out of range.,Bleed Damage,,Multiple Strikes,"Slice an enemy with both weapons to cause deep lacerations, dealing 1587 Bleed Damage with each weapon and causing them to bleed for an additional 9520 Bleed Damage over 20 seconds. You heal for [952 / 962 / 973 / 983] Health anytime this ability deals damage.",Damage Over Time,,4,2700 Stamina,Enemy,Instant,Apply Status Effect,,ON-skill-Twin_Slashes.jpg,Twin Slashes,,,"Slice an enemy with both weapons to cause deep lacerations, dealing [1905 / 1925 / 1946 / 1967] Bleed Damage with each weapon and causing them to bleed for an additional 9520 Bleed Damage over 20 seconds. Enemies hit by the initial hit are afflicted with the Hemorrhaging status effect. You also reduce their Movement Speed by 30% for 4 seconds.",Rending Slashes,40675,"Increases the initial damage, applies the Hemorrhaging status effect, and reduces the enemy's Movement Speed.",Blood Craze,40687,Dual Wield-Blood Craze,Whenever an enemy is damaged from the attack you are healed.,Dual Wield-Rending Slashes,Reduce Movement Speed,,20 seconds,Heal Self,Stamina,7 meters,Stamina Cost,,,,,,,,,,,
Online:Ulfsild's Contingency,,,,,,,,,,,,,,,,,,,,,,,,,,,,,,,,,,,,,,,,,,,,,,,,6233,
Online:Unbound Potential,Class Mastery,"Surpass your limits in the fieldwork of battle. Upgrades rank 2 of Fated Fortune to also increase your damage done by 30%, halving against players, for the duration.",Herald of the Tome-Psychic Lesion,263410,12.0.5,*Unbound Potential: This passive upgrades rank 2 of Fated Fortune to also increase your damage done by 30% (15% against players) for 7 seconds.,,Passive,,,,1,,,,,,,,,,,,,,,,,,,,,,,,,,,,,,,,,,,,,
Online:Undaunted Command,Undaunted,"Activating a synergy restores 2% of your Max Health, Stamina, and Magicka.",Fighters Guild-Intimidating Presence,55676,1.5.2,"* Undaunted: ** Added two new passives to this skill line: *** Undaunted Command: This passive will now allow you to regain health, magicka, and stamina when activating a synergy ability. *** Undaunted Mettle: This passive increases your health, magicka, and stamina when wearing different types of armor.",Passive Effect,Passive,Heal Self,"Activating a synergy restores 4% of your Max Health, Stamina, and Magicka.",Restore Stamina,6,,,,,Restore Magicka,8,,,55584,55676,,,,,,,,,,,,,,,,,,,,,,,,,,,
Online:Undaunted Mettle,Undaunted,"Increases your Max Health, Stamina, and Magicka by 1% per type of Armor (Heavy, Medium, Light) that you have equipped.",Heavy Armor-Constitution,55386,1.5.2,"* Undaunted: ** Added two new passives to this skill line: *** Undaunted Command: This passive will now allow you to regain health, magicka, and stamina when activating a synergy ability. *** Undaunted Mettle: This passive increases your health, magicka, and stamina when wearing different types of armor.",Passive Effect,Passive,Heavy Armor Boost,"Increases your Max Health, Stamina, and Magicka by 2% per type of Armor (Heavy, Medium, Light) that you have equipped.",Medium Armor Boost,7,,,,,Light Armor Boost,9,,,55366,55386,,,,,,,,,,Increase Max Health,,,Increase Max Stamina,,,Increase Max Magicka,,,,,,,,,,,
Online:Undead Confederate,Living Death,"While you have a Sacrificial Bones, Skeletal Mage, or Spirit Mender active, your Health, Magicka, and Stamina Recovery is increased by 77.",Living Death-Undead Confederate,116283,11.0.5,"* This passive now increases your Health, Magicka, and Stamina Recovery by 77/155 while a Necromantic pet is active, down from 100/200.",Passive Effect,Passive,Health Recovery,"While you have a Sacrificial Bones, Skeletal Mage, or Spirit Mender active, your Health, Magicka, and Stamina Recovery is increased by 155.",Magicka Recovery,39,,,,,Stamina Recovery,50,,,116282,116283,,,,,,,,,,,Elsweyr,,,,,,,,,,,,,,,,
Online:Undeath,Vampire,While you are at Vampire Stage 3 or higher Reduces your damage taken by up to 7% based on your missing Health.,Vampire-Undeath,33090,1.3.3,"* Reduced the passive Undeath's damage reduction to 33%, and adjusted the tooltip accordingly.",Passive Effect,Passive,Reduce Damage Taken,While you are at Vampire Stage 3 or higher Reduces your damage taken by up to 15% based on your missing Health.,Near Death Effect,6,,,,,,9,,,33096,46040,,,,,,,,,,,,,,,,,,,,,,,,,,,
Online:Undo,Psijic Order,"Cost: [180 / 175 / 170 / 165] Ultimate. Step backwards in time, resetting your Health, Magicka, Stamina, and position to what they were 4 seconds ago.",Psijic Order-Undo,40103478,4.0.9,"* You can no longer cast this ability and its morphs while you are carrying a Chaosball or Relic in Battlegrounds, or an Elder Scroll in Cyrodiil.",Heal Self,Ultimate,Restore Magicka,"Cost: [165 / 160 / 155 / 150] Ultimate. Step backwards in time, resetting your Health, Magicka, Stamina, and position to what they were 4 seconds ago. While slotted you gain Minor Protection, reducing your damage taken by 5%.",Restore Stamina,,10,165 Ultimate,Self,Instant,Teleport,,ON-skill-Undo.jpg,Undo,,,"Cost: [165 / 160 / 155 / 150] Ultimate. Step backwards in time, resetting your Health, Magicka, Stamina, and position to what they were 4 seconds ago. You can cast this ability while you are crowd controlled and it automatically grants you Crowd Control Immunity.",Precognition,40103557,You can cast the ability while crowd controlled and will automatically gain Crowd Control Immunity.,Temporal Guard,40103564,Psijic Order-Temporal Guard,While slotted your damage taken is reduced.,Psijic Order-Precognition,Immunity,Summerset,,Slotted Effect,,,Reduce Damage Taken,,,,Ultimate Cost,,,,,,,
Online:Unflinching Rage,Orc,"Increases your Max Health by 300. When you deal damage, you heal for 700 Health. This can occur once every 4 seconds.",Orc-Unflinching Rage,84672,2.5.5,"* Robust: This passive ability has been renamed to ""Unflinching."" It now increases your Health Recovery by 6/13/20%, down from 10/20/30% and your healing received by 1/3/5%.",Passive Effect,Passive,Increase Max Health,"Increases your Max Health by 600. When you deal damage, you heal for 1400 Health. This can occur once every 4 seconds.",Heal Self,10,,,,,,20,,,84668,84670,,,,,,,,,,,,,,,,,,,,,"Increases your Max Health by 1000. When you deal damage, you heal for 2125 Health. This can occur once every 4 seconds.",40,84672,,,Max,
Online:Unholy Knowledge,Dark Magic,"Reduces the Health, Magicka, and Stamina costs of your non Core Combat abilities by 3%.",Dark Magic-Unholy Knowledge,45176,,,Passive Effect,Passive,Reduce Skill Cost,"Reduces the Health, Magicka, and Stamina costs of your non Core Combat abilities by 6%.",,8,,,,,,18,,,31386,45176,,,,,,,,,,,,,,,,,,,,,,,,,,,
Online:Unleashed Rage,Ardent Warrior,"Bastian Hallix builds up rage, then unleashes it in a devastating explosion around them. The explosion deals 4867/9270 Flame Damage to enemies and stuns them for 4 seconds, while also releasing four lines of fire in a cross formation that deal an additional 1216/2318 Flame Damage to any enemy they hit.",Companion-Unleashed Rage,157016,3.0.5,"* Fixed an issue where ranking up a summon ability (Unstable Familiar, Summon Winged Twilight, Feral Guardian, etc.) would unsummon your pet.",,Companion,,,,,20,200 Ultimate,Area,2 seconds,,,,,,,,,,,,,,,,,Blackwood,,,,,,10 meters,Flame Damage,Area of Effect,,,,,,Stun,,
Online:Unnatural Movement,Vampire,While you are at Vampire Stage 4 Reduces the cost of Sprint by 25%. If you continuously Sprint for 6 seconds you automatically become invisible.,Vampire-Unnatural Movement,135218,,,Passive Effect,Passive,Reduce Activity Cost,While you are at Vampire Stage 4 Reduces the cost of Sprint by 50%. If you continuously Sprint for 3 seconds you automatically become invisible.,Invisibility,7,,,,,,10,,,,,,,,,,,,,,,,,,,,,,,,,,,,,,,
Online:Unnatural Resistance,Vampire,Reduces the severity of the Health Recovery determent in Vampirism stages 2 through 4. Stage 2 no longer reduces your Health Recovery. Stage 3 reduces Health Recovery by 25%. Stage 4 reduces Health Recovery by 50%.,Vampire-Unnatural Resistance,33093,2.0.3,* Fixed an issue where this passive wasn't functioning properly after you changed zones or re-logged.,Passive Effect,Passive,Health Recovery,,,8,,,,,,,,,,,,,,,,,,,,,,,,,,,,,,,,,,,,,
Online:Unraveling,Clothing,Improves the chances of extracting Clothing ingredients and allows the refining of more powerful tannins from raw materials.,Clothing-Unraveling,48195,,,Crafting Effect,Passive,Material Extraction,Greatly improves the chances of extracting Clothing ingredients and allows the refining of more powerful tannins from raw materials.,,4,,,,,,22,,,48193,48194,,,,,,,,,,,,,,,,,,,,,Maximizes the chances of extracting Clothing ingredients and allows the refining of the most powerful tannins from raw materials.,32,48195,,,,
Online:Unstoppable (skill),Heavy Armor,"Duration: [17 / 18 / 19 / 20] seconds. Requires 5 pieces of heavy armor equipped Intensify your physical presence to gain Major Resolve, increasing your Physical Resistance and Spell Resistance by 5948 for [17 / 18 / 19 / 20] seconds. Also grants you immunity to knockback and disabling effects for 6 seconds, but reduces your Movement Speed by 65% for the duration.",Heavy Armor-Unstoppable,41082,1.6.5,"* Immovable now grants the buffs Major Resolve and Major Ward. Each additional rank of this ability increases the duration of the buffs by 0.5 seconds. * Increased the cost of this ability by 13% for all ranks and morphs. * This ability now grants crowd-control immunity for 5 seconds instead of the full duration of the ability. * The maximum rank of this ability and its morphs now lasts for 15 seconds. * Immovable Brute: This ability no longer increases melee damage. Instead, in reduces the cost of CC break for each piece of heavy armor equipped while this ability is slotted in the activity bar.",Increase Armor,,Immunity,"Duration: [20 / 21 / 22 / 23] seconds. Requires 5 pieces of heavy armor equipped Intensify your physical presence to gain Major Resolve, increasing your Physical Resistance and Spell Resistance by 5948 for [20 / 21 / 22 / 23] seconds. Also grants you immunity to knockback and disabling effects for 6 seconds, but reduces your Movement Speed by (5 * # Heavy Armor + 65) for the duration. Each piece of Heavy Armor worn increases the amount of damage you block and the potency of the snare by 5%.",Reduce Activity Cost,,22,3213 Stamina,Self,Instant,Increase Block,,ON-skill-Unstoppable.jpg,Unstoppable and Unstoppable Brute visual,,,"Cost: [3213 / 3123 / 3033 / 2943] Stamina. Requires 5 pieces of heavy armor equipped Intensify your physical presence to gain Major Resolve, increasing your Physical Resistance and Spell Resistance by 5948 for 20 seconds. While this effect persists, each piece of Heavy Armor worn decreases the cost of Break Free by 5%. Also grants you immunity to knockback and disabling effects for 6 seconds, but reduces your Movement Speed by 65% for the duration.",Unstoppable Brute,41091,"Decreases the cost as the ability ranks up. While active, each piece of Heavy Armor worn decreases the cost of Break Free.",Immovable,41103,Heavy Armor-Immovable,"Each piece of Heavy Armor worn increases the amount of damage you can block, but also increases the snare strength. Increases duration of Major Resolve as the ability ranks up.",Heavy Armor-Unstoppable Brute,Heavy Armor Boost,,20 seconds,Drawbacks,Stamina,,Stamina Cost,,,,,,,,,,,
Online:Uppercut,Two Handed,"Slam an enemy with an upward swing, dealing [7072 / 7149 / 7227 / 7305] Physical Damage.",Two Handed-Uppercut,39968,1.2.3,"* Slightly reduced the cooldown for this ability from 2 seconds to 1.5 seconds, and increased the damage of this ability by 10%. * Wrecking Blow: This ability's damage bonus is no longer calculated twice.",Physical Damage,,Off-Balance,"Slam an enemy with an upward swing, dealing [7305 / 7385 / 7465 / 7546] Physical Damage. Grants you Major Berserk and Empower for 3 seconds, increasing damage done by 10% and increasing damage done with Heavy Attacks against monsters by 150%.",Stun,,2,2700 Stamina,Enemy,0.5 seconds,Empower,,ON-skill-Uppercut.jpg,Uppercut,,,"Slam an enemy with an upward swing, dealing [7305 / 7385 / 7465 / 7546] Physical Damage and setting them Off Balance for 7 seconds. Hitting an enemy that is already Off Balance stuns them for 2 seconds. Targets that are immune to Off Balance are snared by 40% for 2 seconds.",Dizzying Swing,39984,Also sets the enemy Off Balance. Hitting Off Balance enemies stuns them. Enemies that are immune to Off Balance are snared.,Wrecking Blow,40008,Two Handed-Wrecking Blow,Grants you Empower and Major Berserk after casting.,Two Handed-Dizzying Swing,Increase Damage Dealt,,,Stamina Cost,Stamina,7 meters,,,,,,,,,,,,
Online:Vampiric Drain,Vampire,"Siphon away your enemies' vitality, dealing [2302 / 2326 / 2352 / 2376] Magic Damage and healing you for 25% of your missing Health every 1 second for 3 seconds. This ability is considered direct damage.",Vampire-Vampiric Drain,40134583,7.1.5,"* Vampiric Drain: This ability and its morphs now heal for 25% of your Missing Health per tick, up from 23%. The morphs also no longer rank up in 1.1% per damage done per rank and now rank up in morphed effects. ** Exhilaration Drain (morph): This morph now ranks up 1 additional Ultimate per rank which will be 5 at rank IV, up from 4. ** Drain Vigor (morph): This morph now gains 1% missing Stamina per rank which ends at 10% at rank IV, up from 5%.",Magic Damage,,Leech Health,"Siphon away your enemies' vitality, dealing 2381 Magic Damage, healing you for 25% of your missing Health, and generating [2 / 3 / 4 / 5] Ultimate every 1 second for 3 seconds. This ability is considered direct damage.",Heal Self,,4,4320 Magicka,Enemy,,Restore Stamina,,ON-skill-Vampiric Drain.jpg,Vampiric Drain,,,"Siphon away your enemies' vitality, dealing 2381 Magic Damage, healing you for 25% of your missing Health, and restoring [7 / 8 / 9 / 10]% of your missing Stamina every 1 second for 3 seconds. This ability is considered direct damage.",Drain Vigor,40135905,Restores a portion of your missing Stamina.,Exhilarating Drain,40137259,Vampire-Exhilarating Drain,Generates Ultimate.,Vampire-Drain Vigor,Ultimate Gain,,,Magicka Cost,,22 meters,,,,,,,,,,,,
Online:Vanish,Medium Armor (Companion),"Your Companion disappears in a puff of smoke, healing to full Health and becoming invisible for 6 seconds.Used when Your Companion is below 50% Health.",Companion-Haste,156596,3.0.5,"* Fixed an issue where ranking up a summon ability (Unstable Familiar, Summon Winged Twilight, Feral Guardian, etc.) would unsummon your pet.",,Companion,,,,,20,36 seconds,Area,0.4 seconds,,,,,,,,,,,,,,,,,Blackwood,6 seconds,,,,,36 meters,Invisibility,,,,,,,,,
Online:Varmiina's Visage,Warrior's Banishment,"Zerith-var launches a nightmarish exploding skull at an enemy, dealing 3150 Flame Damage.",Companion-Varmiina's Visage,,3.0.5,"* Fixed an issue where ranking up a summon ability (Unstable Familiar, Summon Winged Twilight, Feral Guardian, etc.) would unsummon your pet.",,Companion,,,,,1,7.8 seconds,Enemy,0.3 seconds,,,,,,,,,,,,,,,,,,,,,28 meters,,,Flame Damage,,,,,,,,,
Online:Vault,,,,,,,,,,,,,,,,,,,,,,,,,,,,,,,,,,,,,,,,,,,,,,,,3777,
Online:Veil of Shadows,Thieves Guild,"Decreases detection range of Witnesses and Guards by 10%. Witnesses and Guards are thus less likely to notice criminal actions, though this has no impact on the range from which Guards will accost you.",Thieves Guild-Veil of Shadows,76453,4.0.5,* Clarified the tooltip for the Veil of Shadows passive ability to make it clearer that it reduces the range at which crimes can be detected.,Passive Effect,Passive,Improve Stealth,,Escape Justice,10,,,,,,,,,,,,,,,,,,,,,Thieves Guild,,,,,,,,,,,,,,,,
Online:Veil's Forfeit,Class Mastery,"Call souls back from an early grave. Only you may grant them release. While you are in combat, directly healing a target below 66% Health relinquishes them from death's clutches and allows you to use a corpse consuming ability against them within 10 seconds, up to once every second. Extends the duration of Major Vulnerability you apply by 50%.",Living Death-Curative Curse,263554,12.0.5,"*Veil's Forfeit: This passive activates when directly healing a target below 66% Health, which allows you to use a corpse consuming ability against them within 10 seconds. This effect can occur once every second. Passively increases the duration of all sources of Major Vulnerability you apply by 50%.",,Passive,,,,1,,,,,,,,,,,,,,,,,,,,,,,,,,,,,,,,,,,,66%,
Online:Veiled Strike,Assassination,"Slash an enemy, dealing [6149 / 6216 / 6284 / 6351] Magic Damage. If you strike an enemy from their flank you set them Off Balance.",Assassination-Veiled Strike,36223,1.4.4,* Concealed Weapon: Your stealthed movement speed bonus is no longer removed if another player character casts Shadow Cloak while stealthed.,Magic Damage,,Angle of Attack Bonus,"Slash an enemy, dealing 6987 Magic Damage. If you strike an enemy from their flank you set them Off Balance. When you leave Sneak or invisibility while in combat, increase your damage done with this ability by 10% for [12 / 13 / 14 / 15] seconds. While slotted on either bar, you gain Minor Expedition, increasing your Movement Speed by 15%.",Off-Balance,,1,2295 Magicka,Enemy,Instant,Physical Damage,,ON-skill-Veiled Strike.jpg,Veiled Strike and its morphs,,,"Cost: 2295 Stamina. Slash an enemy, dealing [6352 / 6421 / 6491 / 6561] Physical Damage and applying the Sundered status effect. If you strike an enemy from their flank you set them Off Balance. This attack will also be guaranteed to be a Critical Strike, up to once every 3 seconds.",Surprise Attack,36234,Converts to a Stamina ability and deals Physical Damage. Always applies the Sundered status effect and deals guaranteed critical damage when flanking an enemy.,Concealed Weapon,36244,Assassination-Concealed Weapon,"Deals increased damage, which furthers when leaving Sneak or invisibility. While slotted you gain Minor Expedition.",Assassination-Surprise Attack,Apply Status Effect,,,Reduce Armor,Magicka,7 meters,Critical Strike,,,,Increase Damage Dealt,,,,Slotted Effect,,,
Online:Vigor,Assault,"Let loose a battle cry, instilling yourself and nearby allies with resolve and healing them for [9222 / 9318 / 9420 / 9522] Health over 10 seconds.",Assault-Vigor,63240,1.6.5,* Vigor (new ability) ** This new ability will place a strong heal over time on allies within 10 meters for 5 seconds. ** Echoing Vigor: Increases the radius to 15 meters. ** Resolving Vigor: This ability will increase the heal value on yourself.,Heal Self,,Heal Others,"Duration: 5 seconds, Target: Self. Let loose a battle cry, instilling yourself with resolve and healing for [14292 / 14448 / 14604 / 14760] Health over 5 seconds. After casting you gain Minor Resolve, increasing your Physical Resistance and Spell Resistance by 2974, for 20 seconds.",Stamina Cost,,2,2984 Stamina,Area,Instant,Increase Armor,,ON-skill-Vigor.jpg,Vigor,,,"Duration: [10 / 12 / 14 / 16] seconds, Radius: 15 meters. Let loose a battle cry, instilling you and your allies with resolve and healing for [9522 / 11106 / 12696 / 14280] Health over [10 / 12 / 14 / 16] seconds.",Echoing Vigor,63247,Increases the radius. Increases the duration as the ability ranks up.,Resolving Vigor,63255,Assault-Resolving Vigor,"The heal over time now happens faster over a shorter duration, heals for more, increases your Armor, but now only targets yourself.",Assault-Echoing Vigor,,,10 seconds,,Stamina,,,8 meters,,,,,,,,,,
Online:Vigorous Tentacular Eruption,Scholar of Apocrypha,"Azandar creates a gate to Apocrypha beneath an enemy. After 2 seconds, a swarm of hideous tentacles burst through the gate, dealing 4725 Magic Damage to enemies within the gate, knocking them up in the air and stunning them for 3 seconds. Enemies damaged by the tentacles receive Major Vulnerability for 4 seconds, increasing their damage taken by 10%.",Companion-Vigorous Tentacular Eruption,195103,3.0.5,"* Fixed an issue where ranking up a summon ability (Unstable Familiar, Summon Winged Twilight, Feral Guardian, etc.) would unsummon your pet.",,Companion,,,,,20,200 Ultimate,Enemy,2 seconds,,,,,,,,,,,,,,,,,Necrom,,,,28 meters,,8 meters,Magic Damage,Area of Effect,,,,,,Stun,,
Online:Vinedusk Training,Bow,WITH BOW EQUIPPED Increases your damage done by 2% against enemies 15 meters or closer. Increases your Critical Chance rating by 657 against enemies further than 15 meters.,Bow-Vinedusk Training,45494,9.1.5,"*This passive now increases your damage done by 2/5% against enemies within 15 meters of you and increases your Critical Chance by 657/1314 against enemies that are further than 15 meters from you, rather than increasing your damage done with Bow attacks by 6/12% based on how far away you are *Renamed this passive to ""Vinedusk Training"" to accurately adjust its implications to its new functionality, with a flavorful lore twist. **Developer Comment: In order to help Bows feel more like additional tools for your character rather than their own isolated play style, we're expanding out this bonus two-fold to help it become a more viable option for different builds. Since this passive previously only enhanced other Bow attacks, it created situations where the weapon heavily dissuaded you to use other skills, making it feel restrictive rather than additive. By opening the bonus to work with any attack, we hope to help it feel more like other weapons as a way to synergize and play off your other actions. In addition, this passive's mini game was creating situations that heavily punished many different encounters both in PvP and PvE, where you had to maximize your range at all times from the target. By granting two individual bonuses for close range and further range, we can help enable more consistent power to the weapon, each with their own advantages, without creating frustrating game play experiences that further harmed synergy with other actions like class skills or group coordination.",Passive Effect,Passive,Distance Bonus,WITH BOW EQUIPPED Increases your damage done by 5% against enemies 15 meters or closer. Increases your Critical Chance rating by 1314 against enemies further than 15 meters.,Increase Damage Dealt,5,,,,,Weapon Critical,34,,,,,,,,,,,,,,Spell Critical,,,,,,,,,,,,,,,,,
Online:Viper's Bite,Bow (Companion),"Your Companion shoots an arrow covered in Baandari poison at an enemy, dealing 1575 Poison Damage and an additional 4724 Poison Damage over 8 seconds.",Companion-Viper's Bite,152863,3.0.5,"* Fixed an issue where ranking up a summon ability (Unstable Familiar, Summon Winged Twilight, Feral Guardian, etc.) would unsummon your pet.",,Companion,,,,,20,12 seconds,Enemy,0.1 seconds,,,,,,,,,,,,,,,,,Blackwood,8 seconds,,,28 meters,,,Poison Damage,Damage Over Time,,,,,,,,
Online:Vitalizing Glyphic,Curative Runeforms,"Summon an Apocryphal glyphic, which you and your allies can heal. The glyphic spawns at 30% Health and grows stronger the more you heal it. The power within the glyphic grants up to 200 Weapon Damage and Spell Damage and heals you and your allies around it for up to [2460 / 2487 / 2514 / 2541] Health every 1 second in proportion to its Health.",Curative Runeforms-Vitalizing Glyphic,40183709,,,Ultimate Cost,Ultimate,Area of Effect,"Summon an Apocryphal glyphic while in combat, which you and your allies can damage. The glyphic spawns at 70% Health and grows stronger the more you damage it. The glyphic grants up to 200 Weapon Damage and Spell Damage and heals you and your allies around it for up to [2540 / 2567 / 2595 / 2623] Health every 1 second in proportion to its Health.",Increase Spell Damage,,12,200 Ultimate,Ground,Instant,Increase Weapon Damage,,ON-skill-Vitalizing Glyphic.jpg,Vitalizing Glyphic and its Glyphic of the Tides morph's visual,,,"Summon an Apocryphal glyphic, which you and your allies can heal. The glyphic spawns at [50 / 51 / 52 / 53]% Health and grows stronger the more you heal it. The power within the glyphic grants up to 200 Weapon Damage and Spell Damage and heals you and your allies around it for up to 2540 Health every 1 second in proportion to its Health. At full Health the glyphic grants Major Protection, reducing damage taken by 10%.",Glyphic of the Tides,40193794,The glyphic spawns at a higher Health percentage and grants additional damage reduction when it is fully powered.,Resonating Glyphic,40193558,Curative Runeforms-Resonating Glyphic,"Dealing damage to the glyphic powers it up instead of healing it, but requires you to be in combat to activate.",Curative Runeforms-Glyphic of the Tides,Heal Self,,15 seconds,Heal Others,,28 meters,Reduce Damage Taken,,,,,,,,,,,15 meters
Online:Volcanic Arms,Radiating Heart,"Tanlorin charges their and their grouped allies' weapons with volcanic power to gain Major Brutality and Sorcery, increasing Weapon and Spell Damage by 20% for 8 seconds.",Companion-Volcanic Arms,,3.0.5,"* Fixed an issue where ranking up a summon ability (Unstable Familiar, Summon Winged Twilight, Feral Guardian, etc.) would unsummon your pet.",,Companion,,,,,8,16 seconds,Enemy,0.3 seconds,,,,,,,,,,,,,,,,,,8 seconds,,,,,28 meters,Increase Damage Dealt,,,,,,,,,
Online:Volley,Bow,"Launch a multitude of arrows into the sky to rain down, dealing [909 / 920 / 928 / 939] Physical Damage to enemies in the target area every 1 second for 8 seconds, after a 2 second delay.",Bow-Volley,40917,1.1.2,* Scorched Earth: Changed this ability's visual FX to help it stand out better from enemy fire area-effects.,Physical Damage,,Area of Effect,"Radius: 7 meters. Launch a multitude of arrows into the sky to rain down, dealing [1222 / 1234 / 1247 / 1260] Physical Damage to enemies in the target area every 1 second for 8 seconds, after a 2 second delay.",Damage Over Time,,4,2700 Stamina,Ground,Instant,Stamina Cost,,ON-skill-Volley.jpg,Volley,,,"Duration: [12 / 13 / 14 / 15] seconds. Launch a multitude of arrows into the sky to rain down, dealing 939 Physical Damage to enemies in the target area every 1 second for [10 / 11 / 12 / 13] seconds, after a 2 second delay.",Endless Hail,40932,Increases the duration.,Arrow Barrage,40944,Bow-Arrow Barrage,Increases the radius and damage done.,Bow-Endless Hail,,,10 seconds,,Stamina,28 meters,,5 meters,,,,,,,,,,
Online:Wall of Elements,Destruction Staff,"Slam your staff down to create an elemental barrier in front of you, dealing [744 / 752 / 760 / 768] Magic Damage to enemies in the target area every 1 second. Wall of Fire deals additional damage to Burning enemies. Wall of Frost costs more, but snares and reduces armor against Chilled enemies and grants damage shields. Wall of Storms sets Concussed enemies Off Balance.",Destruction Staff-Wall of Elements (Frost),41658,1.1.2,* Wall of Fire: Changed this ability's visual FX to help it stand out better from enemy fire area-effects.,Fire Damage,,Frost Damage,"Duration: [12 / 13 / 14 / 15] seconds. Slam your staff down to create an elemental barrier in front of you, dealing 769 Magic Damage to enemies in the target area every 1 second. Blockade of Fire deals additional damage to Burning enemies. Blockade of Frost costs more, but snares and reduces armor against Chilled enemies and grants damage shields. Blockade of Storms sets Concussed enemies Off Balance.",Shock Damage,,4,2970 Magicka,Area,Instant,Damage Over Time,,ON-skill-Wall_of_Fire.jpg,Wall of Fire,,,"Create an unstable elemental barrier in front of you, dealing 769 Magic Damage to enemies in the target area every 1 second before exploding for an additional [3175 / 3209 / 3244 / 3279] Magic Damage. Unstable Wall of Fire deals additional damage to Burning enemies. Unstable Wall of Frost costs more, but snares and reduces armor against Chilled enemies and grants damage shields. Unstable Wall of Storms sets Concussed enemies Off Balance.",Unstable Wall of Elements,41711,"The wall explodes when it expires, dealing additional damage.",Elemental Blockade,41769,Destruction Staff-Elemental Blockade,Increases the size and duration of the wall.,Destruction Staff-Unstable Wall of Elements,Area of Effect,,10 seconds,Status Effect Bonus,Magicka,,Damage Shield,,,,Projectile Defense,,,,Reduce Movement Speed,,,18 meters
Online:War Horn,Assault,"Duration: [27 / 28 / 29 / 30] seconds. Sound a war horn to rally your forces, increasing you and your group's Max Magicka and Max Stamina by 10% for [27 / 28 / 29 / 30] seconds.",Assault-War Horn,46529,1.6.5,* All ranks and morphs of War Horn now grant the Max Health buff. * Aggressive Horn: This ability now grants the Major Force buff for 8 seconds instead of granting bonus weapon damage. We also adjusted the visuals for this ability to help improve performance and visual clarity. * Sturdy Horn: Increased the duration of this ability. This morph also now provides the Minor Resolve and Minor Ward buffs.,Group Bonus,Ultimate,Increase Max Magicka,"Sound a war horn to rally your forces, increasing you and your group's Max Magicka and Max Stamina by 10% for 30 seconds. You and your allies gain 1320 Critical Resistance for [7 / 8 / 9 / 10] seconds, reducing incoming Critical Damage by 20%.",Increase Max Stamina,,4,250 Ultimate,Area,Instant,Increase Critical Damage,,ON-skill-War_Horn.jpg,War Horn,,,"Sound a war horn to rally your forces, increasing you and your group's Max Magicka and Max Stamina by 10% for 30 seconds. You and your allies gain Major Force, increasing your Critical Damage by 20% for [7 / 8 / 9 / 10] seconds.",Aggressive Horn,46537,You and your allies gain Major Force for a brief period after activation.,Sturdy Horn,46546,Assault-Sturdy Horn,You and your allies take less damage from critical attacks for a brief period after activation.,Assault-Aggressive Horn,Increase Critical Resistance,,30 seconds,PvP Bonus,,,Ultimate Cost,20 meters,,,,,,,,,,
Online:Warmth,Ardent Flame,"Fire cares not for love, or coin, or creed. It consumes. Dealing direct damage with an Ardent Flame ability causes the target to take 5% increased Flame Damage and reduces their Movement Speed by 15% for 5 seconds.",Ardent Flame-Traumatic Burns,45012,4.1.5,* This ability now only snares targets when you deal direct damage with an Ardent Flame ability (was any type of damage). * Decreased the duration of the snare to 3 seconds for all ranks (previously 2/4 seconds).,Passive Effect,Passive,Reduce Movement Speed,"Fire cares not for love, or coin, or creed. It consumes. Dealing direct damage with an Ardent Flame ability causes the target to take 5% increased Flame Damage and reduces their Movement Speed by 30% for 5 seconds.",,14,,,,,,27,,,29430,45012,,,,,,,,,,,,,,,,,,,,,,,,,,,
Online:Warp Strike,Deadly Assassin,"Mirri Elendis flashes through the shadows and ambushes an enemy, dealing 3245/6180 Magic Damage.",Companion-Warp Strike,153853,3.0.5,"* Fixed an issue where ranking up a summon ability (Unstable Familiar, Summon Winged Twilight, Feral Guardian, etc.) would unsummon your pet.",,Companion,,,,,2,16 seconds,Enemy,0.4 seconds,,,,,,,,,,,,,,,,,Blackwood,,,,7 - 22 meters,,,Magic Damage,Teleport,,,,,,,,
Online:Wayfarer,Redguard,Increases your experience gain with the One Hand and Shield skill line by 15%. Increases the duration of any eaten food by 15 minutes.,Redguard-Wayfarer,84680,2.5.5,"* Shield Affinity: This passive ability has been renamed to ""Wayfarer."" Also, in addition to the current benefit it now increases the duration of any consumed food by 15 minutes.",Innate Effect,Passive,Increase Experience Gain,,Increase Consumable Effect,1,,,,,,,,,,,,,,,,,,,,,,,,,,,,,,,,,,,,,
Online:Weakness to Elements,Destruction Staff,"Duration: [27 / 28 / 29 / 30] seconds. Send the elements to sap an enemy's defenses and afflict them with Major Breach for [27 / 28 / 29 / 30] seconds, reducing their Physical Resistance and Spell Resistance by 5948.",Destruction Staff-Weakness to Elements,41548,1.1.2,"* Elemental Drain: This passive ability's magicka restore will no longer erroneously trigger on damage-over-time ticks, or multiple times for a single ability cast.",Reduce Armor,,Apply Status Effect,"Duration: [57 / 58 / 59 / 60] seconds. Send the elements to sap an enemy's defenses and afflict them with Major Breach for [57 / 58 / 59 / 60] seconds, reducing their Physical Resistance and Spell Resistance by 5948. Also applies Minor Magickasteal to the enemy for [57 / 58 / 59 / 60] seconds, causing you and your allies to restore 168 Magicka every 1 second when damaging them.",Leech Magicka,,20,Free,Enemy,Instant,Restore Magicka,,ON-npc-Dro-m'Athra Sun-Eater.jpg,A Dro-m'athra affected by Weakness to Elements,,,"Range: [32 / 33 / 34 / 35] meters. Send the elements to sap an enemy's defenses and afflict them with Major Breach for 30 seconds, reducing their Physical Resistance and Spell Resistance by 5948. Every 7.5 seconds the enemy is afflicted with the Burning, Chilled, and Concussion status effect.",Elemental Susceptibility,41556,Applies each elemental status effect periodically while active and increases the range.,Elemental Drain,41567,Destruction Staff-Elemental Drain,Also applies Minor Magickasteal to the enemy and greatly increases the duration.,Destruction Staff-Elemental Susceptibility,No Cost,,30 seconds,,None,28 meters,,,,,,,,,,,,
Online:Wellspring of the Abyss,Soldier of Apocrypha,"Apocryphal knowledge bubbles up from the depths of your psyche, increasing your Health, Magicka, and Stamina Recovery by 40 for each Soldier of Apocrypha ability slotted.",Soldier of Apocrypha-Wellspring of the Abyss,185036,10.3.5,"* This passive now increases your Health, Magicka, and Stamina Recovery by 40/81 for each Soldier of Apocrypha ability slotted, down from 64/129.",Health Recovery,Passive,Magicka Recovery,"Apocryphal knowledge bubbles up from the depths of your psyche, increasing your Health, Magicka, and Stamina Recovery by 81 for each Soldier of Apocrypha ability slotted.",Stamina Recovery,14,,,,,,27,,,185033,185036,,,,,,,,,,,,,,,,,,,,,,,,,,,
Online:Werewolf Transformation,Werewolf,"Transform into a beast, fearing nearby enemies for 3 seconds. While transformed and in combat, abilities generate 15 Fury. When you have 1000, this ability becomes Rampage, which increases your damage done by 15%, Movement Speed by 20%, and removes the cost of all Werewolf abilities for 20 seconds. While slotted, your Stamina Recovery is increased by 15%.",Werewolf-Werewolf Transformation,42358,1.1.2,* Pack Leader: ** Reduced the ultimate cost for this ability. ** Fixed an issue where the ability could be removed earlier than intended.,Transformation,Ultimate,Fear,"Transform into a berserk beast, fearing nearby enemies for 3 seconds. While transformed, you gain Major Berserk and your Light Attacks and Heavy Attacks apply a bleed for [3638 / 3676 / 3716 / 3758] Bleed Damage over 4 seconds, or [1819 / 1838 / 1858 / 1879] Bleed Damage after 1 second against players. While transformed and in combat, abilities generate Fury. When you have 1000, this ability becomes Rampage, which increases your damage done, Movement Speed, and removes the cost of Werewolf abilities for 20 seconds. While slotted, your Stamina Recovery is increased by 15%.",Increase Max Stamina,,1,100 Ultimate / 1s,Self,1 second,Slotted Effect,,ON-misc-Player Werewolf.jpg,A player Werewolf,,,"Transform into an imposing beast, fearing nearby enemies for 3 seconds. You also gain Major Protection, 15% increased Block Mitigation, and you and group members gain Minor Courage. You summon two direwolves that deal [273 / 276 / 279 / 282] Physical Damage twice or [1455 / 1471 / 1487 / 1503] Physical Damage once every 2 seconds. While transformed in combat, abilities generate Fury. When you have 1000, this ability becomes Enduring Rampage, which gains 4000 Health Recovery in addition to its base effects. While slotted, your Stamina Recovery is increased by 15%.",Pack Leader,42367,"While transformed you spawn two direwolves, gain Major Protection and increased block mitigation, and grant Minor Courage to you and your group. Upgrades Rampage to grant Health Recovery while active.",Werewolf Berserker,42379,Werewolf-Werewolf Berserker,"While transformed, gain Major Berserk and your Light and Heavy Attacks apply a bleed. Improves Insatiable Hunger to grant Fury.",Werewolf-Pack Leader,Stamina Recovery,,,Reduce Damage Taken,,,Summon,,,,Group Bonus,,,,Light Attack Bonus,,,
Online:Whirlwind,Dual Wield,"Launch yourself into a lethal spin, dealing [4612 / 4662 / 4713 / 4764] Physical Damage to nearby enemies. Deals up to 33% more damage to enemies with less than 50% Health.",Dual Wield-Whirlwind,40714,1.2.3,* This ability no longer increases the damage of weapon enchantments.,Physical Damage,,Area of Effect,"Cost: [3510 / 3420 / 3330 / 3240] Stamina, Radius: 9 meters. Launch yourself into a lethal spin, releasing a flurry of blades around you that deals 4764 Physical Damage to nearby enemies. Deals up to 33% more damage to enemies with less than 50% Health.",Execute,,14,3510 Stamina,Area,Instant,Stamina Cost,,ON-skill-Whirlwind.jpg,Whirlwind in use,,,"Launch yourself into a lethal spin, dealing [4764 / 4816 / 4868 / 4921] Physical Damage to nearby enemies. Deals up to 100% more damage to enemies with less than 50% Health.",Whirling Blades,40731,Increases the bonus damage against low health targets.,Steel Tornado,40744,Dual Wield-Steel Tornado,Increases the radius. Reduces cost as ability ranks up.,Dual Wield-Whirling Blades,,,,,Stamina,,,6 meters,,,,,,,,,,
Online:Wield Soul,,,,,,,,,,,,,,,,,,,,,,,,,,,,,,,,,,,,,,,,,,,,,,,,9570,
Online:Wild Adaptation,Class Mastery,"The battlefield is your grove. Tend to it. Gain 333 Weapon Damage and Spell Damage for each status effect on your target, up to a maximum of 1665.",Green Balance-Emerald Moss,263520,12.0.0,"*Wild Adaptation: This passive increases your Weapon and Spell Damage by 333 for each status effect your target has on them, up to a max of 1665. Note this can also apply to friendly targets!",,Passive,,,,1,,,,,,,,,,,,,,,,,,,,,,,,,,,,,,,,,,,,,
Online:Wildfire Embers,Class Mastery,"Fire forged within can never be extinguished. Fan the flames. When your Dragonknight damage over time effects end, you apply Wildfire Embers to the target, dealing 4277 Flame Damage over 12 seconds. This effect stacks up to 12 times and increases in damage by 25% per stack.",Ardent Flame-Fan the Flames,259224,12.0.0,"*This passive upgrades your Dragonknight damage over time effects that apply to enemies (Searing Strike, Dragonfire Breath, Burning Talons, Shatterspike Mantle) to apply a unique 12 second damage over time effect on enemies whenever the triggering abilities end. This damage effect stacks up to 12 times, increasing by 25% damage per stack past 1 (up to 275%)",,Passive,,,,1,,,,,,,,,,,,,,,,,,,,,,,,,,,,,,,,,,,,,
Online:Wind Walker,Medium Armor,Increases your Stamina Recovery by 2% for each piece of Medium Armor equipped. Reduces the Stamina cost of your abilities by 1% for each piece of Medium Armor equipped.,Medium Armor-Wind Walker,45565,1.2.3,"* Adjusted this ability so it now reduces the cost of stamina abilities by 1% per piece of medium armor equipped, and 2% at rank 2.",Passive Effect,Passive,Medium Armor Boost,Increases your Stamina Recovery by 4% per piece of Medium Armor equipped. Reduces the Stamina cost of your abilities by 2% per piece of Medium Armor equipped.,Stamina Recovery,6,,,,,Reduce Skill Cost,18,,,29687,45565,,,,,,,,,,,,,,,,,,,,,,,,,,,
Online:Wing Buffet,Draconic Power,"Cost: [4590 / 4500 / 4410 / 4320] Magicka. Unfurl draconic wings to knock back enemies around you 4 meters and stun them for 1.8 seconds. The winds from your buffet swirl around you, reducing your damage taken from projectiles by 50% for 6 seconds, while granting you Major Expedition for 4 seconds, increasing Movement Speed by 30%.",Draconic Power-Wing Buffet,33743,,,,,,"Cost: 4050 Magicka, Area: 12 meters. Unfurl draconic wings to safeguard you and nearby group members for 6 seconds, reducing damage taken from projectiles by 50% for you and 25% for group members. You and your brood gain Minor Protection for 20 seconds, reducing damage taken by 5%. You gain Major Expedition for 4 seconds, increasing Movement Speed by 30%.",,,30,4320 Magicka,Area,Instant,,,,,,,"Cost: [4320 / 4230 / 4140 / 4050] Magicka. Unfurl draconic wings to knock back enemies around you 4 meters and stun them for 1.8 seconds. The enchanted winds summoned by your wings coalesce around you, reducing your damage taken from projectiles by 50% for 6 seconds, while granting you immunity to snares and immobilizations and Major Expedition for 4 seconds, increasing Movement Speed by 30%.",Fleetstep Wings,33749,Gain immunity to snares and immobilizations. Cost reduces as ability ranks up.,Protect the Brood,33759,Draconic Power-Protect the Brood,Converts the knockback into partial protection for group members. Adds Minor Protection.,Draconic Power-Fleetstep Wings,,,6 seconds,,,,,,,,,,,,,,,6 meters
Online:Wood Extraction,Woodworking,Improves the chances of extracting Woodworking ingredients and allows the refining of more powerful resins from raw materials.,Woodworking-Wood Extraction,48180,,,Crafting Effect,Passive,Material Extraction,Greatly improves the chances of extracting Woodworking ingredients and allows the refining of more powerful resins from raw materials.,,4,,,,,,22,,,48178,48179,,,,,,,,,,,,,,,,,,,,,Maximizes the chances of extracting Woodworking ingredients and allows the refining of the most powerful resins from raw materials.,32,48180,,,,
Online:Woodworking (skill),Woodworking,Allows the use of Sanded Maple wood.,Woodworking-Woodworking Skill,70046,4.1.5,"* Updated the base-rank icons for Metalworking, Tailoring, Woodworking, and Solvent Proficiency to match the facing of subsequent ranks.",Crafting Effect,Passive,Crafting Quality,Allows the use of Sanded Oak wood.,,1,,,,,,5,,,47282,47283,,,,,,,,,,,,,,,,,,,,,Allows the use of Sanded Beech wood.,10,47284,,,,
Online:World in Ruin,Draconic Power,Dragons leave naught but ash and ruin in their wake. Increases your damage done with area and over time attacks by 3%.,Draconic Power-World in Ruin,44933,2.4.5,"* World in Flame: Renamed this passive ability to World in Ruin. In addition, this passive ability now also increases the damage of Poison area of effect abilities, in addition to Flame area of effect abilities.",Passive Effect,Passive,Increase Damage Dealt,Dragons leave naught but ash and ruin in their wake. Increases your damage done with area and over time attacks by 7%.,,14,,,,,,27,,,29451,45029,,,,,,,,,,,,,,,,,,,,,,,,,,,
Online:Y'ffre's Endurance,Wood Elf,Increases your Stamina Recovery by 86.,Wood Elf-Y'ffre's Endurance,64281,1.2.3,* Vigor: This Wood Elf racial passive's effectiveness has been increased by 50%.,Passive Effect,Passive,Stamina Recovery,Increases your Stamina Recovery by 127.,,10,,,,,,20,,,64279,64280,,,,,,,,,,,,,,,,,,,,,Increases your Stamina Recovery by 258.,40,64281,,,,
Online:Zone of Recuperation,Revitalizing Researcher,"Azandar outlines a domain of eldritch power, healing them and their allies standing within for 525 Health over 8 seconds and granting 150 Health, Magicka, and Stamina Recovery.",Companion-Zone of Recuperation,193126,3.0.5,"* Fixed an issue where ranking up a summon ability (Unstable Familiar, Summon Winged Twilight, Feral Guardian, etc.) would unsummon your pet.",,Companion,,,,,17,15.5 seconds,Area,0.5 seconds,,,,,,,,,,,,,,,,,Necrom,8 seconds,,,,,8 meters,Heal Self,Heal Others,,,,,,Restore Magicka,,
