csv,page,source,rows,cols,header
uesp_Online_Alchemy_t00.csv,Online:Alchemy,uesp,39,8,1 | Solvent Proficiency I
uesp_Online_Alchemy_t01.csv,Online:Alchemy,uesp,21,4,Name | Line Rank | Skill Rank | Description
uesp_Online_Alchemy_t02.csv,Online:Alchemy,uesp,7,3,Order | Progression | Skill points required
uesp_Online_Alchemy_t03.csv,Online:Alchemy,uesp,155,3,Primary Effect | Side Effect | Reagents
uesp_Online_Alchemy_t04.csv,Online:Alchemy,uesp,188,6,Breach | Ravage Health | Ravage Magicka | Emetic Russula | Beetle Scuttle | Violet Coprinus
uesp_Online_Alchemy_t05.csv,Online:Alchemy,uesp,120,6,Cowardice | Restore Health | Increase Spell Resist | Blue Entoloma | White Cap | Bugloss
uesp_Online_Alchemy_t06.csv,Online:Alchemy,uesp,26,4,Combination | Reagent 1 | Reagent 2 | Reagent 3
uesp_Online_Alchemy_t07.csv,Online:Alchemy,uesp,22,4,Combination | Reagent 1 | Reagent 2 | Reagent 3
uesp_Online_Alchemy_t08.csv,Online:Alchemy,uesp,9,4,Combination | Reagent 1 | Reagent 2 | Reagent 3
uesp_Online_Alchemy_t09.csv,Online:Alchemy,uesp,51,4,Achievement | Points | Description | Reward
uesp_Online_Ancestor_Silk_t00.csv,Online:Ancestor Silk,uesp,9,2,Used for | Clothing ( Tailoring Rank 10)
uesp_Online_Ancestor_Silk_t01.csv,Online:Ancestor Silk,uesp,2,9,Armor Level | Ancestor Silk Robe/Jerkin | Ancestor Silk Shoes | Ancestor Silk Gloves | Ancestor Silk Hat | Ancestor Silk Breeches | Ancestor Silk Epaulets | Ancestor Silk Sash | Total
uesp_Online_Arcanist_t00.csv,Online:Arcanist,uesp,5,4,Build | Role | Description | Primary Stat
uesp_Online_Arena_Sets_t00.csv,Online:Arena Sets,uesp,4,3,Set Name | Bonuses | Set Type
uesp_Online_Arena_Sets_t01.csv,Online:Arena Sets,uesp,6,3,Set Name | Bonuses | Set Type
uesp_Online_Arena_Sets_t02.csv,Online:Arena Sets,uesp,3,3,Set Name | Bonuses | Set Type
uesp_Online_Armor_t00.csv,Online:Armor,uesp,136,3,Style | Material | Motif
uesp_Online_Armor_t01.csv,Online:Armor,uesp,10,5,Normal | Fine | Superior | Epic | Legendary
uesp_Online_Assault_t00.csv,Online:Assault,uesp,17,8,2 | Vigor
uesp_Online_Assault_t01.csv,Online:Assault,uesp,5,8,Name | Line Rank | Cast Time | Target | Range | Radius | Duration | Cost
uesp_Online_Assault_t02.csv,Online:Assault,uesp,20,8,Name | Line Rank | Cast Time | Target | Range | Radius | Duration | Cost
uesp_Online_Assault_t03.csv,Online:Assault,uesp,6,4,Name | Line Rank | Skill Rank | Description
uesp_Online_Battlegrounds_t00.csv,Online:Battlegrounds,uesp,1,3,Fire Drakes | Pit Daemons | Storm Lords (only during 3 teams events)
uesp_Online_Battlegrounds_t01.csv,Online:Battlegrounds,uesp,7,3,Battlemaster Rivyn's Reward Box | Battlemaster Rivyn's Competitive Reward Box | Weekly Leaderboard Rewards
uesp_Online_Battlegrounds_t02.csv,Online:Battlegrounds,uesp,3,2,A Champion's Prize | Renown and Rewards
uesp_Online_Blacksmithing_t00.csv,Online:Blacksmithing,uesp,41,8,1 | Metalworking I
uesp_Online_Blacksmithing_t01.csv,Online:Blacksmithing,uesp,26,4,Name | Line Rank | Skill Rank | Description
uesp_Online_Blacksmithing_t02.csv,Online:Blacksmithing,uesp,7,3,Order | Progression | Skill points required
uesp_Online_Blacksmithing_t03.csv,Online:Blacksmithing,uesp,10,4,Raw Material | Refined Into | Used To Make... | Level
uesp_Online_Blacksmithing_t04.csv,Online:Blacksmithing,uesp,14,4,Achievement | Points | Description | Reward
uesp_Online_Bleed_Damage_t00.csv,Online:Bleed Damage,uesp,66,8,Name | Line Rank | Cast Time | Target | Range | Radius | Duration | Cost
uesp_Online_Bleed_Damage_t01.csv,Online:Bleed Damage,uesp,14,3,Set | Weight | 5 piece bonus
uesp_Online_Bow_t00.csv,Online:Bow,uesp,29,8,2 | Snipe
uesp_Online_Bow_t01.csv,Online:Bow,uesp,5,9,Name | Line Rank | Cast Time | Target | Range | Radius | Duration | Cost
uesp_Online_Bow_t02.csv,Online:Bow,uesp,25,8,Name | Line Rank | Cast Time | Target | Range | Radius | Duration | Cost
uesp_Online_Bow_t03.csv,Online:Bow,uesp,10,3,Ability Name | Weapon set name | Description
uesp_Online_Bow_t04.csv,Online:Bow,uesp,10,4,Name | Line Rank | Skill Rank | Description
uesp_Online_Buffs_t00.csv,Online:Buffs,uesp,121,5,Buff Name | Type | Description | Sources | Icon
uesp_Online_Buffs_t01.csv,Online:Buffs,uesp,64,5,Debuff Name | Type | Description | Sources | Icon
uesp_Online_Buffs_t02.csv,Online:Buffs,uesp,12,4,Buff Name | Description | Sources | Icon
uesp_Online_Buffs_t03.csv,Online:Buffs,uesp,5,4,Buff Name | Description | Sources | Icon
uesp_Online_Campaigns_t00.csv,Online:Campaigns,uesp,4,7,Campaign | Ruleset | Duration | Keeps | Outposts | Resources | Scrolls
uesp_Online_Campaigns_t01.csv,Online:Campaigns,uesp,4,3,Campaign | Ruleset | Districts
uesp_Online_Campaigns_t02.csv,Online:Campaigns,uesp,7,4,1st Place Alliance | 2100 gold | 3000 gold + 1 Superior item | 3900 gold + 1 Epic item
uesp_Online_Campaigns_t03.csv,Online:Campaigns,uesp,7,4,1st Place Alliance | 10500 gold | 15000 gold + 5 Superior items | 19500 gold + 5 Epic items
uesp_Online_Campaigns_t04.csv,Online:Campaigns,uesp,2,3,Leaderboard Position | 7-Day Campaigns | 30-Day Campaigns
uesp_Online_Campaigns_t05.csv,Online:Campaigns,uesp,1,2,Bonus | Effect
uesp_Online_Campaigns_t06.csv,Online:Campaigns,uesp,13,2,Bonus | Effect
uesp_Online_Campaigns_t07.csv,Online:Campaigns,uesp,4,2,Bonus | Effect
uesp_Online_Campaigns_t08.csv,Online:Campaigns,uesp,6,2,Bonus | Effect
uesp_Online_Campaigns_t09.csv,Online:Campaigns,uesp,16,5,Stats | Soldier | Vanguard | Battle Medic | Scout
uesp_Online_Champion_t00.csv,Online:Champion,uesp,4,4,Base Perks | Effect | Cost per Stage | Stages
uesp_Online_Champion_t01.csv,Online:Champion,uesp,2,4,Base Active Perks | Effect | Cost per Stage | Stages
uesp_Online_Champion_t02.csv,Online:Champion,uesp,15,4,Passive Perks | Effect | Cost per Stage | Stages
uesp_Online_Champion_t03.csv,Online:Champion,uesp,8,4,Active Perks | Effect | Cost per Stage | Stages
uesp_Online_Champion_t04.csv,Online:Champion,uesp,3,4,Base Perks | Effect | Cost per Stage | Stages
uesp_Online_Champion_t05.csv,Online:Champion,uesp,3,4,Base Active Perks | Effect | Cost per Stage | Stages
uesp_Online_Champion_t06.csv,Online:Champion,uesp,23,4,Active Perks | Effect | Cost per Stage | Stages
uesp_Online_Champion_t07.csv,Online:Champion,uesp,1,4,Passive Perks | Effect | Cost per Stage | Stages
uesp_Online_Champion_t08.csv,Online:Champion,uesp,4,4,Active Perks | Effect | Cost per Stage | Stages
uesp_Online_Champion_t09.csv,Online:Champion,uesp,4,4,Passive Perks | Effect | Cost per Stage | Stages
uesp_Online_Champion_t10.csv,Online:Champion,uesp,2,4,Active Perks | Effect | Cost per Stage | Stages
uesp_Online_Champion_t11.csv,Online:Champion,uesp,5,4,Passive Perks | Effect | Cost per Stage | Stages
uesp_Online_Champion_t12.csv,Online:Champion,uesp,3,4,Active Perks | Effect | Cost per Stage | Stages
uesp_Online_Champion_t13.csv,Online:Champion,uesp,3,4,Base Perks | Effect | Cost per Stage | Stages
uesp_Online_Champion_t14.csv,Online:Champion,uesp,3,4,Base Active Perks | Effect | Cost per Stage | Stages
uesp_Online_Champion_t15.csv,Online:Champion,uesp,7,4,Passive Perks | Effect | Cost per Stage | Stages
uesp_Online_Champion_t16.csv,Online:Champion,uesp,16,4,Active Perks | Effect | Cost per Stage | Stages
uesp_Online_Champion_t17.csv,Online:Champion,uesp,1,4,Passive Perks | Effect | Cost per Stage | Stages
uesp_Online_Champion_t18.csv,Online:Champion,uesp,3,4,Active Perks | Effect | Cost per Stage | Stages
uesp_Online_Champion_t19.csv,Online:Champion,uesp,1,4,Passive Perks | Effect | Cost per Stage | Stages
uesp_Online_Champion_t20.csv,Online:Champion,uesp,3,4,Active Perks | Effect | Cost per Stage | Stages
uesp_Online_Champion_t21.csv,Online:Champion,uesp,1,4,Passive Perks | Effect | Cost per Stage | Stages
uesp_Online_Champion_t22.csv,Online:Champion,uesp,3,4,Active Perks | Effect | Cost per Stage | Stages
uesp_Online_Champion_t23.csv,Online:Champion,uesp,5,2,Level | Reward
uesp_Online_Champion_deprecated_t00.csv,Online:Champion/deprecated,uesp,37,189,Champ. Level Points Per Group Distribution Number of Perks 30 10 10 1 60 20 10 10 2 90 30 10 10 10 3 30 2 120 40 30 10 3 150 50 30 10 10 4 180 60 30 30 4 210 70 30 30 10 5 225 75 75 3 255 85 75 10 4 270 90 30 30 30 6 285 95 75 10 10 5 | Champ. Level | Points Per Group | Distribution | Number of Perks | 30 | 10 | 10 | 1 | 60 | 20 | 10 | 10 | 2 | 90 | 30 | 10 | 10 | 10 | 3 | 30 | 2 | 120 | 40 | 30 | 10 | 3 | 150 | 50 | 30 | 10 | 10 | 4 | 180 | 60 | 30 | 30 | 4 | 210 | 70 | 30 | 30 | 10 | 5 | 225 | 75 | 75 | 3 | 255 | 85 | 75 | 10 | 4 | 270 | 90 | 30 | 30 | 30 | 6 | 285 | 95 | 75 | 10 | 10 | 5 | Champ. Level Points Per Group Distribution Number of Perks 315 105 75 30 5 345 115 75 30 10 6 360 120 120 4 390 130 120 10 5 405 135 75 30 30 7 420 140 120 10 10 6 450 150 75 75 6 120 30 6 480 160 120 30 10 7 75 75 10 7 540 180 120 30 30 8 75 75 30 8 | Champ. Level | Points Per Group | Distribution | Number of Perks | 315 | 105 | 75 | 30 | 5 | 345 | 115 | 75 | 30 | 10 | 6 | 360 | 120 | 120 | 4 | 390 | 130 | 120 | 10 | 5 | 405 | 135 | 75 | 30 | 30 | 7 | 420 | 140 | 120 | 10 | 10 | 6 | 450 | 150 | 75 | 75 | 6 | 120 | 30 | 6 | 480 | 160 | 120 | 30 | 10 | 7 | 75 | 75 | 10 | 7 | 540 | 180 | 120 | 30 | 30 | 8 | 75 | 75 | 30 | 8 | Champ. Level Points Per Group Distribution Number of Perks 585 195 120 75 7 615 205 120 75 10 8 675 225 120 75 30 9 75 75 75 9 720 240 120 120 8 750 250 120 120 10 9 810 270 120 75 75 10 120 120 30 10 915 305 120 120 75 11 1080 360 120 120 120 12 Not currently available | Champ. Level | Points Per Group | Distribution | Number of Perks | 585 | 195 | 120 | 75 | 7 | 615 | 205 | 120 | 75 | 10 | 8 | 675 | 225 | 120 | 75 | 30 | 9 | 75 | 75 | 75 | 9 | 720 | 240 | 120 | 120 | 8 | 750 | 250 | 120 | 120 | 10 | 9 | 810 | 270 | 120 | 75 | 75 | 10 | 120 | 120 | 30 | 10 | 915 | 305 | 120 | 120 | 75 | 11 | 1080 | 360 | 120 | 120 | 120 | 12
uesp_Online_Champion_deprecated_t01.csv,Online:Champion/deprecated,uesp,12,4,Champ. Level | Points Per Group | Distribution | Number of Perks
uesp_Online_Champion_deprecated_t02.csv,Online:Champion/deprecated,uesp,12,4,Champ. Level | Points Per Group | Distribution | Number of Perks
uesp_Online_Champion_deprecated_t03.csv,Online:Champion/deprecated,uesp,10,4,Champ. Level | Points Per Group | Distribution | Number of Perks
uesp_Online_Champion_deprecated_t04.csv,Online:Champion/deprecated,uesp,4,2,Champion Abilities | Effect
uesp_Online_Champion_deprecated_t05.csv,Online:Champion/deprecated,uesp,4,3,Passive Unlocks | Rank | Effect
uesp_Online_Champion_deprecated_t06.csv,Online:Champion/deprecated,uesp,4,2,Champion Abilities | Effect
uesp_Online_Champion_deprecated_t07.csv,Online:Champion/deprecated,uesp,4,3,Passive Unlocks | Rank | Effect
uesp_Online_Champion_deprecated_t08.csv,Online:Champion/deprecated,uesp,4,2,Champion Abilities | Effect
uesp_Online_Champion_deprecated_t09.csv,Online:Champion/deprecated,uesp,4,3,Passive Unlocks | Rank | Effect
uesp_Online_Champion_deprecated_t10.csv,Online:Champion/deprecated,uesp,4,2,Champion Abilities | Effect
uesp_Online_Champion_deprecated_t11.csv,Online:Champion/deprecated,uesp,4,3,Passive Unlocks | Rank | Effect
uesp_Online_Champion_deprecated_t12.csv,Online:Champion/deprecated,uesp,4,2,Champion Abilities | Effect
uesp_Online_Champion_deprecated_t13.csv,Online:Champion/deprecated,uesp,4,3,Passive Unlocks | Rank | Effect
uesp_Online_Champion_deprecated_t14.csv,Online:Champion/deprecated,uesp,4,2,Champion Abilities | Effect
uesp_Online_Champion_deprecated_t15.csv,Online:Champion/deprecated,uesp,4,3,Passive Unlocks | Rank | Effect
uesp_Online_Champion_deprecated_t16.csv,Online:Champion/deprecated,uesp,4,2,Champion Abilities | Effect
uesp_Online_Champion_deprecated_t17.csv,Online:Champion/deprecated,uesp,4,3,Passive Unlocks | Rank | Effect
uesp_Online_Champion_deprecated_t18.csv,Online:Champion/deprecated,uesp,4,2,Champion Abilities | Effect
uesp_Online_Champion_deprecated_t19.csv,Online:Champion/deprecated,uesp,4,3,Passive Unlocks | Rank | Effect
uesp_Online_Champion_deprecated_t20.csv,Online:Champion/deprecated,uesp,4,2,Champion Abilities | Effect
uesp_Online_Champion_deprecated_t21.csv,Online:Champion/deprecated,uesp,4,3,Passive Unlocks | Rank | Effect
uesp_Online_Champion_deprecated_t22.csv,Online:Champion/deprecated,uesp,5,2,Level | Reward
uesp_Online_Class_Sets_t00.csv,Online:Class Sets,uesp,14,3,Set Name | Bonuses | Armor Weight
uesp_Online_Classes_t00.csv,Online:Classes,uesp,6,2,"The Dragonknight class is best suited for tanking-oriented characters due to the Draconic Power and Earthen Heart skill lines, although the Ardent Flame skill line does provide some rather literal firepower."
uesp_Online_Classes_t01.csv,Online:Classes,uesp,65,4,Class | Specialisation | Weapons | Armor
uesp_Online_Clothing_t00.csv,Online:Clothing,uesp,41,8,1 | Tailoring I
uesp_Online_Clothing_t01.csv,Online:Clothing,uesp,26,5,Name | Line Rank | Skill Rank | Description
uesp_Online_Clothing_t02.csv,Online:Clothing,uesp,7,3,Order | Progression | Skill points required
uesp_Online_Clothing_t03.csv,Online:Clothing,uesp,10,4,Raw Material | Refined Into | Used To Make... | Level
uesp_Online_Clothing_t04.csv,Online:Clothing,uesp,10,4,Raw Material | Refined Into | Used To Make... | Level
uesp_Online_Clothing_t05.csv,Online:Clothing,uesp,136,3,Style | Material | Motif
uesp_Online_Clothing_t06.csv,Online:Clothing,uesp,8,3,Trait (Armor) | Material | Description
uesp_Online_Clothing_t07.csv,Online:Clothing,uesp,18,4,Achievement | Points | Description | Reward
uesp_Online_Combat_t00.csv,Online:Combat,uesp,8,2,Attack type | Chance to apply status effect
uesp_Online_Combat_t01.csv,Online:Combat,uesp,14,2,Status Effect | Notes
uesp_Online_Craftable_Sets_t00.csv,Online:Craftable Sets,uesp,15,4,Set Name | Traits Needed | Bonuses | Crafting Sites
uesp_Online_Craftable_Sets_t01.csv,Online:Craftable Sets,uesp,11,5,Set Name | Traits Needed | Bonuses | Zone | Crafting Site
uesp_Online_Craftable_Sets_t02.csv,Online:Craftable Sets,uesp,57,5,Set Name | Traits Needed | Bonuses | Zone | Crafting Site
uesp_Online_Craftable_Sets_t03.csv,Online:Craftable Sets,uesp,43,6,Quality | Normal | Fine | Superior | Epic | Legendary
uesp_Online_Craftable_Sets_t04.csv,Online:Craftable Sets,uesp,43,6,Quality | Normal | Fine | Superior | Epic | Legendary
uesp_Online_Craftable_Sets_t05.csv,Online:Craftable Sets,uesp,43,6,Quality | Normal | Fine | Superior | Epic | Legendary
uesp_Online_Craftable_Sets_t06.csv,Online:Craftable Sets,uesp,43,6,Quality | Normal | Fine | Superior | Epic | Legendary
uesp_Online_Craftable_Sets_t07.csv,Online:Craftable Sets,uesp,43,6,Quality | Normal | Fine | Superior | Epic | Legendary
uesp_Online_Craftable_Sets_t08.csv,Online:Craftable Sets,uesp,43,6,Quality | Normal | Fine | Superior | Epic | Legendary
uesp_Online_Crafting_t00.csv,Online:Crafting,uesp,8,3,Order | Profession | Skill points required
uesp_Online_Crafting_t01.csv,Online:Crafting,uesp,5,6,Fine | 1.00% (?) | 1.15% (?) | 1.31% (?) | 1.50% | 1.69%
uesp_Online_Crafting_t02.csv,Online:Crafting,uesp,50,3,Rank | Inspiration Required for Next Rank | Total Inspiration for Rank
uesp_Online_Crafting_t03.csv,Online:Crafting,uesp,8,4,Rank | Standard | Enchanting | Provisioning
uesp_Online_Cyrodiil_t00.csv,Online:Cyrodiil,uesp,16,4,Zone: Cyrodiil ( view on map ) ( lore page ) | Zone: Cyrodiil ( view on map ) ( lore page )
uesp_Online_Cyrodiil_t01.csv,Online:Cyrodiil,uesp,15,4,"Within sight of Mnem. | Just outside the Scroll Temple of Mnem | (map) | Members of the Covenant or Pact will not be able to access this unless the Gate of Mnem is opened.  For this to occur, both Castles Faregyl and Bloodmayne must not be in the control of the Dominion ."
uesp_Online_Cyrodiil_t02.csv,Online:Cyrodiil,uesp,15,4,"Approach the southern scroll. | Outside the Scroll Temple of Alma Ruma | (map) | Members of the Dominion or Pact will not be able to access this unless the Gate of Alma Ruma is opened.  For this to occur, both Forts Glademist and Rayles must not be in the control of the Covenant ."
uesp_Online_Cyrodiil_t03.csv,Online:Cyrodiil,uesp,15,4,"Near the scroll of royalty's secret syllable. | Outside the Scroll Temple of Chim | (map) | Members of the Dominion or Covenant will not be able to access this unless the Gate of Chim is opened.  For this to occur, both Arrius and Kingscrest Keeps must not be in the control of the Pact ."
uesp_Online_Cyrodiil_t04.csv,Online:Cyrodiil,uesp,1,3,Clue | Location | Notes
uesp_Online_Defiance_champion_t00.csv,Online:Defiance (champion),uesp,3,2,Constellation | Fitness
uesp_Online_Destruction_Staff_t00.csv,Online:Destruction Staff,uesp,29,8,2 | Force Shock
uesp_Online_Destruction_Staff_t01.csv,Online:Destruction Staff,uesp,1,1,
uesp_Online_Destruction_Staff_t02.csv,Online:Destruction Staff,uesp,5,9,Name | Line Rank | Cast Time | Target | Range | Radius | Duration | Cost
uesp_Online_Destruction_Staff_t03.csv,Online:Destruction Staff,uesp,25,8,Name | Line Rank | Cast Time | Target | Range | Radius | Duration | Cost
uesp_Online_Destruction_Staff_t04.csv,Online:Destruction Staff,uesp,10,3,Ability Name | Weapon set name | Description
uesp_Online_Destruction_Staff_t05.csv,Online:Destruction Staff,uesp,10,4,Name | Line Rank | Skill Rank | Description
uesp_Online_Disease_Damage_t00.csv,Online:Disease Damage,uesp,35,8,Name | Line Rank | Cast Time | Target | Range | Radius | Duration | Cost
uesp_Online_Disease_Damage_t01.csv,Online:Disease Damage,uesp,13,3,Set | Weight | 5 piece bonus
uesp_Online_Dragonknight_t00.csv,Online:Dragonknight,uesp,5,4,Build | Role | Description | Primary Stat
uesp_Online_Dragonknight_t01.csv,Online:Dragonknight,uesp,5,6,Dragonknight Initiate | Inferno Dragon | Venomous Dragon | Stoneskin Dragon | Elder Dragon
uesp_Online_Drinks_t00.csv,Online:Drinks,uesp,114,8,Name | Drink Level | Drink Type | Health | Magicka | Stamina | Dur (mins)
uesp_Online_Drinks_t01.csv,Online:Drinks,uesp,29,8,Name | Food Level | Dish Type | Health | Magicka | Stamina | Dur (mins)
uesp_Online_Drinks_t02.csv,Online:Drinks,uesp,66,8,Name | Food Level | Dish Type | Health | Magicka | Stamina | Dur (mins)
uesp_Online_Drinks_t03.csv,Online:Drinks,uesp,8,23,Level | 1 | 2 | 3 | 4 | 5 | 6 | 7 | 8 | 9 | 10 | 11 | 12 | 13 | 14 | 15 | 16 | 17 | 18 | 19 | 20 | 21 | 22
uesp_Online_Drinks_t04.csv,Online:Drinks,uesp,8,23,Level | 1 | 2 | 3 | 4 | 5 | 6 | 7 | 8 | 9 | 10 | 11 | 12 | 13 | 14 | 15 | 16 | 17 | 18 | 19 | 20 | 21 | 22
uesp_Online_Drinks_t05.csv,Online:Drinks,uesp,5,23,Level | 1 | 2 | 3 | 4 | 5 | 6 | 7 | 8 | 9 | 10 | 11 | 12 | 13 | 14 | 15 | 16 | 17 | 18 | 19 | 20 | 21 | 22
uesp_Online_Drinks_t06.csv,Online:Drinks,uesp,11,4,Beverage | Description | Price
uesp_Online_Drinks_t07.csv,Online:Drinks,uesp,5,4,Beverage | Description | Price
uesp_Online_Dual_Wield_t00.csv,Online:Dual Wield,uesp,29,8,2 | Flurry
uesp_Online_Dual_Wield_t01.csv,Online:Dual Wield,uesp,5,9,Name | Line Rank | Cast Time | Target | Range | Radius | Duration | Cost
uesp_Online_Dual_Wield_t02.csv,Online:Dual Wield,uesp,25,8,Name | Line Rank | Cast Time | Target | Range | Radius | Duration | Cost
uesp_Online_Dual_Wield_t03.csv,Online:Dual Wield,uesp,10,3,Ability Name | Weapon set name | Description
uesp_Online_Dual_Wield_t04.csv,Online:Dual Wield,uesp,10,4,Name | Line Rank | Skill Rank | Description
uesp_Online_Dungeon_Sets_t00.csv,Online:Dungeon Sets,uesp,48,4,Set Name | Bonuses | Location(s) | Set Type
uesp_Online_Dungeon_Sets_t01.csv,Online:Dungeon Sets,uesp,102,4,Set Name | Bonuses | Location(s) | Set Type
uesp_Online_Emperor_t00.csv,Online:Emperor,uesp,5,2,Name | Description
uesp_Online_Enchanting_t00.csv,Online:Enchanting,uesp,43,5,Aspect Improvement I | 1 | Potency Improvement I
uesp_Online_Enchanting_t01.csv,Online:Enchanting,uesp,25,6,Level | Inspiration Req'd | Δ Delta | Level | Inspiration Req'd | Δ Delta
uesp_Online_Enchanting_t02.csv,Online:Enchanting,uesp,3,4,Type of Runestone | Icon color | Icon shape | Examples
uesp_Online_Enchanting_t03.csv,Online:Enchanting,uesp,3,4,Type of Glyph | Icon color | Icon shape | Examples
uesp_Online_Enchanting_t04.csv,Online:Enchanting,uesp,7,5,Base | Fine | Superior | Epic | Legendary
uesp_Online_Enchanting_t05.csv,Online:Enchanting,uesp,23,4,Name | Line Rank | Skill Rank | Description
uesp_Online_Enchanting_t06.csv,Online:Enchanting,uesp,6,3,Order | Progression | Skill points required
uesp_Online_Enchanting_t07.csv,Online:Enchanting,uesp,21,5,"​ | Master Enchanter | 50 | Attain an Enchanting rank of 50. | Enchanter Tangerine Enchanter's Sign ( 00005000 5,000 )"
uesp_Online_Fighters_Guild_t00.csv,Online:Fighters Guild,uesp,19,8,Intimidating Presence | 1
uesp_Online_Fighters_Guild_t01.csv,Online:Fighters Guild,uesp,5,8,Name | Line Rank | Cast Time | Target | Range | Radius | Duration | Cost
uesp_Online_Fighters_Guild_t02.csv,Online:Fighters Guild,uesp,20,8,Name | Line Rank | Cast Time | Target | Range | Radius | Duration | Cost
uesp_Online_Fighters_Guild_t03.csv,Online:Fighters Guild,uesp,9,4,Name | Line Rank | Skill Rank | Description
uesp_Online_Fighters_Guild_t04.csv,Online:Fighters Guild,uesp,10,3,Rank | Reputation Required for Next Rank | Total Reputation for Rank
uesp_Online_Fighters_Guild_t05.csv,Online:Fighters Guild,uesp,134,138,Council of Province Generals Guildmaster Sees-All-Colors Borogilmith Countess Hakruba General Flaminius Auctor Ra'zaym Iron-Ear Svalkmar the Crude Abah's Landing Guild Hall Dredhedil Hunts-with-Daggers Indyen Kalrarj Nuula Seran Alcaire Castle Branch Ashzu Gianon Journeyman Thetathor Aldcroft Guild Hall Afehaba Gladba gro-Ghol Kamika Alinor Guild Hall Emerel Lilthelfin Rathornith Salk Sloobdakha Sorexius Sylla Tar-Makka Thonlynn Alten Corimont Branch Buujhan Ervynu Idrenia Anvil Guild Hall Bahara Shabeh af-Naifa Basile Fenandre Ralis Athren Arenthia Guild Hall Glud Two-Axes Merani Muzuli Baandari Trading Post Guild Hall Armory Sergeant Cayliss † Naburr Provost Riud † Sadelia Balmora Guild Branch Delte Nethri Bangkorai Garrison Branch Rathul-do Belkarth Branch Agwodir Qarafa Thais Bergama Guild Hall Armory Sergeant Cayliss † Homeira Malakeh Provost Riud † Sees-Many-Fish Usralia Crosswych Guild Branch Kalad Octin Murric Sergeant Magarakh Daggerfall Guild Hall Basile Fenandre Lucas Davon's Watch Guild Hall Frikkhild Hilan Neyna Varam Dune Guild Hall Durodir Hamiran-do Shagareg gra-Urkub The Earth Forge Apprentice Dalama Farmorion Fighter Dulzob † Fighter Taralen † Fimius Barbula Franja Snowpeak Mabgruhl gra-Born Mollier Cine Odeel-Medul Olahanar Ris Maren Nanaglar Ebonheart Guild Branch Dull-Scales Foni Svel Hladvyr Llarys Malkar Munbi Svel Nali Radas Picks-Many-Fights Sirk the Hammer Elden Root Guild Hall Althah Cardea Gallus Bark-Scraper Calpelion Claudius Colmorion Githriian Glalongoth Laryantil Mevilis Varyoni Midrasud Mizarbuk Nendilir Ontogu gro-Bashnarz Samati Savio Sirimunda Tundanarne Zahanabi Evermore Guild Hall Arianna Stende Gibal Kurz gra-Murtag Larhoth Mirarbinat Provost Mabilete Sergeant Qasim Vedra Yvayne Dugot Firsthold Guild Hall Halelmathras Hymonim Runs-Across-Water Siniaritaale Fort Amol Branch Belvin Redoran Raki | Council of Province Generals | Guildmaster Sees-All-Colors Borogilmith Countess Hakruba General Flaminius Auctor Ra'zaym Iron-Ear Svalkmar the Crude | Abah's Landing Guild Hall | Dredhedil Hunts-with-Daggers Indyen Kalrarj Nuula Seran | Alcaire Castle Branch | Ashzu Gianon Journeyman Thetathor | Aldcroft Guild Hall | Afehaba Gladba gro-Ghol Kamika | Alinor Guild Hall | Emerel Lilthelfin Rathornith Salk Sloobdakha Sorexius Sylla Tar-Makka Thonlynn | Alten Corimont Branch | Buujhan Ervynu Idrenia | Anvil Guild Hall | Bahara Shabeh af-Naifa Basile Fenandre Ralis Athren | Arenthia Guild Hall | Glud Two-Axes Merani Muzuli | Baandari Trading Post Guild Hall | Armory Sergeant Cayliss † Naburr Provost Riud † Sadelia | Balmora Guild Branch | Delte Nethri | Bangkorai Garrison Branch | Rathul-do | Belkarth Branch | Agwodir Qarafa Thais | Bergama Guild Hall | Armory Sergeant Cayliss † Homeira Malakeh Provost Riud † Sees-Many-Fish Usralia | Crosswych Guild Branch | Kalad Octin Murric Sergeant Magarakh | Daggerfall Guild Hall | Basile Fenandre Lucas | Davon's Watch Guild Hall | Frikkhild Hilan Neyna Varam | Dune Guild Hall | Durodir Hamiran-do Shagareg gra-Urkub | The Earth Forge | Apprentice Dalama Farmorion Fighter Dulzob † Fighter Taralen † Fimius Barbula Franja Snowpeak Mabgruhl gra-Born Mollier Cine Odeel-Medul Olahanar Ris Maren Nanaglar | Ebonheart Guild Branch | Dull-Scales Foni Svel Hladvyr Llarys Malkar Munbi Svel Nali Radas Picks-Many-Fights Sirk the Hammer | Elden Root Guild Hall | Althah Cardea Gallus Bark-Scraper Calpelion Claudius Colmorion Githriian Glalongoth Laryantil Mevilis Varyoni Midrasud Mizarbuk Nendilir Ontogu gro-Bashnarz Samati Savio Sirimunda Tundanarne Zahanabi | Evermore Guild Hall | Arianna Stende Gibal Kurz gra-Murtag Larhoth Mirarbinat Provost Mabilete Sergeant Qasim Vedra Yvayne Dugot | Firsthold Guild Hall | Halelmathras Hymonim Runs-Across-Water Siniaritaale | Fort Amol Branch | Belvin Redoran Raki | Fungal Grotto Apprentice Fasarel Defender Two-Blades Journeyman Gulvera Swordsman Ranarwa Hallin's Stand Guild Hall Charlemund Prevette Fethesena Nerendas Hlura Llarvys Nienras Sabirah the Zealous Sgugh gra-Shagronk Thungdosh Haven Guild Hall Angelenwen Gwannas Lekellae Caprenia Revisii Seloth Hissmir Branch Adzi-Mota Birila Drujal Lig gra-Murug Olik-Jah Onai-Ruul Topith-Kuz Hollow City Guild Hall Aleeta Candion Egarfin the Bold Ferva Hloril Hahnin Messenger Narfild Deepcrag Sinfay Valorone Vikord Skullcleaver Vosh gra-Kreeg Hoarfrost Downs Branch Jaddveig Owlcloak Jorunn's Stand Guild Branch Zavour Emard Kragenmoor Branch Akethi Baring Hammertongue Dyleso Erandil Zunala Kozanset Guild Hall Guibor Hjognar Tariyeh Ulu gra-Korith Yggruk Lillandril Guild Hall Guardian Nolinare Telonre Nebhavar Loraaldel Kelurm Lilmoth Guild Hall Claws-the-Ghosts † Hitari Stoneclaws Strikes-Quickly Marbruk Guild Hall Ardorin Carimalda Drivas Hrolvar Iniel Laftrius Kasynac Luric Laelrion Lowindor Tarak Triirma Martyr's Crossing Branch Furious Jawna Lumgol Qabin Morkul Stronghold Guild Branch Shebakh gra-Murkha Mournhold Guild Hall Bahree Bald Holgrim Belderi Llenim Carth Northwind Cardea Gallus Duk-Marza Hanyarie Muronad Girvu Nardis Pactuld Viiron Nimalten Guild Hall Angbjar the New Guy Irthor Sergeant Chalda Northern High Rock Gate Ikran Northpoint Guild Branch Savi Adrys Orsinium Guild Hall Ehshaz Garlor Mabgrorga Murotha Nargbagorn Rawl'kha Guild Hall Ashalki Gurum Panreth Thathas Zaydak Redfur Trading Post Branch Aldarenya Hjarfi Winter-Mane Jarina Muram Riften Guild Hall Alfa Carodus Atius Falaki General Ivandi Captain Viveka Guldir Innarrek Izzayya Kharbeff Pain-Giver Sergeant Krathon Sethisa Herethi Tarir Tenduldirel Sadrith Mora Guild Branch Vedelea Tenim | Fungal Grotto | Apprentice Fasarel Defender Two-Blades Journeyman Gulvera Swordsman Ranarwa | Hallin's Stand Guild Hall | Charlemund Prevette Fethesena Nerendas Hlura Llarvys Nienras Sabirah the Zealous Sgugh gra-Shagronk Thungdosh | Haven Guild Hall | Angelenwen Gwannas Lekellae Caprenia Revisii Seloth | Hissmir Branch | Adzi-Mota Birila Drujal Lig gra-Murug Olik-Jah Onai-Ruul Topith-Kuz | Hollow City Guild Hall | Aleeta Candion Egarfin the Bold Ferva Hloril Hahnin Messenger Narfild Deepcrag Sinfay Valorone Vikord Skullcleaver Vosh gra-Kreeg | Hoarfrost Downs Branch | Jaddveig Owlcloak | Jorunn's Stand Guild Branch | Zavour Emard | Kragenmoor Branch | Akethi Baring Hammertongue Dyleso Erandil Zunala | Kozanset Guild Hall | Guibor Hjognar Tariyeh Ulu gra-Korith Yggruk | Lillandril Guild Hall | Guardian Nolinare Telonre Nebhavar Loraaldel Kelurm | Lilmoth Guild Hall | Claws-the-Ghosts † Hitari Stoneclaws Strikes-Quickly | Marbruk Guild Hall | Ardorin Carimalda Drivas Hrolvar Iniel Laftrius Kasynac Luric Laelrion Lowindor Tarak Triirma | Martyr's Crossing Branch | Furious Jawna Lumgol Qabin | Morkul Stronghold Guild Branch | Shebakh gra-Murkha | Mournhold Guild Hall | Bahree Bald Holgrim Belderi Llenim Carth Northwind Cardea Gallus Duk-Marza Hanyarie Muronad Girvu Nardis Pactuld Viiron | Nimalten Guild Hall | Angbjar the New Guy Irthor Sergeant Chalda | Northern High Rock Gate | Ikran | Northpoint Guild Branch | Savi Adrys | Orsinium Guild Hall | Ehshaz Garlor Mabgrorga Murotha Nargbagorn | Rawl'kha Guild Hall | Ashalki Gurum Panreth Thathas Zaydak | Redfur Trading Post Branch | Aldarenya Hjarfi Winter-Mane Jarina Muram | Riften Guild Hall | Alfa Carodus Atius Falaki General Ivandi Captain Viveka Guldir Innarrek Izzayya Kharbeff Pain-Giver Sergeant Krathon Sethisa Herethi Tarir Tenduldirel | Sadrith Mora Guild Branch | Vedelea Tenim | Sentinel Guild Hall Ahdan Aza gra-Birgo Baileet Bumava Elsonia Feristyr Hannibal Virane Hareeya Hareld Falvo Nazila Orrun Rahim af-Nazila Zir at-Owynok Valentique Shimmerene Guild Hall Aicessar Idaug Jehrz Kulira Layedril Merfnovira Olincilion Sanarskar Telalril Vahazi Shinji's Scarp Branch Guth Shor's Stone Guild  Hall Alanne Farvild Drakesbane Otried Shornhelm Guild Hall Burzura Flat-Head Halar Cadiou Junah al-Satakalaam Marzul gro-Orgak Nienornith Nuzhi Shubesha Silvenar Guild Hall Adelhild Dunurra Milwalin Skywatch Fighters Guild Bondileth Nirthindor Sevame Dreth Vaford the Cynical Southern Morrowind Gate Arkas Spindleclutch At'avar Big Rabbu Cerise the Widow-Maker Elnis Elysette Faulor Glathut Guardian Sud-Hareem Kalmuzan Mereel Praxin Douare Stormhold Guild Hall Axe-Fist Bunach Hogfinn Inue Omeeta Othora Padeel Rania Teeka Vurvyn Tal'Deic Fortress Branch Grugues Velyn Harbor Guild Hall Bredrel Fimaz-ra General Elirwen Lindel Valentique Vivec City Branch Aicessar Amarz the Shield-Maker Erikar Five-Blades Natalo Calogerus Riray Dalo Svargret Goodsword Vadethes Senoril Vulkhel Guard Guild Hall Aicessar Apprentice Odrethin Candion Pladina Axilla Warder Calithil Vulkwasten Guild Hall Alana Edherien Elphiniel Rakhhi Tamshur Wayrest Guild Hall Charlisse Alinie Cardea Gallus Hafizah Lihidar at-Shadal Vush gra-Kreeg Western Elsweyr Gate Sebazi Windhelm Guild Hall Aeyne Redoran Agka Anaka the Ink-Blooded Araki Ice-Heart Armory Sergeant Cayliss † Armory Sergeant Fretild Arns Tharam Bjertha Cooks-the-Meat Galmar War-Wolf Hrolfgald Ingritha Nirthongoth Njial Odela Orrnar Redoran Provost Riud † Walks-Through-Fog Grackle (Pet) Grish (Pet) Woodhearth Branch Anirmelda Silversteel Vilbjorn the Wolf | Sentinel Guild Hall | Ahdan Aza gra-Birgo Baileet Bumava Elsonia Feristyr Hannibal Virane Hareeya Hareld Falvo Nazila Orrun Rahim af-Nazila Zir at-Owynok Valentique | Shimmerene Guild Hall | Aicessar Idaug Jehrz Kulira Layedril Merfnovira Olincilion Sanarskar Telalril Vahazi | Shinji's Scarp Branch | Guth | Shor's Stone Guild  Hall | Alanne Farvild Drakesbane Otried | Shornhelm Guild Hall | Burzura Flat-Head Halar Cadiou Junah al-Satakalaam Marzul gro-Orgak Nienornith Nuzhi Shubesha | Silvenar Guild Hall | Adelhild Dunurra Milwalin | Skywatch Fighters Guild | Bondileth Nirthindor Sevame Dreth Vaford the Cynical | Southern Morrowind Gate | Arkas | Spindleclutch | At'avar Big Rabbu Cerise the Widow-Maker Elnis Elysette Faulor Glathut Guardian Sud-Hareem Kalmuzan Mereel Praxin Douare | Stormhold Guild Hall | Axe-Fist Bunach Hogfinn Inue Omeeta Othora Padeel Rania Teeka Vurvyn | Tal'Deic Fortress Branch | Grugues | Velyn Harbor Guild Hall | Bredrel Fimaz-ra General Elirwen Lindel Valentique | Vivec City Branch | Aicessar Amarz the Shield-Maker Erikar Five-Blades Natalo Calogerus Riray Dalo Svargret Goodsword Vadethes Senoril | Vulkhel Guard Guild Hall | Aicessar Apprentice Odrethin Candion Pladina Axilla Warder Calithil | Vulkwasten Guild Hall | Alana Edherien Elphiniel Rakhhi Tamshur | Wayrest Guild Hall | Charlisse Alinie Cardea Gallus Hafizah Lihidar at-Shadal Vush gra-Kreeg | Western Elsweyr Gate | Sebazi | Windhelm Guild Hall | Aeyne Redoran Agka Anaka the Ink-Blooded Araki Ice-Heart Armory Sergeant Cayliss † Armory Sergeant Fretild Arns Tharam Bjertha Cooks-the-Meat Galmar War-Wolf Hrolfgald Ingritha Nirthongoth Njial Odela Orrnar Redoran Provost Riud † Walks-Through-Fog Grackle (Pet) Grish (Pet) | Woodhearth Branch | Anirmelda Silversteel Vilbjorn the Wolf | Other Members An-Jeen-Seek Aelif Akhita † Bera Moorsmith † Bizurr Borgath the Axe Bura-Natoo Calanyese Captain Alphaury Captain Arakh Captain Eilram Champion Marcauld Darien Gautier Fighter Aerdil Fighter Katuraz Fronjolf Galfinar Grundskar Gwilir Halana Henrinora Hunts-in-Shadow Jofnir Iceblade (Previous Guildmaster) Kilian Wennell Merric at-Aswala Naer Prince Azah Rulanir (Former) Sergeant Kamu Skordo the Knife Tethis Valentique Generic Members Camp Defender Defender Guild Blade Fighters Guild Berserker Fighters Guild Bodyguard Fighters Guild Captain Fighters Guild Defender Fighters Guild Gladiator Fighters Guild Guard Fighters Guild Recruit Fighters Guild Sentry Fighters Guild Soldier Fighters Guild Sorcerer Fighters Guild Survivor Fighters Guild Swordmaster Fighters Guild Templar Fighters Guild Thundermaul Prisoner Protector | Other Members | An-Jeen-Seek Aelif Akhita † Bera Moorsmith † Bizurr Borgath the Axe Bura-Natoo Calanyese Captain Alphaury Captain Arakh Captain Eilram Champion Marcauld Darien Gautier Fighter Aerdil Fighter Katuraz Fronjolf Galfinar Grundskar Gwilir Halana Henrinora Hunts-in-Shadow Jofnir Iceblade (Previous Guildmaster) Kilian Wennell Merric at-Aswala Naer Prince Azah Rulanir (Former) Sergeant Kamu Skordo the Knife Tethis Valentique | Generic Members | Camp Defender Defender Guild Blade Fighters Guild Berserker Fighters Guild Bodyguard Fighters Guild Captain Fighters Guild Defender Fighters Guild Gladiator Fighters Guild Guard Fighters Guild Recruit Fighters Guild Sentry Fighters Guild Soldier Fighters Guild Sorcerer Fighters Guild Survivor Fighters Guild Swordmaster Fighters Guild Templar Fighters Guild Thundermaul Prisoner Protector
uesp_Online_Fighters_Guild_t06.csv,Online:Fighters Guild,uesp,6,5,​ | Fighters Guild Veteran | 50 | Complete the Fighters Guild series of quests. | Champion Red Title : Fighters Guild Victor
uesp_Online_Flame_Damage_t00.csv,Online:Flame Damage,uesp,128,8,Name | Line Rank | Cast Time | Target | Range | Radius | Duration | Cost
uesp_Online_Flame_Damage_t01.csv,Online:Flame Damage,uesp,27,3,Set | Weight | 5 piece bonus
uesp_Online_Food_t00.csv,Online:Food,uesp,90,8,Name | Food Level | Dish Type | Health | Magicka | Stamina | Dur (mins)
uesp_Online_Food_t01.csv,Online:Food,uesp,5,23,Level | 1 | 2 | 3 | 4 | 5 | 6 | 7 | 8 | 9 | 10 | 11 | 12 | 13 | 14 | 15 | 16 | 17 | 18 | 19 | 20 | 21 | 22
uesp_Online_Food_t02.csv,Online:Food,uesp,5,23,Level | 1 | 2 | 3 | 4 | 5 | 6 | 7 | 8 | 9 | 10 | 11 | 12 | 13 | 14 | 15 | 16 | 17 | 18 | 19 | 20 | 21 | 22
uesp_Online_Food_t03.csv,Online:Food,uesp,5,23,Level | 1 | 2 | 3 | 4 | 5 | 6 | 7 | 8 | 9 | 10 | 11 | 12 | 13 | 14 | 15 | 16 | 17 | 18 | 19 | 20 | 21 | 22
uesp_Online_Food_t04.csv,Online:Food,uesp,77,8,Name | Food Level | Dish Type | Health | Magicka | Stamina | Dur (mins)
uesp_Online_Food_t05.csv,Online:Food,uesp,3,26,Level | 1 | 2 | 3 | 4 | 5 | 6 | 7 | 8 | 9 | 10 | 11 | 12 | 13 | 14 | 15 | 16 | 17 | 18 | 19 | 20 | 21 | 22 | 23 | 24 | 25
uesp_Online_Food_t06.csv,Online:Food,uesp,3,26,Level | 1 | 2 | 3 | 4 | 5 | 6 | 7 | 8 | 9 | 10 | 11 | 12 | 13 | 14 | 15 | 16 | 17 | 18 | 19 | 20 | 21 | 22 | 23 | 24 | 25
uesp_Online_Food_t07.csv,Online:Food,uesp,8,23,Level | 1 | 2 | 3 | 4 | 5 | 6 | 7 | 8 | 9 | 10 | 11 | 12 | 13 | 14 | 15 | 16 | 17 | 18 | 19 | 20 | 21 | 22
uesp_Online_Food_t08.csv,Online:Food,uesp,8,23,Level | 1 | 2 | 3 | 4 | 5 | 6 | 7 | 8 | 9 | 10 | 11 | 12 | 13 | 14 | 15 | 16 | 17 | 18 | 19 | 20 | 21 | 22
uesp_Online_Food_t09.csv,Online:Food,uesp,8,23,Level | 1 | 2 | 3 | 4 | 5 | 6 | 7 | 8 | 9 | 10 | 11 | 12 | 13 | 14 | 15 | 16 | 17 | 18 | 19 | 20 | 21 | 22
uesp_Online_Food_t10.csv,Online:Food,uesp,11,4,Food | Description | Price
uesp_Online_Food_t11.csv,Online:Food,uesp,5,4,Food | Description | Price
uesp_Online_Force_of_Nature_champion_t00.csv,Online:Force of Nature (champion),uesp,3,2,Constellation | Extended Might
uesp_Online_Frost_Damage_t00.csv,Online:Frost Damage,uesp,86,8,Name | Line Rank | Cast Time | Target | Range | Radius | Duration | Cost
uesp_Online_Frost_Damage_t01.csv,Online:Frost Damage,uesp,17,3,Set | Weight | 5 piece bonus
uesp_Online_Heavy_Armor_t00.csv,Online:Heavy Armor,uesp,23,8,Resolve I | 2
uesp_Online_Heavy_Armor_t01.csv,Online:Heavy Armor,uesp,5,8,Name | Line Rank | Cast Time | Target | Range | Radius | Duration | Cost
uesp_Online_Heavy_Armor_t02.csv,Online:Heavy Armor,uesp,1,4,Set Name | Bonuses | Location(s) | Set Type
uesp_Online_Heavy_Armor_t03.csv,Online:Heavy Armor,uesp,13,4,Name | Line Rank | Skill Rank | Description
uesp_Online_Heavy_Armor_Bonuses_t00.csv,Online:Heavy Armor Bonuses,uesp,3,2,Line | Heavy Armor
uesp_Online_Heavy_Armor_Penalties_t00.csv,Online:Heavy Armor Penalties,uesp,3,2,Line | Heavy Armor
uesp_Online_Immobilize_t00.csv,Online:Immobilize,uesp,9,5,Skill | Duration | Affects | Cost | Notes
uesp_Online_Imperial_City_t00.csv,Online:Imperial City,uesp,14,4,Zone: Imperial City ( view on map ) ( lore page ) | Zone: Imperial City ( view on map ) ( lore page )
uesp_Online_Jewelry_Crafting_t00.csv,Online:Jewelry Crafting,uesp,33,8,1 | Engraver I
uesp_Online_Jewelry_Crafting_t01.csv,Online:Jewelry Crafting,uesp,18,4,Name | Line Rank | Skill Rank | Description
uesp_Online_Jewelry_Crafting_t02.csv,Online:Jewelry Crafting,uesp,6,3,Order | Progression | Skill points required
uesp_Online_Jewelry_Crafting_t03.csv,Online:Jewelry Crafting,uesp,45,140,Dust Ounce Level Needed Necklace Ring Pewter Dust Pewter Ounce 1 3 2 4 5 3 6 6 4 8 8 5 10 9 6 12 11 7 14 12 8 16 14 9 18 15 10 20 17 11 22 19 12 24 20 13 Copper Dust Copper Ounce 26 5 3 28 6 4 30 8 5 32 9 6 34 11 7 36 12 8 38 14 9 40 15 10 42 17 11 44 18 12 46 20 13 48 21 14 50 23 15 | Dust Ounce | Level | Needed | Necklace | Ring | Pewter Dust Pewter Ounce | 1 | 3 | 2 | 4 | 5 | 3 | 6 | 6 | 4 | 8 | 8 | 5 | 10 | 9 | 6 | 12 | 11 | 7 | 14 | 12 | 8 | 16 | 14 | 9 | 18 | 15 | 10 | 20 | 17 | 11 | 22 | 19 | 12 | 24 | 20 | 13 | Copper Dust Copper Ounce | 26 | 5 | 3 | 28 | 6 | 4 | 30 | 8 | 5 | 32 | 9 | 6 | 34 | 11 | 7 | 36 | 12 | 8 | 38 | 14 | 9 | 40 | 15 | 10 | 42 | 17 | 11 | 44 | 18 | 12 | 46 | 20 | 13 | 48 | 21 | 14 | 50 | 23 | 15 | Dust Ounce Level Needed Necklace Ring Silver Dust Silver Ounce 10 6 4 20 9 6 30 12 8 40 15 10 50 18 12 60 21 14 70 24 16 Electrum Dust Electrum Ounce 80 8 6 90 12 8 100 16 10 110 20 12 120 24 14 130 28 16 140 32 18 Platinum Dust Platinum Ounce 150 15 10 160 150 100 | Dust Ounce | Level | Needed | Necklace | Ring | Silver Dust Silver Ounce | 10 | 6 | 4 | 20 | 9 | 6 | 30 | 12 | 8 | 40 | 15 | 10 | 50 | 18 | 12 | 60 | 21 | 14 | 70 | 24 | 16 | Electrum Dust Electrum Ounce | 80 | 8 | 6 | 90 | 12 | 8 | 100 | 16 | 10 | 110 | 20 | 12 | 120 | 24 | 14 | 130 | 28 | 16 | 140 | 32 | 18 | Platinum Dust Platinum Ounce | 150 | 15 | 10 | 160 | 150 | 100
uesp_Online_Jewelry_Crafting_t04.csv,Online:Jewelry Crafting,uesp,26,3,Dust Ounce | Level | Needed
uesp_Online_Jewelry_Crafting_t05.csv,Online:Jewelry Crafting,uesp,17,3,Dust Ounce | Level | Needed
uesp_Online_Jewelry_Crafting_t06.csv,Online:Jewelry Crafting,uesp,19,4,Trait | Pulverized Material | Description | Source
uesp_Online_Jewelry_Crafting_t07.csv,Online:Jewelry Crafting,uesp,6,2,Trait | Source
uesp_Online_Jewelry_Crafting_t08.csv,Online:Jewelry Crafting,uesp,5,8,Chance | 100% | Chance | 100% | Chance | 100% | Chance | 100%
uesp_Online_Jewelry_Crafting_t09.csv,Online:Jewelry Crafting,uesp,11,4,Achievement | Points | Description | Reward
uesp_Online_Jewelry_Sets_t00.csv,Online:Jewelry Sets,uesp,2,2,Set Name | Bonuses
uesp_Online_Jewelry_Sets_t01.csv,Online:Jewelry Sets,uesp,3,2,Set Name | Bonuses
uesp_Online_Jewelry_Sets_t02.csv,Online:Jewelry Sets,uesp,5,2,Set Name | Bonuses
uesp_Online_Jewelry_Sets_t03.csv,Online:Jewelry Sets,uesp,6,2,Set Name | Bonuses
uesp_Online_Juggernaut_champion_t00.csv,Online:Juggernaut (champion),uesp,3,2,Constellation | Fitness
uesp_Online_Leveling_t00.csv,Online:Leveling,uesp,5,3,Difficulty | XP Gain | Multiplier
uesp_Online_Leveling_t01.csv,Online:Leveling,uesp,50,7,Player level | Experience required for next level | Total experience for level | Standard quest reward | Location discovery | Location completion
uesp_Online_Leveling_t02.csv,Online:Leveling,uesp,51,6,Experience to next rank | Total experience to reach rank | Experience to next rank | Total experience to reach rank | Experience to next rank | Total experience to reach rank
uesp_Online_Leveling_t03.csv,Online:Leveling,uesp,5,3,Color | Level Range | Difficulty
uesp_Online_Light_Armor_t00.csv,Online:Light Armor,uesp,23,8,Grace I | 2
uesp_Online_Light_Armor_t01.csv,Online:Light Armor,uesp,5,8,Name | Line Rank | Cast Time | Target | Range | Radius | Duration | Cost
uesp_Online_Light_Armor_t02.csv,Online:Light Armor,uesp,1,4,Set Name | Bonuses | Location(s) | Set Type
uesp_Online_Light_Armor_t03.csv,Online:Light Armor,uesp,13,4,Name | Line Rank | Skill Rank | Description
uesp_Online_Light_Armor_Bonuses_t00.csv,Online:Light Armor Bonuses,uesp,3,2,Line | Light Armor
uesp_Online_Mages_Guild_t00.csv,Online:Mages Guild,uesp,19,8,Persuasive Will | 1
uesp_Online_Mages_Guild_t01.csv,Online:Mages Guild,uesp,5,8,Name | Line Rank | Cast Time | Target | Range | Radius | Duration | Cost
uesp_Online_Mages_Guild_t02.csv,Online:Mages Guild,uesp,20,8,Name | Line Rank | Cast Time | Target | Range | Radius | Duration | Cost
uesp_Online_Mages_Guild_t03.csv,Online:Mages Guild,uesp,9,4,Name | Line Rank | Skill Rank | Description
uesp_Online_Mages_Guild_t04.csv,Online:Mages Guild,uesp,10,3,Rank | Reputation Required for Next Rank | Total Reputation for Rank
uesp_Online_Mages_Guild_t05.csv,Online:Mages Guild,uesp,6,4,Achievement | Points | Description | Reward
uesp_Online_Magic_Damage_t00.csv,Online:Magic Damage,uesp,298,8,Name | Line Rank | Cast Time | Target | Range | Radius | Duration | Cost
uesp_Online_Magic_Damage_t01.csv,Online:Magic Damage,uesp,20,3,Set | Weight | complete set bonus
uesp_Online_Medium_Armor_t00.csv,Online:Medium Armor,uesp,23,8,Dexterity I | 2
uesp_Online_Medium_Armor_t01.csv,Online:Medium Armor,uesp,5,8,Name | Line Rank | Cast Time | Target | Range | Radius | Duration | Cost
uesp_Online_Medium_Armor_t02.csv,Online:Medium Armor,uesp,1,4,Set Name | Bonuses | Location(s) | Set Type
uesp_Online_Medium_Armor_t03.csv,Online:Medium Armor,uesp,12,4,Name | Line Rank | Skill Rank | Description
uesp_Online_Medium_Armor_Bonuses_t00.csv,Online:Medium Armor Bonuses,uesp,3,2,Line | Medium Armor
uesp_Online_Monster_Helm_Sets_t00.csv,Online:Monster Helm Sets,uesp,58,6,Set Name | Bonuses | Head Piece Dropped by | Shoulder Vendor | Helm | Shoulder
uesp_Online_Monster_Helm_Sets_t01.csv,Online:Monster Helm Sets,uesp,6,6,Set Name | Bonuses | Head Piece Dropped by | Shoulder Vendor | Helm | Shoulder
uesp_Online_Monster_Helm_Sets_t02.csv,Online:Monster Helm Sets,uesp,3,6,Set Name | Bonuses | Head Piece Dropped by | Shoulder Vendor | Helm | Shoulder
uesp_Online_Movement_Speed_t00.csv,Online:Movement Speed,uesp,3,3,Movement Type | Default | Maximum
uesp_Online_Movement_Speed_t01.csv,Online:Movement Speed,uesp,37,6,Skill | Increase | Duration | Affects | Cost/Trigger | Notes
uesp_Online_Movement_Speed_t02.csv,Online:Movement Speed,uesp,13,5,Set | Increase | Duration | Trigger | Notes
uesp_Online_Movement_Speed_t03.csv,Online:Movement Speed,uesp,22,6,Skill | Decrease | Duration | Affects | Cost | Notes
uesp_Online_Movement_Speed_t04.csv,Online:Movement Speed,uesp,3,6,Set | Decrease | Duration | Affects | Trigger | Notes
uesp_Online_Mundus_Stones_t00.csv,Online:Mundus Stones,uesp,13,8,Stone | Aldmeri Dominion | Daggerfall Covenant | Ebonheart Pact | Cyrodiil | Effect | Value | Full Divines armor value
uesp_Online_Mundus_Stones_t01.csv,Online:Mundus Stones,uesp,1,6,Quality | Base | Fine | Superior | Epic | Legendary
uesp_Online_Necromancer_t00.csv,Online:Necromancer,uesp,5,4,Build | Role | Description | Primary Stat
uesp_Online_Necromancer_t01.csv,Online:Necromancer,uesp,5,6,Necromancer Initiate | Baleful Summoner | Deathbringer | Undying Warrior | Flesh Sculptor
uesp_Online_Nightblade_t00.csv,Online:Nightblade,uesp,5,4,Build | Role | Description | Primary Stat
uesp_Online_Nightblade_t01.csv,Online:Nightblade,uesp,5,6,Nightblade Initiate | Deathweaver | Umbral Assassin | Living Shadow | Blood Magus
uesp_Online_Nirnhoned_t00.csv,Online:Nirnhoned,uesp,2,5,Normal | Fine | Superior | Epic | Legendary
uesp_Online_Nirnhoned_t01.csv,Online:Nirnhoned,uesp,42,10,Normal | Fine | Superior | Epic | Legendary | Normal | Fine | Superior | Epic | Legendary
uesp_Online_Nirnhoned_t02.csv,Online:Nirnhoned,uesp,42,10,Normal | Fine | Superior | Epic | Legendary | Normal | Fine | Superior | Epic | Legendary
uesp_Online_Nirnhoned_t03.csv,Online:Nirnhoned,uesp,42,5,Normal | Fine | Superior | Epic | Legendary
uesp_Online_Oblivion_Damage_t00.csv,Online:Oblivion Damage,uesp,4,3,Set | Weight | 5 piece bonus
uesp_Online_Off_Balance_t00.csv,Online:Off Balance,uesp,20,4,Skill | Affects | Cost | Notes
uesp_Online_One_Hand_and_Shield_t00.csv,Online:One Hand and Shield,uesp,29,8,2 | Puncture
uesp_Online_One_Hand_and_Shield_t01.csv,Online:One Hand and Shield,uesp,5,9,Name | Line Rank | Cast Time | Target | Range | Radius | Duration | Cost
uesp_Online_One_Hand_and_Shield_t02.csv,Online:One Hand and Shield,uesp,25,8,Name | Line Rank | Cast Time | Target | Range | Radius | Duration | Cost
uesp_Online_One_Hand_and_Shield_t03.csv,Online:One Hand and Shield,uesp,10,3,Ability Name | Weapon set name | Description
uesp_Online_One_Hand_and_Shield_t04.csv,Online:One Hand and Shield,uesp,10,4,Name | Line Rank | Skill Rank | Description
uesp_Online_Out_of_Sight_champion_t00.csv,Online:Out of Sight (champion),uesp,3,2,Constellation | Craft
uesp_Online_Overland_Sets_t00.csv,Online:Overland Sets,uesp,51,4,Set Name | Bonuses | Location(s) | Set Type
uesp_Online_Overland_Sets_t01.csv,Online:Overland Sets,uesp,53,4,Set Name | Bonuses | Location(s) | Set Type
uesp_Online_Overland_Sets_t02.csv,Online:Overland Sets,uesp,1,4,Set Name | Bonuses | Location(s) | Set Type
uesp_Online_Physical_Damage_t00.csv,Online:Physical Damage,uesp,220,8,Name | Line Rank | Cast Time | Target | Range | Radius | Duration | Cost
uesp_Online_Physical_Damage_t01.csv,Online:Physical Damage,uesp,31,3,Set | Weight | complete set bonus
uesp_Online_Platinum_t00.csv,Online:Platinum,uesp,9,2,Used for | Jewelry Crafting ( Engraver Rank 5)
uesp_Online_Platinum_t01.csv,Online:Platinum,uesp,2,3,Gear Level | Platinum Ring | Platinum Necklace
uesp_Online_Poison_Damage_t00.csv,Online:Poison Damage,uesp,35,8,Name | Line Rank | Cast Time | Target | Range | Radius | Duration | Cost
uesp_Online_Poison_Damage_t01.csv,Online:Poison Damage,uesp,22,3,Set | Weight | 5 piece bonus
uesp_Online_Poisons_t00.csv,Online:Poisons,uesp,66,5,Poison | Level | Damage | Duration | TOTAL
uesp_Online_Poisons_t01.csv,Online:Poisons,uesp,66,5,Poison | Level | Damage | Duration | TOTAL
uesp_Online_Poisons_t02.csv,Online:Poisons,uesp,66,3,Poison | Level | Duration
uesp_Online_Poisons_t03.csv,Online:Poisons,uesp,6,3,Poison | Effects | Price
uesp_Online_Potions_t00.csv,Online:Potions,uesp,66,4,Potion | Level | Health | Duration
uesp_Online_Potions_t01.csv,Online:Potions,uesp,66,4,Potion | Level | Magicka | Duration
uesp_Online_Potions_t02.csv,Online:Potions,uesp,66,4,Potion | Level | Stamina | Duration
uesp_Online_Potions_t03.csv,Online:Potions,uesp,66,3,Level | Stamina | Duration
uesp_Online_Potions_t04.csv,Online:Potions,uesp,66,4,Level | Stamina | Duration | Invisibility
uesp_Online_Potions_t05.csv,Online:Potions,uesp,20,4,Potion | Description | Quest
uesp_Online_Potions_t06.csv,Online:Potions,uesp,57,4,Level | Health | Duration | Immunity
uesp_Online_Potions_t07.csv,Online:Potions,uesp,57,3,Level | Magicka | Duration
uesp_Online_Potions_t08.csv,Online:Potions,uesp,57,3,Level | Stamina | Duration
uesp_Online_Potions_t09.csv,Online:Potions,uesp,11,4,Potion | Effects | Price
uesp_Online_Provisioning_t00.csv,Online:Provisioning,uesp,41,5,Recipe Quality I | 1 | Recipe Improvement I
uesp_Online_Provisioning_t01.csv,Online:Provisioning,uesp,25,4,Name | Line Rank | Skill Rank | Description
uesp_Online_Provisioning_t02.csv,Online:Provisioning,uesp,8,3,Order | Progression | Skill points required
uesp_Online_Provisioning_t03.csv,Online:Provisioning,uesp,17,4,Achievement | Points | Description | Reward
uesp_Online_Psijic_Order_t00.csv,Online:Psijic Order,uesp,19,8,See the Unseen | 1
uesp_Online_Psijic_Order_t01.csv,Online:Psijic Order,uesp,5,8,Name | Line Rank | Cast Time | Target | Range | Radius | Duration | Cost
uesp_Online_Psijic_Order_t02.csv,Online:Psijic Order,uesp,25,8,Name | Line Rank | Cast Time | Target | Range | Radius | Duration | Cost
uesp_Online_Psijic_Order_t03.csv,Online:Psijic Order,uesp,8,4,Name | Line Rank | Skill Rank | Description
uesp_Online_Psijic_Order_t04.csv,Online:Psijic Order,uesp,14,17,Conclave of the Eleven Forces Ritemaster Iachesis (First Leader) Valsirenn (Second Leader) Amaleera Iradal Loremaster Celarus Relicmaster Glenadir Undeya Members on Artaeum Arartar Berwiria Celice Bargeron Corunorion Enulyanar Farwunte Hiryadrion Hyurmir Melenlan Mulvarion Naanelore Nalirsewen Nildolnorne Noloen Jerick Tarwannewen Temelin Tendinwe Ulliceta gra-Kogg Unwulfwe Vaireno Dawari | Conclave of the Eleven Forces | Ritemaster Iachesis (First Leader) Valsirenn (Second Leader) Amaleera Iradal Loremaster Celarus Relicmaster Glenadir Undeya | Members on Artaeum | Arartar Berwiria Celice Bargeron Corunorion Enulyanar Farwunte Hiryadrion Hyurmir Melenlan Mulvarion Naanelore Nalirsewen Nildolnorne Noloen Jerick Tarwannewen Temelin Tendinwe Ulliceta gra-Kogg Unwulfwe Vaireno Dawari | Ceporah Tower Cinucil Ellacalion Fiirenanar Glanoyar Josajeh Monganar Panyra College of Psijics Ruins Andiryewen Henarine Ilaatysar Lanard Perrick Colosseum of the Old Ways Eldellar Geniette Emard Lantilwe Nemuutian Tinus Darlliun | Ceporah Tower | Cinucil Ellacalion Fiirenanar Glanoyar Josajeh Monganar Panyra | College of Psijics Ruins | Andiryewen Henarine Ilaatysar Lanard Perrick | Colosseum of the Old Ways | Eldellar Geniette Emard Lantilwe Nemuutian Tinus Darlliun | Other Locations Esulo Indilgalion Legionary Jaida Lilatha Master Larama Molirstamil Orarelwe Oriandra Psijic Calis Pythis the Betrayer Relic-Apprentice Marafar Saresea Sotha Sil (Honorary Member) Taredinion Visiting Psijic Generic Members Psijic Apprentice Psijiic Order Corpse Psijic Sage Ritemaster's Memory | Other Locations | Esulo Indilgalion Legionary Jaida Lilatha Master Larama Molirstamil Orarelwe Oriandra Psijic Calis Pythis the Betrayer Relic-Apprentice Marafar Saresea Sotha Sil (Honorary Member) Taredinion Visiting Psijic | Generic Members | Psijic Apprentice Psijiic Order Corpse Psijic Sage Ritemaster's Memory
uesp_Online_PVP_Sets_t00.csv,Online:PVP Sets,uesp,28,4,Set Name | Bonuses | Location(s) | Set Type
uesp_Online_PVP_Sets_t01.csv,Online:PVP Sets,uesp,30,3,Set Name | Bonuses | Set Type
uesp_Online_PVP_Sets_t02.csv,Online:PVP Sets,uesp,8,3,Set Name | Bonuses | Set Type
uesp_Online_PVP_Sets_t03.csv,Online:PVP Sets,uesp,7,3,Set Name | Bonuses | Set Type
uesp_Online_PVP_Sets_t04.csv,Online:PVP Sets,uesp,10,3,Set Name | Bonuses | Set Type
uesp_Online_Races_t00.csv,Online:Races,uesp,1,4,Aldmeri Dominion | Daggerfall Covenant | Ebonheart Pact | Other
uesp_Online_Races_t01.csv,Online:Races,uesp,13,7,Alliance | Race | +15% exp gain in skill | Max Magicka Magicka Recovery Spell Damage | Max Health Health Recovery | Max Stamina Stamina Recovery Weapon Damage | Other Bonuses
uesp_Online_Recovery_t00.csv,Online:Recovery,uesp,5,2,Line | Light Armor
uesp_Online_Restoration_Staff_t00.csv,Online:Restoration Staff,uesp,29,8,2 | Grand Healing
uesp_Online_Restoration_Staff_t01.csv,Online:Restoration Staff,uesp,5,9,Name | Line Rank | Cast Time | Target | Range | Radius | Duration | Cost
uesp_Online_Restoration_Staff_t02.csv,Online:Restoration Staff,uesp,25,8,Name | Line Rank | Cast Time | Target | Range | Radius | Duration | Cost
uesp_Online_Restoration_Staff_t03.csv,Online:Restoration Staff,uesp,10,3,Ability Name | Weapon set name | Description
uesp_Online_Restoration_Staff_t04.csv,Online:Restoration Staff,uesp,10,4,Name | Line Rank | Skill Rank | Description
uesp_Online_Rubedite_Ore_t00.csv,Online:Rubedite Ore,uesp,9,2,Used for | Blacksmithing ( Metalworking Rank 10)
uesp_Online_Rubedite_Ore_t01.csv,Online:Rubedite Ore,uesp,7,9,Armor Level | Rubedite Cuirass | Rubedite Sabatons | Rubedite Gauntlets | Rubedite Helm | Rubedite Greaves | Rubedite Pauldron | Rubedite Girdle | Total
uesp_Online_Rubedo_Leather_t00.csv,Online:Rubedo Leather,uesp,9,2,Used for | Clothing ( Tailoring Rank 10)
uesp_Online_Rubedo_Leather_t01.csv,Online:Rubedo Leather,uesp,2,9,Armor Level | Rubedo Leather Jack | Rubedo Leather Boots | Rubedo Leather Bracers | Rubedo Leather Helmet | Rubedo Leather Guards | Rubedo Leather Arm Cops | Rubedo Leather Belt | Total
uesp_Online_Ruby_Ash_t00.csv,Online:Ruby Ash,uesp,9,2,Used for | Woodworking ( Woodworking Rank 10)
uesp_Online_Ruby_Ash_t01.csv,Online:Ruby Ash,uesp,2,4,Gear Level | Ruby Ash Bow | Ruby Ash [Type] Staff | Ruby Ash Shield
uesp_Online_Shock_Damage_t00.csv,Online:Shock Damage,uesp,79,8,Name | Line Rank | Cast Time | Target | Range | Radius | Duration | Cost
uesp_Online_Shock_Damage_t01.csv,Online:Shock Damage,uesp,22,3,Set | Weight | 5 piece bonus
uesp_Online_Siege_Weapons_t00.csv,Online:Siege Weapons,uesp,17,5,Weapon | Effects against Enemy Players | Effects against Siege Weapons | Effects against Structures
uesp_Online_Siege_Weapons_t01.csv,Online:Siege Weapons,uesp,22,6,Weapon | Description | Toughness | Gold Price | AP Price
uesp_Online_Siege_Weapons_t02.csv,Online:Siege Weapons,uesp,5,4,Weapon | Description | Equivalence
uesp_Online_Skills_t00.csv,Online:Skills,uesp,1,7,Dragonknight | Sorcerer | Nightblade | Templar | Warden | Necromancer | Arcanist
uesp_Online_Sorcerer_t00.csv,Online:Sorcerer,uesp,5,4,Build | Role | Description | Primary Stat
uesp_Online_Sorcerer_t01.csv,Online:Sorcerer,uesp,5,6,Sorcerer Initiate | Elemental Arcanist | Arcane Warrior | War Mage | Eldritch Mender
uesp_Online_Stealth_t00.csv,Online:Stealth,uesp,14,3,Skill | Available at | Effect
uesp_Online_Stealth_t01.csv,Online:Stealth,uesp,10,3,Set | Pieces | Effect
uesp_Online_Stealth_t02.csv,Online:Stealth,uesp,3,4,Perks | Stages | CP per stage | Effect
uesp_Online_Stealth_t03.csv,Online:Stealth,uesp,1,3,Skill | Available at | Effect
uesp_Online_Stun_t00.csv,Online:Stun,uesp,40,5,Skill | Duration | Affects | Cost | Notes
uesp_Online_Stun_t01.csv,Online:Stun,uesp,4,6,Set | Duration | Affects | Triggered by | Cooldown | Notes
uesp_Online_Support_t00.csv,Online:Support,uesp,17,8,2 | Siege Shield
uesp_Online_Support_t01.csv,Online:Support,uesp,5,8,Name | Line Rank | Cast Time | Target | Range | Radius | Duration | Cost
uesp_Online_Support_t02.csv,Online:Support,uesp,20,8,Name | Line Rank | Cast Time | Target | Range | Radius | Duration | Cost
uesp_Online_Support_t03.csv,Online:Support,uesp,6,4,Name | Line Rank | Skill Rank | Description
uesp_Online_Synergy_t00.csv,Online:Synergy,uesp,66,189,"Skill Synergy Uses Per Cast Effect Undaunted Sanguine Altar ​ Blood Funnel 12 Heals for 40% of your Max Health . Overflowing Altar ​ Blood Feast 12 Heals for 65% of your Max Health . Shadow Silk ​ Black Widow 1 Deals poison damage to target and summons a spider to attack for 10 seconds. The spider bites enemies for physical damage and can poison them for 10 seconds. Tangling Webs ​ Arachnophobia 1 Deals poison damage to target, fearing them for 4 seconds, and summons a spider to attack for 10 seconds. The spider bites enemies for physical damage . Inner Rage ​ Radiate 3 Deals flame damage to target over 3 seconds then additional flame damage to them and other nearby enemies. Inner Beast 1 Spiked Bone Shield ​ Bone Wall 1 Grants yourself and up to 5 other allies a damage shield equal to 30% of their Max Health for 6 seconds. Bone Surge ​ Spinal Surge 1 Grants yourself and up to 5 other allies a damage shield equal to 30% of their Max Health for 6 seconds? and Major Vitality increasing their healing received and damage shield strength by 12%. Mystic Orb ​ Combustion 12 Deals magic damage to nearby enemies and restores 3,960 Magicka or Stamina , whichever maximum is higher. Energy Orb ​ Healing Combustion 12 Heals nearby allies and restores 3,960 Magicka or Stamina , whichever maximum is higher. Arcanist Rune of Displacement Runebreak 1 Deals frost damage to enemies within 7 meters of the target. Fulminating Rune 3 Passage Between Worlds Passage 12 Teleport to the ally to the opposite portal. Dragonknight Shifting Standard ​ Shackle 1 Deals flame damage to enemies in the area and immobilizes them for 5 seconds. Standard of Might Burning Talons Ignite 1 Deals flame damage to all enemies immobilized by this skill. Choking Talons Necromancer Unerving Boneyard ​ Grave Robber 1 Deals frost damage to nearby enemies and heals yourself for the damage done. Avid Boneyard ​ Grave Robber † Agony Totem ​ Pure Agony 1 Deals magic damage over 5 seconds to enemies. Nightblade Bolstering Darkness ​ Hidden Refresh 12 Grants invisibility, increases Movement Speed by 70%, and heals you over 4 seconds. Veil of Blades Soul Siphon ​ Soul Leech 1 Deals magic damage to enemy and heals you for the damage done. Soul Tether Sorcerer Liquid Lightning ​ Conduit † 1 Deals shock damage to enemies around them. Lightning Flood Greater Storm Atronach ​ Charged Lightning 1 Grants you and all allies within 12 meters Major Berserk for 10 seconds, increasing their damage done by 10%. Summon Charged Atronach Templar Luminous Shards ​ Holy Shards † 1 Restores 3,960 Magicka and Stamina . Blazing Spear ​ Blessed Shards 1 Restores 3,960 Magicka or Stamina , whichever maximum is higher. Solar Prison ​ Gravity Crush 1 Deals magic damage to all enemies in the area and stuns them for 5 seconds. Solar Disturbance ​ Supernova 1 Deals magic damage to all enemies in the area and stuns them for 3 seconds. Ritual of Retribution ​ Purify 12 Cleanses all harmful effects from yourself and heals you Extended Warden Budding Seeds ​ Harvest 1 Heal yourself over 5 seconds Corrupting Pollen Frozen Retreat ​ Icy Escape 1 Teleport to the caster and gain Major Expedition, increasing your Movement Speed by 30% for 8 seconds. Werewolf Roar ​ Feeding Frenzy 12 Grants 6% damage done and Minor Force for 30 seconds, increasing Critical Damage by 10%. Item Sets Gryphon's Reprisal Gryphon's Reprisal † 1 Cause a small gryphon to fly by and deal bleed damage over 10 seconds to enemies within 5 meters. Haven of Ursus Haven of Ursus ? † 1 Grant a shield that protects up to 6 group members within a 28 meter radius for 6 seconds. Kraglen's Howl Heed the Call 3 Gives you and the set wearer 12 Ultimate . Lady Thorn Sanguine Burst † 1 Deals disease damage to nearby enemies and applies Major Maim for 8 seconds, decreasing their damage done by 10%. Recovery Convergence Convergence Release †† 1 Restore Stamina and Magicka to yourself and group members within 28 meters of you. † These synergies can be used by the skill caster as well as allies †† Can only be used by the set wearer Infinite Archive [ edit ] The Undead Avatar verse grants the ​ Call the Dead Synergy, which summons Skeletal Mages , Skeletal Archers and Skeletal Defenders in a chosen area to fight by your side. The Eye Catching verse grants the ​ Knower's Eye Synergy, which summons a Knower's Eye in a chosen area that distract enemies. The Iron Atronach verse grants the ​ Fire Eruption Synergy, which deals continuous massive Flame Damage to all nearby enemies and  summons a friendly Prime Meteor which deals devastating flame damage The Phalanx verse grants the (?) Synergy, which summons 5 ghostly defenders that stagger and interrupt nearby enemies, and shields allies behind them. The Ice Avatar verse grants the Whiteout Synergy, which freezes enemies solid, resurrects dead allies and summons friendly Frostkin when defeating enemies. The Gilded Sleight verse grants the Shakedown Synergy, which charges a golden enemydealing very high Physical Damage, staggers, stuns, sets off-balance and leaves behind a pile of Gold. The Shackled Resolve verse grants the (?) Synergy, which grants a damage shield which increases based on enemies tethered. The Pustulent Globs verse grants the (?) Synergy, Which lets you throw the pustule causing it to detonate at a new location The Guardian of Pestilence verse grants the (?) Synergy, Which detonates your guardians corpse, dealing Disease Damage and plauging the area for 30 seconds. Companion Skill Synergies [ edit ] Crimson Font grants the Crimson Funnel Synergy to Allies, which heals the activator for 50% of their health. Savage Instinct grants the Savage Implosion Synergy to an ally, which causes the enemy to implode after 2 seconds dealing Magic Damage to them and other nearby enemies Skeletal Aegis grants the Bone Aegis Synergy to an ally, which gives a damage shield for 50% of their Max Health for 6 seconds. Sets Activated by Synergies [ edit ] Set Weight complete set bonus Eye of Nahviintaas Light When an ally activates a synergy you have created within 10 seconds, you and the ally who activated the synergy get 12% cost reduction for non-Ultimate abilities for 3 seconds. This effect can occur every 6 seconds per target. Harmony in Chaos Light While in combat, activating a synergy increases your Weapon and Spell Damage by 88 for 15 seconds, stacking up to 5 times. Heroic Unity Heavy Activating a synergy gives you and up to 3 group members within 12 meters Major Heroism for 6 seconds, granting 3 Ultimate every 1.5 seconds. This effect can occur once every 1 second. Lunar Bastion Heavy When you activate a synergy , you create a lunar blessing underneath you for 8 seconds. The blessing grants a stacking damage shield every 2 seconds that absorbs 63-2737 damage per stack for you and your group members within 8 meters. The damage shield lasts for 4 seconds and refreshes every tick. This effect can occur once every 20 seconds, and stacks up to 6 times. Moondancer Light When you activate a synergy while in combat, you gain a shadow blessing that increases your Weapon and Spell Damage by 11-474 or a lunar blessing that increases your Magicka Recovery by 11-474 for 20 seconds. You can only have one blessing active at a time. Roar of Alkosh Medium When you activate a synergy , you send a shockwave from your position that deals 318 Physical Damage and an additional 1590 Physical Damage over 10 seconds. Reduces the Physical and Spell Resistance of any enemy hit by the amount of your Weapon Damage for the duration, up to a maximum of 6000. The damage scales off the higher of your Weapon and Spell Damage. Spelunker Medium Reduces the cost of your Undaunted abilities by 10%. When an ally uses one of your Undaunted ability synergies you restore 16-730 Magicka and Stamina . This effect can occur once every 5 seconds. Tooth of Lokkestiiz Medium When you activate a synergy while in combat, gain Major Slayer for 16 seconds, increasing your damage done to Dungeon and Trial monsters by 10%. Twilight Remedy Light When an ally activates a synergy you have created within 10 seconds, they heal themselves for 8032 Health over 15 seconds and gain Minor Force for the duration, increasing their Critical Damage by 10%. This effect scales off the higher of the synergy activator's Max Magicka or Stamina . Group Content Synergies [ edit ] This page or section is incomplete.  You can help by adding to it. Missing lots For more information, see the help files , the style guide , and this article's talk page . Many Trials, Dungeons and Arenas have synergies related to a specific encounter/mechanic/area Sigils are a type of synergy available in certain Arenas and Battlegrounds by activating the glowing token during combat. In Imperial City Prison , during the battle with Ibomez the Flesh Sculptor , he will drop flesh grenades, which can be activated like a Synergy to deal Disease Damage to the enemies in the room. In the Cradle of Shadows , there are Flesh Atronachs with torches which can be looted from them with a Synergy when they are killed.  Doing so will protect you and your group from the darkness in the later sections. At Shipwreck Cove on Vvardenfell , Kimbrudhil the Songbird has an attack which will Levitate all nearby players, and most likely kill them.  The only reliable way to escape this is with a Synergy called Escape her Embrace . In Bastion Nymic , killing a Nightmare creates an area where you can activate the ​ Fissure synergy to passively get ""Fissure"", which has the following description: ""You stepped into a liminal space between this realm and another. Things otherwise hidden may reveal themselves to you."" This reveals the dark potents for the Nightmare's Puzzler achievement, and the Vaermina's Nightmares during The Dreadful Herald 's fight. Synergy-Like Events [ edit ] This page or section is incomplete.  You can help by adding to it. Missing many quest-related synergies. For more information, see the help files , the style guide , and this article's talk page . Sometimes, there are other events which behave like Synergies, giving you the option to perform an action during combat.  They are activated in the same way, but do not require another player to be around, or trigger any abilities which are affected by Synergies.  Some examples are: The Blade of Woe ability can be used by sneaking close enough to a humanoid target as long as you have the relevant Dark Brotherhood passive skill. It instantly kills weak humanoids and is therefore useful for murdering Justice Neutral NPCs. The range is slightly lower than a vampire's Feed ability. The Feed ability shows when you are a Vampire and sneaking close enough to a humanoid target to feed.  Doing so will increase your Vampirism Stage by one, as well as restoring your Health .  Your Vampirism stage will decrease every 6 hours if you do not feed. Some of the Vampire abilities are only available or become more powerful if you are in the higher Stages of Vampirism. Doing so is considered an attack, and will be reported as a crime if done to a non-hostile enemy. The range is slightly higher than the Blade of Woe ability.  The same ability shows when giving another player a bite at a Vampire Shrine with the Blood Ritual skill, though this does not affect your Vampirism stage. The Insatiable Hunger ability can be used by Werewolves provided they have invested in the skill line and are currently in Werewolf form. This allows you to consume the corpses of your slain enemies to restore your Health and gain Ultimate . The same ability shows when giving another player a bite at a Werewolf Ritual Sites with the Shadow of the Bloodmoon skill. The Slaughter synergy can be used by Werewolves while they are prowling on targets they have snuck behind, much like with the Blade of Woe and Vampire Feed abilities. During the final battle in Arx Corinium against Sellistrix the Lamia Queen , the Nereid sisters will give you the option to "" Taunt Her! "", causing Sellistrix to direct her attacks at the Nereid instead of you.  This is part of the Force of Nature quest and thus will only be available on your first run-through of the dungeon. During Stone Cold , you have to Use Indanas to Collapse Hole . During the quest God of Schemes , there are two instances where you are given a pseudo-Synergy event, first to form floating rocks into a bridge using Aedric Command , and later to escape from Molag Bal's clenched fist using Sacrifice of Courage . If you rescue Unsulag during the Forcing the Faith quest in Paragon's Remembrance , she will cast a healing spell which gives you a Synergy called Restoring Waves which restores your health. When Scruut is following you, she will periodically give you the Apocrypha's Wrath synergy to use, which summons Scruut's Tentacle to assist you. During Kynreeve Ryl 's fight, this synergy also stops his ""Ryl's Nightmare"" ability. During some parts in Necrom 's main quests after recovering Meln the Mouthless , you can use the Ghost Sight synergy against spirit-like enemies which have dramatic damage taken reduction. Dealing damage to those enemies grants you a stack of ""Ghost Sight"" for 30 seconds, and at 3 stacks a small area appears on the ground which grants you the Ghost Light synergy. Activating this synergy greatly increases your damage done for a time and causes the spirit-like enemies to immediately change back into their physical form. After defeating Vaermina's Nightmare in The Mythos , you will use the Black Book: The Tormented Eye synergy twice to fire a beam at Vaermina herself. During Chronicle of Fate , you will have to use Meln's Ghost Sight to reveal a passage. | Skill | Synergy | Uses Per Cast | Effect | Undaunted | Sanguine Altar | ​ Blood Funnel | 12 | Heals for 40% of your Max Health . | Overflowing Altar | ​ Blood Feast | 12 | Heals for 65% of your Max Health . | Shadow Silk | ​ Black Widow | 1 | Deals poison damage to target and summons a spider to attack for 10 seconds. The spider bites enemies for physical damage and can poison them for 10 seconds. | Tangling Webs | ​ Arachnophobia | 1 | Deals poison damage to target, fearing them for 4 seconds, and summons a spider to attack for 10 seconds. The spider bites enemies for physical damage . | Inner Rage | ​ Radiate | 3 | Deals flame damage to target over 3 seconds then additional flame damage to them and other nearby enemies. | Inner Beast | 1 | Spiked Bone Shield | ​ Bone Wall | 1 | Grants yourself and up to 5 other allies a damage shield equal to 30% of their Max Health for 6 seconds. | Bone Surge | ​ Spinal Surge | 1 | Grants yourself and up to 5 other allies a damage shield equal to 30% of their Max Health for 6 seconds? and Major Vitality increasing their healing received and damage shield strength by 12%. | Mystic Orb | ​ Combustion | 12 | Deals magic damage to nearby enemies and restores 3,960 Magicka or Stamina , whichever maximum is higher. | Energy Orb | ​ Healing Combustion | 12 | Heals nearby allies and restores 3,960 Magicka or Stamina , whichever maximum is higher. | Arcanist | Rune of Displacement | Runebreak | 1 | Deals frost damage to enemies within 7 meters of the target. | Fulminating Rune | 3 | Passage Between Worlds | Passage | 12 | Teleport to the ally to the opposite portal. | Dragonknight | Shifting Standard | ​ Shackle | 1 | Deals flame damage to enemies in the area and immobilizes them for 5 seconds. | Standard of Might | Burning Talons | Ignite | 1 | Deals flame damage to all enemies immobilized by this skill. | Choking Talons | Necromancer | Unerving Boneyard | ​ Grave Robber | 1 | Deals frost damage to nearby enemies and heals yourself for the damage done. | Avid Boneyard | ​ Grave Robber † | Agony Totem | ​ Pure Agony | 1 | Deals magic damage over 5 seconds to enemies. | Nightblade | Bolstering Darkness | ​ Hidden Refresh | 12 | Grants invisibility, increases Movement Speed by 70%, and heals you over 4 seconds. | Veil of Blades | Soul Siphon | ​ Soul Leech | 1 | Deals magic damage to enemy and heals you for the damage done. | Soul Tether | Sorcerer | Liquid Lightning | ​ Conduit † | 1 | Deals shock damage to enemies around them. | Lightning Flood | Greater Storm Atronach | ​ Charged Lightning | 1 | Grants you and all allies within 12 meters Major Berserk for 10 seconds, increasing their damage done by 10%. | Summon Charged Atronach | Templar | Luminous Shards | ​ Holy Shards † | 1 | Restores 3,960 Magicka and Stamina . | Blazing Spear | ​ Blessed Shards | 1 | Restores 3,960 Magicka or Stamina , whichever maximum is higher. | Solar Prison | ​ Gravity Crush | 1 | Deals magic damage to all enemies in the area and stuns them for 5 seconds. | Solar Disturbance | ​ Supernova | 1 | Deals magic damage to all enemies in the area and stuns them for 3 seconds. | Ritual of Retribution | ​ Purify | 12 | Cleanses all harmful effects from yourself and heals you | Extended | Warden | Budding Seeds | ​ Harvest | 1 | Heal yourself over 5 seconds | Corrupting Pollen | Frozen Retreat | ​ Icy Escape | 1 | Teleport to the caster and gain Major Expedition, increasing your Movement Speed by 30% for 8 seconds. | Werewolf | Roar | ​ Feeding Frenzy | 12 | Grants 6% damage done and Minor Force for 30 seconds, increasing Critical Damage by 10%. | Item Sets | Gryphon's Reprisal | Gryphon's Reprisal † | 1 | Cause a small gryphon to fly by and deal bleed damage over 10 seconds to enemies within 5 meters. | Haven of Ursus | Haven of Ursus ? † | 1 | Grant a shield that protects up to 6 group members within a 28 meter radius for 6 seconds. | Kraglen's Howl | Heed the Call | 3 | Gives you and the set wearer 12 Ultimate . | Lady Thorn | Sanguine Burst † | 1 | Deals disease damage to nearby enemies and applies Major Maim for 8 seconds, decreasing their damage done by 10%. | Recovery Convergence | Convergence Release †† | 1 | Restore Stamina and Magicka to yourself and group members within 28 meters of you. | Set | Weight | complete set bonus | Eye of Nahviintaas | Light | When an ally activates a synergy you have created within 10 seconds, you and the ally who activated the synergy get 12% cost reduction for non-Ultimate abilities for 3 seconds. This effect can occur every 6 seconds per target. | Harmony in Chaos | Light | While in combat, activating a synergy increases your Weapon and Spell Damage by 88 for 15 seconds, stacking up to 5 times. | Heroic Unity | Heavy | Activating a synergy gives you and up to 3 group members within 12 meters Major Heroism for 6 seconds, granting 3 Ultimate every 1.5 seconds. This effect can occur once every 1 second. | Lunar Bastion | Heavy | When you activate a synergy , you create a lunar blessing underneath you for 8 seconds. The blessing grants a stacking damage shield every 2 seconds that absorbs 63-2737 damage per stack for you and your group members within 8 meters. The damage shield lasts for 4 seconds and refreshes every tick. This effect can occur once every 20 seconds, and stacks up to 6 times. | Moondancer | Light | When you activate a synergy while in combat, you gain a shadow blessing that increases your Weapon and Spell Damage by 11-474 or a lunar blessing that increases your Magicka Recovery by 11-474 for 20 seconds. You can only have one blessing active at a time. | Roar of Alkosh | Medium | When you activate a synergy , you send a shockwave from your position that deals 318 Physical Damage and an additional 1590 Physical Damage over 10 seconds. Reduces the Physical and Spell Resistance of any enemy hit by the amount of your Weapon Damage for the duration, up to a maximum of 6000. The damage scales off the higher of your Weapon and Spell Damage. | Spelunker | Medium | Reduces the cost of your Undaunted abilities by 10%. When an ally uses one of your Undaunted ability synergies you restore 16-730 Magicka and Stamina . This effect can occur once every 5 seconds. | Tooth of Lokkestiiz | Medium | When you activate a synergy while in combat, gain Major Slayer for 16 seconds, increasing your damage done to Dungeon and Trial monsters by 10%. | Twilight Remedy | Light | When an ally activates a synergy you have created within 10 seconds, they heal themselves for 8032 Health over 15 seconds and gain Minor Force for the duration, increasing their Critical Damage by 10%. This effect scales off the higher of the synergy activator's Max Magicka or Stamina . | This page or section is incomplete.  You can help by adding to it. Missing lots For more information, see the help files , the style guide , and this article's talk page . | This page or section is incomplete.  You can help by adding to it. Missing many quest-related synergies. For more information, see the help files , the style guide , and this article's talk page ."
uesp_Online_Synergy_t01.csv,Online:Synergy,uesp,53,4,Skill | Synergy | Uses Per Cast | Effect
uesp_Online_Synergy_t02.csv,Online:Synergy,uesp,9,3,Set | Weight | complete set bonus
uesp_Online_Templar_t00.csv,Online:Templar,uesp,5,4,Build | Role | Description | Primary Stat
uesp_Online_Templar_t01.csv,Online:Templar,uesp,5,6,Templar Initiate | Gleaming Champion | Luminous Warrior | Bastion of Light | Beacon of Hope
uesp_Online_Traits_t00.csv,Online:Traits,uesp,17,5,Normal | Fine | Superior | Epic | Legendary
uesp_Online_Traits_t01.csv,Online:Traits,uesp,10,5,Normal | Fine | Superior | Epic | Legendary
uesp_Online_Traits_t02.csv,Online:Traits,uesp,11,5,Trait | Material | Material Source | Description | Magnitude
uesp_Online_Traits_t03.csv,Online:Traits,uesp,4,5,Normal | Fine | Superior | Epic | Legendary
uesp_Online_Traits_t04.csv,Online:Traits,uesp,12,11,1 st | 2h 00m | 1h 54m | 1h 48m | 1h 36m | 1h 30m | 1h 48m | 1h 42m 36s | 1h 37m 12s | 1h 26m 24s | 1h 21m
uesp_Online_Treasure_Hunter_champion_t00.csv,Online:Treasure Hunter (champion),uesp,3,2,Constellation | Craft
uesp_Online_Trial_Sets_t00.csv,Online:Trial Sets,uesp,4,3,Set Name | Bonuses | Set Type
uesp_Online_Trial_Sets_t01.csv,Online:Trial Sets,uesp,4,3,Set Name | Bonuses | Set Type
uesp_Online_Trial_Sets_t02.csv,Online:Trial Sets,uesp,4,3,Set Name | Bonuses | Set Type
uesp_Online_Trial_Sets_t03.csv,Online:Trial Sets,uesp,4,3,Set Name | Bonuses | Set Type
uesp_Online_Trial_Sets_t04.csv,Online:Trial Sets,uesp,8,3,Set Name | Bonuses | Set Type
uesp_Online_Trial_Sets_t05.csv,Online:Trial Sets,uesp,4,3,Set Name | Bonuses | Set Type
uesp_Online_Trial_Sets_t06.csv,Online:Trial Sets,uesp,8,3,Set Name | Bonuses | Set Type
uesp_Online_Trial_Sets_t07.csv,Online:Trial Sets,uesp,8,3,Set Name | Bonuses | Set Type
uesp_Online_Trial_Sets_t08.csv,Online:Trial Sets,uesp,8,3,Set Name | Bonuses | Set Type
uesp_Online_Trial_Sets_t09.csv,Online:Trial Sets,uesp,8,3,Set Name | Bonuses | Set Type
uesp_Online_Trial_Sets_t10.csv,Online:Trial Sets,uesp,8,3,Set Name | Bonuses | Armor Weight
uesp_Online_Trial_Sets_t11.csv,Online:Trial Sets,uesp,8,3,Set Name | Bonuses | Armor Weight
uesp_Online_Trial_Sets_t12.csv,Online:Trial Sets,uesp,8,3,Set Name | Bonuses | Armor Weight
uesp_Online_Two_Handed_t00.csv,Online:Two Handed,uesp,29,8,2 | Uppercut
uesp_Online_Two_Handed_t01.csv,Online:Two Handed,uesp,5,9,Name | Line Rank | Cast Time | Target | Range | Radius | Duration | Cost
uesp_Online_Two_Handed_t02.csv,Online:Two Handed,uesp,25,8,Name | Line Rank | Cast Time | Target | Range | Radius | Duration | Cost
uesp_Online_Two_Handed_t03.csv,Online:Two Handed,uesp,10,3,Ability Name | Weapon set name | Description
uesp_Online_Two_Handed_t04.csv,Online:Two Handed,uesp,10,4,Name | Line Rank | Skill Rank | Description
uesp_Online_Ultimate_t00.csv,Online:Ultimate,uesp,49,125,Class-Exclusive Tree Skill Cost Arcanist Herald of the Tome The Unblinking Eye 175 Ultimate Soldier of Apocrypha Gibbering Shield 200 Ultimate Curative Runeforms Vitalizing Glyphic 200 Ultimate Dragonknight Ardent Flame Dragonknight Standard 200 Ultimate Draconic Power Dragon Leap 125 Ultimate Earthen Heart Magma Armor 200 Ultimate Necromancer Bone Tyrant Bone Goliath Transformation 300 Ultimate Grave Lord Frozen Colossus 225 Ultimate Living Death Reanimate 335 Ultimate Nightblade Assassination Death Stroke 70 Ultimate Shadow Consuming Darkness 200 Ultimate Siphoning Soul Shred 150 Ultimate Sorcerer Daedric Summoning Summon Storm Atronach 200 Ultimate Dark Magic Negate Magic 225 Ultimate Storm Calling Overload 75 Ultimate † Templar Aedric Spear Radial Sweep 75 Ultimate Dawn's Wrath Nova 250 Ultimate Restoring Light Rite of Passage 125 Ultimate Warden Animal Companions Feral Guardian 75 Ultimate † Green Balance Secluded Grove 75 Ultimate Winter's Embrace Sleet Storm 200 Ultimate | Class-Exclusive | Tree | Skill | Cost | Arcanist | Herald of the Tome | The Unblinking Eye | 175 Ultimate | Soldier of Apocrypha | Gibbering Shield | 200 Ultimate | Curative Runeforms | Vitalizing Glyphic | 200 Ultimate | Dragonknight | Ardent Flame | Dragonknight Standard | 200 Ultimate | Draconic Power | Dragon Leap | 125 Ultimate | Earthen Heart | Magma Armor | 200 Ultimate | Necromancer | Bone Tyrant | Bone Goliath Transformation | 300 Ultimate | Grave Lord | Frozen Colossus | 225 Ultimate | Living Death | Reanimate | 335 Ultimate | Nightblade | Assassination | Death Stroke | 70 Ultimate | Shadow | Consuming Darkness | 200 Ultimate | Siphoning | Soul Shred | 150 Ultimate | Sorcerer | Daedric Summoning | Summon Storm Atronach | 200 Ultimate | Dark Magic | Negate Magic | 225 Ultimate | Storm Calling | Overload | 75 Ultimate † | Templar | Aedric Spear | Radial Sweep | 75 Ultimate | Dawn's Wrath | Nova | 250 Ultimate | Restoring Light | Rite of Passage | 125 Ultimate | Warden | Animal Companions | Feral Guardian | 75 Ultimate † | Green Balance | Secluded Grove | 75 Ultimate | Winter's Embrace | Sleet Storm | 200 Ultimate | All Characters Tree Skill Cost Weapon Skills Bow Rapid Fire 175 Ultimate Destruction Staff Elemental Storm 250 Ultimate Dual Wield Lacerate 150 Ultimate One Hand and Shield Shield Wall 100 Ultimate Restoration Staff Panacea 100 Ultimate Two Handed Berserker Strike 150 Ultimate Guild Fighters Guild Dawnbreaker 125 Ultimate Mages Guild Meteor 200 Ultimate Psijic Order Undo 165 Ultimate Other Assault War Horn 250 Ultimate Support Barrier 200 Ultimate Vampire Blood Scion 320-350 Ultimate †† Werewolf Werewolf Transformation 400-300 Ultimate Soul Magic Soul Strike 175 Ultimate | All Characters | Tree | Skill | Cost | Weapon Skills | Bow | Rapid Fire | 175 Ultimate | Destruction Staff | Elemental Storm | 250 Ultimate | Dual Wield | Lacerate | 150 Ultimate | One Hand and Shield | Shield Wall | 100 Ultimate | Restoration Staff | Panacea | 100 Ultimate | Two Handed | Berserker Strike | 150 Ultimate | Guild | Fighters Guild | Dawnbreaker | 125 Ultimate | Mages Guild | Meteor | 200 Ultimate | Psijic Order | Undo | 165 Ultimate | Other | Assault | War Horn | 250 Ultimate | Support | Barrier | 200 Ultimate | Vampire | Blood Scion | 320-350 Ultimate †† | Werewolf | Werewolf Transformation | 400-300 Ultimate | Soul Magic | Soul Strike | 175 Ultimate
uesp_Online_Ultimate_t01.csv,Online:Ultimate,uesp,29,3,Tree | Skill | Cost
uesp_Online_Ultimate_t02.csv,Online:Ultimate,uesp,18,3,Tree | Skill | Cost
uesp_Online_Undaunted_t00.csv,Online:Undaunted,uesp,7,2,Premium Undaunted Exploration Supplies | Undaunted Exploration Supplies
uesp_Online_Undaunted_t01.csv,Online:Undaunted,uesp,6,9,"Members Abzag the Monster Adrolir Akgruhl gra-Bol Armelle Madach Axel Malveaux Black-Scale Bloody Mayra Bolgrul Brazzideh Brittgerd Bear-Master Brulo Bloodletter Caeleneth the Hapless Caenlilmith Celelruin Chumbley Earrona Kneecapper Eats-Aged-Meat Eraegaer the Kill-Happy Felgol Felvyn the Swordarm Ferocious Jakidi Flin-Face Glad Glatha Glirion the Redbeard Gobur One-Eye Gorgrolg Hackle Heathre Hel Ra'Lala Hixultvutar Hloelott Ravens-Beak Hogondar Hammerhurl Hranir Icy-Mane Hrodi Mule-Face Hroltar the Boaster Ila al-Ragath Ilmeni Arelas Ilmindil the Incendiary Iulia Sentillus Javerien Tustin Joy Kailstig the Axe Lady Blade Lodiss the Rock Ludippe Guegan Ludovic the Lucky | Members | Abzag the Monster Adrolir Akgruhl gra-Bol Armelle Madach Axel Malveaux Black-Scale Bloody Mayra Bolgrul Brazzideh Brittgerd Bear-Master Brulo Bloodletter Caeleneth the Hapless Caenlilmith Celelruin Chumbley Earrona Kneecapper Eats-Aged-Meat Eraegaer the Kill-Happy Felgol Felvyn the Swordarm Ferocious Jakidi Flin-Face Glad Glatha Glirion the Redbeard Gobur One-Eye Gorgrolg Hackle Heathre Hel Ra'Lala Hixultvutar Hloelott Ravens-Beak Hogondar Hammerhurl Hranir Icy-Mane Hrodi Mule-Face Hroltar the Boaster Ila al-Ragath Ilmeni Arelas Ilmindil the Incendiary Iulia Sentillus Javerien Tustin Joy Kailstig the Axe Lady Blade Lodiss the Rock Ludippe Guegan Ludovic the Lucky | Members (Continued) Mad Zebba Maela the Crone Magnifico Jalid Maj al-Ragath Mallam Darano Mighty Mordra Mindil the Untested Monynen Nessa Inkskin Njoll Numyn Ohartalmo Resolute Ranarwa Roaring Ramavel Sahba the Bonecrusher Savage Sehlena Seeks-Her-Glory Serileth Shiv Siid Voung Slays-By-Moon Sleeps-on-Shield Sluz the Beryl-Chested Sobabe Strong-With-Tail Talirinde Thongar the Stout Thorkar Greatstorm Thulga, Empress of Bone Tildanyorion Tiny Talisse Tubidan the Alarmist Turuk Redclaws Twice-Lucky Umbarume the Undertaker Untouchable Naim Urgarlag Chief-bane Venomous Fauridil Vlesyl the Skin-Stealer Vyric the White Wanda Wandering Jakalor Yisareh Zantan the Magnificent Zayansora | Members (Continued) | Mad Zebba Maela the Crone Magnifico Jalid Maj al-Ragath Mallam Darano Mighty Mordra Mindil the Untested Monynen Nessa Inkskin Njoll Numyn Ohartalmo Resolute Ranarwa Roaring Ramavel Sahba the Bonecrusher Savage Sehlena Seeks-Her-Glory Serileth Shiv Siid Voung Slays-By-Moon Sleeps-on-Shield Sluz the Beryl-Chested Sobabe Strong-With-Tail Talirinde Thongar the Stout Thorkar Greatstorm Thulga, Empress of Bone Tildanyorion Tiny Talisse Tubidan the Alarmist Turuk Redclaws Twice-Lucky Umbarume the Undertaker Untouchable Naim Urgarlag Chief-bane Venomous Fauridil Vlesyl the Skin-Stealer Vyric the White Wanda Wandering Jakalor Yisareh Zantan the Magnificent Zayansora | Mentioned Aidan the Fear-Son Athan Tennecker Bradford the Brutal Danteriel Eeno Gadrey Vintalen Jeeba Kyrin Brightglade Lady Baronessa Ludovic the Lucky Maeglin Telemmaite Maximus the Burning Quinius Keeting Rassi Thimblebock Recites-Poetry Salaisoc Sobabe Tarien Vel Tarik the Hollow-Sky Verana Telemmaite Zakir Zaliya | Mentioned | Aidan the Fear-Son Athan Tennecker Bradford the Brutal Danteriel Eeno Gadrey Vintalen Jeeba Kyrin Brightglade Lady Baronessa Ludovic the Lucky Maeglin Telemmaite Maximus the Burning Quinius Keeting Rassi Thimblebock Recites-Poetry Salaisoc Sobabe Tarien Vel Tarik the Hollow-Sky Verana Telemmaite Zakir Zaliya"
uesp_Online_Undaunted_t02.csv,Online:Undaunted,uesp,17,8,1 | Blood Altar
uesp_Online_Undaunted_t03.csv,Online:Undaunted,uesp,25,9,Name | Line Rank | Cast Time | Target | Range | Radius | Duration | Cost
uesp_Online_Undaunted_t04.csv,Online:Undaunted,uesp,4,4,Name | Line Rank | Skill Rank | Description
uesp_Online_Undaunted_t05.csv,Online:Undaunted,uesp,7,2,Activity | Reputation given
uesp_Online_Undaunted_t06.csv,Online:Undaunted,uesp,10,3,Rank | Reputation Required for Next Rank | Total Reputation for Rank
uesp_Online_Undaunted_t07.csv,Online:Undaunted,uesp,6,4,Achievement | Points | Description | Reward
uesp_Online_Vampire_t00.csv,Online:Vampire,uesp,19,5,Feed | 1 | Eviscerate
uesp_Online_Vampire_t01.csv,Online:Vampire,uesp,4,6,Stage | Health Recovery | Damage from Fire | Vampire Ability Cost | Regular Ability Cost | Passive becomes active
uesp_Online_Vampire_t02.csv,Online:Vampire,uesp,10,3,Rank | Experience Required for Next Rank | Total Experience for Rank
uesp_Online_Vampire_t03.csv,Online:Vampire,uesp,5,9,Name | Line Rank | Cast Time | Target | Range | Radius | Duration | Cost
uesp_Online_Vampire_t04.csv,Online:Vampire,uesp,25,9,Name | Line Rank | Cast Time | Target | Range | Radius | Duration | Cost
uesp_Online_Vampire_t05.csv,Online:Vampire,uesp,10,4,Name | Line Rank | Skill Rank | Description
uesp_Online_Vampire_t06.csv,Online:Vampire,uesp,8,4,Achievement | Points | Description | Reward
uesp_Online_War_Mage_champion_t00.csv,Online:War Mage (champion),uesp,3,2,Constellation | Extended Might
uesp_Online_Warden_t00.csv,Online:Warden,uesp,5,4,Build | Role | Description | Primary Stat
uesp_Online_Warden_t01.csv,Online:Warden,uesp,5,6,Warden Initiate | Beast Caller | Savage Stalker | Guardian of the Wild | Master Herbalist
uesp_Online_Weapons_t00.csv,Online:Weapons,uesp,136,3,Style | Material | Motif
uesp_Online_Weapons_t01.csv,Online:Weapons,uesp,17,5,Normal | Fine | Superior | Epic | Legendary
uesp_Online_Werewolf_t00.csv,Online:Werewolf,uesp,19,7,Insatiable Hunger | 1 | Werewolf Transformation
uesp_Online_Werewolf_t01.csv,Online:Werewolf,uesp,1,2,Bonus | Effect
uesp_Online_Werewolf_t02.csv,Online:Werewolf,uesp,5,8,Name | Line Rank | Cast Time | Target | Range | Radius | Duration | Cost
uesp_Online_Werewolf_t03.csv,Online:Werewolf,uesp,25,8,Name | Line Rank | Cast Time | Target | Range | Radius | Duration | Cost
uesp_Online_Werewolf_t04.csv,Online:Werewolf,uesp,10,4,Name | Line Rank | Skill Rank | Description
uesp_Online_Werewolf_t05.csv,Online:Werewolf,uesp,10,3,Rank | Points Required for Next Rank | Total Points for Rank
uesp_Online_Werewolf_t06.csv,Online:Werewolf,uesp,7,4,Achievement | Points | Description | Reward
uesp_Online_Woodworking_t00.csv,Online:Woodworking,uesp,41,8,1 | Woodworking I
uesp_Online_Woodworking_t01.csv,Online:Woodworking,uesp,26,4,Name | Line Rank | Skill Rank | Description
uesp_Online_Woodworking_t02.csv,Online:Woodworking,uesp,7,3,Order | Progression | Skill points required
uesp_Online_Woodworking_t03.csv,Online:Woodworking,uesp,10,4,Raw Material | Refined Into | Used To Make... | Levels
uesp_Online_Woodworking_t04.csv,Online:Woodworking,uesp,14,5,​ | Legendary Woodworker | 50 | Improve Woodworking items to all available Qualities. | Mastic Yellow
esolog_skill_coefficients_t00.csv,skill_coefficients,esolog,7556,9,Skill Name | ID | Mechanic | Class | Skill Line | Set Name | # | Description | Equations
depth_Keeps_t00.csv,Online:Keeps,uesp:depth,13,3,"Home Keep Bonus | Home Keep Bonus | Increases experience, Alliance Points, and gold gained by 5%."
depth_Keeps_t01.csv,Online:Keeps,uesp:depth,6,4,Level 1 | backgroundplease | Higher Defensive Siege Cap | More Siege weapons can be placed in defense of this keep. (Defense Siege Weapons +5)
depth_Keeps_t02.csv,Online:Keeps,uesp:depth,9,4,Level 1 | Heartier Guards | Heartier Guards | Guards have more HP (10% more)
depth_Keeps_t03.csv,Online:Keeps,uesp:depth,6,4,"Level 1 | Tower | Wall Siege Platform | Various Wall sections will have more protective locations (HP 240,000. Spawn at 50% HP)"
depth_Keeps_t04.csv,Online:Keeps,uesp:depth,1,10,Upgrade Level | colspan=2Upgrade | Effect | Upgrade Level | colspan=2Upgrade | Effect | Upgrade Level | colspan=2Upgrade | Effect
depth_Campaigns_t00.csv,Online:Campaigns,uesp:depth,4,7,Campaign | Ruleset | Duration | Keeps | Outposts | Resources | Scrolls
depth_Campaigns_t01.csv,Online:Campaigns,uesp:depth,4,3,Campaign | Ruleset | Districts
depth_Campaigns_t02.csv,Online:Campaigns,uesp:depth,7,4,1st Place Alliance | 2100 gold | 3000 gold + 1 Superior item | 3900 gold + 1 Epic item
depth_Campaigns_t03.csv,Online:Campaigns,uesp:depth,7,4,1st Place Alliance | 10500 gold | 15000 gold + 5 Superior items | 19500 gold + 5 Epic items
depth_Campaigns_t04.csv,Online:Campaigns,uesp:depth,2,3,Leaderboard Position | 7-Day Campaigns | 30-Day Campaigns
depth_Campaigns_t05.csv,Online:Campaigns,uesp:depth,1,2,Bonus | Effect
depth_Campaigns_t06.csv,Online:Campaigns,uesp:depth,6,3,Emperorship Alliance Bonus | Emperorship Alliance Bonus I | Increases Max Health by 900.
depth_Campaigns_t07.csv,Online:Campaigns,uesp:depth,16,5,Stats | Soldier | Vanguard | Battle Medic | Scout
depth_Transitus_Network_t00.csv,Online:Transitus Network,uesp:depth,7,4,Border Keeps | 20pxEastern Elsweyr Gate 20pxWestern Elsweyr Gate | 20pxNorthern High Rock Gate 20pxSouthern High Rock Gate | 20pxNorthern Morrowind Gate 20pxSouthern Morrowind Gate
depth_Alliance_Points_t00.csv,Online:Alliance Points,uesp:depth,52,11,"1 | rowspan=2 |File:ON-icon-ava-Volunteer.png Volunteer | Grade 1 | 900 | 700 | Assault and Support Rank 2 Unlocked at 700 | Volunteer's Iron | ESO Alliances | Dominion=Dominion Pennant, Small | Covenant=Covenant Pennant, Small | Pact=Pact Pennant, Small (607 or 200)"
depth_Resources_t00.csv,Online:Resources,uesp:depth,2,4,"Level 1 | Gatherer | Faster Resource Production | This Resource now produces more Ore, Lumber or Food for it's associated Keep."
depth_Resources_t01.csv,Online:Resources,uesp:depth,4,4,Level 1 | |Heartier Guards | Heartier Guards | Guards have more HP
depth_Resources_t02.csv,Online:Resources,uesp:depth,7,4,Upgrade Level | Upgrade | Effect
depth_Resources_t03.csv,Online:Resources,uesp:depth,12,4,Level 1 | Regeneration | Enable Tower Regeneration | Tower walls will regenerate HP when not in combat (10 HP every 20 seconds)
depth_Elder_Scrolls_t00.csv,Online:Elder Scrolls,uesp:depth,4,3,Defensive Scroll Bonus I | Defensive Scroll Bonus I | Increases Physical and Spell Resistance by 2%.
depth_Siege_Weapons_t00.csv,Online:Siege Weapons,uesp:depth,17,5,Weapon | Effects against Enemy Players | Effects against Siege Weapons | Effects against Structures
depth_Siege_Weapons_t01.csv,Online:Siege Weapons,uesp:depth,22,9,"nowrap| ESO Alliances | Dominion=Dominion Ballista | Covenant=Covenant Ballista | Pact=Pact Ballista | Creates a ballista siege weapon whose bolt causes great damage to structures and enemies. | 100,000 | 1800"
depth_Siege_Weapons_t02.csv,Online:Siege Weapons,uesp:depth,5,7,nowrap| ESO Alliances | Dominion=Dominion Ballista of Vengeance | Covenant=Covenant Ballista of Vengeance | Pact=Pact Ballista of Vengeance | Creates a ballista siege weapon whose bolt causes great damage to structures and enemies. | Equivalent to a Ballista.
depth_Ebony_Ore_t00.csv,Online:Ebony Ore,uesp:depth,9,9,Armor Level | Ebon Cuirass | Ebon Sabatons | Ebon Gauntlets | Ebon Helm | Ebon Greaves | Ebon Pauldron | Ebon Girdle | Total
depth_Iron_Ore_t00.csv,Online:Iron Ore,uesp:depth,15,8,Gear Level | 1 | 4 | 6 | 8 | 10 | 12 | 14
depth_High_Iron_Ore_t00.csv,Online:High Iron Ore,uesp:depth,13,9,Armor Level | Steel Cuirass | Steel Sabatons | Steel Gauntlets | Steel Helm | Steel Greaves | Steel Pauldron | Steel Girdle | Total
depth_Orichalcum_Ore_t00.csv,Online:Orichalcum Ore,uesp:depth,13,9,Armor Level | Orichalc Cuirass | Orichalc Sabatons | Orichalc Gauntlets | Orichalc Helm | Orichalc Greaves | Orichalc Pauldron | Orichalc Girdle | Total
depth_Dwarven_Ore_t00.csv,Online:Dwarven Ore,uesp:depth,13,9,Armor Level | Dwarven Cuirass | Dwarven Sabatons | Dwarven Gauntlets | Dwarven Helm | Dwarven Greaves | Dwarven Pauldron | Dwarven Girdle | Total
depth_Calcinium_Ore_t00.csv,Online:Calcinium Ore,uesp:depth,9,9,Armor Level | Calcinium Cuirass | Calcinium Sabatons | Calcinium Gauntlets | Calcinium Helm | Calcinium Greaves | Calciniumon Pauldron | Calcinium Girdle | Total
depth_Galatite_Ore_t00.csv,Online:Galatite Ore,uesp:depth,9,9,Armor Level | Galatite Cuirass | Galatite Sabatons | Galatite Gauntlets | Galatite Helm | Galatite Greaves | Galatiteon Pauldron | Galatite Girdle | Total
depth_Quicksilver_Ore_t00.csv,Online:Quicksilver Ore,uesp:depth,7,9,Armor Level | Quicksilver Cuirass | Quicksilver Sabatons | Quicksilver Gauntlets | Quicksilver Helm | Quicksilver Greaves | Quicksilveron Pauldron | Quicksilver Girdle | Total
depth_Voidstone_Ore_t00.csv,Online:Voidstone Ore,uesp:depth,15,9,Armor Level | Voidsteel Cuirass | Voidsteel Sabatons | Voidsteel Gauntlets | Voidsteel Helm | Voidsteel Greaves | Voidsteel Pauldron | Voidsteel Girdle | Total
depth_Rubedite_Ore_t00.csv,Online:Rubedite Ore,uesp:depth,7,9,Armor Level | Rubedite Cuirass | Rubedite Sabatons | Rubedite Gauntlets | Rubedite Helm | Rubedite Greaves | Rubedite Pauldron | Rubedite Girdle | Total
depth_Ultimate_t00.csv,Online:Ultimate,uesp:depth,29,3,Tree | Skill | Cost
depth_Ultimate_t01.csv,Online:Ultimate,uesp:depth,18,3,Tree | Skill | Cost
depth_Battlegrounds_t00.csv,Online:Battlegrounds,uesp:depth,1,3,File:ON-icon-Fire Drakes.png | File:ON-icon-Pit Daemons.png | File:ON-icon-Storm Lords.png
depth_Battlegrounds_t01.csv,Online:Battlegrounds,uesp:depth,7,3,Battlemaster Rivyn's Reward Box | Battlemaster Rivyn's Competitive Reward Box | Weekly Leaderboard Rewards
depth_Battlegrounds_t02.csv,Online:Battlegrounds,uesp:depth,3,2,A Champion's Prize | Renown and Rewards
depth_Chaos_Ball_t00.csv,Online:Chaos Ball,uesp:depth,20,4,Icon | Name | Points | Description
depth_Deathmatch_t00.csv,Online:Deathmatch,uesp:depth,21,4,Icon | Name | Points | Description
depth_Capture_the_Relic_t00.csv,Online:Capture the Relic,uesp:depth,17,4,Icon | Name | Points | Description
depth_Crazy_King_t00.csv,Online:Crazy King,uesp:depth,19,4,Icon | Name | Points | Description
depth_Domination_t00.csv,Online:Domination,uesp:depth,20,4,Icon | Name | Points | Description
depth_Vengeance_Perks_t00.csv,Online:Vengeance Perks,uesp:depth,20,3,Icon | Name | Description
depth_Vengeance_Perks_t01.csv,Online:Vengeance Perks,uesp:depth,19,3,Icon | Name | Description
depth_Vengeance_Perks_t02.csv,Online:Vengeance Perks,uesp:depth,22,3,Icon | Name | Description
depth_Dragonknight_t00.csv,Online:Dragonknight,uesp:depth,5,4,Build | Role | Description | Primary Stat
depth_Dragonknight_t01.csv,Online:Dragonknight,uesp:depth,5,6,Dragonknight Initiate | #000000| | #aaff00|Dragon Blood | #ff7700|Searing Strike Magma Armor Molten Weapons Obsidian Shard | #ffff00|Dark Talons Obsidian Shield | #ffff00|Molten Weapons Obsidian Shield
depth_Classes_t00.csv,Online:Classes,uesp:depth,6,2,"40px|link=Online:Dragonknight|Dragonknight | The Dragonknight class is best suited for tanking-oriented characters due to the Draconic Power and Earthen Heart skill lines, although the Ardent Flame skill line does provide some rather literal firepower."
depth_Classes_t01.csv,Online:Classes,uesp:depth,65,4,Class | Specialisation | Weapons | Armor
depth_Nightblade_t00.csv,Online:Nightblade,uesp:depth,5,4,Build | Role | Description | Primary Stat
depth_Nightblade_t01.csv,Online:Nightblade,uesp:depth,5,6,Nightblade Initiate | #000000| | #aaff00|Assassin's Blade | #ff7700|Death Stroke Assassin's Blade Veiled Strike Siphoning Strikes | #00ff00| no conflicts | #ffff00|Soul Shred Strife
depth_Character_Creation_t00.csv,Online:Character Creation,uesp:depth,3,4,50px Orc | 50px Wood Elf | 50px Dark Elf | 50px Imperial
depth_Character_Creation_t01.csv,Online:Character Creation,uesp:depth,6,2,"40px|link=Online:Dragonknight|Dragonknight | The Dragonknight class is best suited for tanking-oriented characters due to the Draconic Power and Earthen Heart skill lines, although the Ardent Flame skill line does provide some rather literal firepower."
depth_Character_Creation_t02.csv,Online:Character Creation,uesp:depth,3,5,Argonian | Breton | Dark Elf | High Elf | Imperial
depth_Character_Creation_t03.csv,Online:Character Creation,uesp:depth,3,5,Argonian | Breton | Dark Elf | High Elf | Imperial
depth_Character_Creation_t04.csv,Online:Character Creation,uesp:depth,3,5,Argonian | Breton | Dark Elf | High Elf | Imperial
depth_Healer_t00.csv,Online:Healer,uesp:depth,5,5,Location | Name | Race | Gender | Health
depth_Foot_Soldier_t00.csv,Online:Foot Soldier,uesp:depth,5,5,Location | Name | Race | Gender | Health
depth_Fire_Mage_t00.csv,Online:Fire Mage,uesp:depth,4,5,Location | Name | Race | Gender | Health
depth_Frost_Mage_t00.csv,Online:Frost Mage,uesp:depth,4,5,Location | Name | Race | Gender | Health
depth_Archer_t00.csv,Online:Archer,uesp:depth,6,5,Location | Name | Race | Gender | Health
depth_Knight_t00.csv,Online:Knight,uesp:depth,4,5,Location | Name | Race | Gender | Health
depth_Pet_Ranger_t00.csv,Online:Pet Ranger,uesp:depth,2,5,Location | Name | Race | Gender | Health
depth_Bonelord_t00.csv,Online:Bonelord,uesp:depth,7,5,Location | Name | Race | Gender | Health
depth_Berserker_t00.csv,Online:Berserker,uesp:depth,4,5,Location | Name | Race | Gender | Health
depth_Fear_Mage_t00.csv,Online:Fear Mage,uesp:depth,4,5,Location | Name | Race | Gender | Health
depth_Battlemage_t00.csv,Online:Battlemage,uesp:depth,5,5,Location | Name | Race | Gender | Health
depth_Level_Up_Advisor_t00.csv,Online:Level Up Advisor,uesp:depth,35,7,Class | Build | Role | Description | Main Stat. | Suggested Weapon(s) | Suggested Armor
depth_Level_Up_Advisor_t01.csv,Online:Level Up Advisor,uesp:depth,49,5,Mile- stone | Level | Skill/ Attrib. Points | Rewards | Dungeon Finder
depth_Eviscerator_t00.csv,Online:Eviscerator,uesp:depth,5,5,Location | Name | Race | Gender | Health
depth_Necromancer_t00.csv,Online:Necromancer,uesp:depth,5,4,Build | Role | Description | Primary Stat
depth_Necromancer_t01.csv,Online:Necromancer,uesp:depth,5,6,Necromancer Initiate | #000000| | #aaff00|Spirit Mender | #ff3300|Flame Skull Sacrificial Bones Expunge Frozen Colossus Bone Goliath Skeletal Mage Shocking Siphon | #aaff00|Bone Armor | #ffbb00|Render Flesh Expunge Spirit Mender
depth_Poison_Archer_t00.csv,Online:Poison Archer,uesp:depth,3,5,Location | Name | Race | Gender | Health
depth_Chemist_t00.csv,Online:Chemist,uesp:depth,16,5,Location | Name | Race | Gender | Health
depth_Feral_t00.csv,Online:Feral,uesp:depth,5,5,Location | Name | Race | Gender | Health
depth_Arbalest_t00.csv,Online:Arbalest,uesp:depth,6,5,Location | Name | Race | Gender | Health
depth_Beastcaller_t00.csv,Online:Beastcaller,uesp:depth,4,5,Location | Name | Race | Gender | Health
depth_Reach_Mage_t00.csv,Online:Reach Mage,uesp:depth,5,5,Location | Name | Race | Gender | Health
depth_Nullifier_t00.csv,Online:Nullifier,uesp:depth,4,5,Location | Name | Race | Gender | Health
depth_Flame_Adept_t00.csv,Online:Flame Adept,uesp:depth,3,5,Location | Name | Race | Gender | Health
depth_Chillfiend_t00.csv,Online:Chillfiend,uesp:depth,5,5,Name | Gender | Race | Health | Location
depth_Cauterizer_t00.csv,Online:Cauterizer,uesp:depth,5,5,Location | Name | Race | Gender | Health
depth_Icereaver_t00.csv,Online:Icereaver,uesp:depth,3,5,Location | Name | Race | Gender | Health
depth_Dreadweaver_t00.csv,Online:Dreadweaver,uesp:depth,4,5,Location | Name | Race | Gender | Health
depth_Honor_Guard_t00.csv,Online:Honor Guard,uesp:depth,3,5,Location | Name | Race | Gender | Health
depth_Mage_Guard_t00.csv,Online:Mage Guard,uesp:depth,3,5,Location | Name | Race | Gender | Health
depth_Blood_Mage_t00.csv,Online:Blood Mage,uesp:depth,3,5,Location | Name | Race | Gender | Health
depth_Armamancer_t00.csv,Online:Armamancer,uesp:depth,3,5,Location | Name | Race | Gender | Health
depth_Arcanist_t00.csv,Online:Arcanist,uesp:depth,5,4,Build | Role | Description | Primary Stat
depth_Arcanist_t01.csv,Online:Arcanist,uesp:depth,5,6,Arcanist Initiate | #000000| | #aaff00|Spirit Mender | #ff3300|Flame Skull Blastbones Expunge Frozen Colossus Bone Goliath Skeletal Mage Shocking Siphon | #aaff00|Bone Armor | #ffbb00|Render Flesh Expunge Spirit Mender
depth_Frost_Archer_t00.csv,Online:Frost Archer,uesp:depth,1,5,Location | Name | Race | Gender | Health
depth_Dark_Champion_t00.csv,Online:Dark Champion,uesp:depth,3,5,Location | Name | Race | Difficulty | Health
depth_Geomancer_t00.csv,Online:Geomancer,uesp:depth,9,5,Location | Name | Race | Difficulty | Health
depth_Marsh_Warrior_t00.csv,Online:Marsh Warrior,uesp:depth,3,5,Location | Name | Race | Gender | Health
depth_Bonecrafter_t00.csv,Online:Bonecrafter,uesp:depth,8,5,Name | Location | Race | Difficulty | Health
depth_Templar_t00.csv,Online:Templar,uesp:depth,5,4,Build | Role | Description | Primary Stat
depth_Templar_t01.csv,Online:Templar,uesp:depth,5,6,Templar Initiate | #000000| | #aaff00|Cleansing Ritual | #ff7700|Radial Sweep Puncturing Strikes Piercing Javelin Backlash | #00ff00| no conflicts | #00ff00| no conflicts
depth_Sorcerer_t00.csv,Online:Sorcerer,uesp:depth,5,4,Build | Role | Description | Primary Stat
depth_Sorcerer_t01.csv,Online:Sorcerer,uesp:depth,5,6,Sorcerer Initiate | #000000| | #aaff00|Crystal Shard | #ffbb00|Arcane Warrior Bound Armor Lightning Flood | #aaff00|Negate Magic | #aaff00|Dark Exchange
depth_Combat_t00.csv,Online:Combat,uesp:depth,8,2,Attack type | |Chance to apply status effect
depth_Combat_t01.csv,Online:Combat,uesp:depth,14,3,x32px | Damaged Attribute | Attribute maximum decreased (e.g. Minor Mangle)
depth_Sentry_t00.csv,Online:Sentry,uesp:depth,4,5,Location | Name | Race | Gender | Health
depth_Jute_t00.csv,Online:Jute,uesp:depth,7,9,Armor Level | Homespun Robe/Jerkin | Homespun Shoes | Homespun Gloves | Homespun Hat | Homespun Breeches | Homespun Epaulets | Homespun Sash | Total
depth_Flax_t00.csv,Online:Flax,uesp:depth,5,9,Armor Level | Linen Robe/Jerkin | Linen Shoes | Linen Gloves | Linen Hat | Linen Breeches | Linen Epaulets | Linen Sash | Total
depth_Rawhide_t00.csv,Online:Rawhide,uesp:depth,7,9,Armor Level | Rawhide Jack | Rawhide Boots | Rawhide Bracers | Rawhide Helmet | Rawhide Guards | Rawhide Arm Cops | Rawhide Belt | Total
depth_Hide_t00.csv,Online:Hide,uesp:depth,5,9,Armor Level | Hide Jack | Hide Boots | Hide Bracers | Hide Helmet | Hide Guards | Hide Arm Cops | Hide Belt | Total
depth_Cotton_t00.csv,Online:Cotton,uesp:depth,5,9,Armor Level | Cotton Robe/Jerkin | Cotton Shoes | Cotton Gloves | Cotton Hat | Cotton Breeches | Cotton Epaulets | Cotton Sash | Total
depth_Leather_t00.csv,Online:Leather,uesp:depth,5,9,Armor Level | Leather Jack | Leather Boots | Leather Bracers | Leather Helmet | Leather Guards | Leather Arm Cops | Leather Belt | Total
depth_Spidersilk_t00.csv,Online:Spidersilk,uesp:depth,5,9,Armor Level | Spidersilk Robe/Jerkin | Spidersilk Shoes | Spidersilk Gloves | Spidersilk Hat | Spidersilk Breeches | Spidersilk Epaulets | Spidersilk Sash | Total
depth_Ebonthread_t00.csv,Online:Ebonthread,uesp:depth,3,9,Armor Level | Ebonthread Robe/Jerkin | Ebonthread Shoes | Ebonthread Gloves | Ebonthread Hat | Ebonthread Breeches | Ebonthread Epaulets | Ebonthread Sash | Total
depth_Kreshweed_t00.csv,Online:Kreshweed,uesp:depth,3,9,Armor Level | Kresh Robe/Jerkin | Kresh Shoes | Kresh Gloves | Kresh Hat | Kresh Breeches | Kresh Epaulets | Kresh Sash | Total
depth_Ironweed_t00.csv,Online:Ironweed,uesp:depth,3,9,Armor Level | Ironthread Robe/Jerkin | Ironthread Shoes | Ironthread Gloves | Ironthread Hat | Ironthread Breeches | Ironthread Epaulets | Ironthread Sash | Total
depth_Silverweave_t00.csv,Online:Silverweave,uesp:depth,2,9,Armor Level | Silverweave Robe/Jerkin | Silverweave Shoes | Silverweave Gloves | Silverweave Hat | Silverweave Breeches | Silverweave Epaulets | Silverweave Sash | Total
depth_Void_Bloom_t00.csv,Online:Void Bloom,uesp:depth,6,9,Armor Level | Shadowspun Robe/Jerkin | Shadowspun Shoes | Shadowspun Gloves | Shadowspun Hat | Shadowspun Breeches | Shadowspun Epaulets | Shadowspun Sash | Total
depth_Thick_Leather_t00.csv,Online:Thick Leather,uesp:depth,5,9,Armor Level | Full-Leather Jack | Full-Leather Boots | Full-Leather Bracers | Full-Leather Helmet | Full-Leather Guards | Full-Leather Arm Cops | Full-Leather Belt | Total
depth_Fell_Hide_t00.csv,Online:Fell Hide,uesp:depth,3,9,Armor Level | Fell Jack | Fell Boots | Fell Bracers | Fell Helmet | Fell Guards | Fell Arm Cops | Fell Belt | Total
depth_Topgrain_Hide_t00.csv,Online:Topgrain Hide,uesp:depth,3,9,Armor Level | Brigandine Jack | Brigandine Boots | Brigandine Bracers | Brigandine Helmet | Brigandine Guards | Brigandine Arm Cops | Brigandine Belt | Total
depth_Iron_Hide_t00.csv,Online:Iron Hide,uesp:depth,3,9,Armor Level | Ironhide Jack | Ironhide Boots | Ironhide Bracers | Ironhide Helmet | Ironhide Guards | Ironhide Arm Cops | Ironhide Belt | Total
depth_Superb_Hide_t00.csv,Online:Superb Hide,uesp:depth,2,9,Armor Level | Superb Jack | Superb Boots | Superb Bracers | Superb Helmet | Superb Guards | Superb Arm Cops | Superb Belt | Total
depth_Shadowhide_t00.csv,Online:Shadowhide,uesp:depth,6,9,Armor Level | Shadowhide Jack | Shadowhide Boots | Shadowhide Bracers | Shadowhide Helmet | Shadowhide Guards | Shadowhide Arm Cops | Shadowhide Belt | Total
depth_Ancestor_Silk_t00.csv,Online:Ancestor Silk,uesp:depth,2,9,Armor Level | Ancestor Silk Robe/Jerkin | Ancestor Silk Shoes | Ancestor Silk Gloves | Ancestor Silk Hat | Ancestor Silk Breeches | Ancestor Silk Epaulets | Ancestor Silk Sash | Total
depth_Rubedo_Leather_t00.csv,Online:Rubedo Leather,uesp:depth,2,9,Armor Level | Rubedo Leather Jack | Rubedo Leather Boots | Rubedo Leather Bracers | Rubedo Leather Helmet | Rubedo Leather Guards | Rubedo Leather Arm Cops | Rubedo Leather Belt | Total
depth_Tank_t00.csv,Online:Tank,uesp:depth,10,5,Location | Name | Race | Gender | Health
depth_Storm_Mage_t00.csv,Online:Storm Mage,uesp:depth,3,5,Location | Name | Race | Gender | Health
depth_Spirit_Master_t00.csv,Online:Spirit Master,uesp:depth,5,5,Location | Name | Race | Gender | Health
depth_Time_Bomb_Mage_t00.csv,Online:Time Bomb Mage,uesp:depth,11,5,Name | Gender | Race | Health | Location
depth_Burning_t00.csv,Online:Burning,uesp:depth,31,5,Source | Class | Type | Affects | Effect
depth_Burning_t01.csv,Online:Burning,uesp:depth,7,3,Source | Type | Effect
depth_Chilled_t00.csv,Online:Chilled,uesp:depth,29,5,Source | Class | Type | Affects | Effect
depth_Chilled_t01.csv,Online:Chilled,uesp:depth,5,3,Source | Type | Effect
depth_Concussion_t00.csv,Online:Concussion,uesp:depth,24,5,Source | Class | Type | Affects | Effect
depth_Concussion_t01.csv,Online:Concussion,uesp:depth,4,3,Source | Type | Effect
depth_Warden_t00.csv,Online:Warden,uesp:depth,5,4,Build | Role | Description | Primary Stat
depth_Warden_t01.csv,Online:Warden,uesp:depth,5,6,Warden Initiate | #000000| | #00ff00| no conflicts | #ff7700|Dive Scorch Betty Netch Fungal Growth Lotus Flower | #ffbb00|Betty Netch Falcon's Swiftness Impaling Shards | #00ff00| no conflicts
depth_Spellblade_t00.csv,Online:Spellblade,uesp:depth,3,5,Location | Name | Race | Gender | Health
depth_Vanquisher_t00.csv,Online:Vanquisher,uesp:depth,4,5,Location | Name | Race | Gender | Health
depth_Shadow_Mage_t00.csv,Online:Shadow Mage,uesp:depth,4,5,Location | Name | Race | Gender | Health
depth_Shade_Sentinel_t00.csv,Online:Shade Sentinel,uesp:depth,4,5,Location | Name | Race | Gender | Health
depth_Warpriest_t00.csv,Online:Warpriest,uesp:depth,3,5,Location | Name | Race | Gender | Health
depth_Void_Striker_t00.csv,Online:Void Striker,uesp:depth,3,5,Location | Name | Race | Gender | Health
depth_Swashbuckler_t00.csv,Online:Swashbuckler,uesp:depth,4,5,Location | Name | Race | Gender | Health
depth_Sea_Mage_t00.csv,Online:Sea Mage,uesp:depth,11,5,Location | Name | Race | Gender | Health
depth_Sun_Mage_t00.csv,Online:Sun Mage,uesp:depth,4,5,Location | Name | Race | Gender | Health
depth_Voidstalker_t00.csv,Online:Voidstalker,uesp:depth,2,5,Location | Name | Race | Gender | Health
depth_Umbral_Aegis_t00.csv,Online:Umbral Aegis,uesp:depth,1,5,Location | Name | Race | Gender | Health
depth_Crafting_t00.csv,Online:Crafting,uesp:depth,8,3,Order | Profession | Skill points required
depth_Crafting_t01.csv,Online:Crafting,uesp:depth,5,5,Extraction 0 | Extraction 1 | Extraction 2 | Extraction 3 | Ext 3 + Meticulous Disassembly
depth_Crafting_t02.csv,Online:Crafting,uesp:depth,50,3,Rank | Inspiration Required for Next Rank | Total Inspiration for Rank
depth_Crafting_t03.csv,Online:Crafting,uesp:depth,8,4,Rank | Standard | Enchanting | Provisioning
depth_Enchanting_t00.csv,Online:Enchanting,uesp:depth,25,6,Level | Inspiration Req'd | Δ Delta | Level | Inspiration Req'd | Δ Delta
depth_Enchanting_t01.csv,Online:Enchanting,uesp:depth,3,4,Type of Runestone | Icon color | Icon shape | Examples
depth_Enchanting_t02.csv,Online:Enchanting,uesp:depth,3,4,Type of Glyph | Icon color | Icon shape | Examples
depth_Enchanting_t03.csv,Online:Enchanting,uesp:depth,7,5,Base | Fine | Superior | Epic | Legendary
depth_Enchanting_t04.csv,Online:Enchanting,uesp:depth,6,3,Order | Progression | Skill points required
depth_Alchemy_t00.csv,Online:Alchemy,uesp:depth,7,3,Order | Progression | Skill points required
depth_Alchemy_t01.csv,Online:Alchemy,uesp:depth,26,4,Combination | Reagent 1 | Reagent 2 | Reagent 3
depth_Alchemy_t02.csv,Online:Alchemy,uesp:depth,22,4,Combination | Reagent 1 | Reagent 2 | Reagent 3
depth_Alchemy_t03.csv,Online:Alchemy,uesp:depth,9,4,Combination | Reagent 1 | Reagent 2 | Reagent 3
depth_Clothing_t00.csv,Online:Clothing,uesp:depth,7,3,Order | Progression | Skill points required
depth_Clothing_t01.csv,Online:Clothing,uesp:depth,8,3,Trait (Armor) | Material | Description
depth_Blacksmithing_t00.csv,Online:Blacksmithing,uesp:depth,7,3,Order | Progression | Skill points required
depth_Stealth_t00.csv,Online:Stealth,uesp:depth,14,3,Skill | Available at | Effect
depth_Stealth_t01.csv,Online:Stealth,uesp:depth,10,3,Set | Pieces | Effect
depth_Stealth_t02.csv,Online:Stealth,uesp:depth,3,4,Perks | Stages | CP per stage | Effect
depth_Stealth_t03.csv,Online:Stealth,uesp:depth,1,3,Skill | Available at | Effect
depth_Crafting_Writs_t00.csv,Online:Crafting Writs,uesp:depth,7,2,Profession | Quest Name
depth_Execute_t00.csv,Online:Execute,uesp:depth,31,5,Source | Class | Type | Threshold | Effect
depth_Damage_Shield_t00.csv,Online:Damage Shield,uesp:depth,17,6,Skill | Shield Strength | Duration | Affects | Cost | Notes
depth_Damage_Shield_t01.csv,Online:Damage Shield,uesp:depth,11,7,Set | Pieces | Shield Strength | Duration | Affects | Triggered By | Cooldown
depth_Damage_Shield_t02.csv,Online:Damage Shield,uesp:depth,1,5,Perk | Points | Shield Strength | Duration | Triggered By
depth_Healing_t00.csv,Online:Healing,uesp:depth,78,5,Skill | Healing | Affects | Cost | Other Effects
depth_Healing_Received_t00.csv,Online:Healing Received,uesp:depth,2,5,Skill | Increase | Duration | Affects | Cost
depth_Healing_Received_t01.csv,Online:Healing Received,uesp:depth,4,3,Skill | Increase | Triggered By
depth_Healing_Received_t02.csv,Online:Healing Received,uesp:depth,5,5,Skill | Decrease | Duration | Target | Cost
depth_Disorient_t00.csv,Online:Disorient,uesp:depth,8,5,Skill | Duration | Affects | Cost | Notes
depth_Off_Balance_t00.csv,Online:Off Balance,uesp:depth,20,4,Skill | Affects | Cost | Notes
depth_Fear_t00.csv,Online:Fear,uesp:depth,10,5,Skills | Duration | Affects | Cost | Notes
depth_Knockback_t00.csv,Online:Knockback,uesp:depth,11,4,Skill | Affects | Cost | Notes
depth_Immobilize_t00.csv,Online:Immobilize,uesp:depth,9,5,Skill | Duration | Affects | Cost | Notes
depth_Movement_Speed_t00.csv,Online:Movement Speed,uesp:depth,3,3,Movement Type | Default | Maximum
depth_Movement_Speed_t01.csv,Online:Movement Speed,uesp:depth,37,6,Skill | Increase | Duration | Affects | Cost/Trigger | Notes
depth_Movement_Speed_t02.csv,Online:Movement Speed,uesp:depth,13,5,Set | Increase | Duration | Trigger | Notes
depth_Movement_Speed_t03.csv,Online:Movement Speed,uesp:depth,22,6,Skill | Decrease | Duration | Affects | Cost | Notes
depth_Movement_Speed_t04.csv,Online:Movement Speed,uesp:depth,3,6,Set | Decrease | Duration | Affects | Trigger | Notes
depth_Stun_t00.csv,Online:Stun,uesp:depth,40,5,Skill | Duration | Affects | Cost | Notes
depth_Stun_t01.csv,Online:Stun,uesp:depth,4,6,Set | Duration | Affects | Triggered by | Cooldown | Notes
depth_Interrupt_t00.csv,Online:Interrupt,uesp:depth,10,4,Skill | Affects | Cost | Notes
depth_Resurrect_t00.csv,Online:Resurrect,uesp:depth,3,2,Skill | Effect
depth_Death_t00.csv,Online:Death,uesp:depth,53,3,Anthelmir's Construct | Anthelmir's Construct | Damage from Anthelmir's Construct set
depth_Heavy_Attack_t00.csv,Online:Heavy Attack,uesp:depth,6,4,Attack type | |Cast Time | Resource Restored | Damage
depth_Deep_Winter_Charity_Writs_t00.csv,Online:Deep Winter Charity Writs,uesp:depth,7,5,Furnishing | Needed | Ingredients | Recipes sold by | Skills needed
depth_Deep_Winter_Charity_Writs_t01.csv,Online:Deep Winter Charity Writs,uesp:depth,9,5,Furnishing | Needed | Ingredients | Recipes sold by | Skills needed
depth_Pull_t00.csv,Online:Pull,uesp:depth,4,3,Skill | Effects | Cost
depth_Poisoned_t00.csv,Online:Poisoned,uesp:depth,15,5,Source | Class | Type | Affects | Effect
depth_Poisoned_t01.csv,Online:Poisoned,uesp:depth,1,3,Source | Type | Effect
depth_Diseased_t00.csv,Online:Diseased,uesp:depth,19,5,Source | Class | Type | Affects | Effect
depth_Diseased_t01.csv,Online:Diseased,uesp:depth,1,3,Source | Type | Effect
depth_Sundered_t00.csv,Online:Sundered,uesp:depth,17,5,Source | Class | Type | Affects | Effect
depth_Sundered_t01.csv,Online:Sundered,uesp:depth,1,3,Source | Type | Effect
depth_Hemorrhaging_t00.csv,Online:Hemorrhaging,uesp:depth,18,5,Source | Class | Type | Affects | Effect
depth_Hemorrhaging_t01.csv,Online:Hemorrhaging,uesp:depth,1,3,Source | Type | Effect
depth_Overcharged_t00.csv,Online:Overcharged,uesp:depth,11,5,Source | Class | Type | Affects | Effect
depth_Overcharged_t01.csv,Online:Overcharged,uesp:depth,1,3,Source | Type | Effect
depth_Provisioning_t00.csv,Online:Provisioning,uesp:depth,8,3,Order | Progression | Skill points required
depth_Woodworking_t00.csv,Online:Woodworking,uesp:depth,7,3,Order | Progression | Skill points required
depth_Battle_Leveling_t00.csv,Online:Battle Leveling,uesp:depth,6,4,Zone | Access Level | Content Level | Battle Level
depth_The_Apprentice_champion_t00.csv,Online:The Apprentice (champion),uesp:depth,4,3,40px | Blessed | Increases the effectiveness of healing done by [0-15]%.
depth_The_Apprentice_champion_t01.csv,Online:The Apprentice (champion),uesp:depth,4,4,40px | Vengeance | 10 | Guarantees your next spell will be a critical hit after you block three spells within 10 seconds of each other.
depth_The_Atronach_champion_t00.csv,Online:The Atronach (champion),uesp:depth,4,3,40px | Master-at-Arms | Increases the damage of your direct damage attacks by [0-25]%.
depth_The_Atronach_champion_t01.csv,Online:The Atronach (champion),uesp:depth,4,4,40px | Retaliation | 10 | Increases the damage of your next Light Attack by 30% after blocking a Heavy Attack.
depth_Furniture_Crafting_t00.csv,Online:Furniture Crafting,uesp:depth,8,3,Skill | Usual Plan Type | Furnishing Material
depth_Jewelry_Crafting_t00.csv,Online:Jewelry Crafting,uesp:depth,6,3,Order | Progression | Skill points required
depth_Jewelry_Crafting_t01.csv,Online:Jewelry Crafting,uesp:depth,26,4,Dust | Level | Needed
depth_Jewelry_Crafting_t02.csv,Online:Jewelry Crafting,uesp:depth,17,3,Dust | Level | Needed
depth_Jewelry_Crafting_t03.csv,Online:Jewelry Crafting,uesp:depth,19,4,Trait | Pulverized Material | Description | Source
depth_Jewelry_Crafting_t04.csv,Online:Jewelry Crafting,uesp:depth,6,2,Trait | Source
depth_Jewelry_Crafting_t05.csv,Online:Jewelry Crafting,uesp:depth,5,8,Chance | 100% | Chance | 100% | Chance | 100% | Chance | 100%
depth_Witches_Festival_Writs_t00.csv,Online:Witches Festival Writs,uesp:depth,9,2,Recipe | Writ Vouchers Reward
depth_Witches_Festival_Writs_t01.csv,Online:Witches Festival Writs,uesp:depth,3,2,Recipe | Writ Vouchers Reward
depth_Witches_Festival_Writs_t02.csv,Online:Witches Festival Writs,uesp:depth,2,2,Writ | Writ Vouchers Reward
depth_Heavy_Sack_t00.csv,Online:Heavy Sack,uesp:depth,1,3,Zone | Settlement | Location
depth_Heavy_Sack_t01.csv,Online:Heavy Sack,uesp:depth,1,3,Zone | Settlement | Location
depth_Heavy_Sack_t02.csv,Online:Heavy Sack,uesp:depth,1,3,Zone | Settlement | Location
depth_Heavy_Sack_t03.csv,Online:Heavy Sack,uesp:depth,1,3,Zone | Settlement | Location
depth_Heavy_Sack_t04.csv,Online:Heavy Sack,uesp:depth,1,3,Zone | Settlement | Location
depth_Heavy_Sack_t05.csv,Online:Heavy Sack,uesp:depth,1,3,Zone | Settlement | Location
depth_Heavy_Sack_t06.csv,Online:Heavy Sack,uesp:depth,1,3,Zone | Settlement | Location
depth_Heavy_Sack_t07.csv,Online:Heavy Sack,uesp:depth,1,3,Zone | Settlement | Location
depth_Heavy_Sack_t08.csv,Online:Heavy Sack,uesp:depth,1,3,Zone | Settlement | Location
depth_Heavy_Sack_t09.csv,Online:Heavy Sack,uesp:depth,1,3,Zone | Settlement | Location
depth_Heavy_Sack_t10.csv,Online:Heavy Sack,uesp:depth,1,3,Zone | Settlement | Location
depth_Heavy_Sack_t11.csv,Online:Heavy Sack,uesp:depth,1,3,Zone | Settlement | Location
depth_Heavy_Sack_t12.csv,Online:Heavy Sack,uesp:depth,1,3,Zone | Settlement | Location
depth_Heavy_Sack_t13.csv,Online:Heavy Sack,uesp:depth,1,3,Zone | Settlement | Location
depth_Heavy_Sack_t14.csv,Online:Heavy Sack,uesp:depth,1,3,Zone | Settlement | Location
depth_Heavy_Sack_t15.csv,Online:Heavy Sack,uesp:depth,1,3,Zone | Settlement | Location
depth_Heavy_Sack_t16.csv,Online:Heavy Sack,uesp:depth,1,3,Zone | Settlement | Location
depth_Heavy_Sack_t17.csv,Online:Heavy Sack,uesp:depth,1,3,Zone | Settlement | Location
depth_Heavy_Sack_t18.csv,Online:Heavy Sack,uesp:depth,1,3,Zone | Settlement | Location
depth_Heavy_Sack_t19.csv,Online:Heavy Sack,uesp:depth,7,3,Zone | Settlement | Location
depth_Heavy_Sack_t20.csv,Online:Heavy Sack,uesp:depth,1,3,Zone | Settlement | Location
depth_Heavy_Sack_t21.csv,Online:Heavy Sack,uesp:depth,1,3,Zone | Settlement | Location
depth_Heavy_Sack_t22.csv,Online:Heavy Sack,uesp:depth,27,3,Zone | Settlement | Location
depth_Heavy_Sack_t23.csv,Online:Heavy Sack,uesp:depth,8,3,Zone | Settlement | Location
depth_Champion_deprecated_t00.csv,Online:Champion/deprecated,uesp:depth,12,5,Champ. Level | Points Per Group | Distribution | Number of Perks
depth_Champion_deprecated_t01.csv,Online:Champion/deprecated,uesp:depth,12,4,Champ. Level | Points Per Group | Distribution | Number of Perks
depth_Champion_deprecated_t02.csv,Online:Champion/deprecated,uesp:depth,10,4,Champ. Level | Points Per Group | Distribution | Number of Perks
depth_Champion_deprecated_t03.csv,Online:Champion/deprecated,uesp:depth,5,2,Level | Reward
depth_Blacksmith_Writ_t00.csv,Online:Blacksmith Writ,uesp:depth,10,5,Metalworking | Amount | Material | Reward
depth_Clothier_Writ_t00.csv,Online:Clothier Writ,uesp:depth,10,5,Tailoring | Amount | Material | Reward
depth_Endeavors_t00.csv,Online:Endeavors,uesp:depth,245,3,Endeavor | Description | Tips and Notes
depth_Endeavors_t01.csv,Online:Endeavors,uesp:depth,77,3,Endeavor | Description | Tips and Notes
depth_Endeavors_t02.csv,Online:Endeavors,uesp:depth,22,2,Endeavor | Description
depth_Exploration_t00.csv,Online:Exploration,uesp:depth,4,5,6Normal | 6Fine | 6Superior | 6Epic | 6Legendary
depth_Jewelry_t00.csv,Online:Jewelry,uesp:depth,5,3,Type | Levels
depth_Jewelry_t01.csv,Online:Jewelry,uesp:depth,5,2,Type | Levels
depth_Jewelry_t02.csv,Online:Jewelry,uesp:depth,6,3,Type | Levels
depth_Jewelry_t03.csv,Online:Jewelry,uesp:depth,6,2,Type | Levels
depth_Hireling_Chests_t00.csv,Online:Hireling Chests,uesp:depth,5,7,Anchor | Blacksmith's Chest Blacksmith's Chest | Container | 1 | 3 | What could be inside? Open it and see...
depth_Imperial_City_Prison_Pledge_t00.csv,Online:Imperial City Prison Pledge,uesp:depth,1,2,Update 5: | Update 6:
depth_The_Lady_champion_t00.csv,Online:The Lady (champion),uesp:depth,4,3,"40px | Elemental Defender | Reduces Flame, Frost, Shock, and Magic Damage dealt to you by [0-15]%."
depth_The_Lady_champion_t01.csv,Online:The Lady (champion),uesp:depth,4,4,"40px | Spell Absorption | 10 | Restores [x] Magicka when you take Flame, Frost, Shock, Magic, Earth, or Oblivion Damage equivalent to 30% of your Maximum Health. This can only occur once every 10 seconds."
depth_The_Lord_champion_t00.csv,Online:The Lord (champion),uesp:depth,4,3,40px | Bastion | Increases the effectiveness of damage absorbing effects by [0-25]%.
depth_The_Lord_champion_t01.csv,Online:The Lord (champion),uesp:depth,4,5,40px | Infusion | 30 | Increases another player's ESO Magicka Link | Recovery by [x] for 8 seconds after you resurrect them.
depth_The_Lover_champion_t00.csv,Online:The Lover (champion),uesp:depth,4,3,40px | Arcanist | Increases your Magicka Recovery by [0-15]%.
depth_The_Lover_champion_t01.csv,Online:The Lover (champion),uesp:depth,4,4,40px | Plentiful Harvest | 10 | Grants you a 10% chance to double the yield from normal resource nodes.
depth_Key_Fragments_t00.csv,Online:Key Fragments,uesp:depth,8,4,Icon | Item | Description | Number needed for Vault
depth_Key_Fragments_t01.csv,Online:Key Fragments,uesp:depth,8,4,Vault | Location | Sets | Motifs/Styles/Crafting Materials
depth_Mercenary_Merchants_t00.csv,Online:Mercenary Merchants,uesp:depth,6,3,Alliance | Keep | Vendor
depth_Miscellaneous_Vendors_t00.csv,Online:Miscellaneous Vendors,uesp:depth,3,4,5Faction | 5Zone | 5Settlement/Store | 5Vendor
depth_Miscellaneous_Vendors_t01.csv,Online:Miscellaneous Vendors,uesp:depth,1,4,5Faction | 5Zone | 5Settlement/Store | 5Vendor
depth_Miscellaneous_Vendors_t02.csv,Online:Miscellaneous Vendors,uesp:depth,10,3,Icon | Item | Price
depth_Mercenary_Contracts_t00.csv,Online:Mercenary Contracts,uesp:depth,6,6,Name | Type | Level | Value | Description
depth_Magician_t00.csv,Online:Magician,uesp:depth,20,14,middle|32px|Points | Reduce | middle|32px|Points | Reduce | middle|32px|Points | Reduce | middle|32px|Points | Reduce | middle|32px|Points | Reduce
depth_Norianwe_t00.csv,Online:Norianwe,uesp:depth,1,2,Normal dialogue: | If the player exited dialogue before completing the quest:
depth_Recipes_deprecated_t00.csv,Online:Recipes/deprecated,uesp:depth,3,4,Food | Bread and Pies | Grilled | Soups and Stews
depth_Recipes_deprecated_t01.csv,Online:Recipes/deprecated,uesp:depth,57,8,Name | RI | RQ | Food | Recipe Drop | Ingredients | Effect
depth_Recipes_deprecated_t02.csv,Online:Recipes/deprecated,uesp:depth,57,8,Name | RI | RQ | Food | Recipe Drop | Ingredients | Effect
depth_Recipes_deprecated_t03.csv,Online:Recipes/deprecated,uesp:depth,57,8,Name | RI | RQ | Food | Recipe Drop | Ingredients | Effect
depth_Recipes_deprecated_t04.csv,Online:Recipes/deprecated,uesp:depth,60,8,Name | RI | RQ | Drink | Recipe Drop | Ingredients | Effect
depth_Recipes_deprecated_t05.csv,Online:Recipes/deprecated,uesp:depth,60,8,Name | RI | RQ | Drink | Recipe Drop | Ingredients | Effect
depth_Recipes_deprecated_t06.csv,Online:Recipes/deprecated,uesp:depth,60,8,Name | RI | RQ | Drink | Recipe Drop | Ingredients | Effect
depth_Provisioning_Ingredients_deprecated_t00.csv,Online:Provisioning Ingredients/deprecated,uesp:depth,41,3,Bread and Pies | Grilled | Soup and Stew
depth_Provisioning_Ingredients_deprecated_t01.csv,Online:Provisioning Ingredients/deprecated,uesp:depth,42,3,Beer | Spirits | Wine
depth_Provisioning_Ingredients_deprecated_t02.csv,Online:Provisioning Ingredients/deprecated,uesp:depth,1,3,
depth_Provisioning_Ingredients_deprecated_t03.csv,Online:Provisioning Ingredients/deprecated,uesp:depth,1,3,
depth_Provisioning_Ingredients_deprecated_t04.csv,Online:Provisioning Ingredients/deprecated,uesp:depth,58,3,Old Base | New Ingredient
depth_Provisioning_Ingredients_deprecated_t05.csv,Online:Provisioning Ingredients/deprecated,uesp:depth,36,2,Old Improvement | New Ingredient
depth_Provisioning_Ingredients_deprecated_t06.csv,Online:Provisioning Ingredients/deprecated,uesp:depth,6,2,Old Blue | New Ingredient
depth_Provisioning_Ingredients_deprecated_t07.csv,Online:Provisioning Ingredients/deprecated,uesp:depth,12,2,Old Purple | New Ingredient
depth_The_Ritual_champion_t00.csv,Online:The Ritual (champion),uesp:depth,4,3,"40px | Mighty | Increases your Physical, Poison, and Disease Damage by [0-15]%."
depth_The_Ritual_champion_t01.csv,Online:The Ritual (champion),uesp:depth,4,4,40px | Opportunist | 10 | Increases the damage of your next physical attack by 15% after you interrupt a target.
depth_Prosperous_t00.csv,Online:Prosperous,uesp:depth,4,5,6Normal | 6Fine | 6Superior | 6Epic | 6Legendary
depth_Flame_Damage_t00.csv,Online:Flame Damage,uesp:depth,8,8,Name | Line Rank | Cast Time | Target | Range | Radius | Duration | Cost
depth_Flame_Damage_t01.csv,Online:Flame Damage,uesp:depth,27,3,Set | Weight | 5 piece bonus
depth_Frost_Damage_t00.csv,Online:Frost Damage,uesp:depth,6,8,Name | Line Rank | Cast Time | Target | Range | Radius | Duration | Cost
depth_Frost_Damage_t01.csv,Online:Frost Damage,uesp:depth,17,3,Set | Weight | 5 piece bonus
depth_Shock_Damage_t00.csv,Online:Shock Damage,uesp:depth,4,8,Name | Line Rank | Cast Time | Target | Range | Radius | Duration | Cost
depth_Shock_Damage_t01.csv,Online:Shock Damage,uesp:depth,22,3,Set | Weight | 5 piece bonus
depth_Poison_Damage_t00.csv,Online:Poison Damage,uesp:depth,22,3,Set | Weight | 5 piece bonus
depth_Disease_Damage_t00.csv,Online:Disease Damage,uesp:depth,13,3,Set | Weight | 5 piece bonus
depth_Magic_Damage_t00.csv,Online:Magic Damage,uesp:depth,17,8,Name | Line Rank | Cast Time | Target | Range | Radius | Duration | Cost
depth_Magic_Damage_t01.csv,Online:Magic Damage,uesp:depth,20,3,Set | Weight | complete set bonus
depth_Physical_Damage_t00.csv,Online:Physical Damage,uesp:depth,20,8,Name | Line Rank | Cast Time | Target | Range | Radius | Duration | Cost
depth_Physical_Damage_t01.csv,Online:Physical Damage,uesp:depth,31,3,Set | Weight | complete set bonus
depth_Buffs_t00.csv,Online:Buffs,uesp:depth,121,6,"rowspan=2 Aegis| | Minor | Take 5% less damage from Dungeon, Trial and Arena Monsters. | Sets | Aegis of Galenwe, Automated Defense, Claw of Yolnahkriin, Eternal Warrior, Eye of Nahviintaas, Inventor's Guard, Kyne's Wind, Lucent Echoes, Lunar Bastion, Oakensoul Ring, Pearlescent Ward, Pillager's Profit, Saxhleel Champion, Stone-Talker's Oath, Test of Resolve, Transformative Hope, Twilight Remedy, Vestment of Olorime, Vrol's Command, Xoryn's Masterpiece | 64px"
depth_Buffs_t01.csv,Online:Buffs,uesp:depth,64,6,"rowspan=7 Breach| | Minor | Decreases target's physical and spell resistance by 2974. | Abilities | Deep Fissure, Fatewoven Armor, Petrify, Pierce Armor, Sundered (Physical damage status), Wall of Frost against Chilled enemies | 64px"
depth_Buffs_t02.csv,Online:Buffs,uesp:depth,12,4,Buff Name | Description | Sources | Icon
depth_Buffs_t03.csv,Online:Buffs,uesp:depth,5,4,Buff Name | Description | Sources | Icon
depth_The_Shadow_champion_t00.csv,Online:The Shadow (champion),uesp:depth,4,3,40px | Befoul | Increases the effectiveness of healing reduction abilities by [0-55]%.
depth_The_Shadow_champion_t01.csv,Online:The Shadow (champion),uesp:depth,4,4,40px | Fortune Seeker | 10 | Increases the amount of gold you find in treasure chests and safeboxes by 50%.
depth_Oblivion_Damage_t00.csv,Online:Oblivion Damage,uesp:depth,4,3,Set | Weight | 5 piece bonus
depth_Bleed_Damage_t00.csv,Online:Bleed Damage,uesp:depth,6,8,Name | Line Rank | Cast Time | Target | Range | Radius | Duration | Cost
depth_Bleed_Damage_t01.csv,Online:Bleed Damage,uesp:depth,14,3,Set | Weight | 5 piece bonus
depth_Sharp-as-Night_t00.csv,Online:Sharp-as-Night,uesp:depth,10,2,Racial Skill | Survivalist: Increases Physical and Spell Resistance by 3% and healing done by 3%.
depth_Sharp-as-Night_t01.csv,Online:Sharp-as-Night,uesp:depth,10,2,Quest | Sharp's Commentary
depth_Sharp-as-Night_t02.csv,Online:Sharp-as-Night,uesp:depth,6,3,Cordial/Friendly | Close/Allied/Companion | Wary/Irritated/Disdainful
depth_Sharp-as-Night_t03.csv,Online:Sharp-as-Night,uesp:depth,6,4,Cordial/Friendly | Close | Allied | Companion
depth_Sharp-as-Night_t04.csv,Online:Sharp-as-Night,uesp:depth,4,3,Wary | Irritated | Disdainful
depth_Aldmeri_Dominion_t00.csv,Online:Aldmeri Dominion,uesp:depth,19,1,Khenarthi's Roost
depth_Aldmeri_Dominion_t01.csv,Online:Aldmeri Dominion,uesp:depth,1,1,Generic Members
depth_Blackfeather_Court_t00.csv,Online:Blackfeather Court,uesp:depth,1,2,Named Members
depth_Daggerfall_Covenant_t00.csv,Online:Daggerfall Covenant,uesp:depth,21,1,Stros M'Kai and Betnikh
depth_Daggerfall_Covenant_t01.csv,Online:Daggerfall Covenant,uesp:depth,1,1,Generic Members
depth_Dark_Brotherhood_t00.csv,Online:Dark Brotherhood,uesp:depth,1,2,Read The Marked For Death Book:
depth_Dark_Brotherhood_t01.csv,Online:Dark Brotherhood,uesp:depth,12,3,Rank | Reputation Required for Next Rank | Total Reputation for Rank
depth_Coldharbour_Elite_Guard_t00.csv,Online:Coldharbour Elite Guard,uesp:depth,1,2,Blue Banner Members
depth_Coldsnap_Tribe_t00.csv,Online:Coldsnap Tribe,uesp:depth,1,2,Coldsnap Tribe
depth_Cult_of_Meridia_t00.csv,Online:Cult of Meridia,uesp:depth,1,2,Kilkreath Branch
depth_Ebonheart_Pact_t00.csv,Online:Ebonheart Pact,uesp:depth,21,1,Bleakrock Isle and Bal Foyen
depth_Ebonheart_Pact_t01.csv,Online:Ebonheart Pact,uesp:depth,1,1,Generic Members
depth_Fighters_Guild_t00.csv,Online:Fighters Guild,uesp:depth,10,3,Rank | Reputation Required for Next Rank | Total Reputation for Rank
depth_Drublog_t00.csv,Online:Drublog,uesp:depth,1,2,Bloodtoil Valley tribe
depth_Dragonguard_t00.csv,Online:Dragonguard,uesp:depth,5,2,Reformed Dragonguard Dragonhold
depth_Mages_Guild_t00.csv,Online:Mages Guild,uesp:depth,10,3,Rank | Reputation Required for Next Rank | Total Reputation for Rank
depth_House_Telvanni_t00.csv,Online:House Telvanni,uesp:depth,5,3,Name | Location | Mouth
depth_House_Telvanni_t01.csv,Online:House Telvanni,uesp:depth,1,2,Named Members
depth_Outlaws_t00.csv,Online:Outlaws,uesp:depth,1,2,Deadhallow Halls Thieves Guild
depth_Moon_Hunter_Pack_t00.csv,Online:Moon Hunter Pack,uesp:depth,1,2,Moon Hunter Keep
depth_Leveling_t00.csv,Online:Leveling,uesp:depth,50,7,Player level | Experience required for next level | Total experience for level | Standard quest reward | Location discovery | Location completion
depth_Leveling_t01.csv,Online:Leveling,uesp:depth,51,6,Experience to next rank | Total experience to reach rank | Experience to next rank | Total experience to reach rank | Experience to next rank | Total experience to reach rank
depth_Renrijra_Maor_t00.csv,Online:Renrijra Maor,uesp:depth,1,2,Shadowfen Party
depth_Buying_Guide_t00.csv,Online:Buying Guide,uesp:depth,2,4,Cover | Name | Description | How to get all content
depth_Buying_Guide_t01.csv,Online:Buying Guide,uesp:depth,3,4,Gold Road | Necrom | High Isle | Blackwood
depth_Buying_Guide_t02.csv,Online:Buying Guide,uesp:depth,12,4,Cover | Name | Description | How to get all content
depth_Root-Whisper_Tribe_t00.csv,Online:Root-Whisper Tribe,uesp:depth,1,2,Past Tribe Members | Members of Revived Tribe
depth_Sanguine_s_Revelers_t00.csv,Online:Sanguine's Revelers,uesp:depth,1,2,Cyrodiil Party
depth_Roister_s_Club_t00.csv,Online:Roister's Club,uesp:depth,1,3,Aldmeri Dominion | Daggerfall Covenant | Ebonheart Pact
depth_Roister_s_Club_t01.csv,Online:Roister's Club,uesp:depth,27,2,Name and Location | Zone
depth_Items_t00.csv,Online:Items,uesp:depth,1,5,Cloth | Leather | Wood | Metal | Jewelry Metal
depth_Runestones_t00.csv,Online:Runestones,uesp:depth,16,8,Name | Potency | Gear Level | Translation | Glyph | Cost
depth_Runestones_t01.csv,Online:Runestones,uesp:depth,16,7,Name | Potency | Gear Level | Translation | Glyph | Cost
depth_Runestones_t02.csv,Online:Runestones,uesp:depth,38,8,Name | Translation | Potency | Item Type | Glyph | Effect
depth_Runestones_t03.csv,Online:Runestones,uesp:depth,4,8,Name | Translation | Potency | Item Type | Glyph | Effect
depth_Runestones_t04.csv,Online:Runestones,uesp:depth,5,5,Name | Lvl | Translation | Effect
depth_Runestones_t05.csv,Online:Runestones,uesp:depth,5,2,Likely Name
depth_Fishing_t00.csv,Online:Fishing,uesp:depth,10,4,Bait | Source | Ideal use
depth_Fishing_t01.csv,Online:Fishing,uesp:depth,6,4,Water type | Bait to use | Bait caught | Common fish caught
depth_Fishing_t02.csv,Online:Fishing,uesp:depth,11,5,Khenarthi's Roost | Foul | Lake | Saltwater | River
depth_Fishing_t03.csv,Online:Fishing,uesp:depth,11,5,Stros M'Kai | Foul | Lake | Saltwater | River
depth_Fishing_t04.csv,Online:Fishing,uesp:depth,11,5,Bleakrock Isle | Foul | Lake | Saltwater | River
depth_Fishing_t05.csv,Online:Fishing,uesp:depth,51,5,Anchorage of the Riotous Redress (Only available from Abecean Saltwater nodes during High Seas of Tamriel) | Foul | Lake | Saltwater | River
depth_Fishing_t06.csv,Online:Fishing,uesp:depth,5,4,Fish | Water Type | Zone
depth_Provisioning_Ingredients_t00.csv,Online:Provisioning Ingredients,uesp:depth,6,2,Meats
depth_Provisioning_Ingredients_t01.csv,Online:Provisioning Ingredients,uesp:depth,6,2,Alcoholic ingredients
depth_Provisioning_Ingredients_t02.csv,Online:Provisioning Ingredients,uesp:depth,5,4,Clear Water | Dragonthorn | Scrib Jelly | Worms
depth_Alchemy_Ingredients_t00.csv,Online:Alchemy Ingredients,uesp:depth,34,7,Reagent | Primary Effect | Secondary Effect | Tertiary Effect | Quaternary Effect | Comes from
depth_Alchemy_Ingredients_t01.csv,Online:Alchemy Ingredients,uesp:depth,9,5,* | Clear Water | 10 | Tincture of | 1
depth_Alchemy_Ingredients_t02.csv,Online:Alchemy Ingredients,uesp:depth,9,4,Solvent | Poison Level | Poison Suffix | 32
depth_Blacksmithing_Materials_t00.csv,Online:Blacksmithing Materials,uesp:depth,10,3,Node | Ore | Refine Into
depth_Blacksmithing_Materials_t01.csv,Online:Blacksmithing Materials,uesp:depth,10,2,Ingot | Craft Into
depth_Blacksmithing_Materials_t02.csv,Online:Blacksmithing Materials,uesp:depth,4,2,Temper | Effect
depth_Blacksmithing_Materials_t03.csv,Online:Blacksmithing Materials,uesp:depth,9,3,Gem | Trait | Description
depth_Blacksmithing_Materials_t04.csv,Online:Blacksmithing Materials,uesp:depth,9,3,Gem | Trait | Description
depth_Woodworking_Materials_t00.csv,Online:Woodworking Materials,uesp:depth,10,3,Log | Wood | Refine Into
depth_Woodworking_Materials_t01.csv,Online:Woodworking Materials,uesp:depth,10,2,Sanded Wood | Craft Into
depth_Woodworking_Materials_t02.csv,Online:Woodworking Materials,uesp:depth,4,2,Resin | Effect
depth_Woodworking_Materials_t03.csv,Online:Woodworking Materials,uesp:depth,9,3,Gem | Trait | Description
depth_Woodworking_Materials_t04.csv,Online:Woodworking Materials,uesp:depth,9,3,Gem | Trait | Description
depth_Clothing_Materials_t00.csv,Online:Clothing Materials,uesp:depth,10,4,Plant | Raw Material | Refine Into
depth_Clothing_Materials_t01.csv,Online:Clothing Materials,uesp:depth,10,2,Raw Material | Refine Into
depth_Clothing_Materials_t02.csv,Online:Clothing Materials,uesp:depth,10,3,Processed Material | Craft Into
depth_Clothing_Materials_t03.csv,Online:Clothing Materials,uesp:depth,10,2,Processed Material | Craft Into
depth_Clothing_Materials_t04.csv,Online:Clothing Materials,uesp:depth,4,2,Tannin | Effect
depth_Clothing_Materials_t05.csv,Online:Clothing Materials,uesp:depth,9,3,Gem | Trait | Description
depth_Soul_Gems_t00.csv,Online:Soul Gems,uesp:depth,3,1,Soul Gem
depth_Soul_Gems_t01.csv,Online:Soul Gems,uesp:depth,7,2,Soul Gem | Old Level Range
depth_Trophies_t00.csv,Online:Trophies,uesp:depth,4,2,Trophy | Creature
depth_Trophies_t01.csv,Online:Trophies,uesp:depth,12,2,Trophy | Creature
depth_Trophies_t02.csv,Online:Trophies,uesp:depth,8,2,Trophy | Creature
depth_Trophies_t03.csv,Online:Trophies,uesp:depth,5,2,Trophy | Creature
depth_Trophies_t04.csv,Online:Trophies,uesp:depth,2,2,Trophy | Creature
depth_Trophies_t05.csv,Online:Trophies,uesp:depth,7,2,Trophy | Creature
depth_Trophies_t06.csv,Online:Trophies,uesp:depth,7,2,Trophy | Creature
depth_Trophies_t07.csv,Online:Trophies,uesp:depth,6,2,Trophy | Creature
depth_Traits_t00.csv,Online:Traits,uesp:depth,17,5,Normal | Fine | Superior | Epic | Legendary
depth_Traits_t01.csv,Online:Traits,uesp:depth,10,5,Normal | Fine | Superior | Epic | Legendary
depth_Traits_t02.csv,Online:Traits,uesp:depth,11,5,Trait | Material | Material Source | Description | Magnitude
depth_Traits_t03.csv,Online:Traits,uesp:depth,4,5,Normal | Fine | Superior | Epic | Legendary
depth_Traits_t04.csv,Online:Traits,uesp:depth,12,11,1 st | 2h 00m | 1h 54m | 1h 48m | 1h 36m | 1h 30m | 1h 48m | 1h 42m 36s | 1h 37m 12s | 1h 26m 24s | 1h 21m
depth_Sealed_Urn_t00.csv,Online:Sealed Urn,uesp:depth,1,6,Name | Type | Level | Value | Description
depth_Sealed_Urn_t01.csv,Online:Sealed Urn,uesp:depth,1,9,Name | Type | Level | Damage | Value | Enchantment | Trait | Description
depth_Sealed_Urn_t02.csv,Online:Sealed Urn,uesp:depth,3,9,Name | Type | Level | Armor | Value | Enchantment | Trait | Description
depth_Glyphs_t00.csv,Online:Glyphs,uesp:depth,16,5,Glyph | Potency | Gear Level Req. | Additive Runestone | Subtractive Runestone
depth_Glyphs_t01.csv,Online:Glyphs,uesp:depth,14,5,Glyph | Icon | Effect | Potency Rune | Essence Rune
depth_Glyphs_t02.csv,Online:Glyphs,uesp:depth,4,5,Glyph | Icon | Effect | Potency Rune | Essence Rune
depth_Glyphs_t03.csv,Online:Glyphs,uesp:depth,20,5,Glyph | Icon | Effect | Potency Rune | Essence Rune
depth_Food_t00.csv,Online:Food,uesp:depth,1,8,Name | Food Level | Dish Type | Health | Magicka | Stamina | Dur (mins)
depth_Food_t01.csv,Online:Food,uesp:depth,5,23,Level | 1 | 2 | 3 | 4 | 5 | 6 | 7 | 8 | 9 | 10 | 11 | 12 | 13 | 14 | 15 | 16 | 17 | 18 | 19 | 20 | 21 | 22
depth_Food_t02.csv,Online:Food,uesp:depth,5,23,Level | 1 | 2 | 3 | 4 | 5 | 6 | 7 | 8 | 9 | 10 | 11 | 12 | 13 | 14 | 15 | 16 | 17 | 18 | 19 | 20 | 21 | 22
depth_Food_t03.csv,Online:Food,uesp:depth,5,23,Level | 1 | 2 | 3 | 4 | 5 | 6 | 7 | 8 | 9 | 10 | 11 | 12 | 13 | 14 | 15 | 16 | 17 | 18 | 19 | 20 | 21 | 22
depth_Food_t04.csv,Online:Food,uesp:depth,77,8,Name | Food Level | Dish Type | Health | Magicka | Stamina | Dur (mins)
depth_Food_t05.csv,Online:Food,uesp:depth,3,26,Level | 1 | 2 | 3 | 4 | 5 | 6 | 7 | 8 | 9 | 10 | 11 | 12 | 13 | 14 | 15 | 16 | 17 | 18 | 19 | 20 | 21 | 22 | 23 | 24 | 25
depth_Food_t06.csv,Online:Food,uesp:depth,3,26,Level | 1 | 2 | 3 | 4 | 5 | 6 | 7 | 8 | 9 | 10 | 11 | 12 | 13 | 14 | 15 | 16 | 17 | 18 | 19 | 20 | 21 | 22 | 23 | 24 | 25
depth_Food_t07.csv,Online:Food,uesp:depth,8,23,Level | #eeeeee| 1 | #eeeeee| 2 | #eeeeee| 3 | #eeeeee| 4 | #eeeeee| 5 | #eeeeee| 6 | #eeeeee| 7 | #eeeeee| 8 | #eeeeee| 9 | 10 | 11 | 12 | 13 | 14 | 15 | 16 | 17 | 18 | 19 | 20 | 21 | 22
depth_Food_t08.csv,Online:Food,uesp:depth,8,23,Level | #eeeeee| 1 | #eeeeee| 2 | #eeeeee| 3 | #eeeeee| 4 | #eeeeee| 5 | #eeeeee| 6 | #eeeeee| 7 | #eeeeee| 8 | #eeeeee| 9 | 10 | 11 | 12 | 13 | 14 | 15 | 16 | 17 | 18 | 19 | 20 | 21 | 22
depth_Food_t09.csv,Online:Food,uesp:depth,8,23,Level | #eeeeee| 1 | #eeeeee| 2 | #eeeeee| 3 | #eeeeee| 4 | #eeeeee| 5 | #eeeeee| 6 | #eeeeee| 7 | #eeeeee| 8 | #eeeeee| 9 | 10 | 11 | 12 | 13 | 14 | 15 | 16 | 17 | 18 | 19 | 20 | 21 | 22
depth_Food_t10.csv,Online:Food,uesp:depth,11,4,Food | Description | Price
depth_Food_t11.csv,Online:Food,uesp:depth,5,4,Food | Description | Price
depth_Drinks_t00.csv,Online:Drinks,uesp:depth,1,8,Name | Drink Level | Drink Type | Health | Magicka | Stamina | Dur (mins)
depth_Drinks_t01.csv,Online:Drinks,uesp:depth,29,8,Name | Food Level | Dish Type | Health | Magicka | Stamina | Dur (mins)
depth_Drinks_t02.csv,Online:Drinks,uesp:depth,66,8,Name | Food Level | Dish Type | Health | Magicka | Stamina | Dur (mins)
depth_Drinks_t03.csv,Online:Drinks,uesp:depth,8,23,Level | #eeeeee| 1 | #eeeeee| 2 | #eeeeee| 3 | #eeeeee| 4 | #eeeeee| 5 | #eeeeee| 6 | #eeeeee| 7 | #eeeeee| 8 | #eeeeee| 9 | 10 | 11 | 12 | 13 | 14 | 15 | 16 | 17 | 18 | 19 | 20 | 21 | 22
depth_Drinks_t04.csv,Online:Drinks,uesp:depth,8,23,Level | #eeeeee| 1 | #eeeeee| 2 | #eeeeee| 3 | #eeeeee| 4 | #eeeeee| 5 | #eeeeee| 6 | #eeeeee| 7 | #eeeeee| 8 | #eeeeee| 9 | 10 | 11 | 12 | 13 | 14 | 15 | 16 | 17 | 18 | 19 | 20 | 21 | 22
depth_Drinks_t05.csv,Online:Drinks,uesp:depth,5,23,Level | #eeeeee| 1 | #eeeeee| 2 | #eeeeee| 3 | #eeeeee| 4 | #eeeeee| 5 | #eeeeee| 6 | #eeeeee| 7 | #eeeeee| 8 | #eeeeee| 9 | 10 | 11 | 12 | 13 | 14 | 15 | 16 | 17 | 18 | 19 | 20 | 21 | 22
depth_Drinks_t06.csv,Online:Drinks,uesp:depth,11,4,Beverage | Description | Price
depth_Drinks_t07.csv,Online:Drinks,uesp:depth,5,4,Beverage | Description | Price
depth_Treasures_t00.csv,Online:Treasures,uesp:depth,4,3,Item Quality | Item Value † | Duplicates stack cap
depth_Treasures_t01.csv,Online:Treasures,uesp:depth,1,1,Lists
depth_Treasures_t02.csv,Online:Treasures,uesp:depth,1,1,Zone
depth_Trash_t00.csv,Online:Trash,uesp:depth,20,4,Icon | Item | Found | Selling Value
depth_Riding_Skill_t00.csv,Online:Riding Skill,uesp:depth,3,4,Food | Description | Price
depth_Copper_t00.csv,Online:Copper,uesp:depth,13,3,Gear Level | Copper Ring | Copper Necklace
depth_Unique_Items_t00.csv,Online:Unique Items,uesp:depth,11,5,Place | Quest | Set | Item Name | Description
depth_Unique_Items_t01.csv,Online:Unique Items,uesp:depth,44,5,Place | Boss/Quest | Set | Item Name | Description
depth_Unique_Items_t02.csv,Online:Unique Items,uesp:depth,51,5,Place | Boss/Quest | Set | Item Name | Description
depth_Unique_Items_t03.csv,Online:Unique Items,uesp:depth,50,5,Place | Boss/Quest | Set | Item Name | Description
depth_Unique_Items_t04.csv,Online:Unique Items,uesp:depth,38,5,Place | Boss/Quest | Set | Item Name | Description
depth_Unique_Items_t05.csv,Online:Unique Items,uesp:depth,44,5,Place | Boss/Quest | Set | Item Name | Description
depth_Unique_Items_t06.csv,Online:Unique Items,uesp:depth,8,5,Place | Boss/Quest | Set | Item Name | Description
depth_Unique_Items_t07.csv,Online:Unique Items,uesp:depth,7,5,Place | Boss/Quest | Set | Item Name | Description
depth_Unique_Items_t08.csv,Online:Unique Items,uesp:depth,51,5,Place | Boss/Quest | Set | Item Name | Description
depth_Unique_Items_t09.csv,Online:Unique Items,uesp:depth,50,5,Place | Boss/Quest | Set | Item Name | Description
depth_Unique_Items_t10.csv,Online:Unique Items,uesp:depth,52,5,Place | Boss/Quest | Set | Item Name | Description
depth_Unique_Items_t11.csv,Online:Unique Items,uesp:depth,45,5,Place | Boss/Quest | Set | Item Name | Description
depth_Unique_Items_t12.csv,Online:Unique Items,uesp:depth,48,5,Place | Boss/Quest | Set | Item Name | Description
depth_Unique_Items_t13.csv,Online:Unique Items,uesp:depth,5,5,Place | Boss/Quest | Set | Item Name | Description
depth_Unique_Items_t14.csv,Online:Unique Items,uesp:depth,4,5,Place | Boss/Quest | Set | Item Name | Description
depth_Unique_Items_t15.csv,Online:Unique Items,uesp:depth,50,5,Place | Boss/Quest | Set | Item Name | Description
depth_Unique_Items_t16.csv,Online:Unique Items,uesp:depth,50,5,Place | Boss/Quest | Set | Item Name | Description
depth_Unique_Items_t17.csv,Online:Unique Items,uesp:depth,47,5,Place | Boss/Quest | Set | Item Name | Description
depth_Unique_Items_t18.csv,Online:Unique Items,uesp:depth,46,5,Place | Boss/Quest | Set | Item Name | Description
depth_Unique_Items_t19.csv,Online:Unique Items,uesp:depth,53,5,Place | Boss/Quest | Set | Item Name | Description
depth_Unique_Items_t20.csv,Online:Unique Items,uesp:depth,45,5,Place | Boss/Quest | Set | Item Name | Description
depth_Unique_Items_t21.csv,Online:Unique Items,uesp:depth,7,5,Place | Boss/Quest | Set | Item Name | Description
depth_Unique_Items_t22.csv,Online:Unique Items,uesp:depth,40,5,Place | Boss/Quest | Set | Item Name | Description
depth_Unique_Items_t23.csv,Online:Unique Items,uesp:depth,23,4,Place | Boss/Quest | Set | Item Name
depth_Unique_Items_t24.csv,Online:Unique Items,uesp:depth,8,5,Place | Boss/Quest | Set | Item Name | Description
depth_Unique_Items_t25.csv,Online:Unique Items,uesp:depth,6,5,Place | Boss/Quest | Set | Item Name | Description
depth_Unique_Items_t26.csv,Online:Unique Items,uesp:depth,16,5,Place | Boss/Quest | Set | Item Name | Description
depth_Unique_Items_t27.csv,Online:Unique Items,uesp:depth,42,6,Rumor | Place | Related Decision | Set | Item Name | Description
depth_Unique_Items_t28.csv,Online:Unique Items,uesp:depth,32,5,Place | Boss/Quest | Set | Item Name | Description
depth_Unique_Items_t29.csv,Online:Unique Items,uesp:depth,42,5,Place | Boss/Quest | Set | Item Name | Description
depth_Unique_Items_t30.csv,Online:Unique Items,uesp:depth,16,5,Place | Boss?Quest | Set | Item Name | Description
depth_Unique_Items_t31.csv,Online:Unique Items,uesp:depth,35,5,Place | Boss/Quest | Set | Item Name | Description
depth_Unique_Items_t32.csv,Online:Unique Items,uesp:depth,4,5,Place | Boss/Quest | Set | Item Name | Description
depth_Unique_Items_t33.csv,Online:Unique Items,uesp:depth,39,5,Place | Boss/Quest | Set | Item Name | Description
depth_Unique_Items_t34.csv,Online:Unique Items,uesp:depth,15,5,Place | Boss/Quest | Set | Item Name | Description
depth_Unique_Items_t35.csv,Online:Unique Items,uesp:depth,39,5,Place | Boss/Quest | Set | Item Name | Description
depth_Unique_Items_t36.csv,Online:Unique Items,uesp:depth,22,5,Place | Boss/Quest | Set | Item Name | Description
depth_Unique_Items_t37.csv,Online:Unique Items,uesp:depth,32,5,Place | Boss/Quest | Set | Item Name | Description
depth_Unique_Items_t38.csv,Online:Unique Items,uesp:depth,19,5,Place | Boss/Quest | Set | Item Name | Description
depth_Unique_Items_t39.csv,Online:Unique Items,uesp:depth,32,5,Place | Boss/Quest | Set | Item Name | Description
depth_Unique_Items_t40.csv,Online:Unique Items,uesp:depth,18,5,Place | Boss/Quest | Set | Item Name | Description
depth_Unique_Items_t41.csv,Online:Unique Items,uesp:depth,26,5,Place | Boss/Quest | Set | Item Name | Description
depth_Unique_Items_t42.csv,Online:Unique Items,uesp:depth,29,5,Place | Boss/Quest | Set | Item Name | Description
depth_Unique_Items_t43.csv,Online:Unique Items,uesp:depth,38,5,Place | Boss/Quest | Set | Item Name | Description
depth_Unique_Items_t44.csv,Online:Unique Items,uesp:depth,17,4,Place | Boss | Set | Item Name
depth_Unique_Items_t45.csv,Online:Unique Items,uesp:depth,18,4,Place | Boss | Set | Item Name
depth_Unique_Items_t46.csv,Online:Unique Items,uesp:depth,16,4,Place | Boss | Set | Item Name
depth_Unique_Items_t47.csv,Online:Unique Items,uesp:depth,9,4,Place | Boss | Set | Item Name
depth_Unique_Items_t48.csv,Online:Unique Items,uesp:depth,9,4,Place | Boss | Set | Item Name
depth_Unique_Items_t49.csv,Online:Unique Items,uesp:depth,19,5,Place | Boss/Quest | Set | Item Name | Description
depth_Unique_Items_t50.csv,Online:Unique Items,uesp:depth,18,4,Place | Boss | Set | Item Name
depth_Unique_Items_t51.csv,Online:Unique Items,uesp:depth,16,4,Place | Boss | Set | Item Name
depth_Unique_Items_t52.csv,Online:Unique Items,uesp:depth,10,5,Place | Boss | Set | Item Name | Description
depth_Unique_Items_t53.csv,Online:Unique Items,uesp:depth,9,4,Place | Boss/Quest | Set | Item Name
depth_Unique_Items_t54.csv,Online:Unique Items,uesp:depth,18,4,Place | Boss | Set | Item Name
depth_Unique_Items_t55.csv,Online:Unique Items,uesp:depth,18,4,Place | Boss | Set | Item Name
depth_Unique_Items_t56.csv,Online:Unique Items,uesp:depth,9,4,Place | Boss | Set | Item Name
depth_Unique_Items_t57.csv,Online:Unique Items,uesp:depth,9,4,Place | Boss | Set | Item Name
depth_Unique_Items_t58.csv,Online:Unique Items,uesp:depth,9,4,Place | Boss | Set | Item Name
depth_Unique_Items_t59.csv,Online:Unique Items,uesp:depth,22,4,Place | Boss | Set | Item Name
depth_Unique_Items_t60.csv,Online:Unique Items,uesp:depth,12,5,Place | Boss | Set | Item Name | Description
depth_Potions_t00.csv,Online:Potions,uesp:depth,66,4,Potion | Level | Health | Duration
depth_Potions_t01.csv,Online:Potions,uesp:depth,66,4,Potion | Level | Magicka | Duration
depth_Potions_t02.csv,Online:Potions,uesp:depth,66,4,Potion | Level | Stamina | Duration
depth_Potions_t03.csv,Online:Potions,uesp:depth,66,3,Level | Stamina | Duration
depth_Potions_t04.csv,Online:Potions,uesp:depth,66,4,Level | Stamina | Duration | Invisibility
depth_Potions_t05.csv,Online:Potions,uesp:depth,20,4,Potion | Description | Quest
depth_Potions_t06.csv,Online:Potions,uesp:depth,57,4,Level | Health | Duration | Immunity
depth_Potions_t07.csv,Online:Potions,uesp:depth,57,3,Level | Magicka | Duration
depth_Potions_t08.csv,Online:Potions,uesp:depth,57,3,Level | Stamina | Duration
depth_Potions_t09.csv,Online:Potions,uesp:depth,11,5,Crown Health Potion | Restore 7526 Health immediately. Grants Major Fortitude which increases your ESO Health Link | Regeneration by 30% for 36.3 seconds. These effects are scaled based on your level. (45 second cooldown) | Unavailable for 20
depth_Poisons_t00.csv,Online:Poisons,uesp:depth,66,5,Poison | Level | Damage | Duration | TOTAL
depth_Poisons_t01.csv,Online:Poisons,uesp:depth,66,5,Poison | Level | Damage | Duration | TOTAL
depth_Poisons_t02.csv,Online:Poisons,uesp:depth,66,3,Poison | Level | Duration
depth_Poisons_t03.csv,Online:Poisons,uesp:depth,6,3,Poison | Effects | Price
depth_Repair_Kits_t00.csv,Online:Repair Kits,uesp:depth,8,5,Repair Kit | Level | Description | Price | Value
depth_Repair_Kits_t01.csv,Online:Repair Kits,uesp:depth,6,4,Repair Kit | Description | Gold Price | AP Price
depth_Pewter_t00.csv,Online:Pewter,uesp:depth,12,3,Gear Level | Pewter Ring | Pewter Necklace
depth_Electrum_t00.csv,Online:Electrum,uesp:depth,7,3,Gear Level | Electrum Ring | Electrum Necklace
depth_Jewelry_Crafting_Materials_t00.csv,Online:Jewelry Crafting Materials,uesp:depth,5,3,Material | Dust | Refine Into
depth_Jewelry_Crafting_Materials_t01.csv,Online:Jewelry Crafting Materials,uesp:depth,5,2,Ounce | Craft Into
depth_Jewelry_Crafting_Materials_t02.csv,Online:Jewelry Crafting Materials,uesp:depth,4,2,Platings | Effect
depth_Jewelry_Crafting_Materials_t03.csv,Online:Jewelry Crafting Materials,uesp:depth,19,4,Pulverized Material | Trait | Description | Source
depth_Tools_t00.csv,Online:Tools,uesp:depth,10,2,Item | Description
depth_Tools_t01.csv,Online:Tools,uesp:depth,6,3,Repair Kit | Level | Description
depth_Tools_t02.csv,Online:Tools,uesp:depth,5,2,Item | Description
depth_Tools_t03.csv,Online:Tools,uesp:depth,6,3,Soul Gem | Level | Description
depth_Tools_t04.csv,Online:Tools,uesp:depth,6,3,Soul Gem | Level | Description
depth_Artifacts_t00.csv,Online:Artifacts,uesp:depth,4,12,Cleaver of St. Felms | Sword of the Crusader | Stendarr's Hammer | Debaser | Ice Blade of the Monarch | Mace of Aevar Stone-Singer | Rugdumph's Sword | Staff of the Everscamp | Staff of Hasedoki | Eleidon's Ward | Shield of the Crusader | Staff of Sheogorath
depth_Furnisher_Documents_t00.csv,Online:Furnisher Documents,uesp:depth,26,4,Icon | Item | Price | Required Achievement
depth_Furnisher_Documents_t01.csv,Online:Furnisher Documents,uesp:depth,17,4,Icon | Item | Price | Required Achievement
depth_Antiquity_Leads_t00.csv,Online:Antiquity Leads,uesp:depth,83,3,Mythic Item | Bonus | Required DLC/Chapter
depth_Antiquity_Leads_t01.csv,Online:Antiquity Leads,uesp:depth,14,5,"40px | Arkthzand Insight Vertex Shroud | Hat | From an ""Inactive Construct"" across the broken bridge south of the Library of Arkthzand, Blackreach: Arkthzand Cavern | 141460"
depth_Antiquity_Leads_t02.csv,Online:Antiquity Leads,uesp:depth,1,4,40px | Alinor Allemande | Approach Kinlady Terannil on the banks of the river south of Rellenthil 29122 | Summerset
depth_Antiquity_Leads_t03.csv,Online:Antiquity Leads,uesp:depth,133,5,Item Name | Type | Zone | Alliance | How to Obtain
depth_Treasure_Chests_t00.csv,Online:Treasure Chests,uesp:depth,34,3,Lead | Antiquity | Zone
depth_Skill_Scrolls_t00.csv,Online:Skill Scrolls,uesp:depth,4,4,"| | Skill Scroll: Absorb Missile | One-time use scroll that allows you to cast the Absorb Missile ability. Gained as a reward from the Night Market Event Zone. | Bolster your defenses, gaining a damage shield that absorbs up to 4958 damage for 6 seconds. While the shield persists, you are healed for 2479 Health the next time a harmful direct damage projectile hits you. This effect can occur once per cast. This ability scales off your Max Health."
depth_Abnur_Tharn_t00.csv,Online:Abnur Tharn,uesp:depth,1,2,"[Persuade] Forgive me, my Lord, but I heard something that might be of interest to you. | Who are you?"
depth_Abnur_Tharn_t01.csv,Online:Abnur Tharn,uesp:depth,1,2,If The Final Assault has not been completed: | If The Final Assault has been completed:
depth_Adara_hai_t00.csv,Online:Adara'hai,uesp:depth,1,2,Default circumstance: | If the main quest has been completed:
depth_Adara_hai_t01.csv,Online:Adara'hai,uesp:depth,1,2,Main quest not complete: | Main quest complete:
depth_Adara_hai_t02.csv,Online:Adara'hai,uesp:depth,1,2,Completed Into the Maw: | Otherwise:
depth_Adara_hai_t03.csv,Online:Adara'hai,uesp:depth,1,2,Completed Into the Maw: | Otherwise Adara'hai will educate you about the dro-m'Athra:
depth_Adara_hai_t04.csv,Online:Adara'hai,uesp:depth,1,2,Cleared Maw of Lorkhaj | Otherwise:
depth_Adhazabi_Aba-daro_t00.csv,Online:Adhazabi Aba-daro,uesp:depth,22,2,"Altmer | ""Is your purse as golden as you are? Please, show us!"""
depth_Adhazabi_Aba-daro_t01.csv,Online:Adhazabi Aba-daro,uesp:depth,4,2,"Werewolf | ""This one does not accept barter of shed fur, whether damp or dry. Gold, only."""
depth_Adhazabi_Aba-daro_t02.csv,Online:Adhazabi Aba-daro,uesp:depth,6,2,Group | Dialogue
depth_Adhazabi_Aba-daro_t03.csv,Online:Adhazabi Aba-daro,uesp:depth,8,2,Wealth-Based Dialogue | Range
depth_Silver_t00.csv,Online:Silver,uesp:depth,7,3,Gear Level | Silver Ring | Silver Necklace
depth_Platinum_t00.csv,Online:Platinum,uesp:depth,2,3,Gear Level | Platinum Ring | Platinum Necklace
depth_Abrasia_t00.csv,Online:Abrasia,uesp:depth,1,2,Passed the Test: | Did not pass the Test
depth_Abrasia_t01.csv,Online:Abrasia,uesp:depth,1,3,Gave Neutral Response: | Gave Joker ResponseJoker | Gave Grim ResponseGrim
depth_Abrasia_t02.csv,Online:Abrasia,uesp:depth,1,2,Tasks not completed: | Ready to return to the Thieves Den:
depth_Abrasia_t03.csv,Online:Abrasia,uesp:depth,1,2,Been to the Dresan Keep Previously: | Otherwise:
depth_Abrasia_t04.csv,Online:Abrasia,uesp:depth,1,2,Basil Mendant died: | Basil Mendant survived:
depth_Abrasia_t05.csv,Online:Abrasia,uesp:depth,1,2,Picked Abrasia: | Otherwise:
depth_Abrasia_t06.csv,Online:Abrasia,uesp:depth,1,3,Picked Abrasia: | Picked Edwane the Hawk: | Picked Seline Menant:
depth_Alit_t00.csv,Online:Alit,uesp:depth,5,4,Zone / Dungeon | Specific Location | Difficulty | Health
depth_Air_Atronach_t00.csv,Online:Air Atronach,uesp:depth,18,5,Zone / Dungeon | Specific Location | Reaction | Difficulty | Health
depth_Ambush_Beetle_t00.csv,Online:Ambush Beetle,uesp:depth,2,5,Zone / Dungeon | Specific Location | Reaction | Difficulty | Health
depth_Alchemy_person_t00.csv,Online:Alchemy (person),uesp:depth,1,2,Helping Alchemy: | Unmasking the Hopefuls:
depth_Alchemy_person_t01.csv,Online:Alchemy (person),uesp:depth,1,2,First time meeting: | Met Alchemy in Summerset:
depth_Alchemy_person_t02.csv,Online:Alchemy (person),uesp:depth,1,2,First time meeting: | Met Alchemy in Summerset:
depth_Alchemy_person_t03.csv,Online:Alchemy (person),uesp:depth,1,2,Have not met Alchemy beforehand: | Met Alchemy in Summerset:
depth_Alchemy_person_t04.csv,Online:Alchemy (person),uesp:depth,1,2,Dreamer joined the House of Reveries: | Alchemy is alone:
depth_Alchemical_Globule_t00.csv,Online:Alchemical Globule,uesp:depth,4,4,Zone / Dungeon | Specific Location | Difficulty | Health
depth_Agonymium_Stone_object_t00.csv,Online:Agonymium Stone (object),uesp:depth,2,4,Zone / Dungeon | Specific Location | Difficulty | Health
depth_Anchorwright_Raiment_t00.csv,Online:Anchorwright Raiment,uesp:depth,3,4,Item | Description | Price | First Available
depth_Ambodhel_t00.csv,Online:Ambodhel,uesp:depth,1,2,Update 5: | Update 6:
depth_Anka-Ra_Sentinel_t00.csv,Online:Anka-Ra Sentinel,uesp:depth,8,5,Zone / Dungeon | Specific Location | Difficulty | Class | Health
depth_Anka-Ra_Soldier_t00.csv,Online:Anka-Ra Soldier,uesp:depth,2,4,Zone / Dungeon | Specific Location / Quest | Difficulty | Health
depth_Aramril_t00.csv,Online:Aramril,uesp:depth,1,2,If you won the duel: | If you lost the duel:
depth_Armored_Dremnaken_t00.csv,Online:Armored Dremnaken,uesp:depth,3,4,Zone / Dungeon | Specific Location / Quest | Difficulty | Health
depth_Banekin_t00.csv,Online:Banekin,uesp:depth,32,5,Zone / Dungeon | Specific Location | Reaction | Difficulty | Health
depth_Balreth_t00.csv,Online:Balreth,uesp:depth,5,4,Location | Reaction | Difficulty | Health
depth_Barbas_t00.csv,Online:Barbas,uesp:depth,1,2,If you haven't completed the Vvardenfell Story Quests: | If you've faced him on Vvardenfell:
depth_Augur_of_the_Obscure_t00.csv,Online:Augur of the Obscure,uesp:depth,9,3,Location | Map | Quote
depth_Augur_of_the_Obscure_t01.csv,Online:Augur of the Obscure,uesp:depth,12,3,Location | Map | Quote
depth_Augur_of_the_Obscure_t02.csv,Online:Augur of the Obscure,uesp:depth,12,3,Location | Map | Quote
depth_Augur_of_the_Obscure_t03.csv,Online:Augur of the Obscure,uesp:depth,9,4,Fragment item | Location | Breach | Quotes
depth_Azandar_al-Cybiades_t00.csv,Online:Azandar al-Cybiades,uesp:depth,10,2,Racial Skill | Son of Kozanset: Increases Max Health by 3% and decreases ability cooldowns by 3%.
depth_Azandar_al-Cybiades_t01.csv,Online:Azandar al-Cybiades,uesp:depth,28,2,Item | Text
depth_Azandar_al-Cybiades_t02.csv,Online:Azandar al-Cybiades,uesp:depth,18,2,Item | # found per bag
depth_Azandar_al-Cybiades_t03.csv,Online:Azandar al-Cybiades,uesp:depth,1,2,If you aren't an Arcanist: | If you are an Arcanist:
depth_Azandar_al-Cybiades_t04.csv,Online:Azandar al-Cybiades,uesp:depth,10,2,Quest | Azandar's Commentary
depth_Azandar_al-Cybiades_t05.csv,Online:Azandar al-Cybiades,uesp:depth,6,3,Cordial-Friendly | Allied-Companion | Wary-Disdainful
depth_Azandar_al-Cybiades_t06.csv,Online:Azandar al-Cybiades,uesp:depth,6,4,Cordial/Friendly | Close | Allied | Companion
depth_Azandar_al-Cybiades_t07.csv,Online:Azandar al-Cybiades,uesp:depth,4,3,Wary | Irritated | Disdainful
depth_Azandar_al-Cybiades_Rapport_t00.csv,Online:Azandar al-Cybiades/Rapport,uesp:depth,34,3,Amount | Action | Cooldown
depth_Bear_t00.csv,Online:Bear,uesp:depth,11,5,Zone / Dungeon | Specific Location | Reaction | Difficulty | Health
depth_Betty_Netch_t00.csv,Online:Betty Netch,uesp:depth,6,5,Zone / Dungeon | Specific Location | Reaction | Difficulty | Health
depth_Baroness_Leila_Montclair_t00.csv,Online:Baroness Leila Montclair,uesp:depth,1,2,Agreed with the Baron: | Disagreed with the Baron:
depth_Blacksmiths_t00.csv,Online:Blacksmiths,uesp:depth,46,4,4Zone | 4Settlement | 4Store | 4Blacksmith
depth_Blacksmiths_t01.csv,Online:Blacksmiths,uesp:depth,15,3,Icon | Item | Price
depth_Blacksmiths_t02.csv,Online:Blacksmiths,uesp:depth,4,3,Icon | Item | Price
depth_Beragon_t00.csv,Online:Beragon,uesp:depth,1,2,Met Before: | Otherwise:
depth_Beragon_t01.csv,Online:Beragon,uesp:depth,1,2,Met Before: | Otherwise:
depth_Beragon_t02.csv,Online:Beragon,uesp:depth,1,2,Met Before: | Otherwise:
depth_Beragon_t03.csv,Online:Beragon,uesp:depth,1,2,Completed Blackwood Storyline: | First time meeting:
depth_Beragon_t04.csv,Online:Beragon,uesp:depth,1,2,Completed Blackwood Storyline: | First time meeting:
depth_Beragon_t05.csv,Online:Beragon,uesp:depth,1,3,Completed the Gold Road Prologue: | Met Beragon Previously: | First Time Meeting:
depth_Beragon_t06.csv,Online:Beragon,uesp:depth,1,2,Started quest from Legionary Caepio: | Otherwise:
depth_Beragon_t07.csv,Online:Beragon,uesp:depth,1,2,Started quest from Legionary Caepio: | Otherwise:
depth_Beragon_t08.csv,Online:Beragon,uesp:depth,1,2,Still more Reality Tears to repair: | All the Reality Tears fixed:
depth_Bastian_Hallix_t00.csv,Online:Bastian Hallix,uesp:depth,10,2,Racial Skill | Tough: Increases Max Health by 3% and damage done by 3%.
depth_Bastian_Hallix_t01.csv,Online:Bastian Hallix,uesp:depth,7,4,Cordial-Friendly | Close | Companion-Allied | Bad Rapport
depth_Bastian_Hallix_t02.csv,Online:Bastian Hallix,uesp:depth,5,4,Cordial/Friendly | Close | Allied | Companion
depth_Bastian_Hallix_t03.csv,Online:Bastian Hallix,uesp:depth,5,3,Wary | Irritated | Disdainful
depth_Bastian_Hallix_Rapport_t00.csv,Online:Bastian Hallix/Rapport,uesp:depth,21,3,Amount | Action | Cooldown
depth_Big_Urm_t00.csv,Online:Big Urm,uesp:depth,1,3,Stalled long enough for Hooke to free Valenia: | Valenia is freed but injured: | Valenia is killed:
depth_Big_Urm_t01.csv,Online:Big Urm,uesp:depth,1,3,Valenia is unharmed: | Valenia is injured: | Valenia is dead:
depth_Big_Urm_t02.csv,Online:Big Urm,uesp:depth,1,3,Valenia is unharmed: | Valenia is injured: | Valenia is dead:
depth_Battlescribe_Archer_t00.csv,Online:Battlescribe Archer,uesp:depth,2,4,Zone / Dungeon | Specific Location / Quest | Difficulty | Health
depth_Battlescribe_Fire_Mage_t00.csv,Online:Battlescribe Fire Mage,uesp:depth,2,4,Zone / Dungeon | Specific Location / Quest | Difficulty | Health
depth_Black_Gem_Foundry_t00.csv,Online:Black Gem Foundry,uesp:depth,3,3,48px|Lustrous Cabochon | Lustrous Cabochon | Magicka/Stamina regeneration
depth_Axes_t00.csv,Online:Axes,uesp:depth,4,5,Base | Fine | Superior | Epic | Legendary
depth_Axes_t01.csv,Online:Axes,uesp:depth,1,10,Abah's Watch | Akaviri | Ancient Elf | Ancient Orc | Ashlander | Assassins League | Barbaric | Buoyant Armiger | Celestial | Covenant
depth_Axes_t02.csv,Online:Axes,uesp:depth,1,10,Daedric | Dark Brotherhood | Dominion | Draugr | Dro-m'Athra | Dwemer | Ebony | Frostcaster | Glass | Hollowjack
depth_Axes_t03.csv,Online:Axes,uesp:depth,1,10,Harlequin | Malacath | Mazzatun | Mercenary | Militant Ordinator | Minotaur | Morag Tong | Order Hour | Outlaw | Pact
depth_Axes_t04.csv,Online:Axes,uesp:depth,1,9,Primal | Ra Gada | Silken Ring | Skinchanger | Soul-Shriven | Thieves Guild | Trinimac | Xivkyn | Yokudan
depth_Axes_t05.csv,Online:Axes,uesp:depth,1,10,Altmer | Argonian | Bosmer | Breton | Dunmer | Imperial | Khajiit | Nord | Orc | Redguard
depth_Axes_t06.csv,Online:Axes,uesp:depth,1,10,Altmer | Argonian | Bosmer | Breton | Dunmer | Imperial | Khajiit | Nord | Orc | Redguard
depth_Axes_t07.csv,Online:Axes,uesp:depth,1,7,Akaviri | Barbaric | Daedric | Dwemer | Outlaw | Primal | Yokudan
depth_Axes_t08.csv,Online:Axes,uesp:depth,1,10,Altmer | Argonian | Bosmer | Breton | Dunmer | Imperial | Khajiit | Nord | Orc | Redguard
depth_Axes_t09.csv,Online:Axes,uesp:depth,1,7,Akaviri | Barbaric | Daedric | Dwemer | Outlaw | Primal | Yokudan
depth_Maces_t00.csv,Online:Maces,uesp:depth,4,5,Base | Fine | Superior | Epic | Legendary
depth_Maces_t01.csv,Online:Maces,uesp:depth,1,10,Abah's Watch | Akaviri | Ancient Elf | Ancient Orc | Ashlander | Assassins League | Barbaric | Buoyant Armiger | Celestial | Covenant
depth_Maces_t02.csv,Online:Maces,uesp:depth,1,10,Daedric | Dark Brotherhood | Dominion | Draugr | Dro-m'Athra | Dwemer | Ebony | Frostcaster | Glass | Hollowjack
depth_Maces_t03.csv,Online:Maces,uesp:depth,1,10,Harlequin | Malacath | Mazzatun | Mercenary | Militant Ordinator | Minotaur | Morag Tong | Order Hour | Outlaw | Pact
depth_Maces_t04.csv,Online:Maces,uesp:depth,1,9,Primal | Ra Gada | Silken Ring | Skinchanger | Soul-Shriven | Thieves Guild | Trinimac | Xivkyn | Yokudan
depth_Maces_t05.csv,Online:Maces,uesp:depth,1,10,Altmer | Argonian | Bosmer | Breton | Dunmer | Imperial | Khajiit | Nord | Orc | Redguard
depth_Maces_t06.csv,Online:Maces,uesp:depth,1,10,Altmer | Argonian | Bosmer | Breton | Dunmer | Imperial | Khajiit | Nord | Orc | Redguard
depth_Maces_t07.csv,Online:Maces,uesp:depth,1,7,Akaviri | Barbaric | Daedric | Dwemer | Outlaw | Primal | Yokudan
depth_Maces_t08.csv,Online:Maces,uesp:depth,1,10,Altmer | Argonian | Bosmer | Breton | Dunmer | Imperial | Khajiit | Nord | Orc | Redguard
depth_Maces_t09.csv,Online:Maces,uesp:depth,1,7,Akaviri | Barbaric | Daedric | Dwemer | Outlaw | Primal | Yokudan
depth_Daggers_t00.csv,Online:Daggers,uesp:depth,4,5,Base | Fine | Superior | Epic | Legendary
depth_Daggers_t01.csv,Online:Daggers,uesp:depth,1,10,Abah's Watch | Akaviri | Ancient Elf | Ancient Orc | Ashlander | Assassins League | Barbaric | Buoyant Armiger | Celestial | Covenant
depth_Daggers_t02.csv,Online:Daggers,uesp:depth,1,10,Daedric | Dark Brotherhood | Dominion | Draugr | Dro-m'Athra | Dwemer | Ebony | Frostcaster | Glass | Hollowjack
depth_Daggers_t03.csv,Online:Daggers,uesp:depth,1,10,Harlequin | Malacath | Mazzatun | Mercenary | Militant Ordinator | Minotaur | Morag Tong | Order Hour | Outlaw | Pact
depth_Daggers_t04.csv,Online:Daggers,uesp:depth,1,9,Primal | Ra Gada | Silken Ring | Skinchanger | Soul-Shriven | Thieves Guild | Trinimac | Xivkyn | Yokudan
depth_Daggers_t05.csv,Online:Daggers,uesp:depth,1,10,Altmer | Argonian | Bosmer | Breton | Dunmer | Imperial | Khajiit | Nord | Orc | Redguard
depth_Daggers_t06.csv,Online:Daggers,uesp:depth,1,10,Altmer | Argonian | Bosmer | Breton | Dunmer | Imperial | Khajiit | Nord | Orc | Redguard
depth_Daggers_t07.csv,Online:Daggers,uesp:depth,1,7,Akaviri | Barbaric | Daedric | Dwemer | Outlaw | Primal | Yokudan
depth_Daggers_t08.csv,Online:Daggers,uesp:depth,1,10,Altmer | Argonian | Bosmer | Breton | Dunmer | Imperial | Khajiit | Nord | Orc | Redguard
depth_Daggers_t09.csv,Online:Daggers,uesp:depth,1,7,Akaviri | Barbaric | Daedric | Dwemer | Outlaw | Primal | Yokudan
depth_Iron_Armor_t00.csv,Online:Iron Armor,uesp:depth,4,5,Base | Fine | Superior | Epic | Legendary
depth_Iron_Armor_t01.csv,Online:Iron Armor,uesp:depth,1,10,Abah's Watch | Akaviri | Ancient Elf | Ancient Orc | Ashlander | Assassins League | Barbaric | Buoyant Armiger | Celestial | Covenant
depth_Iron_Armor_t02.csv,Online:Iron Armor,uesp:depth,1,10,Daedric | Dark Brotherhood | Dominion | Draugr | Dro-m'Athra | Dwemer | Ebony | Frostcaster | Glass | Hollowjack
depth_Iron_Armor_t03.csv,Online:Iron Armor,uesp:depth,1,10,Harlequin | Malacath | Mazzatun | Mercenary | Militant Ordinator | Minotaur | Morag Tong | Order Hour | Outlaw | Pact
depth_Iron_Armor_t04.csv,Online:Iron Armor,uesp:depth,1,9,Primal | Ra Gada | Silken Ring | Skinchanger | Soul-Shriven | Thieves Guild | Trinimac | Xivkyn | Yokudan
depth_Iron_Armor_t05.csv,Online:Iron Armor,uesp:depth,1,10,Altmer | Argonian | Bosmer | Breton | Dunmer | Imperial | Khajiit | Nord | Orc | Redguard
depth_Iron_Armor_t06.csv,Online:Iron Armor,uesp:depth,1,10,Abah's Watch | Akaviri | Ancient Elf | Ancient Orc | Ashlander | Assassins League | Barbaric | Buoyant Armiger | Celestial | Covenant
depth_Iron_Armor_t07.csv,Online:Iron Armor,uesp:depth,1,10,Daedric | Dark Brotherhood | Dominion | Draugr | Dro-m'Athra | Dwemer | Ebony | Frostcaster | Glass | Hollowjack
depth_Iron_Armor_t08.csv,Online:Iron Armor,uesp:depth,1,10,Harlequin | Malacath | Mazzatun | Mercenary | Militant Ordinator | Minotaur | Morag Tong | Order Hour | Outlaw | Pact
depth_Iron_Armor_t09.csv,Online:Iron Armor,uesp:depth,1,9,Primal | Ra Gada | Silken Ring | Skinchanger | Soul-Shriven | Thieves Guild | Trinimac | Xivkyn | Yokudan
depth_Iron_Armor_t10.csv,Online:Iron Armor,uesp:depth,1,10,Altmer | Argonian | Bosmer | Breton | Dunmer | Imperial | Khajiit | Nord | Orc | Redguard
depth_Iron_Armor_t11.csv,Online:Iron Armor,uesp:depth,1,10,Abah's Watch | Akaviri | Ancient Elf | Ancient Orc | Ashlander | Assassins League | Barbaric | Buoyant Armiger | Celestial | Covenant
depth_Iron_Armor_t12.csv,Online:Iron Armor,uesp:depth,1,10,Daedric | Dark Brotherhood | Dominion | Draugr | Dro-m'Athra | Dwemer | Ebony | Frostcaster | Glass | Hollowjack
depth_Iron_Armor_t13.csv,Online:Iron Armor,uesp:depth,1,10,Harlequin | Malacath | Mazzatun | Mercenary | Militant Ordinator | Minotaur | Morag Tong | Order Hour | Outlaw | Pact
depth_Iron_Armor_t14.csv,Online:Iron Armor,uesp:depth,1,9,Primal | Ra Gada | Silken Ring | Skinchanger | Soul-Shriven | Thieves Guild | Trinimac | Xivkyn | Yokudan
depth_Iron_Armor_t15.csv,Online:Iron Armor,uesp:depth,1,10,Altmer | Argonian | Bosmer | Breton | Dunmer | Imperial | Khajiit | Nord | Orc | Redguard
depth_Iron_Armor_t16.csv,Online:Iron Armor,uesp:depth,1,10,Abah's Watch | Akaviri | Ancient Elf | Ancient Orc | Ashlander | Assassins League | Barbaric | Buoyant Armiger | Celestial | Covenant
depth_Iron_Armor_t17.csv,Online:Iron Armor,uesp:depth,1,10,Daedric | Dark Brotherhood | Dominion | Draugr | Dro-m'Athra | Dwemer | Ebony | Frostcaster | Glass | Hollowjack
depth_Iron_Armor_t18.csv,Online:Iron Armor,uesp:depth,1,10,Harlequin | Malacath | Mazzatun | Mercenary | Militant Ordinator | Minotaur | Morag Tong | Order Hour | Outlaw | Pact
depth_Iron_Armor_t19.csv,Online:Iron Armor,uesp:depth,1,9,Primal | Ra Gada | Silken Ring | Skinchanger | Soul-Shriven | Thieves Guild | Trinimac | Xivkyn | Yokudan
depth_Iron_Armor_t20.csv,Online:Iron Armor,uesp:depth,1,10,Altmer | Argonian | Bosmer | Breton | Dunmer | Imperial | Khajiit | Nord | Orc | Redguard
depth_Iron_Armor_t21.csv,Online:Iron Armor,uesp:depth,1,10,Abah's Watch | Akaviri | Ancient Elf | Ancient Orc | Ashlander | Assassins League | Barbaric | Buoyant Armiger | Celestial | Covenant
depth_Iron_Armor_t22.csv,Online:Iron Armor,uesp:depth,1,10,Daedric | Dark Brotherhood | Dominion | Draugr | Dro-m'Athra | Dwemer | Ebony | Frostcaster | Glass | Hollowjack
depth_Iron_Armor_t23.csv,Online:Iron Armor,uesp:depth,1,10,Harlequin | Malacath | Mazzatun | Mercenary | Militant Ordinator | Minotaur | Morag Tong | Order Hour | Outlaw | Pact
depth_Iron_Armor_t24.csv,Online:Iron Armor,uesp:depth,1,9,Primal | Ra Gada | Silken Ring | Skinchanger | Soul-Shriven | Thieves Guild | Trinimac | Xivkyn | Yokudan
depth_Iron_Armor_t25.csv,Online:Iron Armor,uesp:depth,1,10,Altmer | Argonian | Bosmer | Breton | Dunmer | Imperial | Khajiit | Nord | Orc | Redguard
depth_Iron_Armor_t26.csv,Online:Iron Armor,uesp:depth,1,10,Abah's Watch | Akaviri | Ancient Elf | Ancient Orc | Ashlander | Assassins League | Barbaric | Buoyant Armiger | Celestial | Covenant
depth_Iron_Armor_t27.csv,Online:Iron Armor,uesp:depth,1,10,Daedric | Dark Brotherhood | Dominion | Draugr | Dro-m'Athra | Dwemer | Ebony | Frostcaster | Glass | Hollowjack
depth_Iron_Armor_t28.csv,Online:Iron Armor,uesp:depth,1,10,Harlequin | Malacath | Mazzatun | Mercenary | Militant Ordinator | Minotaur | Morag Tong | Order Hour | Outlaw | Pact
depth_Iron_Armor_t29.csv,Online:Iron Armor,uesp:depth,1,9,Primal | Ra Gada | Silken Ring | Skinchanger | Soul-Shriven | Thieves Guild | Trinimac | Xivkyn | Yokudan
depth_Iron_Armor_t30.csv,Online:Iron Armor,uesp:depth,1,10,Altmer | Argonian | Bosmer | Breton | Dunmer | Imperial | Khajiit | Nord | Orc | Redguard
depth_Iron_Armor_t31.csv,Online:Iron Armor,uesp:depth,1,10,Abah's Watch | Akaviri | Ancient Elf | Ancient Orc | Ashlander | Assassins League | Barbaric | Buoyant Armiger | Celestial | Covenant
depth_Iron_Armor_t32.csv,Online:Iron Armor,uesp:depth,1,10,Daedric | Dark Brotherhood | Dominion | Draugr | Dro-m'Athra | Dwemer | Ebony | Frostcaster | Glass | Hollowjack
depth_Iron_Armor_t33.csv,Online:Iron Armor,uesp:depth,1,10,Harlequin | Malacath | Mazzatun | Mercenary | Militant Ordinator | Minotaur | Morag Tong | Order Hour | Outlaw | Pact
depth_Iron_Armor_t34.csv,Online:Iron Armor,uesp:depth,1,9,Primal | Ra Gada | Silken Ring | Skinchanger | Soul-Shriven | Thieves Guild | Trinimac | Xivkyn | Yokudan
depth_Iron_Weapons_t00.csv,Online:Iron Weapons,uesp:depth,4,5,Base | Fine | Superior | Epic | Legendary
depth_Iron_Weapons_t01.csv,Online:Iron Weapons,uesp:depth,1,10,Abah's Watch | Akaviri | Ancient Elf | Ancient Orc | Ashlander | Assassins League | Barbaric | Buoyant Armiger | Celestial | Covenant
depth_Iron_Weapons_t02.csv,Online:Iron Weapons,uesp:depth,1,10,Daedric | Dark Brotherhood | Dominion | Draugr | Dro-m'Athra | Dwemer | Ebony | Frostcaster | Glass | Hollowjack
depth_Iron_Weapons_t03.csv,Online:Iron Weapons,uesp:depth,1,10,Harlequin | Malacath | Mazzatun | Mercenary | Militant Ordinator | Minotaur | Morag Tong | Order Hour | Outlaw | Pact
depth_Iron_Weapons_t04.csv,Online:Iron Weapons,uesp:depth,1,9,Primal | Ra Gada | Silken Ring | Skinchanger | Soul-Shriven | Thieves Guild | Trinimac | Xivkyn | Yokudan
depth_Iron_Weapons_t05.csv,Online:Iron Weapons,uesp:depth,1,10,Altmer | Argonian | Bosmer | Breton | Dunmer | Imperial | Khajiit | Nord | Orc | Redguard
depth_Iron_Weapons_t06.csv,Online:Iron Weapons,uesp:depth,1,10,Abah's Watch | Akaviri | Ancient Elf | Ancient Orc | Ashlander | Assassins League | Barbaric | Buoyant Armiger | Celestial | Covenant
depth_Iron_Weapons_t07.csv,Online:Iron Weapons,uesp:depth,1,10,Daedric | Dark Brotherhood | Dominion | Draugr | Dro-m'Athra | Dwemer | Ebony | Frostcaster | Glass | Hollowjack
depth_Iron_Weapons_t08.csv,Online:Iron Weapons,uesp:depth,1,10,Harlequin | Malacath | Mazzatun | Mercenary | Militant Ordinator | Minotaur | Morag Tong | Order Hour | Outlaw | Pact
depth_Iron_Weapons_t09.csv,Online:Iron Weapons,uesp:depth,1,9,Primal | Ra Gada | Silken Ring | Skinchanger | Soul-Shriven | Thieves Guild | Trinimac | Xivkyn | Yokudan
depth_Iron_Weapons_t10.csv,Online:Iron Weapons,uesp:depth,1,10,Altmer | Argonian | Bosmer | Breton | Dunmer | Imperial | Khajiit | Nord | Orc | Redguard
depth_Iron_Weapons_t11.csv,Online:Iron Weapons,uesp:depth,1,10,Abah's Watch | Akaviri | Ancient Elf | Ancient Orc | Ashlander | Assassins League | Barbaric | Buoyant Armiger | Celestial | Covenant
depth_Iron_Weapons_t12.csv,Online:Iron Weapons,uesp:depth,1,10,Daedric | Dark Brotherhood | Dominion | Draugr | Dro-m'Athra | Dwemer | Ebony | Frostcaster | Glass | Hollowjack
depth_Iron_Weapons_t13.csv,Online:Iron Weapons,uesp:depth,1,10,Harlequin | Malacath | Mazzatun | Mercenary | Militant Ordinator | Minotaur | Morag Tong | Order Hour | Outlaw | Pact
depth_Iron_Weapons_t14.csv,Online:Iron Weapons,uesp:depth,1,9,Primal | Ra Gada | Silken Ring | Skinchanger | Soul-Shriven | Thieves Guild | Trinimac | Xivkyn | Yokudan
depth_Iron_Weapons_t15.csv,Online:Iron Weapons,uesp:depth,1,10,Altmer | Argonian | Bosmer | Breton | Dunmer | Imperial | Khajiit | Nord | Orc | Redguard
depth_Iron_Weapons_t16.csv,Online:Iron Weapons,uesp:depth,1,10,Abah's Watch | Akaviri | Ancient Elf | Ancient Orc | Ashlander | Assassins League | Barbaric | Buoyant Armiger | Celestial | Covenant
depth_Iron_Weapons_t17.csv,Online:Iron Weapons,uesp:depth,1,10,Daedric | Dark Brotherhood | Dominion | Draugr | Dro-m'Athra | Dwemer | Ebony | Frostcaster | Glass | Hollowjack
depth_Iron_Weapons_t18.csv,Online:Iron Weapons,uesp:depth,1,10,Harlequin | Malacath | Mazzatun | Mercenary | Militant Ordinator | Minotaur | Morag Tong | Order Hour | Outlaw | Pact
depth_Iron_Weapons_t19.csv,Online:Iron Weapons,uesp:depth,1,9,Primal | Ra Gada | Silken Ring | Skinchanger | Soul-Shriven | Thieves Guild | Trinimac | Xivkyn | Yokudan
depth_Iron_Weapons_t20.csv,Online:Iron Weapons,uesp:depth,4,5,Base | Fine | Superior | Epic | Legendary
depth_Iron_Weapons_t21.csv,Online:Iron Weapons,uesp:depth,1,10,Abah's Watch | Akaviri | Ancient Elf | Ancient Orc | Ashlander | Assassins League | Barbaric | Buoyant Armiger | Celestial | Covenant
depth_Iron_Weapons_t22.csv,Online:Iron Weapons,uesp:depth,1,10,Daedric | Dark Brotherhood | Dominion | Draugr | Dro-m'Athra | Dwemer | Ebony | Frostcaster | Glass | Hollowjack
depth_Iron_Weapons_t23.csv,Online:Iron Weapons,uesp:depth,1,10,Harlequin | Malacath | Mazzatun | Mercenary | Militant Ordinator | Minotaur | Morag Tong | Order Hour | Outlaw | Pact
depth_Iron_Weapons_t24.csv,Online:Iron Weapons,uesp:depth,1,9,Primal | Ra Gada | Silken Ring | Skinchanger | Soul-Shriven | Thieves Guild | Trinimac | Xivkyn | Yokudan
depth_Iron_Weapons_t25.csv,Online:Iron Weapons,uesp:depth,1,10,Altmer | Argonian | Bosmer | Breton | Dunmer | Imperial | Khajiit | Nord | Orc | Redguard
depth_Iron_Weapons_t26.csv,Online:Iron Weapons,uesp:depth,1,10,Abah's Watch | Akaviri | Ancient Elf | Ancient Orc | Ashlander | Assassins League | Barbaric | Buoyant Armiger | Celestial | Covenant
depth_Iron_Weapons_t27.csv,Online:Iron Weapons,uesp:depth,1,10,Daedric | Dark Brotherhood | Dominion | Draugr | Dro-m'Athra | Dwemer | Ebony | Frostcaster | Glass | Hollowjack
depth_Iron_Weapons_t28.csv,Online:Iron Weapons,uesp:depth,1,10,Harlequin | Malacath | Mazzatun | Mercenary | Militant Ordinator | Minotaur | Morag Tong | Order Hour | Outlaw | Pact
depth_Iron_Weapons_t29.csv,Online:Iron Weapons,uesp:depth,1,9,Primal | Ra Gada | Silken Ring | Skinchanger | Soul-Shriven | Thieves Guild | Trinimac | Xivkyn | Yokudan
depth_Iron_Weapons_t30.csv,Online:Iron Weapons,uesp:depth,1,10,Altmer | Argonian | Bosmer | Breton | Dunmer | Imperial | Khajiit | Nord | Orc | Redguard
depth_Iron_Weapons_t31.csv,Online:Iron Weapons,uesp:depth,1,10,Abah's Watch | Akaviri | Ancient Elf | Ancient Orc | Ashlander | Assassins League | Barbaric | Buoyant Armiger | Celestial | Covenant
depth_Iron_Weapons_t32.csv,Online:Iron Weapons,uesp:depth,1,10,Daedric | Dark Brotherhood | Dominion | Draugr | Dro-m'Athra | Dwemer | Ebony | Frostcaster | Glass | Hollowjack
depth_Iron_Weapons_t33.csv,Online:Iron Weapons,uesp:depth,1,10,Harlequin | Malacath | Mazzatun | Mercenary | Militant Ordinator | Minotaur | Morag Tong | Order Hour | Outlaw | Pact
depth_Iron_Weapons_t34.csv,Online:Iron Weapons,uesp:depth,1,9,Primal | Ra Gada | Silken Ring | Skinchanger | Soul-Shriven | Thieves Guild | Trinimac | Xivkyn | Yokudan
depth_Maple_Weapons_t00.csv,Online:Maple Weapons,uesp:depth,4,5,Base | Fine | Superior | Epic | Legendary
depth_Maple_Weapons_t01.csv,Online:Maple Weapons,uesp:depth,1,10,Abah's Watch | Akaviri | Ancient Elf | Ancient Orc | Ashlander | Assassins League | Barbaric | Buoyant Armiger | Celestial | Covenant
depth_Maple_Weapons_t02.csv,Online:Maple Weapons,uesp:depth,1,10,Daedric | Dark Brotherhood | Dominion | Draugr | Dro-m'Athra | Dwemer | Ebony | Frostcaster | Glass | Hollowjack
depth_Maple_Weapons_t03.csv,Online:Maple Weapons,uesp:depth,1,10,Harlequin | Malacath | Mazzatun | Mercenary | Militant Ordinator | Minotaur | Morag Tong | Order Hour | Outlaw | Pact
depth_Maple_Weapons_t04.csv,Online:Maple Weapons,uesp:depth,1,9,Primal | Ra Gada | Silken Ring | Skinchanger | Soul-Shriven | Thieves Guild | Trinimac | Xivkyn | Yokudan
depth_Maple_Weapons_t05.csv,Online:Maple Weapons,uesp:depth,1,10,Altmer | Argonian | Bosmer | Breton | Dunmer | Imperial | Khajiit | Nord | Orc | Redguard
depth_Maple_Weapons_t06.csv,Online:Maple Weapons,uesp:depth,1,10,Abah's Watch | Akaviri | Ancient Elf | Ancient Orc | Ashlander | Assassins League | Barbaric | Buoyant Armiger | Celestial | Covenant
depth_Maple_Weapons_t07.csv,Online:Maple Weapons,uesp:depth,1,10,Daedric | Dark Brotherhood | Dominion | Draugr | Dro-m'Athra | Dwemer | Ebony | Frostcaster | Glass | Hollowjack
depth_Maple_Weapons_t08.csv,Online:Maple Weapons,uesp:depth,1,10,Harlequin | Malacath | Mazzatun | Mercenary | Militant Ordinator | Minotaur | Morag Tong | Order Hour | Outlaw | Pact
depth_Maple_Weapons_t09.csv,Online:Maple Weapons,uesp:depth,1,9,Primal | Ra Gada | Silken Ring | Skinchanger | Soul-Shriven | Thieves Guild | Trinimac | Xivkyn | Yokudan
depth_Homespun_Armor_t00.csv,Online:Homespun Armor,uesp:depth,4,5,Base | Fine | Superior | Epic | Legendary
depth_Homespun_Armor_t01.csv,Online:Homespun Armor,uesp:depth,1,10,Abah's Watch | Akaviri | Ancient Elf | Ancient Orc | Ashlander | Assassins League | Barbaric | Buoyant Armiger | Celestial | Covenant
depth_Homespun_Armor_t02.csv,Online:Homespun Armor,uesp:depth,1,10,Daedric | Dark Brotherhood | Dominion | Draugr | Dro-m'Athra | Dwemer | Ebony | Frostcaster | Glass | Hollowjack
depth_Homespun_Armor_t03.csv,Online:Homespun Armor,uesp:depth,1,10,Harlequin | Malacath | Mazzatun | Mercenary | Militant Ordinator | Minotaur | Morag Tong | Order Hour | Outlaw | Pact
depth_Homespun_Armor_t04.csv,Online:Homespun Armor,uesp:depth,1,9,Primal | Ra Gada | Silken Ring | Skinchanger | Soul-Shriven | Thieves Guild | Trinimac | Xivkyn | Yokudan
depth_Homespun_Armor_t05.csv,Online:Homespun Armor,uesp:depth,1,10,Altmer | Argonian | Bosmer | Breton | Dunmer | Imperial | Khajiit | Nord | Orc | Redguard
depth_Homespun_Armor_t06.csv,Online:Homespun Armor,uesp:depth,1,10,Abah's Watch | Akaviri | Ancient Elf | Ancient Orc | Ashlander | Assassins League | Barbaric | Buoyant Armiger | Celestial | Covenant
depth_Homespun_Armor_t07.csv,Online:Homespun Armor,uesp:depth,1,10,Daedric | Dark Brotherhood | Dominion | Draugr | Dro-m'Athra | Dwemer | Ebony | Frostcaster | Glass | Hollowjack
depth_Homespun_Armor_t08.csv,Online:Homespun Armor,uesp:depth,1,10,Harlequin | Malacath | Mazzatun | Mercenary | Militant Ordinator | Minotaur | Morag Tong | Order Hour | Outlaw | Pact
depth_Homespun_Armor_t09.csv,Online:Homespun Armor,uesp:depth,1,9,Primal | Ra Gada | Silken Ring | Skinchanger | Soul-Shriven | Thieves Guild | Trinimac | Xivkyn | Yokudan
depth_Homespun_Armor_t10.csv,Online:Homespun Armor,uesp:depth,1,10,Altmer | Argonian | Bosmer | Breton | Dunmer | Imperial | Khajiit | Nord | Orc | Redguard
depth_Homespun_Armor_t11.csv,Online:Homespun Armor,uesp:depth,1,10,Abah's Watch | Akaviri | Ancient Elf | Ancient Orc | Ashlander | Assassins League | Barbaric | Buoyant Armiger | Celestial | Covenant
depth_Homespun_Armor_t12.csv,Online:Homespun Armor,uesp:depth,1,10,Daedric | Dark Brotherhood | Dominion | Draugr | Dro-m'Athra | Dwemer | Ebony | Frostcaster | Glass | Hollowjack
depth_Homespun_Armor_t13.csv,Online:Homespun Armor,uesp:depth,1,10,Harlequin | Malacath | Mazzatun | Mercenary | Militant Ordinator | Minotaur | Morag Tong | Order Hour | Outlaw | Pact
depth_Homespun_Armor_t14.csv,Online:Homespun Armor,uesp:depth,1,9,Primal | Ra Gada | Silken Ring | Skinchanger | Soul-Shriven | Thieves Guild | Trinimac | Xivkyn | Yokudan
depth_Homespun_Armor_t15.csv,Online:Homespun Armor,uesp:depth,1,10,Altmer | Argonian | Bosmer | Breton | Dunmer | Imperial | Khajiit | Nord | Orc | Redguard
depth_Homespun_Armor_t16.csv,Online:Homespun Armor,uesp:depth,1,10,Abah's Watch | Akaviri | Ancient Elf | Ancient Orc | Ashlander | Assassins League | Barbaric | Buoyant Armiger | Celestial | Covenant
depth_Homespun_Armor_t17.csv,Online:Homespun Armor,uesp:depth,1,10,Daedric | Dark Brotherhood | Dominion | Draugr | Dro-m'Athra | Dwemer | Ebony | Frostcaster | Glass | Hollowjack
depth_Homespun_Armor_t18.csv,Online:Homespun Armor,uesp:depth,1,10,Harlequin | Malacath | Mazzatun | Mercenary | Militant Ordinator | Minotaur | Morag Tong | Order Hour | Outlaw | Pact
depth_Homespun_Armor_t19.csv,Online:Homespun Armor,uesp:depth,1,9,Primal | Ra Gada | Silken Ring | Skinchanger | Soul-Shriven | Thieves Guild | Trinimac | Xivkyn | Yokudan
depth_Homespun_Armor_t20.csv,Online:Homespun Armor,uesp:depth,1,10,Altmer | Argonian | Bosmer | Breton | Dunmer | Imperial | Khajiit | Nord | Orc | Redguard
depth_Homespun_Armor_t21.csv,Online:Homespun Armor,uesp:depth,1,10,Abah's Watch | Akaviri | Ancient Elf | Ancient Orc | Ashlander | Assassins League | Barbaric | Buoyant Armiger | Celestial | Covenant
depth_Homespun_Armor_t22.csv,Online:Homespun Armor,uesp:depth,1,10,Daedric | Dark Brotherhood | Dominion | Draugr | Dro-m'Athra | Dwemer | Ebony | Frostcaster | Glass | Hollowjack
depth_Homespun_Armor_t23.csv,Online:Homespun Armor,uesp:depth,1,10,Harlequin | Malacath | Mazzatun | Mercenary | Militant Ordinator | Minotaur | Morag Tong | Order Hour | Outlaw | Pact
depth_Homespun_Armor_t24.csv,Online:Homespun Armor,uesp:depth,1,9,Primal | Ra Gada | Silken Ring | Skinchanger | Soul-Shriven | Thieves Guild | Trinimac | Xivkyn | Yokudan
depth_Homespun_Armor_t25.csv,Online:Homespun Armor,uesp:depth,1,10,Altmer | Argonian | Bosmer | Breton | Dunmer | Imperial | Khajiit | Nord | Orc | Redguard
depth_Homespun_Armor_t26.csv,Online:Homespun Armor,uesp:depth,1,10,Abah's Watch | Akaviri | Ancient Elf | Ancient Orc | Ashlander | Assassins League | Barbaric | Buoyant Armiger | Celestial | Covenant
depth_Homespun_Armor_t27.csv,Online:Homespun Armor,uesp:depth,1,10,Daedric | Dark Brotherhood | Dominion | Draugr | Dro-m'Athra | Dwemer | Ebony | Frostcaster | Glass | Hollowjack
depth_Homespun_Armor_t28.csv,Online:Homespun Armor,uesp:depth,1,10,Harlequin | Malacath | Mazzatun | Mercenary | Militant Ordinator | Minotaur | Morag Tong | Order Hour | Outlaw | Pact
depth_Homespun_Armor_t29.csv,Online:Homespun Armor,uesp:depth,1,9,Primal | Ra Gada | Silken Ring | Skinchanger | Soul-Shriven | Thieves Guild | Trinimac | Xivkyn | Yokudan
depth_Homespun_Armor_t30.csv,Online:Homespun Armor,uesp:depth,1,10,Altmer | Argonian | Bosmer | Breton | Dunmer | Imperial | Khajiit | Nord | Orc | Redguard
depth_Homespun_Armor_t31.csv,Online:Homespun Armor,uesp:depth,1,10,Abah's Watch | Akaviri | Ancient Elf | Ancient Orc | Ashlander | Assassins League | Barbaric | Buoyant Armiger | Celestial | Covenant
depth_Homespun_Armor_t32.csv,Online:Homespun Armor,uesp:depth,1,10,Daedric | Dark Brotherhood | Dominion | Draugr | Dro-m'Athra | Dwemer | Ebony | Frostcaster | Glass | Hollowjack
depth_Homespun_Armor_t33.csv,Online:Homespun Armor,uesp:depth,1,10,Harlequin | Malacath | Mazzatun | Mercenary | Militant Ordinator | Minotaur | Morag Tong | Order Hour | Outlaw | Pact
depth_Homespun_Armor_t34.csv,Online:Homespun Armor,uesp:depth,1,9,Primal | Ra Gada | Silken Ring | Skinchanger | Soul-Shriven | Thieves Guild | Trinimac | Xivkyn | Yokudan
depth_Homespun_Armor_t35.csv,Online:Homespun Armor,uesp:depth,1,10,Altmer | Argonian | Bosmer | Breton | Dunmer | Imperial | Khajiit | Nord | Orc | Redguard
depth_Homespun_Armor_t36.csv,Online:Homespun Armor,uesp:depth,1,10,Abah's Watch | Akaviri | Ancient Elf | Ancient Orc | Ashlander | Assassins League | Barbaric | Buoyant Armiger | Celestial | Covenant
depth_Homespun_Armor_t37.csv,Online:Homespun Armor,uesp:depth,1,10,Daedric | Dark Brotherhood | Dominion | Draugr | Dro-m'Athra | Dwemer | Ebony | Frostcaster | Glass | Hollowjack
depth_Homespun_Armor_t38.csv,Online:Homespun Armor,uesp:depth,1,10,Harlequin | Malacath | Mazzatun | Mercenary | Militant Ordinator | Minotaur | Morag Tong | Order Hour | Outlaw | Pact
depth_Homespun_Armor_t39.csv,Online:Homespun Armor,uesp:depth,1,9,Primal | Ra Gada | Silken Ring | Skinchanger | Soul-Shriven | Thieves Guild | Trinimac | Xivkyn | Yokudan
depth_Bone_Colossus_t00.csv,Online:Bone Colossus,uesp:depth,33,5,Zone / Dungeon | Specific Location | Difficulty | Condition | Health
depth_Bone_Flayer_t00.csv,Online:Bone Flayer,uesp:depth,27,5,Locations | Specific Location | Condition | Class | Health
depth_Bloodfiend_t00.csv,Online:Bloodfiend,uesp:depth,13,6,Zone / Dungeon | Specific Location | Reaction | Condition | Difficulty | Health
depth_Crown_Store_DLC_t00.csv,Online:Crown Store/DLC,uesp:depth,1,2,Name | Notes
depth_Bone_Reaver_t00.csv,Online:Bone Reaver,uesp:depth,6,4,Zone / Dungeon | Specific Location | Difficulty | Health
depth_Defending_t00.csv,Online:Defending,uesp:depth,42,10,12Normal | 12Fine | 12Superior | 12Epic | 12Legendary | 12Normal | 12Fine | 12Superior | 12Epic | 12Legendary
depth_Bog_Blight_t00.csv,Online:Bog Blight,uesp:depth,7,4,Zone / Dungeon | Specific Location | Difficulty | Health
depth_Ambient_Dialogue_t00.csv,Online:Ambient Dialogue,uesp:depth,25,2,Rumor | Quest (choice)
depth_Ambient_Dialogue_t01.csv,Online:Ambient Dialogue,uesp:depth,23,2,Rumor | Quest (choice)
depth_Ambient_Dialogue_t02.csv,Online:Ambient Dialogue,uesp:depth,58,2,Rumor | Quest (choice)
depth_Ambient_Dialogue_t03.csv,Online:Ambient Dialogue,uesp:depth,54,2,Rumor | Quest (choice)
depth_Ambient_Dialogue_t04.csv,Online:Ambient Dialogue,uesp:depth,28,2,Rumor | Quest (choice)
depth_Ambient_Dialogue_t05.csv,Online:Ambient Dialogue,uesp:depth,30,2,Rumor | Quest (choice)
depth_Ambient_Dialogue_t06.csv,Online:Ambient Dialogue,uesp:depth,24,2,Rumor | Quest (choice)
depth_Ambient_Dialogue_t07.csv,Online:Ambient Dialogue,uesp:depth,22,2,Rumor | Quest (choice)
depth_Ambient_Dialogue_t08.csv,Online:Ambient Dialogue,uesp:depth,24,2,Rumor | Quest (choice)
depth_Ambient_Dialogue_t09.csv,Online:Ambient Dialogue,uesp:depth,18,2,Rumor | Quest (choice)
depth_Ambient_Dialogue_t10.csv,Online:Ambient Dialogue,uesp:depth,30,2,Rumor | Quest (choice)
depth_Ambient_Dialogue_t11.csv,Online:Ambient Dialogue,uesp:depth,32,2,Rumor | Quest (choice)
depth_Ambient_Dialogue_t12.csv,Online:Ambient Dialogue,uesp:depth,20,2,Rumor | Quest (choice)
depth_Ambient_Dialogue_t13.csv,Online:Ambient Dialogue,uesp:depth,12,2,Rumor | Quest (choice)
depth_Ambient_Dialogue_t14.csv,Online:Ambient Dialogue,uesp:depth,30,2,Rumor | Quest (choice)
depth_Ambient_Dialogue_t15.csv,Online:Ambient Dialogue,uesp:depth,33,2,Rumor | Quest (choice)
depth_Ambient_Dialogue_t16.csv,Online:Ambient Dialogue,uesp:depth,9,4,"Rumor | Quest (choice) | |""I understand you helped authorities crack down on the. Very much appreciated."" | Seize the Moment (Go to the guards)"
depth_Ambient_Dialogue_t17.csv,Online:Ambient Dialogue,uesp:depth,27,2,Rumor | Quest (choice)
depth_Ambient_Dialogue_t18.csv,Online:Ambient Dialogue,uesp:depth,25,2,Rumor | Quest (choice)
depth_Ambient_Dialogue_t19.csv,Online:Ambient Dialogue,uesp:depth,4,2,Rumor | Quest (choice)
depth_Ambient_Dialogue_t20.csv,Online:Ambient Dialogue,uesp:depth,4,2,Rumor | Quest (choice)
depth_Ambient_Dialogue_t21.csv,Online:Ambient Dialogue,uesp:depth,10,2,Rumor | Quest (choice)
depth_Ambient_Dialogue_t22.csv,Online:Ambient Dialogue,uesp:depth,2,2,Rumor | Quest (choice)
depth_Ambient_Dialogue_t23.csv,Online:Ambient Dialogue,uesp:depth,18,2,Rumor | Quest (choice)
depth_Ambient_Dialogue_t24.csv,Online:Ambient Dialogue,uesp:depth,18,2,Rumor | Quest (choice)
depth_Ambient_Dialogue_t25.csv,Online:Ambient Dialogue,uesp:depth,8,2,Rumor | Quest (choice)
depth_Ambient_Dialogue_t26.csv,Online:Ambient Dialogue,uesp:depth,6,2,Rumor | Quest (choice)
depth_Ambient_Dialogue_t27.csv,Online:Ambient Dialogue,uesp:depth,7,2,Rumor | Quest (choice)
depth_Ambient_Dialogue_t28.csv,Online:Ambient Dialogue,uesp:depth,1,2,Rumor | Quest (choice)
depth_Ambient_Dialogue_t29.csv,Online:Ambient Dialogue,uesp:depth,7,2,Rumor | Quest (choice)
depth_Ambient_Dialogue_t30.csv,Online:Ambient Dialogue,uesp:depth,7,2,Rumor | Quest (choice)
depth_Ambient_Dialogue_t31.csv,Online:Ambient Dialogue,uesp:depth,14,2,Rumor | Quest (choice)
depth_Ambient_Dialogue_t32.csv,Online:Ambient Dialogue,uesp:depth,10,2,Rumor | Quest (choice)
depth_Ambient_Dialogue_t33.csv,Online:Ambient Dialogue,uesp:depth,3,2,Rumor | Quest (choice)
depth_Ambient_Dialogue_t34.csv,Online:Ambient Dialogue,uesp:depth,3,2,Rumor | Quest (choice)
depth_Bloodknight_t00.csv,Online:Bloodknight,uesp:depth,4,4,Zone / Dungeon | Specific Location | Difficulty | Health
depth_Blood_Crawler_t00.csv,Online:Blood Crawler,uesp:depth,2,4,Zone / Dungeon | Specific Location / Quest | Difficulty | Health
depth_Bog_Dog_t00.csv,Online:Bog Dog,uesp:depth,4,4,Zone / Dungeon | Specific Location | Difficulty | Health
depth_Bog_Dog_Bonecrusher_t00.csv,Online:Bog Dog Bonecrusher,uesp:depth,2,4,Zone / Dungeon | Specific Location | Difficulty | Health
depth_Werewolf_t00.csv,Online:Werewolf,uesp:depth,1,2,Bonus | Effect
depth_Werewolf_t01.csv,Online:Werewolf,uesp:depth,10,3,Rank | Points Required for Next Rank | Total Points for Rank
depth_Bardic_Performances_t00.csv,Online:Bardic Performances,uesp:depth,10,7,Song | Malukah | Kari Wahlgren | Crispin Freeman | Jim Cummings | Flute | Lute
depth_Bardic_Performances_t01.csv,Online:Bardic Performances,uesp:depth,5,4,Name | Description | Location | Notes
depth_Bardic_Performances_t02.csv,Online:Bardic Performances,uesp:depth,8,4,Name | Description | Location | Notes
depth_Bardic_Performances_t03.csv,Online:Bardic Performances,uesp:depth,7,4,Name | Description | Location | Notes
depth_Bardic_Performances_t04.csv,Online:Bardic Performances,uesp:depth,4,4,Name | Description | Location | Notes
depth_Bardic_Performances_t05.csv,Online:Bardic Performances,uesp:depth,2,4,Name | Description | Location | Notes
depth_Bardic_Performances_t06.csv,Online:Bardic Performances,uesp:depth,3,4,Name | Description | Location | Notes
depth_Bardic_Performances_t07.csv,Online:Bardic Performances,uesp:depth,2,4,Name | Description | Location | Notes
depth_Bardic_Performances_t08.csv,Online:Bardic Performances,uesp:depth,5,4,Name | Description | Location | Notes
depth_Bardic_Performances_t09.csv,Online:Bardic Performances,uesp:depth,2,4,Name | Description | Location | Notes
depth_Bardic_Performances_t10.csv,Online:Bardic Performances,uesp:depth,2,4,Name | Description | Location | Notes
depth_Bardic_Performances_t11.csv,Online:Bardic Performances,uesp:depth,2,4,Name | Description | Location | Notes
depth_Bardic_Performances_t12.csv,Online:Bardic Performances,uesp:depth,2,4,Name | Description | Location | Notes
depth_Bardic_Performances_t13.csv,Online:Bardic Performances,uesp:depth,3,4,Name | Description | Location | Notes
depth_Bardic_Performances_t14.csv,Online:Bardic Performances,uesp:depth,2,4,Name | Description | Location | Notes
depth_Swords_t00.csv,Online:Swords,uesp:depth,4,5,Base | Fine | Superior | Epic | Legendary
depth_Swords_t01.csv,Online:Swords,uesp:depth,1,10,Abah's Watch | Akaviri | Ancient Elf | Ancient Orc | Ashlander | Assassins League | Barbaric | Buoyant Armiger | Celestial | Covenant
depth_Swords_t02.csv,Online:Swords,uesp:depth,1,10,Daedric | Dark Brotherhood | Dominion | Draugr | Dro-m'Athra | Dwemer | Ebony | Frostcaster | Glass | Hollowjack
depth_Swords_t03.csv,Online:Swords,uesp:depth,1,10,Harlequin | Malacath | Mazzatun | Mercenary | Militant Ordinator | Minotaur | Morag Tong | Order Hour | Outlaw | Pact
depth_Swords_t04.csv,Online:Swords,uesp:depth,1,9,Primal | Ra Gada | Silken Ring | Skinchanger | Soul-Shriven | Thieves Guild | Trinimac | Xivkyn | Yokudan
depth_Swords_t05.csv,Online:Swords,uesp:depth,1,10,Altmer | Argonian | Bosmer | Breton | Dunmer | Imperial | Khajiit | Nord | Orc | Redguard
depth_Swords_t06.csv,Online:Swords,uesp:depth,1,10,Altmer | Argonian | Bosmer | Breton | Dunmer | Imperial | Khajiit | Nord | Orc | Redguard
depth_Swords_t07.csv,Online:Swords,uesp:depth,1,7,Akaviri | Barbaric | Daedric | Dwemer | Outlaw | Primal | Yokudan
depth_Swords_t08.csv,Online:Swords,uesp:depth,1,10,Altmer | Argonian | Bosmer | Breton | Dunmer | Imperial | Khajiit | Nord | Orc | Redguard
depth_Swords_t09.csv,Online:Swords,uesp:depth,1,7,Akaviri | Barbaric | Daedric | Dwemer | Outlaw | Primal | Yokudan
depth_Shields_t00.csv,Online:Shields,uesp:depth,4,5,Base | Fine | Superior | Epic | Legendary
depth_Shields_t01.csv,Online:Shields,uesp:depth,1,10,Abah's Watch | Akaviri | Ancient Elf | Ancient Orc | Ashlander | Assassins League | Barbaric | Buoyant Armiger | Celestial | Covenant
depth_Shields_t02.csv,Online:Shields,uesp:depth,1,10,Daedric | Dark Brotherhood | Dominion | Draugr | Dro-m'Athra | Dwemer | Ebony | Frostcaster | Glass | Hollowjack
depth_Shields_t03.csv,Online:Shields,uesp:depth,1,10,Harlequin | Malacath | Mazzatun | Mercenary | Militant Ordinator | Minotaur | Morag Tong | Order Hour | Outlaw | Pact
depth_Shields_t04.csv,Online:Shields,uesp:depth,1,9,Primal | Ra Gada | Silken Ring | Skinchanger | Soul-Shriven | Thieves Guild | Trinimac | Xivkyn | Yokudan
depth_Shields_t05.csv,Online:Shields,uesp:depth,1,10,Altmer | Argonian | Bosmer | Breton | Dunmer | Imperial | Khajiit | Nord | Orc | Redguard
depth_Shields_t06.csv,Online:Shields,uesp:depth,1,10,Altmer | Argonian | Bosmer | Breton | Dunmer | Imperial | Khajiit | Nord | Orc | Redguard
depth_Shields_t07.csv,Online:Shields,uesp:depth,1,7,Akaviri | Barbaric | Daedric | Dwemer | Outlaw | Primal | Yokudan
depth_Shields_t08.csv,Online:Shields,uesp:depth,1,10,Altmer | Argonian | Bosmer | Breton | Dunmer | Imperial | Khajiit | Nord | Orc | Redguard
depth_Shields_t09.csv,Online:Shields,uesp:depth,1,7,Akaviri | Barbaric | Daedric | Dwemer | Outlaw | Primal | Yokudan
depth_Rawhide_Armor_t00.csv,Online:Rawhide Armor,uesp:depth,4,5,Base | Fine | Superior | Epic | Legendary
depth_Rawhide_Armor_t01.csv,Online:Rawhide Armor,uesp:depth,1,10,Abah's Watch | Akaviri | Ancient Elf | Ancient Orc | Ashlander | Assassins League | Barbaric | Buoyant Armiger | Celestial | Covenant
depth_Rawhide_Armor_t02.csv,Online:Rawhide Armor,uesp:depth,1,10,Daedric | Dark Brotherhood | Dominion | Draugr | Dro-m'Athra | Dwemer | Ebony | Frostcaster | Glass | Hollowjack
depth_Rawhide_Armor_t03.csv,Online:Rawhide Armor,uesp:depth,1,10,Harlequin | Malacath | Mazzatun | Mercenary | Militant Ordinator | Minotaur | Morag Tong | Order Hour | Outlaw | Pact
depth_Rawhide_Armor_t04.csv,Online:Rawhide Armor,uesp:depth,1,9,Primal | Ra Gada | Silken Ring | Skinchanger | Soul-Shriven | Thieves Guild | Trinimac | Xivkyn | Yokudan
depth_Rawhide_Armor_t05.csv,Online:Rawhide Armor,uesp:depth,1,10,Altmer | Argonian | Bosmer | Breton | Dunmer | Imperial | Khajiit | Nord | Orc | Redguard
depth_Rawhide_Armor_t06.csv,Online:Rawhide Armor,uesp:depth,1,10,Abah's Watch | Akaviri | Ancient Elf | Ancient Orc | Ashlander | Assassins League | Barbaric | Buoyant Armiger | Celestial | Covenant
depth_Rawhide_Armor_t07.csv,Online:Rawhide Armor,uesp:depth,1,10,Daedric | Dark Brotherhood | Dominion | Draugr | Dro-m'Athra | Dwemer | Ebony | Frostcaster | Glass | Hollowjack
depth_Rawhide_Armor_t08.csv,Online:Rawhide Armor,uesp:depth,1,10,Harlequin | Malacath | Mazzatun | Mercenary | Militant Ordinator | Minotaur | Morag Tong | Order Hour | Outlaw | Pact
depth_Rawhide_Armor_t09.csv,Online:Rawhide Armor,uesp:depth,1,9,Primal | Ra Gada | Silken Ring | Skinchanger | Soul-Shriven | Thieves Guild | Trinimac | Xivkyn | Yokudan
depth_Rawhide_Armor_t10.csv,Online:Rawhide Armor,uesp:depth,1,10,Altmer | Argonian | Bosmer | Breton | Dunmer | Imperial | Khajiit | Nord | Orc | Redguard
depth_Rawhide_Armor_t11.csv,Online:Rawhide Armor,uesp:depth,1,10,Abah's Watch | Akaviri | Ancient Elf | Ancient Orc | Ashlander | Assassins League | Barbaric | Buoyant Armiger | Celestial | Covenant
depth_Rawhide_Armor_t12.csv,Online:Rawhide Armor,uesp:depth,1,10,Daedric | Dark Brotherhood | Dominion | Draugr | Dro-m'Athra | Dwemer | Ebony | Frostcaster | Glass | Hollowjack
depth_Rawhide_Armor_t13.csv,Online:Rawhide Armor,uesp:depth,1,10,Harlequin | Malacath | Mazzatun | Mercenary | Militant Ordinator | Minotaur | Morag Tong | Order Hour | Outlaw | Pact
depth_Rawhide_Armor_t14.csv,Online:Rawhide Armor,uesp:depth,1,9,Primal | Ra Gada | Silken Ring | Skinchanger | Soul-Shriven | Thieves Guild | Trinimac | Xivkyn | Yokudan
depth_Rawhide_Armor_t15.csv,Online:Rawhide Armor,uesp:depth,1,10,Altmer | Argonian | Bosmer | Breton | Dunmer | Imperial | Khajiit | Nord | Orc | Redguard
depth_Rawhide_Armor_t16.csv,Online:Rawhide Armor,uesp:depth,1,10,Abah's Watch | Akaviri | Ancient Elf | Ancient Orc | Ashlander | Assassins League | Barbaric | Buoyant Armiger | Celestial | Covenant
depth_Rawhide_Armor_t17.csv,Online:Rawhide Armor,uesp:depth,1,10,Daedric | Dark Brotherhood | Dominion | Draugr | Dro-m'Athra | Dwemer | Ebony | Frostcaster | Glass | Hollowjack
depth_Rawhide_Armor_t18.csv,Online:Rawhide Armor,uesp:depth,1,10,Harlequin | Malacath | Mazzatun | Mercenary | Militant Ordinator | Minotaur | Morag Tong | Order Hour | Outlaw | Pact
depth_Rawhide_Armor_t19.csv,Online:Rawhide Armor,uesp:depth,1,9,Primal | Ra Gada | Silken Ring | Skinchanger | Soul-Shriven | Thieves Guild | Trinimac | Xivkyn | Yokudan
depth_Rawhide_Armor_t20.csv,Online:Rawhide Armor,uesp:depth,1,10,Altmer | Argonian | Bosmer | Breton | Dunmer | Imperial | Khajiit | Nord | Orc | Redguard
depth_Rawhide_Armor_t21.csv,Online:Rawhide Armor,uesp:depth,1,10,Abah's Watch | Akaviri | Ancient Elf | Ancient Orc | Ashlander | Assassins League | Barbaric | Buoyant Armiger | Celestial | Covenant
depth_Rawhide_Armor_t22.csv,Online:Rawhide Armor,uesp:depth,1,10,Daedric | Dark Brotherhood | Dominion | Draugr | Dro-m'Athra | Dwemer | Ebony | Frostcaster | Glass | Hollowjack
depth_Rawhide_Armor_t23.csv,Online:Rawhide Armor,uesp:depth,1,10,Harlequin | Malacath | Mazzatun | Mercenary | Militant Ordinator | Minotaur | Morag Tong | Order Hour | Outlaw | Pact
depth_Rawhide_Armor_t24.csv,Online:Rawhide Armor,uesp:depth,1,9,Primal | Ra Gada | Silken Ring | Skinchanger | Soul-Shriven | Thieves Guild | Trinimac | Xivkyn | Yokudan
depth_Rawhide_Armor_t25.csv,Online:Rawhide Armor,uesp:depth,1,10,Altmer | Argonian | Bosmer | Breton | Dunmer | Imperial | Khajiit | Nord | Orc | Redguard
depth_Rawhide_Armor_t26.csv,Online:Rawhide Armor,uesp:depth,1,10,Abah's Watch | Akaviri | Ancient Elf | Ancient Orc | Ashlander | Assassins League | Barbaric | Buoyant Armiger | Celestial | Covenant
depth_Rawhide_Armor_t27.csv,Online:Rawhide Armor,uesp:depth,1,10,Daedric | Dark Brotherhood | Dominion | Draugr | Dro-m'Athra | Dwemer | Ebony | Frostcaster | Glass | Hollowjack
depth_Rawhide_Armor_t28.csv,Online:Rawhide Armor,uesp:depth,1,10,Harlequin | Malacath | Mazzatun | Mercenary | Militant Ordinator | Minotaur | Morag Tong | Order Hour | Outlaw | Pact
depth_Rawhide_Armor_t29.csv,Online:Rawhide Armor,uesp:depth,1,9,Primal | Ra Gada | Silken Ring | Skinchanger | Soul-Shriven | Thieves Guild | Trinimac | Xivkyn | Yokudan
depth_Rawhide_Armor_t30.csv,Online:Rawhide Armor,uesp:depth,1,10,Altmer | Argonian | Bosmer | Breton | Dunmer | Imperial | Khajiit | Nord | Orc | Redguard
depth_Rawhide_Armor_t31.csv,Online:Rawhide Armor,uesp:depth,1,10,Abah's Watch | Akaviri | Ancient Elf | Ancient Orc | Ashlander | Assassins League | Barbaric | Buoyant Armiger | Celestial | Covenant
depth_Rawhide_Armor_t32.csv,Online:Rawhide Armor,uesp:depth,1,10,Daedric | Dark Brotherhood | Dominion | Draugr | Dro-m'Athra | Dwemer | Ebony | Frostcaster | Glass | Hollowjack
depth_Rawhide_Armor_t33.csv,Online:Rawhide Armor,uesp:depth,1,10,Harlequin | Malacath | Mazzatun | Mercenary | Militant Ordinator | Minotaur | Morag Tong | Order Hour | Outlaw | Pact
depth_Rawhide_Armor_t34.csv,Online:Rawhide Armor,uesp:depth,1,9,Primal | Ra Gada | Silken Ring | Skinchanger | Soul-Shriven | Thieves Guild | Trinimac | Xivkyn | Yokudan
depth_Athrahgor_t00.csv,Online:Athrahgor,uesp:depth,9,5,Name | Type | Price | Achievement | Description
depth_Ashur_t00.csv,Online:Ashur,uesp:depth,1,2,Previously met in Vvardenfell: | Otherwise:
depth_Ashur_t01.csv,Online:Ashur,uesp:depth,1,2,Met Before: | First Time Meeting:
depth_Sharpened_t00.csv,Online:Sharpened,uesp:depth,42,10,12Normal | 12Fine | 12Superior | 12Epic | 12Legendary | 12Normal | 12Fine | 12Superior | 12Epic | 12Legendary
depth_Bahtra_at-Hunding_t00.csv,Online:Bahtra at-Hunding,uesp:depth,5,2,Accomplishment | Greeting
depth_Argenta_t00.csv,Online:Argenta,uesp:depth,1,2,Have not spoken to Suraj: | Already spoken to Suraj:
depth_Argenta_t01.csv,Online:Argenta,uesp:depth,1,2,Rescued Kjarne: | Otherwise:
depth_Ashayuna_t00.csv,Online:Ashayuna,uesp:depth,1,2,Wearing Worm Cult Apprentice Garb: | Wearing Worm Cult Bonelord Armor:
depth_Ashayuna_t01.csv,Online:Ashayuna,uesp:depth,1,2,Killed Prince Naemon Previously: | Otherwise:
depth_Bak-Deelith_Dosu-Jasuda_t00.csv,Online:Bak-Deelith Dosu-Jasuda,uesp:depth,1,3,Agreed with neither of them: | Agree with Xankapa: | Agree with Dosu-Jasuda:
depth_Bak-Deelith_Dosu-Jasuda_t01.csv,Online:Bak-Deelith Dosu-Jasuda,uesp:depth,1,2,Agreed with Xankapa: | Agreed with Dosu-Jasuda:
depth_Bak-Deelith_Xankapa_t00.csv,Online:Bak-Deelith Xankapa,uesp:depth,1,3,Agreed with neither of them: | Agree with Xankapa: | Agree with Dosu-Jasuda:
depth_Bak-Deelith_Xankapa_t01.csv,Online:Bak-Deelith Xankapa,uesp:depth,1,2,Agreed with Xankapa: | Agreed with Dosu-Jasuda:
depth_Armelle_Madach_t00.csv,Online:Armelle Madach,uesp:depth,1,2,Remained Undetected: | Was discovered in Seaside Caves:
depth_Azisa_the_Keeper_t00.csv,Online:Azisa the Keeper,uesp:depth,1,2,Never been infected: | Former Werewolf:
depth_Azisa_the_Keeper_t01.csv,Online:Azisa the Keeper,uesp:depth,1,3,Aldmeri Dominion: | Daggerfall Covenant: | Ebonheart Pact:
depth_Azisa_the_Keeper_t02.csv,Online:Azisa the Keeper,uesp:depth,1,3,Fellow Vampire: | Werewolf: | Mortal (While doing the Lycanthropy Quest):
depth_Chat_t00.csv,Online:Chat,uesp:depth,16,3,Command | Audience | Audience Can be Anywhere
depth_Chat_t01.csv,Online:Chat,uesp:depth,20,2,Command | Effect
depth_Chat_t02.csv,Online:Chat,uesp:depth,6,3,Channel | Audience | Audience Can be Anywhere
depth_Chat_t03.csv,Online:Chat,uesp:depth,11,4,Phrase | Text | Emote
depth_Chat_t04.csv,Online:Chat,uesp:depth,11,3,Phrase | Text | Emote
depth_Captain_One-Eye_t00.csv,Online:Captain One-Eye,uesp:depth,1,2,If she hasn't met you before: | If you met her before in Alten Corimont:
depth_Captain_One-Eye_t01.csv,Online:Captain One-Eye,uesp:depth,1,2,Met Previously: | First Time Meeting:
depth_Captain_One-Eye_t02.csv,Online:Captain One-Eye,uesp:depth,1,3,Completed Between Blood and Bone (Gave Crown): | Completed Between Blood and Bone (Destroyed Crown): | Have not completed Between Blood and Bone:
depth_Captain_One-Eye_t03.csv,Online:Captain One-Eye,uesp:depth,1,2,Completed the Lost Fleet Objective: | Have not completed the Lost Fleet Objective:
depth_Captain_One-Eye_t04.csv,Online:Captain One-Eye,uesp:depth,1,3,Did both Tasks: | Completed One-Eye's Task: | Completed Suraj's Task:
depth_Captain_One-Eye_t05.csv,Online:Captain One-Eye,uesp:depth,1,2,Rescued Mutineers: | Otherwise:
depth_Captain_One-Eye_t06.csv,Online:Captain One-Eye,uesp:depth,1,3,Did both Tasks: | Did one Task: | Failed to help Mutineers:
depth_Captain_One-Eye_t07.csv,Online:Captain One-Eye,uesp:depth,2,3,Met Captain One-Eye Previously+Killed Velehk Sain: | Met Captain One-Eye Previously+Have not killed Velehk Sain: | Killed Velehk Sain previously:
depth_Captain_One-Eye_t08.csv,Online:Captain One-Eye,uesp:depth,1,2,Rescued Mutineers: | Otherwise:
depth_Cariel_t00.csv,Online:Cariel,uesp:depth,1,2,If you have worked with Razum-dar | If you haven't
depth_Cariel_t01.csv,Online:Cariel,uesp:depth,1,2,Met Previously: | First Time Meeting:
depth_Cariel_t02.csv,Online:Cariel,uesp:depth,1,2,Completed Greenshade Storyline: | Have not completed Greenshade Storyline:
depth_Cariel_t03.csv,Online:Cariel,uesp:depth,1,2,Stealth Maintained: | Camp on High Alert:
depth_Cariel_t04.csv,Online:Cariel,uesp:depth,1,2,Stealth Maintained: | Camp on High Alert:
depth_Cariel_t05.csv,Online:Cariel,uesp:depth,1,3,Gaelle Notte: | Carmana Celatus: | Ashayuna:
depth_Cariel_t06.csv,Online:Cariel,uesp:depth,1,3,Killed Naemon Previously: | Met Naemon Previously: | Otherwise:
depth_Chief_Inspector_Rhanbiq_t00.csv,Online:Chief Inspector Rhanbiq,uesp:depth,1,3,Aldmeri Dominion: | Daggerfall Covenant: | Ebonheart Pact:
depth_Capture_Resource_t00.csv,Online:Capture Resource,uesp:depth,20,10,"Alessia | ESO Alliances|Dominion="""" | Covenant=""Grand Warlord Dortene wants Alessia Farm taken from the enemy. Attack, warriors! - Scribe Grulzul"" | Pact=""We need the farm at Castle Alessia to help feed our troops. Grand Warlord Zimmeron calls for attackers! - Scribe Dreet-Wulm"" | ESO Alliances|Dominion="""" | Covenant=""Our foes produce siege engines far too quickly. Much of the wood for these weapons comes from Alessia Lumbermill. Warriors are needed to capture it for the Covenant. - Scribe Grulzul"" | Pact=""Our foes' siege engines depend on wood from Alessia Lumbermill. Warriors are needed to capture it for the Pact. - Scribe Dreet-Wulm"" | ESO Alliances|Dominion="""" | Covenant=""By order of Grand Warlord Dortene, Alessia Mine must be captured! - Scribe Grulzul"" | Pact=""Grand Warlord Zimmeron wants Alessia Mine captured. Answer the call, warriors! - Scribe Dreet-Wulm"""
depth_Bedlam_Veil_t00.csv,Online:Bedlam Veil,uesp:depth,3,3,Buff | Description | Obtained By
depth_Battle_for_the_Writhing_Wall_t00.csv,Online:Battle for the Writhing Wall,uesp:depth,15,4,Alliance | Zone | Delve | Public Dungeon
depth_Battle_for_the_Writhing_Wall_t01.csv,Online:Battle for the Writhing Wall,uesp:depth,12,3,Source | Coffer | Rewards
depth_Battle_for_the_Writhing_Wall_t02.csv,Online:Battle for the Writhing Wall,uesp:depth,5,3,Item | Description | Value
depth_Captain_Genev_Delitian_t00.csv,Online:Captain Genevé Delitian,uesp:depth,2,3,Volcanic Pearls | Sload Slime: | Snow Truffles:
depth_Captain_Genev_Delitian_t01.csv,Online:Captain Genevé Delitian,uesp:depth,2,3,Volcanic Pearls + Sload Slime | Volcanic Pearls + Snow Truffles: | Sload Slime + Snow Truffles:
depth_Captain_Genev_Delitian_t02.csv,Online:Captain Genevé Delitian,uesp:depth,1,3,Captain Genevé Delitian Accepts | Captain Genevé Delitian Refuses: | Captain Genevé Delitian Negotiates:
depth_Captain_Genev_Delitian_t03.csv,Online:Captain Genevé Delitian,uesp:depth,1,3,Captain Genevé Delitian Accepts | Captain Genevé Delitian Refuses: | Captain Genevé Delitian Negotiates:
depth_Captain_Velehk_Sain_t00.csv,Online:Captain Velehk Sain,uesp:depth,1,2,Remained Undetected: | Was discovered in Seaside Caves:
depth_Carmana_Celatus_t00.csv,Online:Carmana Celatus,uesp:depth,1,2,Killed Prince Naemon Previously: | Otherwise:
depth_Captain_Sansonne_t00.csv,Online:Captain Sansonne,uesp:depth,1,2,Basil is injured: | Basil is dying:
depth_Captain_Sansonne_t01.csv,Online:Captain Sansonne,uesp:depth,2,2,Got Lion Guard's Help: | Did not get Lion Guard's Help:
depth_Captain_Sansonne_t02.csv,Online:Captain Sansonne,uesp:depth,1,2,Did not kill Lion Guard at Redoubt: | Otherwise:plain
depth_Captain_Sansonne_t03.csv,Online:Captain Sansonne,uesp:depth,1,2,Defeated Faolchu Previously: | Otherwise:
depth_Basil_Menant_t00.csv,Online:Basil Menant,uesp:depth,1,2,Friend of Quen's: | First Time Meeting Quen:
depth_Basil_Menant_t01.csv,Online:Basil Menant,uesp:depth,1,2,Evaded the Koldane Cartel while escaping: | Caught by the Koldane Cartel while escaping:
depth_Basil_Menant_t02.csv,Online:Basil Menant,uesp:depth,1,2,Visited Dresan Keep Previously: | Have not been to Dresan Keep:
depth_Basil_Menant_t03.csv,Online:Basil Menant,uesp:depth,3,2,Basil is injured: | Basil is dying:
depth_Bryggid_Silver-Eye_t00.csv,Online:Bryggid Silver-Eye,uesp:depth,1,2,Lady Frolise Yvierry was killed: | Otherwise:
depth_Bryggid_Silver-Eye_t01.csv,Online:Bryggid Silver-Eye,uesp:depth,4,2,Maintained Stealth: | Killed Cartel Members:
depth_Bryggid_Silver-Eye_t02.csv,Online:Bryggid Silver-Eye,uesp:depth,2,2,Werewolf: | Otherwise:
depth_Brazen_Eradication_t00.csv,Online:Brazen Eradication,uesp:depth,1,3,Tachien: | Kharakhal: | Molto and Melandir:
depth_Brazen_Eradication_t01.csv,Online:Brazen Eradication,uesp:depth,1,3,Tachien: | Kharakhal: | Molto and Melandir:
depth_Baron-Captain_Olsien_Guy_Mard_t00.csv,Online:Baron-Captain Olsien Guy Mard,uesp:depth,1,2,Read The Royal House of King Eamond: | Otherwise:
depth_Dark_Anchors_t00.csv,Online:Dark Anchors,uesp:depth,32,2,Generals | Molag Bal's Commentaries
depth_Darien_Gautier_t00.csv,Online:Darien Gautier,uesp:depth,1,2,Met Darien in previous zone storylines: | First encountered Darien during the Gift of Death:
depth_Darien_Gautier_t01.csv,Online:Darien Gautier,uesp:depth,1,2,First Site: | Second Site
depth_Darien_Gautier_t02.csv,Online:Darien Gautier,uesp:depth,1,2,One anchor shrine destroyed: | Both anchor shrines destroyed:
depth_Darien_Gautier_t03.csv,Online:Darien Gautier,uesp:depth,1,2,One anchor shrine destroyed: | Both anchor shrines destroyed:
depth_Darien_Gautier_t04.csv,Online:Darien Gautier,uesp:depth,1,2,Met Darien before Solstice: | Did not know Darien before Solstice:
depth_Darien_Gautier_t05.csv,Online:Darien Gautier,uesp:depth,1,2,Completed Summerset Storyline: | Otherwise:
depth_Darien_Gautier_t06.csv,Online:Darien Gautier,uesp:depth,1,2,Completed Coldharbour Storyline: | Otherwise:
depth_Darien_Gautier_t07.csv,Online:Darien Gautier,uesp:depth,1,2,Met Darien before Solstice: | Did not know Darien before Solstice:
depth_Darien_Gautier_t08.csv,Online:Darien Gautier,uesp:depth,1,2,Met Darien before Solstice: | Did not know Darien before Solstice:
depth_Darien_Gautier_t09.csv,Online:Darien Gautier,uesp:depth,1,2,Met Darien before Solstice: | Did not know Darien before Solstice:
depth_Darien_Gautier_t10.csv,Online:Darien Gautier,uesp:depth,1,2,Completed Mystery of the Broken Temple: | Otherwise:
depth_Darien_Gautier_t11.csv,Online:Darien Gautier,uesp:depth,2,2,Met Darien before Solstice: | Did not know Darien before Solstice:
depth_Darien_Gautier_t12.csv,Online:Darien Gautier,uesp:depth,1,2,Was able to help Darien: | Unable to help Darien:
depth_Coldharbour_Angler_t00.csv,Online:Coldharbour Angler,uesp:depth,4,3,Type | Fish | Locations
depth_Dragon_t00.csv,Online:Dragon,uesp:depth,40,3,Shout | Translated | Corresponding ability
depth_Collectible_Emotes_t00.csv,Online:Collectible Emotes,uesp:depth,226,7,"| Anchor | A 100px100px | Admire Me | /admireme | Throw your arms wide to call attention to the fact that YOU are the most awesome being within three provinces! | Available in the Crown Store for 500 from September 21, 2017 to early 2019, and from July 22-25, 2019. Available as a Superior-level reward in Anu vs Padomay Crown Crates."
depth_Companions_t00.csv,Online:Companions,uesp:depth,8,9,36px | Bastian Hallix | Male | Dragonknight Dragonknight | Imperial Imperial | Tough: Increases Max Health by 3% and damage done by 3%. | Blackwood | Competition and Contracts | Bastian's Insight: Potions looted from monsters have a 30% chance to be improved by Bastian's Insight.
depth_Companions_t01.csv,Online:Companions,uesp:depth,1,8,Bastian Hallix link=ON:Dragonknight|16px | Mirri Elendis link=ON:Nightblade|16px | Ember link=ON:Sorcerer|16px | Isobel Veloise link=ON:Templar|16px | Azandar al-Cybiades link=ON:Arcanist|16px | Sharp-as-Night link=ON:Warden|16px | Tanlorin link=ON:Dragonknight|16px | Zerith-var link=ON:Necromancer|16px
depth_Companions_t02.csv,Online:Companions,uesp:depth,21,2,Level | Experience
depth_Companions_t03.csv,Online:Companions,uesp:depth,21,2,Level | Experience
depth_Companions_t04.csv,Online:Companions,uesp:depth,8,4,Minimum | Maximum | Status | Description
depth_Cirwynia_t00.csv,Online:Cirwynia,uesp:depth,1,2,Took the High Elf Family Heirloom: | Took the Tide-Born Idol:
depth_Cirwynia_t01.csv,Online:Cirwynia,uesp:depth,1,3,No Haggling: | Be NiceKind: | Be FirmGrim:
depth_Cirwynia_t02.csv,Online:Cirwynia,uesp:depth,1,2,Stole Tide-Born Idol: | Stole High Elf Heirloom:
depth_Cirwynia_t03.csv,Online:Cirwynia,uesp:depth,1,2,Stole Tide-Born Idol: | Stole High Elf Heirloom:
depth_Cirwynia_t04.csv,Online:Cirwynia,uesp:depth,5,2,Show Mercy to Wankeen:Merciful | Revenge on Wankeen/Let Cirwynia decide:Ruthless
depth_Cirwynia_t05.csv,Online:Cirwynia,uesp:depth,5,2,Show Mercy to Wankeen:Merciful | Revenge on Wankeen/Let Cirwynia decide:Ruthless
depth_Dorfifar_t00.csv,Online:Dorfifar,uesp:depth,1,3,Killed 25-49 enemies: | Killed 50-149 enemiesplain: | Killed 150 enemies (max for quest):
depth_Draugr_Wight_t00.csv,Online:Draugr Wight,uesp:depth,6,5,Zone / Dungeon | Specific Location | Class | Difficulty | Health
depth_Duke_of_Crows_t00.csv,Online:Duke of Crows,uesp:depth,1,2,First meeting… | Met before...
depth_Duke_of_Crows_t01.csv,Online:Duke of Crows,uesp:depth,1,2,If you are meeting for the first time: | If you have met before:
depth_Eveli_Sharp-Arrow_t00.csv,Online:Eveli Sharp-Arrow,uesp:depth,1,6,"option1=I was forced to take his life to get the information we needed. | option1outcome=::""You … you did what? What kind of person does something like that? He … he looked up to you. Like all of us did! You're a monster."" | option2=He sacrificed himself for us. | option2outcome=::""Why … why didn't you protect him? I told you to keep Tal safe! I trusted you!"""
depth_Eveli_Sharp-Arrow_t01.csv,Online:Eveli Sharp-Arrow,uesp:depth,1,2,If you've met her before: | If you haven't met her before:
depth_Eveli_Sharp-Arrow_t02.csv,Online:Eveli Sharp-Arrow,uesp:depth,1,2,If you've met her before: | If you haven't met her before:
depth_Eveli_Sharp-Arrow_t03.csv,Online:Eveli Sharp-Arrow,uesp:depth,1,3,If you've met her before: | If you've completed Black Drake Villa: | If you haven't met her before:
depth_Eveli_Sharp-Arrow_t04.csv,Online:Eveli Sharp-Arrow,uesp:depth,1,2,Appears if you've finished Orsinium: | Appears regardless of whether or not you've finished Orsinium:
depth_Eveli_Sharp-Arrow_t05.csv,Online:Eveli Sharp-Arrow,uesp:depth,1,3,Completed Blackwood Prologue: | First Time Meeting: | Met Eveli Previously:
depth_Eveli_Sharp-Arrow_t06.csv,Online:Eveli Sharp-Arrow,uesp:depth,1,2,Member of the Dark Brotherhood: | Otherwise:
depth_Eveli_Sharp-Arrow_t07.csv,Online:Eveli Sharp-Arrow,uesp:depth,1,2,Member of the Dark Brotherhood: | Otherwise:
depth_Eveli_Sharp-Arrow_t08.csv,Online:Eveli Sharp-Arrow,uesp:depth,1,2,Member of the Dark Brotherhood: | Otherwise:
depth_Eveli_Sharp-Arrow_t09.csv,Online:Eveli Sharp-Arrow,uesp:depth,1,2,Dark Brotherhood Member: | Otherwise:
depth_Fa-Nuit-Hen_t00.csv,Online:Fa-Nuit-Hen,uesp:depth,1,2,If you've completed Maelstrom Arena: | If you've never run Maelstrom Arena before:
depth_Fa-Nuit-Hen_t01.csv,Online:Fa-Nuit-Hen,uesp:depth,1,3,"Completed the Bedlam Veil: | Met Fa-Nuit-Hen, not completed Bedlam Veil: | First time meeting:"
depth_Fa-Nuit-Hen_t02.csv,Online:Fa-Nuit-Hen,uesp:depth,1,2,Completed Maelstrom Arena: | First time meeting:
depth_Elam_Drals_t00.csv,Online:Elam Drals,uesp:depth,5,3,Not a Dark Brotherhood Member: | Dark Brotherhood Member (Female): | Dark Brotherhood Member (Male):
depth_Elam_Drals_t01.csv,Online:Elam Drals,uesp:depth,1,2,Not a Dark Brotherhood Member: | Dark Brotherhood Member:
depth_Elam_Drals_t02.csv,Online:Elam Drals,uesp:depth,1,2,Dark Brotherhood Member: | Not a Dark Brotherhood Member:
depth_Dreet-Wulm_t00.csv,Online:Dreet-Wulm,uesp:depth,7,2,Mission | Message
depth_Elfbetta_the_Shy_t00.csv,Online:Elfbetta the Shy,uesp:depth,1,2,If you tricked Narsis during Draugr Dilemma: | If you convinced Narsis to tell the truth:
depth_Elfbetta_the_Shy_t01.csv,Online:Elfbetta the Shy,uesp:depth,1,2,Met Previously: | First Time Meeting:
depth_Elfbetta_the_Shy_t02.csv,Online:Elfbetta the Shy,uesp:depth,1,2,Met Previously: | First Time Meeting:
depth_Elfbetta_the_Shy_t03.csv,Online:Elfbetta the Shy,uesp:depth,1,2,Met Previously: | First Time Meeting:
depth_Elfbetta_the_Shy_t04.csv,Online:Elfbetta the Shy,uesp:depth,1,2,Tried warning Narsis: | Let him get petrified:
depth_Erilthel_t00.csv,Online:Erilthel,uesp:depth,1,2,Met Erithel before: | First time meeting:
depth_Eslyn_t00.csv,Online:Eslyn,uesp:depth,1,3,If Madearn and Eslyn were handfasted: | Let Madearn make his own choice: | Found another way to make peace:
depth_Faric_Gemain_t00.csv,Online:Faric Gemain,uesp:depth,1,2,If you are an Imperial: | If you are not an Imperial:
depth_Faric_Gemain_t01.csv,Online:Faric Gemain,uesp:depth,1,2,If you've completed The Memory Stone on Vvardenfell: | If you haven't completed The Memory Stone or seen a memory stone before:
depth_Faric_Gemain_t02.csv,Online:Faric Gemain,uesp:depth,1,2,If you've progressed far enough in the Blackwood storyline: | If you haven't progressed far enough in the Blackwood storyline:
depth_Faric_Gemain_t03.csv,Online:Faric Gemain,uesp:depth,1,2,If you've progressed far enough in the Blackwood storyline: | If you haven't progressed far enough in the Blackwood storyline:
depth_Exploding_Banekin_t00.csv,Online:Exploding Banekin,uesp:depth,5,4,Zone / Dungeon | Specific Location | Difficulty | Health
depth_Druid_Audrine_t00.csv,Online:Druid Audrine,uesp:depth,1,2,If you spared the archdruid: | If you killed the archdruid:
depth_Druid_Audrine_t01.csv,Online:Druid Audrine,uesp:depth,1,2,If you spared the archdruid: | If you killed the archdruid:
depth_Druid_Audrine_t02.csv,Online:Druid Audrine,uesp:depth,1,2,If you spared the archdruid: | If you killed the archdruid:
depth_Ember_t00.csv,Online:Ember,uesp:depth,10,2,Racial Skill | Cunning: Increases Critical Chance by 3% and damage done by 3%.
depth_Ember_t01.csv,Online:Ember,uesp:depth,7,2,Quest | Ember's Commentary
depth_Ember_t02.csv,Online:Ember,uesp:depth,6,3,Cordial-Friendly | Companion-Allied | Bad Rapport
depth_Ember_t03.csv,Online:Ember,uesp:depth,5,4,Cordial/Friendly | Close | Allied | Companion
depth_Ember_t04.csv,Online:Ember,uesp:depth,4,3,Wary | Irritated | Disdainful
depth_Ezhkel_t00.csv,Online:Ezhkel,uesp:depth,1,2,Character has a Sorcerer skill lineSorcerer: | Otherwise:
depth_Ezhkel_t01.csv,Online:Ezhkel,uesp:depth,1,2,Character has a Sorcerer skill lineSorcerer: | Otherwise:
depth_Ezhkel_t02.csv,Online:Ezhkel,uesp:depth,1,2,Character has a Sorcerer skill lineSorcerer: | Otherwise:
depth_Ezhkel_t03.csv,Online:Ezhkel,uesp:depth,1,2,Picked Neutral and JokerJoker options during quest: | Picked FlirtyFlirty options during quest:
depth_Fallen-Knives_t00.csv,Online:Fallen-Knives,uesp:depth,1,2,Provided coin for Tab: | Destroyed page in ledger:
depth_Fallen-Knives_t01.csv,Online:Fallen-Knives,uesp:depth,1,3,Stalled long enough for Hooke to free Valenia: | Valenia is freed but injured: | Valenia is killed:
depth_Fallen-Knives_t02.csv,Online:Fallen-Knives,uesp:depth,1,3,Valenia is unharmed: | Valenia is injured: | Valenia is dead:
depth_Fallen-Knives_t03.csv,Online:Fallen-Knives,uesp:depth,1,3,Valenia is unharmed: | Valenia is injured: | Valenia is dead:
depth_Exiled_Redoubt_t00.csv,Online:Exiled Redoubt,uesp:depth,3,3,Buff | Description | Obtained By
depth_Essynia_t00.csv,Online:Essynia,uesp:depth,1,2,Helped all three troupe members: | Still need to help people:
depth_Edwane_the_Hawk_t00.csv,Online:Edwane the Hawk,uesp:depth,1,3,Successful Pickpocketing: | Got caught and Edwane has to assist:how to trigger | Killed Assistant Rozenn to get Research Notes:
depth_Edwane_the_Hawk_t01.csv,Online:Edwane the Hawk,uesp:depth,1,3,Neutral Response | Joker ResponseJoker: | Grim or Kind ResponseGrimKind:
depth_Edwane_the_Hawk_t02.csv,Online:Edwane the Hawk,uesp:depth,1,3,All Tasks Completed: | More Tasks To Do: | Edwane will need to obtain Research Notes:
depth_Edwane_the_Hawk_t03.csv,Online:Edwane the Hawk,uesp:depth,1,2,Successful Pickpocketing: | Needed Assistance
depth_Edwane_the_Hawk_t04.csv,Online:Edwane the Hawk,uesp:depth,1,2,Getting the Lion Guard's assistance: | Otherwise:
depth_Edwane_the_Hawk_t05.csv,Online:Edwane the Hawk,uesp:depth,1,2,Basil is injured: | Basil is dying:
depth_Edwane_the_Hawk_t06.csv,Online:Edwane the Hawk,uesp:depth,1,2,Remained stealthy in Birien Estate: | Birien Estate under alert:
depth_Edwane_the_Hawk_t07.csv,Online:Edwane the Hawk,uesp:depth,1,3,Pickpocketed Branach Firstblood: | Killed Branach Firstblood: | Branach Firstblood Escaped:
depth_Edwane_the_Hawk_t08.csv,Online:Edwane the Hawk,uesp:depth,1,2,Got back without losing your Nowhere Key: | Lost the Nowhere Key to the guard+Didn't get the Dwynnarth Ruins Key:
depth_Edwane_the_Hawk_t09.csv,Online:Edwane the Hawk,uesp:depth,1,2,Retrieved 2 Nowhere Keys: | Retrieved 1 Nowhere Key:
depth_Edwane_the_Hawk_t10.csv,Online:Edwane the Hawk,uesp:depth,1,2,Partnered with Edwane: | Otherwise:
depth_Edwane_the_Hawk_t11.csv,Online:Edwane the Hawk,uesp:depth,1,2,Partnered with Edwane: | Otherwise:
depth_Edwane_the_Hawk_t12.csv,Online:Edwane the Hawk,uesp:depth,1,2,Picked Edwane: | Otherwise:
depth_Edwane_the_Hawk_t13.csv,Online:Edwane the Hawk,uesp:depth,1,3,Picked Abrasia: | Picked Edwane the Hawk: | Picked Seline Menant:
depth_Flame_Atronach_t00.csv,Online:Flame Atronach,uesp:depth,63,5,Zone / Dungeon | Specific Location | Reaction | Difficulty | Health
depth_Gabrielle_Benele_t00.csv,Online:Gabrielle Benele,uesp:depth,1,2,Met previously: | First time meeting:
depth_Gabrielle_Benele_t01.csv,Online:Gabrielle Benele,uesp:depth,1,2,Met previously: | First time meeting:
depth_Gabrielle_Benele_t02.csv,Online:Gabrielle Benele,uesp:depth,1,3,Completed Prologue: | Met Previously: | First Time Meeting:
depth_Gabrielle_Benele_t03.csv,Online:Gabrielle Benele,uesp:depth,1,2,"Met Darien Gautier previously in High Rock, Coldharbour or Summerset: | Never met Darien Gautier:"
depth_Gabrielle_Benele_t04.csv,Online:Gabrielle Benele,uesp:depth,1,2,Completed the Coldharbour questline: | Otherwise:
depth_Fingaenion_t00.csv,Online:Fingaenion,uesp:depth,1,2,Completed City of Ash I: | Have not completed City of Ash I:
depth_Fingaenion_t01.csv,Online:Fingaenion,uesp:depth,1,2,Completed City of Ash I: | Have not completed City of Ash I:
depth_Golden_Pursuits_t00.csv,Online:Golden Pursuits,uesp:depth,1,4,Milestone Reward 4 Activities | Milestone Reward 9 Activities | Milestone Reward 14 Activities | Capstone Reward 18 Activities
depth_Golden_Pursuits_t01.csv,Online:Golden Pursuits,uesp:depth,26,2,Activity | Description
depth_Golden_Pursuits_t02.csv,Online:Golden Pursuits,uesp:depth,1,2,Milestone Award 4 Activities | Capstone Reward 8 Activities
depth_Golden_Pursuits_t03.csv,Online:Golden Pursuits,uesp:depth,8,3,Activity | Description | Activity Reward
depth_Golden_Pursuits_t04.csv,Online:Golden Pursuits,uesp:depth,1,2,Milestone Award 4 Activities | Capstone Reward 9 Activities
depth_Golden_Pursuits_t05.csv,Online:Golden Pursuits,uesp:depth,9,3,Activity | Description | Activity Reward
depth_Golden_Pursuits_t06.csv,Online:Golden Pursuits,uesp:depth,1,2,Milestone Award 5 Activities | Capstone Reward 10 Activities
depth_Golden_Pursuits_t07.csv,Online:Golden Pursuits,uesp:depth,10,3,Activity | Description | Activity Reward
depth_Golden_Pursuits_t08.csv,Online:Golden Pursuits,uesp:depth,1,3,Milestone Award 2 Activities | Milestone Award 4 Activities | Capstone Reward 6 Activities
depth_Golden_Pursuits_t09.csv,Online:Golden Pursuits,uesp:depth,9,3,Activity | Description | Activity Reward
depth_Golden_Pursuits_t10.csv,Online:Golden Pursuits,uesp:depth,3,3,Activity | Description | Activity Reward
depth_Golden_Pursuits_t11.csv,Online:Golden Pursuits,uesp:depth,1,2,Milestone Reward 3 Activities | Capstone Reward 7 Activities
depth_Golden_Pursuits_t12.csv,Online:Golden Pursuits,uesp:depth,7,3,Activity | Description | Activity Reward
depth_Golden_Pursuits_t13.csv,Online:Golden Pursuits,uesp:depth,1,3,Milestone Reward 3 Activities | Milestone Reward 5 Activities | Capstone Reward 8 Activities
depth_Golden_Pursuits_t14.csv,Online:Golden Pursuits,uesp:depth,10,3,Activity | Description | Activity Reward
depth_Golden_Pursuits_t15.csv,Online:Golden Pursuits,uesp:depth,1,3,Milestone Reward 3 Activities | Milestone Reward 5 Activities | Capstone Reward 8 Activities
depth_Golden_Pursuits_t16.csv,Online:Golden Pursuits,uesp:depth,10,3,Activity | Description | Activity Reward
depth_Golden_Pursuits_t17.csv,Online:Golden Pursuits,uesp:depth,1,3,Milestone Reward 3 Activities | Milestone Reward 5 Activities | Capstone Reward 8 Activities
depth_Golden_Pursuits_t18.csv,Online:Golden Pursuits,uesp:depth,11,3,Activity | Description | Activity Reward
depth_Golden_Pursuits_t19.csv,Online:Golden Pursuits,uesp:depth,1,4,Milestone Reward 4 Activities | Milestone Reward 8 Activities | Milestone Reward 12 Activities | Capstone Reward 15 Activities
depth_Golden_Pursuits_t20.csv,Online:Golden Pursuits,uesp:depth,20,2,Activity | Description
depth_Golden_Pursuits_t21.csv,Online:Golden Pursuits,uesp:depth,1,5,Milestone Reward 3 Activities | Milestone Reward 6 Activities | Milestone Reward 8 Activities | Milestone Reward 10 Activities | Capstone Reward 12 Activities
depth_Golden_Pursuits_t22.csv,Online:Golden Pursuits,uesp:depth,20,2,Activity | Description
depth_Golden_Pursuits_t23.csv,Online:Golden Pursuits,uesp:depth,1,5,Milestone Reward 5 Activities | Milestone Reward 10 Activities | Milestone Reward 15 Activities | Milestone Reward 30 Activities | Capstone Reward 40 Activities
depth_Golden_Pursuits_t24.csv,Online:Golden Pursuits,uesp:depth,52,3,Activity | Description | Activity Reward
depth_Golden_Pursuits_t25.csv,Online:Golden Pursuits,uesp:depth,1,5,Milestone Reward 2 Activities | Milestone Reward 4 Activities | Milestone Reward 8 Activities | Milestone Reward 12 Activities | Capstone Reward 16 Activities
depth_Golden_Pursuits_t26.csv,Online:Golden Pursuits,uesp:depth,20,2,Activity | Description
depth_Golden_Pursuits_t27.csv,Online:Golden Pursuits,uesp:depth,1,4,Milestone Reward 5 Activities | Milestone Reward 10 Activities | Milestone Reward 15 Activities | Capstone Reward 20 Activities
depth_Golden_Pursuits_t28.csv,Online:Golden Pursuits,uesp:depth,27,3,Activity | Description | Activity Reward
depth_Golden_Pursuits_t29.csv,Online:Golden Pursuits,uesp:depth,1,6,Milestone Reward 2 Activities | Milestone Reward 4 Activities | Milestone Reward 6 Activities | Milestone Reward 8 Activities | Milestone Reward 10 Activities | Capstone Reward 12 Activities
depth_Golden_Pursuits_t30.csv,Online:Golden Pursuits,uesp:depth,19,2,Activity | Description
depth_Golden_Pursuits_t31.csv,Online:Golden Pursuits,uesp:depth,1,3,Milestone Reward 6 Activities | Milestone Reward 12 Activities | Capstone Reward 20 Activities
depth_Golden_Pursuits_t32.csv,Online:Golden Pursuits,uesp:depth,37,2,Activity | Description
depth_Golden_Pursuits_t33.csv,Online:Golden Pursuits,uesp:depth,1,4,Milestone Reward 6 Activities | Milestone Reward 12 Activities | Milestone Reward 18 Activities | Capstone Reward 22 Activities
depth_Golden_Pursuits_t34.csv,Online:Golden Pursuits,uesp:depth,33,2,Activity | Description
depth_Golden_Pursuits_t35.csv,Online:Golden Pursuits,uesp:depth,1,3,Milestone Reward 5 Activities | Milestone Reward 15 Activities | Capstone Reward 20 Activities
depth_Golden_Pursuits_t36.csv,Online:Golden Pursuits,uesp:depth,43,2,Activity | Description
depth_Golden_Pursuits_t37.csv,Online:Golden Pursuits,uesp:depth,1,3,Milestone Reward 5 Activities | Milestone Reward 10 Activities | Capstone Reward 15 Activities
depth_Golden_Pursuits_t38.csv,Online:Golden Pursuits,uesp:depth,21,2,Activity | Description
depth_Golden_Pursuits_t39.csv,Online:Golden Pursuits,uesp:depth,1,6,Milestone Reward 5 Activities | Milestone Reward 10 Activities | Milestone Reward 15 Activities | Milestone Reward 20 Activities | Milestone Reward 25 Activities | Capstone Reward 28 Activities
depth_Golden_Pursuits_t40.csv,Online:Golden Pursuits,uesp:depth,39,3,Activity | Description | Activity Reward
depth_Golden_Pursuits_t41.csv,Online:Golden Pursuits,uesp:depth,1,8,Milestone Reward 1 Activity | Milestone Reward 3 Activities | Milestone Reward 6 Activities | Milestone Reward 9 Activities | Milestone Reward 10 Activities | Milestone Reward 11 Activities | Milestone Reward 13 Activities | Capstone Reward 12 Activities
depth_Golden_Pursuits_t42.csv,Online:Golden Pursuits,uesp:depth,26,3,Activity | Description | Activity Reward
depth_Golden_Pursuits_t43.csv,Online:Golden Pursuits,uesp:depth,1,3,Milestone Reward 1 Activity | Milestone Reward 4 Activities | Capstone Reward 8 Activities
depth_Golden_Pursuits_t44.csv,Online:Golden Pursuits,uesp:depth,12,2,Activity | Description
depth_Golden_Pursuits_t45.csv,Online:Golden Pursuits,uesp:depth,1,3,Milestone Reward 6 Activities | Milestone Reward 12 Activities | Capstone Reward 18 Activities
depth_Golden_Pursuits_t46.csv,Online:Golden Pursuits,uesp:depth,27,2,Activity | Description
depth_Golden_Pursuits_t47.csv,Online:Golden Pursuits,uesp:depth,1,3,Milestone Reward 5 Activities | Milestone Reward 15 Activities | Capstone Reward 25 Activities
depth_Golden_Pursuits_t48.csv,Online:Golden Pursuits,uesp:depth,38,2,Activity | Description
depth_Golden_Pursuits_t49.csv,Online:Golden Pursuits,uesp:depth,1,3,Milestone Reward 5 Activities | Milestone Reward 12 Activities | Capstone Reward 20 Activities
depth_Golden_Pursuits_t50.csv,Online:Golden Pursuits,uesp:depth,28,2,Activity | Description
depth_Golden_Pursuits_t51.csv,Online:Golden Pursuits,uesp:depth,1,3,Milestone Reward 1 Activity | Milestone Reward 4 Activities | Capstone Reward 8 Activities
depth_Golden_Pursuits_t52.csv,Online:Golden Pursuits,uesp:depth,12,2,Activity | Description
depth_Golden_Pursuits_t53.csv,Online:Golden Pursuits,uesp:depth,1,3,Milestone Reward 5 Activities | Milestone Reward 10 Activities | Capstone Reward 15 Activities
depth_Golden_Pursuits_t54.csv,Online:Golden Pursuits,uesp:depth,19,2,Activity | Description
depth_Golden_Pursuits_t55.csv,Online:Golden Pursuits,uesp:depth,1,5,Milestone Reward 2 Activities | Milestone Reward 4 Activities | Milestone Reward 6 Activities | Milestone Reward 8 Activities | Capstone Reward 12 Activities
depth_Golden_Pursuits_t56.csv,Online:Golden Pursuits,uesp:depth,18,2,Activity | Description
depth_Golden_Pursuits_t57.csv,Online:Golden Pursuits,uesp:depth,1,4,Milestone Reward 4 Activities | Milestone Reward 8 Activities | Milestone Reward 12 Activities | Capstone Reward 20 Activities
depth_Golden_Pursuits_t58.csv,Online:Golden Pursuits,uesp:depth,29,3,Activity | Description | Activity Reward
depth_Golden_Pursuits_t59.csv,Online:Golden Pursuits,uesp:depth,1,2,Milestone Reward 2 Activities | Capstone Reward 4 Activities
depth_Golden_Pursuits_t60.csv,Online:Golden Pursuits,uesp:depth,4,2,Activity | Description
depth_Golden_Pursuits_t61.csv,Online:Golden Pursuits,uesp:depth,1,3,Milestone Reward 2 Activities | Milestone Reward 4 Activities | Capstone Reward 8 Activities
depth_Golden_Pursuits_t62.csv,Online:Golden Pursuits,uesp:depth,12,3,Activity | Description | Activity Reward
depth_Golden_Pursuits_t63.csv,Online:Golden Pursuits,uesp:depth,1,4,Milestone Reward 3 Activities | Milestone Reward 6 Activities | Milestone Reward 9 Activities | Capstone Reward 10 Activities
depth_Golden_Pursuits_t64.csv,Online:Golden Pursuits,uesp:depth,16,2,Activity | Description
depth_Gahz_t00.csv,Online:Gahz,uesp:depth,1,2,Visited the Wailing Gardens first: | Already visited the Reanimatorium:
depth_General_Zasimba_t00.csv,Online:General Zasimba,uesp:depth,1,2,What does the Stirk Fellowship need? | The siege camps are still in danger?
depth_Gaelle_Notte_t00.csv,Online:Gaelle Notte,uesp:depth,1,2,Wearing Worm Cult Apprentice Garb: | Wearing Worm Cult Bonelord Armor:
depth_Gaelle_Notte_t01.csv,Online:Gaelle Notte,uesp:depth,1,2,Killed Prince Naemon Previously: | Otherwise:
depth_The_Golden_Knight_t00.csv,Online:The Golden Knight,uesp:depth,2,2,Met Darien before Solstice: | Did not know Darien before Solstice:
depth_The_Golden_Knight_t01.csv,Online:The Golden Knight,uesp:depth,2,8,"align=center | width=250 | image1=ON-quest-The Golden Knight 10.jpg | caption1=Darien is subdued. | image2=ON-quest-The Golden Knight 09.jpg | caption2=""Darien! Buddy! Hang in there."""
depth_The_Golden_Knight_t02.csv,Online:The Golden Knight,uesp:depth,1,2,Were able to help Darien: | Unable to help Darien:
depth_Jakarn_t00.csv,Online:Jakarn,uesp:depth,1,2,First time meeting: | Met Jakarn before:
depth_Jakarn_t01.csv,Online:Jakarn,uesp:depth,1,2,First time meeting: | Met Jakarn before:
depth_Jakarn_t02.csv,Online:Jakarn,uesp:depth,2,5,Met Jakarn previously but have not finished the Coral Aerie: | Met Jakarn previously and saved him in Coral Aerie: | Meeting Jakarn for the first time:
depth_Gwendis_t00.csv,Online:Gwendis,uesp:depth,1,2,Met her previously: | First time meeting:
depth_Gwendis_t01.csv,Online:Gwendis,uesp:depth,1,2,Completed the Lightless Remnant: | Otherwise:
depth_Gwendis_t02.csv,Online:Gwendis,uesp:depth,1,2,First time Meeting: | Previously encountered the Gray Host and Gwendis:
depth_Gwendis_t03.csv,Online:Gwendis,uesp:depth,1,2,If you haven't completed Stone Garden: | If you have completed Stone Garden:
depth_Gwendis_t04.csv,Online:Gwendis,uesp:depth,1,4,"First Time Meeting: | Met Before, where?: | Met Before, Greymoor?: | Completed Castle ThornDoes this show up if you've also only completed Greymoor?:"
depth_Gwendis_t05.csv,Online:Gwendis,uesp:depth,1,2,First Time Meeting or Minimal Encounters: | Previously Investigated Castle Thorn Together:
depth_Gwendis_t06.csv,Online:Gwendis,uesp:depth,1,2,Haven't Completed Castle Thorn: | Previously Investigated Castle Thorn Together:
depth_Gwendis_t07.csv,Online:Gwendis,uesp:depth,1,2,No knowledge of the Gray Host: | Know of the Gray Host (Completed Greymoor):
depth_Gwendis_t08.csv,Online:Gwendis,uesp:depth,1,2,Have not completed Castle Thorn's Quest: | Completed both Stonethorn Dungeons:
depth_Gwendis_t09.csv,Online:Gwendis,uesp:depth,1,5,Completed Rivenspire Zone: | Completed a Stonethorn Dungeon: | Completed Greymoor Storyline: | Have met Gwendis before: | First Time Meeting:
depth_Gwendis_t10.csv,Online:Gwendis,uesp:depth,2,2,Met Gwendis previously: | Haven't met before:
depth_Gwendis_t11.csv,Online:Gwendis,uesp:depth,1,2,Accepted the quest via Crown Store: | Accepted the quest from Gwendis:
depth_Gwendis_t12.csv,Online:Gwendis,uesp:depth,1,2,Completed Unhallowed Grave: | If you have not:
depth_Gwendis_t13.csv,Online:Gwendis,uesp:depth,1,2,If you are not a werewolf or vampire: | If you are a werewolf or vampire:
depth_Gwendis_t14.csv,Online:Gwendis,uesp:depth,1,2,If you are not a werewolf or vampire: | If you are a werewolf or vampire:
depth_Gwendis_t15.csv,Online:Gwendis,uesp:depth,1,2,Rivenspire Zone Uncompleted: | Rivenspire Zone Completed:
depth_Gwendis_t16.csv,Online:Gwendis,uesp:depth,1,2,If you have not completed Dream-Walk Into Darkness: | If you have completed Dream-Walk Into Darkness:
depth_Gwendis_t17.csv,Online:Gwendis,uesp:depth,1,3,Neither Zone's storylines Completed: | Only Western Skyrim's Storyline completed: | Both Zone Storylines Completed:
depth_Gwendis_t18.csv,Online:Gwendis,uesp:depth,1,2,Rivenspire Zone Incomplete | Rivenspire Zone Completed:
depth_Gwendis_t19.csv,Online:Gwendis,uesp:depth,1,2,Rivenspire Zone Incomplete | Rivenspire Zone Completed:
depth_Gwendis_t20.csv,Online:Gwendis,uesp:depth,1,2,Rivenspire Zone Incomplete | Rivenspire Zone Completed:
depth_Gwendis_t21.csv,Online:Gwendis,uesp:depth,1,2,Rivenspire Zone Incomplete | Rivenspire Zone Completed:
depth_Hircine_t00.csv,Online:Hircine,uesp:depth,1,2,If a werewolf: | Otherwise:
depth_Hircine_t01.csv,Online:Hircine,uesp:depth,1,2,If a werewolf: | Otherwise:
depth_Humanoid_Slayer_t00.csv,Online:Humanoid Slayer,uesp:depth,3,3,Criteria | Num. Req. | Notes
depth_Gryphon_t00.csv,Online:Gryphon,uesp:depth,6,4,Zone / Dungeon | Specific Location | Difficulty | Health
depth_Guhcin_t00.csv,Online:Guhcin,uesp:depth,1,2,If you have completed the Dead-Water Village Objective: | If you haven't:
depth_Guhcin_t01.csv,Online:Guhcin,uesp:depth,1,3,If you are not an Argonian: | If you are not an Argonian (Redguard): | If you are an Argonian:
depth_Guhcin_t02.csv,Online:Guhcin,uesp:depth,1,2,Answer One: | Answer Two:
depth_Jansen_Nashrith_t00.csv,Online:Jansen Nashrith,uesp:depth,1,2,If deliveries were completed within time limit: | If deliveries were not completed within time limit:
depth_Jansen_Nashrith_t01.csv,Online:Jansen Nashrith,uesp:depth,1,2,If deliveries were completed within time limit: | If deliveries were not completed within time limit:
depth_Greetings_t00.csv,Online:Greetings,uesp:depth,1,5,General | Beggars | Melancholy / Troubled | Injured | Trapped
depth_Greetings_t01.csv,Online:Greetings,uesp:depth,3,1,Drunk
depth_Greetings_t02.csv,Online:Greetings,uesp:depth,1,2,Busy | Hungover / Angry
depth_Greetings_t03.csv,Online:Greetings,uesp:depth,1,3,Bankers | Innkeepers/Chefs/Brewers | Stablemasters
depth_Isobel_Veloise_t00.csv,Online:Isobel Veloise,uesp:depth,10,2,Racial Skill | Enchanted: Decreases ability cooldowns by 3% and damage taken by 3%.
depth_Isobel_Veloise_t01.csv,Online:Isobel Veloise,uesp:depth,7,2,Quest | Isobel's Commentary
depth_Isobel_Veloise_t02.csv,Online:Isobel Veloise,uesp:depth,6,3,Cordial-Friendly | Close-Companion | Wary-Disdainful
depth_Isobel_Veloise_t03.csv,Online:Isobel Veloise,uesp:depth,9,4,Cordial/Friendly | Close | Allied | Companion
depth_Isobel_Veloise_Rapport_t00.csv,Online:Isobel Veloise/Rapport,uesp:depth,22,3,Amount | Action | Cooldown
depth_Hollow_Armor_Duelist_t00.csv,Online:Hollow Armor Duelist,uesp:depth,2,4,Zone / Dungeon | Specific Location / Quest | Difficulty | Health
depth_Infinite_Archive_t00.csv,Online:Infinite Archive,uesp:depth,3,6,Stage 1 | Enemies | Enemies | Enemies | Enemies | Enemies
depth_Infinite_Archive_t01.csv,Online:Infinite Archive,uesp:depth,5,2,Boss | Pen Req'd
depth_Ithelia_t00.csv,Online:Ithelia,uesp:depth,1,2,First Time Meeting: | Completed The Many Paths:
depth_Ithelia_t01.csv,Online:Ithelia,uesp:depth,1,2,Encountered at Elenglynn: | First Time Meeting:
depth_Gundelion_t00.csv,Online:Gundelion,uesp:depth,1,2,Spoke with Gundelion first: | Spoke with Malaniel first:
depth_Hooke_t00.csv,Online:Hooke,uesp:depth,1,3,Stalled long enough for Hooke to free Valenia: | Valenia is freed but injured: | Valenia is killed:
depth_Hooke_t01.csv,Online:Hooke,uesp:depth,1,3,Valenia is unharmed: | Valenia is injured: | Valenia is dead:
depth_Hooke_t02.csv,Online:Hooke,uesp:depth,1,3,Valenia is unharmed: | Valenia is injured: | Valenia is Dead:
depth_Hooke_t03.csv,Online:Hooke,uesp:depth,1,3,Valenia is unharmed: | Valenia is injured: | Valenia is Dead:
depth_High_Priest_Eraamine_t00.csv,Online:High Priest Eraamine,uesp:depth,1,2,Spoke with Acolyte Duria: | Otherwise:
depth_High_Priest_Eraamine_t01.csv,Online:High Priest Eraamine,uesp:depth,1,2,Chose Dawn Wing: | Chose Purity Wing:
depth_High_Priest_Eraamine_t02.csv,Online:High Priest Eraamine,uesp:depth,1,2,Chose Dawn Wing First: | Chose Purity Wing First:
depth_High_Priest_Eraamine_t03.csv,Online:High Priest Eraamine,uesp:depth,1,2,Completed Purity Wing First: | Chose Dawn Wing First:
depth_High_Priest_Eraamine_t04.csv,Online:High Priest Eraamine,uesp:depth,1,2,Entered the Dawn Wing First: | Both Wings completed:
depth_High_Priest_Eraamine_t05.csv,Online:High Priest Eraamine,uesp:depth,1,2,Entered the Purity Wing First: | Both Wings completed:
depth_Healer_Namreras_t00.csv,Online:Healer Namreras,uesp:depth,1,2,Told the Truth: | Lied about cause of death:
depth_Healer_Namreras_t01.csv,Online:Healer Namreras,uesp:depth,1,2,Told the Truth: | Lied about cause of death:
depth_The_Hermit_in_the_Hills_t00.csv,Online:The Hermit in the Hills,uesp:depth,1,3,Properly prepared soup: | Overcooked the soup: | Refused to make soup:
depth_Hecicla_t00.csv,Online:Hecicla,uesp:depth,1,2,Provisoning Skill Above: | Otherwise:
depth_Hecicla_t01.csv,Online:Hecicla,uesp:depth,1,2,Properly prepared soup: | Overcooked the soup:
depth_Hecicla_t02.csv,Online:Hecicla,uesp:depth,1,2,Character is ArgonianArgonian: | Otherwise:
depth_Lyris_Titanborn_t00.csv,Online:Lyris Titanborn,uesp:depth,3,2,Option | Dialogue
depth_Lyris_Titanborn_t01.csv,Online:Lyris Titanborn,uesp:depth,3,2,Option | Dialogue
depth_Lyris_Titanborn_t02.csv,Online:Lyris Titanborn,uesp:depth,2,3,Sure. | Not really. | Never had it.
depth_Lyris_Titanborn_t03.csv,Online:Lyris Titanborn,uesp:depth,1,4,First time meeting Lyris: | Started Main Quest: | Completed God Of Schemes: | Completed God Of Schemes with Lyris sacrificed:
depth_Lyris_Titanborn_t04.csv,Online:Lyris Titanborn,uesp:depth,1,2,First time meeting Lyris: | Met her during Main Quest:
depth_Lyris_Titanborn_t05.csv,Online:Lyris Titanborn,uesp:depth,1,3,Aldmeri Dominion: | Daggerfall Covenant: | Ebonheart Pact:
depth_Lyris_Titanborn_t06.csv,Online:Lyris Titanborn,uesp:depth,1,2,Completed Icereach: | Have not completed Icereach:
depth_Lyris_Titanborn_t07.csv,Online:Lyris Titanborn,uesp:depth,1,4,Prior to completing the Main Quest: | God Of Schemes is completed: | Sai Sahan was sacrificed during God Of Schemes and encountered in Southern Elsweyr: | Lyris was sacrificed during God Of Schemes:
depth_Lyris_Titanborn_t08.csv,Online:Lyris Titanborn,uesp:depth,1,4,Completed Greymoor Prologue: | First time meeting: | Known as the Vestige from the Main Quest: | Previously completed Icereach:
depth_Lyris_Titanborn_t09.csv,Online:Lyris Titanborn,uesp:depth,1,2,Normal Dialogue | If player is a Vampire:
depth_Lyris_Titanborn_t10.csv,Online:Lyris Titanborn,uesp:depth,1,2,Normal dialogue: | If the player is a vampire:
depth_Lyris_Titanborn_t11.csv,Online:Lyris Titanborn,uesp:depth,1,3,Already helped Svana and Fennorian: | Already Helped Svana: | Already Helped Fennorian:
depth_Lyris_Titanborn_t12.csv,Online:Lyris Titanborn,uesp:depth,1,2,Completed Daughter of Giants: | Otherwise:
depth_Lyris_Titanborn_t13.csv,Online:Lyris Titanborn,uesp:depth,1,2,Completed The Lady of Blood: | Otherwise:
depth_Lyris_Titanborn_t14.csv,Online:Lyris Titanborn,uesp:depth,1,2,Red Eagle's Song incomplete: | Completed Red Eagle's Song:
depth_Little_Leaf_t00.csv,Online:Little Leaf,uesp:depth,1,2,If you have never met Cassipia before: | If you have already met Cassipia before:
depth_Lozotusk_t00.csv,Online:Lozotusk,uesp:depth,11,6,Image | Name | Type | Cost | Achievement | Description
depth_Listens-to-Sea_t00.csv,Online:Listens-to-Sea,uesp:depth,8,6,Image | Name | Type | Cost | Achievement | Description
depth_Auriel_s_Bow_t00.csv,Online:Auriel's Bow,uesp:depth,7,9,"Siphoning-Siphoning Strikes | Auriel's Bow Ability 2 | 0 | Self | 0 | 0 | 30 seconds | 1351 | | Imbue your weapons with soul-stealing power, causing your Light and Heavy Attacks to heal you for 1438 Health for 20 seconds. Fully charged Heavy Attacks restore twice the value."
depth_Auriel_s_Bow_t01.csv,Online:Auriel's Bow,uesp:depth,2,3,Bow-Accuracy | Auriel's Bow Accuracy | WITH BOW EQUIPPED Increases Weapon Critical rating by 1095.
depth_Keshu_the_Black_Fin_t00.csv,Online:Keshu the Black Fin,uesp:depth,1,3,"Met in Blackwood: | Argonian, First time meeting Argonian: | Other race, First time meeting:"
depth_Keshu_the_Black_Fin_t01.csv,Online:Keshu the Black Fin,uesp:depth,1,2,Met in Blackwood | First time Meeting
depth_Keshu_the_Black_Fin_t02.csv,Online:Keshu the Black Fin,uesp:depth,1,2,Met in Blackwood: | Otherwise:
depth_Keshu_the_Black_Fin_t03.csv,Online:Keshu the Black Fin,uesp:depth,1,4,No Guardians Defeated: | Western Guardian Defeated: | Eastern Guardian Defeated: | Both Guardians Defeated:
depth_Lucilla_Caprenia_t00.csv,Online:Lucilla Caprenia,uesp:depth,1,2,Completed Quaking Dread: | First Time Meeting:
depth_Lucilla_Caprenia_t01.csv,Online:Lucilla Caprenia,uesp:depth,1,2,Completed Quaking Dread: | First Time Meeting:
depth_Lanazha_t00.csv,Online:Lanazha,uesp:depth,1,2,Completed Buried at the Bay: | Have not completed Ghost Haven Bay Objective:
depth_Lanazha_t01.csv,Online:Lanazha,uesp:depth,1,2,Completed Buried at the Bay: | Have not completed Ghost Haven Bay Objective:
depth_Leramil_the_Wise_t00.csv,Online:Leramil the Wise,uesp:depth,1,2,Completed Necrom Chapter: | Otherwise:
depth_Jeetra_t00.csv,Online:Jeetra,uesp:depth,1,2,Completed Moongrave Fane: | Otherwise:
depth_Jeetra_t01.csv,Online:Jeetra,uesp:depth,1,2,Encountered Voskrona previously: | Otherwise:
depth_Khag_t00.csv,Online:Khag,uesp:depth,1,2,Completed Ghosthunters: | Otherwise:
depth_Lieutenant_Renoit_t00.csv,Online:Lieutenant Renoit,uesp:depth,1,3,Lieutenant Renoit recognizes you: | Lieutenant Renoit doesn't recognize you: | Lieutenant Renoit doesn't recognize you + Wearing Disguise:
depth_Lieutenant_Renoit_t01.csv,Online:Lieutenant Renoit,uesp:depth,1,2,Lieutenant Renoit recognizes you: | Lieutenant Renoit doesn't recognize you:
depth_Kishkio_t00.csv,Online:Kishkio,uesp:depth,1,4,Spoken to first time during Invitation to Treasures: | Subsequent: | Have uncovered a secret from the Lunar Path Wing: | Uncovered all the secrets from the Lunar Path Wing:
depth_Dual_Wield_t00.csv,Online:Dual Wield,uesp:depth,10,3,Ability Name | Weapon set name | Description
depth_One_Hand_and_Shield_t00.csv,Online:One Hand and Shield,uesp:depth,10,3,Ability Name | Weapon set name | Description
depth_Bow_t00.csv,Online:Bow,uesp:depth,10,3,Ability Name | Weapon set name | Description
depth_Destruction_Staff_t00.csv,Online:Destruction Staff,uesp:depth,1,2,frameless | frameless
depth_Destruction_Staff_t01.csv,Online:Destruction Staff,uesp:depth,10,3,Ability Name | Weapon set name | Description
depth_Legerdemain_t00.csv,Online:Legerdemain,uesp:depth,20,3,Rank | Points Required for Next Rank | Total Points for Rank
depth_Excavation_t00.csv,Online:Excavation,uesp:depth,5,2,Difficulty | Points awarded
depth_Excavation_t01.csv,Online:Excavation,uesp:depth,10,3,Rank | Points | Cumulative points up to and including this rank
depth_Thieves_Guild_t00.csv,Online:Thieves Guild,uesp:depth,12,3,Rank | Reputation Required for Next Rank | Total Reputation for Rank
depth_Two_Handed_t00.csv,Online:Two Handed,uesp:depth,10,3,Ability Name | Weapon set name | Description
depth_Restoration_Staff_t00.csv,Online:Restoration Staff,uesp:depth,10,3,Ability Name | Weapon set name | Description
depth_Undaunted_t00.csv,Online:Undaunted,uesp:depth,7,2,Premium Undaunted Exploration Supplies | Undaunted Exploration Supplies
depth_Undaunted_t01.csv,Online:Undaunted,uesp:depth,7,2,Activity | Reputation given
depth_Undaunted_t02.csv,Online:Undaunted,uesp:depth,10,3,Rank | Reputation Required for Next Rank | Total Reputation for Rank
depth_Vampire_t00.csv,Online:Vampire,uesp:depth,4,6,Stage | Health Recovery | Damage from Fire | Vampire Ability Cost | Regular Ability Cost | Passive becomes active
depth_Vampire_t01.csv,Online:Vampire,uesp:depth,10,3,Rank | Experience Required for Next Rank | Total Experience for Rank
depth_Arcane_t00.csv,Online:Arcane,uesp:depth,67,5,7Normal | 7Fine | 7Superior | 7Epic | 7Legendary
depth_Healthy_trait_t00.csv,Online:Healthy (trait),uesp:depth,67,5,7Normal | 7Fine | 7Superior | 7Epic | 7Legendary
depth_Nirnhoned_t00.csv,Online:Nirnhoned,uesp:depth,2,5,5Normal | 5Fine | 5Superior | 5Epic | 5Legendary
depth_Nirnhoned_t01.csv,Online:Nirnhoned,uesp:depth,42,10,12Normal | 12Fine | 12Superior | 12Epic | 12Legendary | 12Normal | 12Fine | 12Superior | 12Epic | 12Legendary
depth_Nirnhoned_t02.csv,Online:Nirnhoned,uesp:depth,42,10,12Normal | 12Fine | 12Superior | 12Epic | 12Legendary | 12Normal | 12Fine | 12Superior | 12Epic | 12Legendary
depth_Nirnhoned_t03.csv,Online:Nirnhoned,uesp:depth,42,5,7Normal | 7Fine | 7Superior | 7Epic | 7Legendary
depth_Powered_t00.csv,Online:Powered,uesp:depth,3,5,6Normal | 6Fine | 6Superior | 6Epic | 6Legendary
depth_Charged_t00.csv,Online:Charged,uesp:depth,3,5,6Normal | 6Fine | 6Superior | 6Epic | 6Legendary
depth_Precise_t00.csv,Online:Precise,uesp:depth,3,5,6Normal | 6Fine | 6Superior | 6Epic | 6Legendary
depth_Infused_t00.csv,Online:Infused,uesp:depth,4,5,6Normal | 6Fine | 6Superior | 6Epic | 6Legendary
depth_Decisive_t00.csv,Online:Decisive,uesp:depth,3,5,6Normal | 6Fine | 6Superior | 6Epic | 6Legendary
depth_Impenetrable_t00.csv,Online:Impenetrable,uesp:depth,44,5,7Normal | 7Fine | 7Superior | 7Epic | 7Legendary
depth_Divines_t00.csv,Online:Divines,uesp:depth,4,5,6Normal | 6Fine | 6Superior | 6Epic | 6Legendary
depth_Intricate_t00.csv,Online:Intricate,uesp:depth,3,6,6Item Type | 6Normal | 6Fine | 6Superior | 6Epic | 6Legendary
depth_Ornate_t00.csv,Online:Ornate,uesp:depth,2,5,5Normal | 5Fine | 5Superior | 5Epic | 5Legendary
depth_Invigorating_t00.csv,Online:Invigorating,uesp:depth,4,5,6Normal | 6Fine | 6Superior | 6Epic | 6Legendary
depth_Bloodthirsty_t00.csv,Online:Bloodthirsty,uesp:depth,2,5,5Normal | 5Fine | 5Superior | 5Epic | 5Legendary
depth_Harmony_t00.csv,Online:Harmony,uesp:depth,67,5,7Normal | 7Fine | 7Superior | 7Epic | 7Legendary
depth_Protective_t00.csv,Online:Protective,uesp:depth,42,5,7Normal | 7Fine | 7Superior | 7Epic | 7Legendary
depth_Volendrung_t00.csv,Online:Volendrung,uesp:depth,2,3,"Light Armor-Annulment | Artifact Ward | Upon taking Volendrung, get a damage shield of 60%plain of your Max Health for 60 seconds."
depth_Volendrung_t01.csv,Online:Volendrung,uesp:depth,1,3,"Volendrung | Volendrung | When wielding Volendrung your Health, Magicka, and Stamina are increased. Killing enemies will give you a 25,000 damage shield. Killing enemies will also heal you for 7,040 health.°"
depth_Scrying_t00.csv,Online:Scrying,uesp:depth,5,2,Difficulty | Points awarded
depth_Scrying_t01.csv,Online:Scrying,uesp:depth,10,3,Rank | Points | Cumulative points up to and including this rank
depth_Quickened_t00.csv,Online:Quickened,uesp:depth,3,4,6Fine | 6Superior | 6Epic | 6Legendary
depth_Prolific_t00.csv,Online:Prolific,uesp:depth,3,4,6Fine | 6Superior | 6Epic | 6Legendary
depth_Focused_t00.csv,Online:Focused,uesp:depth,3,4,6Fine | 6Superior | 6Epic | 6Legendary
depth_Aggressive_t00.csv,Online:Aggressive,uesp:depth,3,4,6Fine | 6Superior | 6Epic | 6Legendary
depth_Augmented_t00.csv,Online:Augmented,uesp:depth,3,4,6Fine | 6Superior | 6Epic | 6Legendary
depth_Bolstered_t00.csv,Online:Bolstered,uesp:depth,3,4,6Fine | 6Superior | 6Epic | 6Legendary
depth_Ancestral_Adversity_t00.csv,Online:Ancestral Adversity,uesp:depth,1,2,First time meeting: | If you met Narsis Dren previously in Wrothgar:
depth_Robust_t00.csv,Online:Robust,uesp:depth,67,5,7Normal | 7Fine | 7Superior | 7Epic | 7Legendary
depth_Training_t00.csv,Online:Training,uesp:depth,5,5,6Normal | 6Fine | 6Superior | 6Epic | 6Legendary
depth_Sturdy_t00.csv,Online:Sturdy,uesp:depth,4,5,6Normal | 6Fine | 6Superior | 6Epic | 6Legendary
depth_Reinforced_trait_t00.csv,Online:Reinforced (trait),uesp:depth,2,5,5Normal | 5Fine | 5Superior | 5Epic | 5Legendary
depth_Reinforced_trait_t01.csv,Online:Reinforced (trait),uesp:depth,23,10,12Normal | 12Fine | 12Superior | 12Epic | 12Legendary | 12Normal | 12Fine | 12Superior | 12Epic | 12Legendary
depth_Well-fitted_t00.csv,Online:Well-fitted,uesp:depth,4,5,6Normal | 6Fine | 6Superior | 6Epic | 6Legendary
depth_Weighted_t00.csv,Online:Weighted,uesp:depth,3,5,6Normal | 6Fine | 6Superior | 6Epic | 6Legendary
depth_Swift_t00.csv,Online:Swift,uesp:depth,2,5,5Normal | 5Fine | 5Superior | 5Epic | 5Legendary
depth_Triune_t00.csv,Online:Triune,uesp:depth,42,10,13Normal | 13Fine | 13Superior | 13Epic | 13Legendary | 13Normal | 13Fine | 13Superior | 13Epic | 13Legendary
depth_Shattering_t00.csv,Online:Shattering,uesp:depth,3,4,6Fine | 6Superior | 6Epic | 6Legendary
depth_Soothing_t00.csv,Online:Soothing,uesp:depth,3,4,6Fine | 6Superior | 6Epic | 6Epic
depth_Vigorous_t00.csv,Online:Vigorous,uesp:depth,3,4,6Fine | 6Superior | 6Epic | 6Legendary
depth_The_Army_of_Meridia_t00.csv,Online:The Army of Meridia,uesp:depth,1,2,If you haven't completed all of the optional quests | If you've completed all of the optional quests
depth_Ashgel_t00.csv,Online:Ashgel,uesp:depth,1,2,Have not met Solgra: | Previously met Solgra:
depth_Breaking_Through_the_Fog_t00.csv,Online:Breaking Through the Fog,uesp:depth,8,2,Citizen | Response
depth_Baroness_Eliana_Cossa_t00.csv,Online:Baroness Eliana Cossa,uesp:depth,1,2,If you were sent by Grimmer: | Otherwise:
depth_Clannfear_t00.csv,Online:Clannfear,uesp:depth,33,5,Zone / Dungeon | Specific Location | Difficulty | Condition | Health
depth_Charging_the_Lens_t00.csv,Online:Charging the Lens,uesp:depth,16,4,Alliance | Zone | Delve | Public Dungeon
depth_Crocodile_t00.csv,Online:Crocodile,uesp:depth,16,5,Zone / Dungeon | Specific Location | Difficulty | Condition | Health
depth_Coral_Mudcrab_t00.csv,Online:Coral Mudcrab,uesp:depth,4,5,Zone / Dungeon | Specific Location | Reaction | Difficulty | Health
depth_Crystaljack_t00.csv,Online:Crystaljack,uesp:depth,5,4,Zone / Dungeon | Specific Location | Difficulty | Health
depth_Crossing_the_Wall_t00.csv,Online:Crossing the Wall,uesp:depth,1,2,First Site: | Second Site
depth_Daedroth_t00.csv,Online:Daedroth,uesp:depth,38,6,Zone / Dungeon | Specific Location | Reaction | Difficulty | Condition | Health
depth_Death_Hopper_t00.csv,Online:Death Hopper,uesp:depth,7,4,Zone / Dungeon | Specific Location | Difficulty | Health
depth_A_Deadly_Secret_t00.csv,Online:A Deadly Secret,uesp:depth,1,3,Completed Blackwood Prologue: | First Time Meeting: | Met Eveli Previously:
depth_A_Deadly_Secret_t01.csv,Online:A Deadly Secret,uesp:depth,1,2,Have not warned Councilor Vandacia: | Already warned Councilor Vandacia:
depth_Darkreave_Runemaster_t00.csv,Online:Darkreave Runemaster,uesp:depth,4,6,Zone / Dungeon | Specific Location | Reaction | Class | Difficulty | Health
depth_Dremora_Kyngald_t00.csv,Online:Dremora Kyngald,uesp:depth,12,4,Zone / Dungeon | Specific Location | Difficulty | Health
depth_Dremora_Kynval_t00.csv,Online:Dremora Kynval,uesp:depth,16,6,Zone / Dungeon | Specific Location | Difficulty | Reaction | Class | Health
depth_Draugr_Bane_t00.csv,Online:Draugr Bane,uesp:depth,8,5,Zone / Dungeon | Specific Location | Class | Difficulty | Health
depth_Dremora_Harstryl_t00.csv,Online:Dremora Harstryl,uesp:depth,6,5,Zone / Dungeon | Specific Location | Difficulty | Class | Health
depth_Dremora_Kynlurker_t00.csv,Online:Dremora Kynlurker,uesp:depth,4,5,Zone / Dungeon | Specific Location | Difficulty | Class | Health
depth_Dremora_Morikyn_t00.csv,Online:Dremora Morikyn,uesp:depth,7,4,Zone / Dungeon | Specific Location | Difficulty | Health
depth_Dremora_Ravager_t00.csv,Online:Dremora Ravager,uesp:depth,3,4,Zone / Dungeon | Specific Location / Quest | Difficulty | Health
depth_Dreamcarver_Ranger_t00.csv,Online:Dreamcarver Ranger,uesp:depth,3,4,Zone / Dungeon | Specific Location | Difficulty | Health
depth_Bows_t00.csv,Online:Bows,uesp:depth,4,5,Base | Fine | Superior | Epic | Legendary
depth_Bows_t01.csv,Online:Bows,uesp:depth,1,10,Altmer | Argonian | Bosmer | Breton | Dunmer | Imperial | Khajiit | Nord | Orc | Redguard
depth_Bows_t02.csv,Online:Bows,uesp:depth,1,10,Altmer | Argonian | Bosmer | Breton | Dunmer | Imperial | Khajiit | Nord | Orc | Redguard
depth_Bows_t03.csv,Online:Bows,uesp:depth,1,10,Altmer | Argonian | Bosmer | Breton | Dunmer | Imperial | Khajiit | Nord | Orc | Redguard
depth_Bows_t04.csv,Online:Bows,uesp:depth,1,10,Altmer | Argonian | Bosmer | Breton | Dunmer | Imperial | Khajiit | Nord | Orc | Redguard
depth_Greatswords_t00.csv,Online:Greatswords,uesp:depth,4,5,Base | Fine | Superior | Epic | Legendary
depth_Greatswords_t01.csv,Online:Greatswords,uesp:depth,1,10,Altmer | Argonian | Bosmer | Breton | Dunmer | Imperial | Khajiit | Nord | Orc | Redguard
depth_Greatswords_t02.csv,Online:Greatswords,uesp:depth,1,10,Altmer | Argonian | Bosmer | Breton | Dunmer | Imperial | Khajiit | Nord | Orc | Redguard
depth_Greatswords_t03.csv,Online:Greatswords,uesp:depth,1,10,Altmer | Argonian | Bosmer | Breton | Dunmer | Imperial | Khajiit | Nord | Orc | Redguard
depth_Greatswords_t04.csv,Online:Greatswords,uesp:depth,1,10,Altmer | Argonian | Bosmer | Breton | Dunmer | Imperial | Khajiit | Nord | Orc | Redguard
depth_Mauls_t00.csv,Online:Mauls,uesp:depth,4,5,Base | Fine | Superior | Epic | Legendary
depth_Mauls_t01.csv,Online:Mauls,uesp:depth,1,10,Altmer | Argonian | Bosmer | Breton | Dunmer | Imperial | Khajiit | Nord | Orc | Redguard
depth_Mauls_t02.csv,Online:Mauls,uesp:depth,1,10,Altmer | Argonian | Bosmer | Breton | Dunmer | Imperial | Khajiit | Nord | Orc | Redguard
depth_Mauls_t03.csv,Online:Mauls,uesp:depth,1,10,Altmer | Argonian | Bosmer | Breton | Dunmer | Imperial | Khajiit | Nord | Orc | Redguard
depth_Mauls_t04.csv,Online:Mauls,uesp:depth,1,10,Altmer | Argonian | Bosmer | Breton | Dunmer | Imperial | Khajiit | Nord | Orc | Redguard
depth_Battle_Axes_t00.csv,Online:Battle Axes,uesp:depth,4,5,Base | Fine | Superior | Epic | Legendary
depth_Battle_Axes_t01.csv,Online:Battle Axes,uesp:depth,1,10,Altmer | Argonian | Bosmer | Breton | Dunmer | Imperial | Khajiit | Nord | Orc | Redguard
depth_Battle_Axes_t02.csv,Online:Battle Axes,uesp:depth,1,10,Altmer | Argonian | Bosmer | Breton | Dunmer | Imperial | Khajiit | Nord | Orc | Redguard
depth_Battle_Axes_t03.csv,Online:Battle Axes,uesp:depth,1,10,Altmer | Argonian | Bosmer | Breton | Dunmer | Imperial | Khajiit | Nord | Orc | Redguard
depth_Battle_Axes_t04.csv,Online:Battle Axes,uesp:depth,1,10,Altmer | Argonian | Bosmer | Breton | Dunmer | Imperial | Khajiit | Nord | Orc | Redguard
depth_Staves_t00.csv,Online:Staves,uesp:depth,4,5,Base | Fine | Superior | Epic | Legendary
depth_Staves_t01.csv,Online:Staves,uesp:depth,1,10,Altmer | Argonian | Bosmer | Breton | Dunmer | Imperial | Khajiit | Nord | Orc | Redguard
depth_Staves_t02.csv,Online:Staves,uesp:depth,1,10,Altmer | Argonian | Bosmer | Breton | Dunmer | Imperial | Khajiit | Nord | Orc | Redguard
depth_Staves_t03.csv,Online:Staves,uesp:depth,1,10,Altmer | Argonian | Bosmer | Breton | Dunmer | Imperial | Khajiit | Nord | Orc | Redguard
depth_Staves_t04.csv,Online:Staves,uesp:depth,1,10,Altmer | Argonian | Bosmer | Breton | Dunmer | Imperial | Khajiit | Nord | Orc | Redguard
depth_Steel_Weapons_t00.csv,Online:Steel Weapons,uesp:depth,4,5,Base | Fine | Superior | Epic | Legendary
depth_Steel_Weapons_t01.csv,Online:Steel Weapons,uesp:depth,1,10,Altmer | Argonian | Bosmer | Breton | Dunmer | Imperial | Khajiit | Nord | Orc | Redguard
depth_Steel_Weapons_t02.csv,Online:Steel Weapons,uesp:depth,1,10,Altmer | Argonian | Bosmer | Breton | Dunmer | Imperial | Khajiit | Nord | Orc | Redguard
depth_Steel_Weapons_t03.csv,Online:Steel Weapons,uesp:depth,1,10,Altmer | Argonian | Bosmer | Breton | Dunmer | Imperial | Khajiit | Nord | Orc | Redguard
depth_Steel_Weapons_t04.csv,Online:Steel Weapons,uesp:depth,4,5,Base | Fine | Superior | Epic | Legendary
depth_Steel_Weapons_t05.csv,Online:Steel Weapons,uesp:depth,1,9,Altmer | Argonian | Bosmer | Breton | Dunmer | Khajiit | Nord | Orc | Redguard
depth_Steel_Weapons_t06.csv,Online:Steel Weapons,uesp:depth,1,10,Altmer | Argonian | Bosmer | Breton | Dunmer | Imperial | Khajiit | Nord | Orc | Redguard
depth_Orichalc_Weapons_t00.csv,Online:Orichalc Weapons,uesp:depth,4,5,Base | Fine | Superior | Epic | Legendary
depth_Orichalc_Weapons_t01.csv,Online:Orichalc Weapons,uesp:depth,1,7,Akaviri | Barbaric | Daedric | Dwemer | Outlaw | Primal | Yokudan
depth_Orichalc_Weapons_t02.csv,Online:Orichalc Weapons,uesp:depth,1,10,Altmer | Argonian | Bosmer | Breton | Dunmer | Imperial | Khajiit | Nord | Orc | Redguard
depth_Orichalc_Weapons_t03.csv,Online:Orichalc Weapons,uesp:depth,1,7,Akaviri | Barbaric | Daedric | Dwemer | Outlaw | Primal | Yokudan
depth_Orichalc_Weapons_t04.csv,Online:Orichalc Weapons,uesp:depth,1,10,Altmer | Argonian | Bosmer | Breton | Dunmer | Imperial | Khajiit | Nord | Orc | Redguard
depth_Orichalc_Weapons_t05.csv,Online:Orichalc Weapons,uesp:depth,1,7,Akaviri | Barbaric | Daedric | Dwemer | Outlaw | Primal | Yokudan
depth_Orichalc_Weapons_t06.csv,Online:Orichalc Weapons,uesp:depth,1,10,Altmer | Argonian | Bosmer | Breton | Dunmer | Imperial | Khajiit | Nord | Orc | Redguard
depth_Orichalc_Weapons_t07.csv,Online:Orichalc Weapons,uesp:depth,1,7,Akaviri | Barbaric | Daedric | Dwemer | Outlaw | Primal | Yokudan
depth_Orichalc_Weapons_t08.csv,Online:Orichalc Weapons,uesp:depth,4,5,Base | Fine | Superior | Epic | Legendary
depth_Orichalc_Weapons_t09.csv,Online:Orichalc Weapons,uesp:depth,1,7,Akaviri | Barbaric | Daedric | Dwemer | Outlaw | Primal | Yokudan
depth_Orichalc_Weapons_t10.csv,Online:Orichalc Weapons,uesp:depth,1,10,Altmer | Argonian | Bosmer | Breton | Dunmer | Imperial | Khajiit | Nord | Orc | Redguard
depth_Orichalc_Weapons_t11.csv,Online:Orichalc Weapons,uesp:depth,1,7,Akaviri | Barbaric | Daedric | Dwemer | Outlaw | Primal | Yokudan
depth_Orichalc_Weapons_t12.csv,Online:Orichalc Weapons,uesp:depth,1,10,Altmer | Argonian | Bosmer | Breton | Dunmer | Imperial | Khajiit | Nord | Orc | Redguard
depth_Orichalc_Weapons_t13.csv,Online:Orichalc Weapons,uesp:depth,1,7,Akaviri | Barbaric | Daedric | Dwemer | Outlaw | Primal | Yokudan
depth_Dwarven_Weapons_t00.csv,Online:Dwarven Weapons,uesp:depth,4,5,Base | Fine | Superior | Epic | Legendary
depth_Dwarven_Weapons_t01.csv,Online:Dwarven Weapons,uesp:depth,1,7,Akaviri | Barbaric | Daedric | Dwemer | Outlaw | Primal | Yokudan
depth_Dwarven_Weapons_t02.csv,Online:Dwarven Weapons,uesp:depth,1,10,Altmer | Argonian | Bosmer | Breton | Dunmer | Imperial | Khajiit | Nord | Orc | Redguard
depth_Dwarven_Weapons_t03.csv,Online:Dwarven Weapons,uesp:depth,1,7,Akaviri | Barbaric | Daedric | Dwemer | Outlaw | Primal | Yokudan
depth_Dwarven_Weapons_t04.csv,Online:Dwarven Weapons,uesp:depth,1,10,Altmer | Argonian | Bosmer | Breton | Dunmer | Imperial | Khajiit | Nord | Orc | Redguard
depth_Dwarven_Weapons_t05.csv,Online:Dwarven Weapons,uesp:depth,1,7,Akaviri | Barbaric | Daedric | Dwemer | Outlaw | Primal | Yokudan
depth_Dwarven_Weapons_t06.csv,Online:Dwarven Weapons,uesp:depth,1,10,Altmer | Argonian | Bosmer | Breton | Dunmer | Imperial | Khajiit | Nord | Orc | Redguard
depth_Dwarven_Weapons_t07.csv,Online:Dwarven Weapons,uesp:depth,1,7,Akaviri | Barbaric | Daedric | Dwemer | Outlaw | Primal | Yokudan
depth_Dwarven_Weapons_t08.csv,Online:Dwarven Weapons,uesp:depth,4,5,Base | Fine | Superior | Epic | Legendary
depth_Dwarven_Weapons_t09.csv,Online:Dwarven Weapons,uesp:depth,1,7,Akaviri | Barbaric | Daedric | Dwemer | Outlaw | Primal | Yokudan
depth_Dwarven_Weapons_t10.csv,Online:Dwarven Weapons,uesp:depth,1,10,Altmer | Argonian | Bosmer | Breton | Dunmer | Imperial | Khajiit | Nord | Orc | Redguard
depth_Dwarven_Weapons_t11.csv,Online:Dwarven Weapons,uesp:depth,1,7,Akaviri | Barbaric | Daedric | Dwemer | Outlaw | Primal | Yokudan
depth_Dwarven_Weapons_t12.csv,Online:Dwarven Weapons,uesp:depth,1,10,Altmer | Argonian | Bosmer | Breton | Dunmer | Imperial | Khajiit | Nord | Orc | Redguard
depth_Dwarven_Weapons_t13.csv,Online:Dwarven Weapons,uesp:depth,1,7,Akaviri | Barbaric | Daedric | Dwemer | Outlaw | Primal | Yokudan
depth_Ebon_Weapons_t00.csv,Online:Ebon Weapons,uesp:depth,5,5,Base | Fine | Superior | Epic | Legendary
depth_Ebon_Weapons_t01.csv,Online:Ebon Weapons,uesp:depth,4,5,Base | Fine | Superior | Epic | Legendary
depth_Calcinium_Weapons_t00.csv,Online:Calcinium Weapons,uesp:depth,5,5,Base | Fine | Superior | Epic | Legendary
depth_Calcinium_Weapons_t01.csv,Online:Calcinium Weapons,uesp:depth,4,5,Base | Fine | Superior | Epic | Legendary
depth_Galatite_Weapons_t00.csv,Online:Galatite Weapons,uesp:depth,5,5,Base | Fine | Superior | Epic | Legendary
depth_Galatite_Weapons_t01.csv,Online:Galatite Weapons,uesp:depth,4,5,Base | Fine | Superior | Epic | Legendary
depth_Quicksilver_Weapons_t00.csv,Online:Quicksilver Weapons,uesp:depth,5,5,Base | Fine | Superior | Epic | Legendary
depth_Quicksilver_Weapons_t01.csv,Online:Quicksilver Weapons,uesp:depth,4,5,Base | Fine | Superior | Epic | Legendary
depth_Voidsteel_Weapons_t00.csv,Online:Voidsteel Weapons,uesp:depth,5,5,Base | Fine | Superior | Epic | Legendary
depth_Voidsteel_Weapons_t01.csv,Online:Voidsteel Weapons,uesp:depth,4,5,Base | Fine | Superior | Epic | Legendary
depth_Oak_Weapons_t00.csv,Online:Oak Weapons,uesp:depth,4,5,Base | Fine | Superior | Epic | Legendary
depth_Oak_Weapons_t01.csv,Online:Oak Weapons,uesp:depth,1,10,Altmer | Argonian | Bosmer | Breton | Dunmer | Imperial | Khajiit | Nord | Orc | Redguard
depth_Beech_Weapons_t00.csv,Online:Beech Weapons,uesp:depth,4,5,Base | Fine | Superior | Epic | Legendary
depth_Beech_Weapons_t01.csv,Online:Beech Weapons,uesp:depth,1,7,Akaviri | Barbaric | Daedric | Dwemer | Outlaw | Primal | Yokudan
depth_Beech_Weapons_t02.csv,Online:Beech Weapons,uesp:depth,1,10,Altmer | Argonian | Bosmer | Breton | Dunmer | Imperial | Khajiit | Nord | Orc | Redguard
depth_Beech_Weapons_t03.csv,Online:Beech Weapons,uesp:depth,1,7,Akaviri | Barbaric | Daedric | Dwemer | Outlaw | Primal | Yokudan
depth_Hickory_Weapons_t00.csv,Online:Hickory Weapons,uesp:depth,4,5,Base | Fine | Superior | Epic | Legendary
depth_Hickory_Weapons_t01.csv,Online:Hickory Weapons,uesp:depth,1,7,Akaviri | Barbaric | Daedric | Dwemer | Outlaw | Primal | Yokudan
depth_Hickory_Weapons_t02.csv,Online:Hickory Weapons,uesp:depth,1,10,Altmer | Argonian | Bosmer | Breton | Dunmer | Imperial | Khajiit | Nord | Orc | Redguard
depth_Hickory_Weapons_t03.csv,Online:Hickory Weapons,uesp:depth,1,7,Akaviri | Barbaric | Daedric | Dwemer | Outlaw | Primal | Yokudan
depth_Yew_Weapons_t00.csv,Online:Yew Weapons,uesp:depth,3,5,Base | Fine | Superior | Epic | Legendary
depth_Birch_Weapons_t00.csv,Online:Birch Weapons,uesp:depth,3,5,Base | Fine | Superior | Epic | Legendary
depth_Ash_Weapons_t00.csv,Online:Ash Weapons,uesp:depth,3,5,Base | Fine | Superior | Epic | Legendary
depth_Mahogany_Weapons_t00.csv,Online:Mahogany Weapons,uesp:depth,3,5,Base | Fine | Superior | Epic | Legendary
depth_Nightwood_Weapons_t00.csv,Online:Nightwood Weapons,uesp:depth,3,5,Base | Fine | Superior | Epic | Legendary
depth_Elder_Elsaril_t00.csv,Online:Elder Elsaril,uesp:depth,3,2,Response | Dialogue
depth_Beech_t00.csv,Online:Beech,uesp:depth,5,4,Gear Level | Beech Bow | Beech [Type] Staff | Beech Shield
depth_Hickory_t00.csv,Online:Hickory,uesp:depth,5,4,Gear Level | Hickory Bow | Hickory [Type] Staff | Hickory Shield
depth_Birch_t00.csv,Online:Birch,uesp:depth,3,4,Gear Level | Birch Bow | Birch [Type] Staff | Birch Shield
depth_Ash_t00.csv,Online:Ash,uesp:depth,3,4,Gear Level | Ash Bow | Ash [Type] Staff | Ash Shield
depth_Ruby_Ash_Weapons_t00.csv,Online:Ruby Ash Weapons,uesp:depth,3,5,Base | Fine | Superior | Epic | Legendary
depth_Rubedite_Weapons_t00.csv,Online:Rubedite Weapons,uesp:depth,5,5,Base | Fine | Superior | Epic | Legendary
depth_Rubedite_Weapons_t01.csv,Online:Rubedite Weapons,uesp:depth,4,5,Base | Fine | Superior | Epic | Legendary
depth_Dusksaber_Tormentor_t00.csv,Online:Dusksaber Tormentor,uesp:depth,3,4,Zone / Dungeon | Specific Location | Reaction | Health
depth_Maple_t00.csv,Online:Maple,uesp:depth,7,4,Gear Level | Maple Bow | Maple [Type] Staff | Maple Shield
depth_Oak_t00.csv,Online:Oak,uesp:depth,5,4,Gear Level | Oak Bow | Oak Staff | Oak Shield
depth_Yew_t00.csv,Online:Yew,uesp:depth,3,4,Gear Level | Yew Bow | Yew [Type] Staff | Yew Shield
depth_Mahogany_t00.csv,Online:Mahogany,uesp:depth,2,4,Gear Level | Mahogany Bow | Mahogany [Type] Staff | Mahogany Shield
depth_Nightwood_t00.csv,Online:Nightwood,uesp:depth,6,4,Gear Level | Nightwood Bow | Nightwood [Type] Staff | Nightwood Shield
depth_Ruby_Ash_t00.csv,Online:Ruby Ash,uesp:depth,2,4,Gear Level | Ruby Ash Bow | Ruby Ash [Type] Staff | Ruby Ash Shield
glyphs_Glyph_of_Health_t00.csv,Online:Glyph of Health,uesp:glyphs,17,5,Glyph | Potency Rune | Potency Skill | Glyph Level | Aspect Rune
glyphs_Glyph_of_Magicka_t00.csv,Online:Glyph of Magicka,uesp:glyphs,17,5,Glyph | Potency Rune | Potency Skill | Glyph Level | Aspect Rune
glyphs_Glyph_of_Stamina_t00.csv,Online:Glyph of Stamina,uesp:glyphs,17,5,Glyph | Potency Rune | Potency Skill | Glyph Level | Aspect Rune
glyphs_Glyph_of_Prismatic_Defense_t00.csv,Online:Glyph of Prismatic Defense,uesp:glyphs,18,10,Health | Magicka/ Stamina | Health | Magicka/ Stamina | Health | Magicka/ Stamina | Health | Magicka/ Stamina | Health | Magicka/ Stamina
glyphs_Glyph_of_Frost_t00.csv,Online:Glyph of Frost,uesp:glyphs,17,5,Glyph | Potency Rune | Potency Skill | Glyph Level | Aspect Rune
glyphs_Glyph_of_Flame_t00.csv,Online:Glyph of Flame,uesp:glyphs,17,5,Glyph | Potency Rune | Potency Skill | Glyph Level | Aspect Rune
glyphs_Glyph_of_Shock_t00.csv,Online:Glyph of Shock,uesp:glyphs,17,5,Glyph | Potency Rune | Potency Skill | Glyph Level | Aspect Rune
glyphs_Glyph_of_Poison_t00.csv,Online:Glyph of Poison,uesp:glyphs,17,5,Glyph | Potency Rune | Potency Skill | Glyph Level | Aspect Rune
glyphs_Glyph_of_Foulness_t00.csv,Online:Glyph of Foulness,uesp:glyphs,17,5,Glyph | Potency Rune | Potency Skill | Glyph Level | Aspect Rune
glyphs_Glyph_of_Weapon_Damage_t00.csv,Online:Glyph of Weapon Damage,uesp:glyphs,17,5,Glyph | Potency Rune | Potency Skill | Glyph Level | Aspect Rune
glyphs_Glyph_of_Hardening_t00.csv,Online:Glyph of Hardening,uesp:glyphs,17,5,Glyph | Potency Rune | Potency Skill | Glyph Level | Aspect Rune
glyphs_Glyph_of_Stamina_Recovery_t00.csv,Online:Glyph of Stamina Recovery,uesp:glyphs,17,5,Glyph | Potency Rune | Potency Skill | Glyph Level | Aspect Rune
glyphs_Glyph_of_Magicka_Recovery_t00.csv,Online:Glyph of Magicka Recovery,uesp:glyphs,17,5,Glyph | Potency Rune | Potency Skill | Glyph Level | Aspect Rune
glyphs_Glyph_of_Health_Recovery_t00.csv,Online:Glyph of Health Recovery,uesp:glyphs,17,5,Glyph | Potency Rune | Potency Skill | Glyph Level | Aspect Rune
glyphs_Glyph_of_Bashing_t00.csv,Online:Glyph of Bashing,uesp:glyphs,17,5,Glyph | Potency Rune | Potency Skill | Glyph Level | Aspect Rune
glyphs_Glyph_of_Increase_Magical_Harm_t00.csv,Online:Glyph of Increase Magical Harm,uesp:glyphs,17,5,Glyph | Potency Rune | Potency Skill | Glyph Level | Aspect Rune
glyphs_Glyph_of_Increase_Physical_Harm_t00.csv,Online:Glyph of Increase Physical Harm,uesp:glyphs,17,5,Glyph | Potency Rune | Potency Skill | Glyph Level | Aspect Rune
glyphs_Glyph_of_Potion_Boost_t00.csv,Online:Glyph of Potion Boost,uesp:glyphs,17,5,Glyph | Potency Rune | Potency Skill | Glyph Level | Aspect Rune
glyphs_Glyph_of_Absorb_Health_t00.csv,Online:Glyph of Absorb Health,uesp:glyphs,18,10,Damage | Healing | Damage | Healing | Damage | Healing | Damage | Healing | Damage | Healing
glyphs_Glyph_of_Absorb_Magicka_t00.csv,Online:Glyph of Absorb Magicka,uesp:glyphs,18,10,Damage | Magicka | Damage | Magicka | Damage | Magicka | Damage | Magicka | Damage | Magicka
glyphs_Glyph_of_Absorb_Stamina_t00.csv,Online:Glyph of Absorb Stamina,uesp:glyphs,18,10,Damage | Stamina | Damage | Stamina | Damage | Stamina | Damage | Stamina | Damage | Stamina
glyphs_Glyph_of_Crushing_t00.csv,Online:Glyph of Crushing,uesp:glyphs,17,5,Glyph | Potency Rune | Potency Skill | Glyph Level | Aspect Rune
glyphs_Glyph_of_Decrease_Health_t00.csv,Online:Glyph of Decrease Health,uesp:glyphs,17,5,Glyph | Potency Rune | Potency Skill | Glyph Level | Aspect Rune
glyphs_Glyph_of_Prismatic_Onslaught_t00.csv,Online:Glyph of Prismatic Onslaught,uesp:glyphs,18,15,Damage | Health | Magicka/ Stamina | Damage | Health | Magicka/ Stamina | Damage | Health | Magicka/ Stamina | Damage | Health | Magicka/ Stamina | Damage | Health | Magicka/ Stamina
glyphs_Glyph_of_Weakening_t00.csv,Online:Glyph of Weakening,uesp:glyphs,17,5,Glyph | Potency Rune | Potency Skill | Glyph Level | Aspect Rune
glyphs_Glyph_of_Decrease_Physical_Harm_t00.csv,Online:Glyph of Decrease Physical Harm,uesp:glyphs,17,5,Glyph | Potency Rune | Potency Skill | Glyph Level | Aspect Rune
glyphs_Glyph_of_Decrease_Spell_Harm_t00.csv,Online:Glyph of Decrease Spell Harm,uesp:glyphs,17,5,Glyph | Potency Rune | Potency Skill | Glyph Level | Aspect Rune
glyphs_Glyph_of_Disease_Resist_t00.csv,Online:Glyph of Disease Resist,uesp:glyphs,17,5,Glyph | Potency Rune | Potency Skill | Glyph Level | Aspect Rune
glyphs_Glyph_of_Flame_Resist_t00.csv,Online:Glyph of Flame Resist,uesp:glyphs,17,5,Glyph | Potency Rune | Potency Skill | Glyph Level | Aspect Rune
glyphs_Glyph_of_Frost_Resist_t00.csv,Online:Glyph of Frost Resist,uesp:glyphs,17,5,Glyph | Potency Rune | Potency Skill | Glyph Level | Aspect Rune
glyphs_Glyph_of_Poison_Resist_t00.csv,Online:Glyph of Poison Resist,uesp:glyphs,17,5,Glyph | Potency Rune | Potency Skill | Glyph Level | Aspect Rune
glyphs_Glyph_of_Shock_Resist_t00.csv,Online:Glyph of Shock Resist,uesp:glyphs,17,5,Glyph | Potency Rune | Potency Skill | Glyph Level | Aspect Rune
glyphs_Glyph_of_Potion_Speed_t00.csv,Online:Glyph of Potion Speed,uesp:glyphs,17,5,Glyph | Potency Rune | Potency Skill | Glyph Level | Aspect Rune
glyphs_Glyph_of_Reduce_Feat_Cost_t00.csv,Online:Glyph of Reduce Feat Cost,uesp:glyphs,17,5,Glyph | Potency Rune | Potency Skill | Glyph Level | Aspect Rune
glyphs_Glyph_of_Reduce_Spell_Cost_t00.csv,Online:Glyph of Reduce Spell Cost,uesp:glyphs,17,5,Glyph | Potency Rune | Potency Skill | Glyph Level | Aspect Rune
glyphs_Glyph_of_Bracing_t00.csv,Online:Glyph of Bracing,uesp:glyphs,17,5,Glyph | Potency Rune | Potency Skill | Glyph Level | Aspect Rune
glyphs_Glyph_of_Prismatic_Recovery_t00.csv,Online:Glyph of Prismatic Recovery,uesp:glyphs,17,5,Glyph | Potency Rune | Potency Skill | Glyph Level | Aspect Rune
glyphs_Glyph_of_Reduce_Skill_Cost_t00.csv,Online:Glyph of Reduce Skill Cost,uesp:glyphs,17,5,Glyph | Potency Rune | Potency Skill | Glyph Level | Aspect Rune
scribing_Elemental_Explosion_t00.csv,Online:Elemental Explosion,uesp:scribing,8,4,Dispel | Dispel | Dispelling Explosion | Remove up to 3 enemy area effect abilities.
scribing_Elemental_Explosion_t01.csv,Online:Elemental Explosion,uesp:scribing,7,3,"Assassin's Misery | Assassin's Misery | Afflicts enemies with Burning, Chill, and Concussion."
scribing_Elemental_Explosion_t02.csv,Online:Elemental Explosion,uesp:scribing,8,3,"Brittle | Brittle | Afflicts enemies with Minor Brittle for 20 seconds, increasing their Critical Damage taken by 10%."
scribing_Mender_s_Bond_t00.csv,Online:Mender's Bond,uesp:scribing,7,4,Damage Shield | Damage Shield | Warding Bond | Grants the ally and other allies in the link a damage shield that absorbs 942 damage every 1 second.
scribing_Mender_s_Bond_t01.csv,Online:Mender's Bond,uesp:scribing,7,3,Class Flourish | Class Flourish | Depends on class. See Class Flourish page for full details.
scribing_Mender_s_Bond_t02.csv,Online:Mender's Bond,uesp:scribing,9,5,"Breach | Breach | Afflicts Minor Breach to enemies in the link for 10 seconds, reducing ESO Resistance Link|Physical | |y and ESO Resistance Link|Spell | by 2974."
scribing_Class_Flourish_t00.csv,Online:Class Flourish,uesp:scribing,7,2,Class | Effects
scribing_Class_Flourish_t01.csv,Online:Class Flourish,uesp:scribing,12,2,Source | Number of Scraps Rewarded
scribing_Anchorite_s_Cruelty_t00.csv,Online:Anchorite's Cruelty,uesp:scribing,4,3,"Wield Soul | Wield Soul | Consumes a Soul Gem to deal 1.5% of the enemy's Max Health as Oblivion Damage every 1 second for 5 seconds, up to a maximum of 1500 damage. Deals up to 100% more damage to enemies under 50% Health and can occur once every 5 seconds."
scribing_Anchorite_s_Potency_t00.csv,Online:Anchorite's Potency,uesp:scribing,2,3,"Wield Soul | Wield Soul | Consumes a Soul Gem to generate 4 Ultimate, up to once every 5 seconds."
scribing_Assassin_s_Misery_t00.csv,Online:Assassin's Misery,uesp:scribing,3,3,"Elemental Explosion | Elemental Explosion | Afflicts enemies with Burning, Chill, and Concussion."
scribing_Cavalier_s_Charge_t00.csv,Online:Cavalier's Charge,uesp:scribing,2,3,"Banner Bearer | Banner Bearer | Increase your Weapon and Spell Damage by 6 for every 1% bonus Movement Speed, up to a max of 450."
scribing_Crusader_s_Defiance_t00.csv,Online:Crusader's Defiance,uesp:scribing,6,3,Mender's Bond | Mender's Bond | Grants immunity to disabling effects for 3 seconds to the ally.
scribing_Druid_s_Resurgence_t00.csv,Online:Druid's Resurgence,uesp:scribing,8,3,Elemental Explosion | Elemental Explosion | Restores 441 Magicka to you per enemy hit.
scribing_Fencer_s_Parry_t00.csv,Online:Fencer's Parry,uesp:scribing,3,3,Shield Throw | Shield Throw | Deflects the next direct damage attack made against you within 3 seconds on return. This can occur once every 3 seconds.
scribing_Gladiator_s_Tenacity_t00.csv,Online:Gladiator's Tenacity,uesp:scribing,2,3,Torchbearer | Torchbearer | Reduces damage taken by 30% for 2.2 seconds.
scribing_Growing_Impact_t00.csv,Online:Growing Impact,uesp:scribing,2,3,Ulfsild's Contingency | Ulfsild's Contingency | Creates a rune of power on the ground for 10 seconds which applies the Affix script in an area.
scribing_Hunter_s_Snare_t00.csv,Online:Hunter's Snare,uesp:scribing,12,3,"Elemental Explosion | Elemental Explosion | Create a field of distortion under the first enemy hit for 6 seconds, reducing the Movement Speed of enemies inside by 40%."
scribing_Immobilizing_Strike_t00.csv,Online:Immobilizing Strike,uesp:scribing,4,3,Elemental Explosion | Elemental Explosion | Immobilizes enemies for 3 seconds.
scribing_Knight_s_Valor_t00.csv,Online:Knight's Valor,uesp:scribing,2,3,Mender's Bond | Mender's Bond | Increases Block amount by 8% and reduces Block cost by 8% for the ally and other allies in the link.
scribing_Leeching_Thirst_t00.csv,Online:Leeching Thirst,uesp:scribing,3,3,Smash | Smash | Heals you for 33% of the damage done.
scribing_Lingering_Torment_t00.csv,Online:Lingering Torment,uesp:scribing,16,3,Elemental Explosion | Elemental Explosion | Deals 5950 Magic Damage over 20 seconds to enemies.
scribing_Bleed_Damage_script_t00.csv,Online:Bleed Damage (script),uesp:scribing,7,3,Smash | Smash (Bloody Smash) | Deals 5529 Bleed Damage to enemies. Beneficial Signature and Affix scripts only apply to you.
scribing_Damage_Shield_script_t00.csv,Online:Damage Shield (script),uesp:scribing,5,3,Mender's Bond | Mender's Bond | Grants the ally and other allies in the link a damage shield that absorbs 942 damage every 1 second.
scribing_Disease_Damage_script_t00.csv,Online:Disease Damage (script),uesp:scribing,2,3,Vault | Vault (Pestilent Vault) | Deals 3777 Disease Damage to enemies. Beneficial Signature and Affix scripts apply only to you.
scribing_Dispel_t00.csv,Online:Dispel,uesp:scribing,2,3,Elemental Explosion | Elemental Explosion (Dispelling Explosion) | Remove up to 3 enemy area effect abilities.
scribing_Frost_Damage_script_t00.csv,Online:Frost Damage (script),uesp:scribing,2,3,Elemental Explosion | Elemental Explosion (Chilling Explosion) | Deals 8225 Frost damage to enemies.
scribing_Generate_Ultimate_t00.csv,Online:Generate Ultimate,uesp:scribing,2,3,Mender's Bond | Mender's Bond | Transfers 1 Ultimate from you to the ally every 1 second.
scribing_Mitigation_t00.csv,Online:Mitigation,uesp:scribing,2,3,Mender's Bond | Mender's Bond (Fortifying Bond) | Transfers 10% of the damage the allied player or companion and other allied players or companions in the link take to you.
scribing_Multi-Target_t00.csv,Online:Multi-Target,uesp:scribing,3,3,"Shield Throw | Shield Throw (Shattering Throw) | Deals 2145 Physical Damage to an enemy and bounces up to 2 times to random nearby enemies, dealing 2860 Physical Damage and 3575 Physical Damage."
scribing_Flame_Damage_script_t00.csv,Online:Flame Damage (script),uesp:scribing,5,3,Elemental Explosion | Elemental Explosion (Fiery Explosion) | Deals 8225 Flame Damage to enemies.
scribing_Immobilize_script_t00.csv,Online:Immobilize (script),uesp:scribing,6,3,Mender's Bond | Mender's Bond (Binding Bond) | Removes and grants immunity to snares and other immobilizations for 1 second to the ally and other allies in the link.
scribing_Knockback_script_t00.csv,Online:Knockback (script),uesp:scribing,6,3,Elemental Explosion | Elemental Explosion (Repelling Explosion) | Knocks Enemies back 12 meters.
scribing_Healing_script_t00.csv,Online:Healing (script),uesp:scribing,7,3,Mender's Bond | Mender's Bond | Heals the ally and other allies in the link for 754 Health every 1 second.
scribing_Magic_Damage_script_t00.csv,Online:Magic Damage (script),uesp:scribing,10,3,Elemental Explosion | Elemental Explosion (Magical Explosion) | Deals 8225 Magic Damage to enemies.
scribing_Berserk_t00.csv,Online:Berserk,uesp:scribing,3,3,"Smash | Smash | Grants you Minor Berserk for 20 seconds, increasing damage done by 5%."
scribing_Courage_t00.csv,Online:Courage,uesp:scribing,3,3,"Mender's Bond | Mender's Bond | Grants Minor Courage to the ally and allies in the link for 10 seconds, increasing Weapon and Spell Damage by 215."
scribing_Empower_script_t00.csv,Online:Empower (script),uesp:scribing,2,3,"Mender's Bond | Mender's Bond | Grants Empower to the ally and allies in the link for 10 seconds, increasing the damage of Heavy Attacks against monsters by 70%."
scribing_Evasion_script_t00.csv,Online:Evasion (script),uesp:scribing,3,3,"Shield Throw | Shield Throw | Grants you Major Evasion for 10 seconds on return, reducing damage from area attacks by 20%."
scribing_Expedition_t00.csv,Online:Expedition,uesp:scribing,5,3,"Smash | Smash | Grants Minor Expedition for 20 seconds, increasing Movement Speed by 15%."
scribing_Force_t00.csv,Online:Force,uesp:scribing,3,3,"Smash | Smash | Grants Minor Force for 20 seconds, increasing Critical Damage by 10%."
scribing_Heroism_script_t00.csv,Online:Heroism (script),uesp:scribing,4,3,"Banner Bearer | Banner Bearer | Grants Minor Heroism, generating 1 Ultimate every 1.5 seconds."
scribing_Intellect_and_Endurance_t00.csv,Online:Intellect and Endurance,uesp:scribing,5,3,"Mender's Bond | Mender's Bond | Grants Minor Intellect and Minor Endurance to the ally and allies in the link for 10 seconds, increasing Magicka and Stamina Recovery by 15%."
scribing_Breach_script_t00.csv,Online:Breach (script),uesp:scribing,11,4,"Mender's Bond | Mender's Bond | Afflicts Minor Breach to enemies in the link for 10 seconds, reducing ESO Resistance Link|Physical | |y and Spell Resistance by 2974."
scribing_Brittle_t00.csv,Online:Brittle,uesp:scribing,2,3,"Elemental Explosion | Elemental Explosion | Afflicts enemies with Minor Brittle for 20 seconds, increasing their Critical Damage taken by 10%."
scribing_Brutality_and_Sorcery_t00.csv,Online:Brutality and Sorcery,uesp:scribing,4,3,"Elemental Explosion | Elemental Explosion | If an enemy was hit, grants you Major Brutality and Major Sorcery for 10 seconds, increasing Weapon and Spell Damage by 20%."
scribing_Cowardice_script_t00.csv,Online:Cowardice (script),uesp:scribing,7,3,"Elemental Explosion | Elemental Explosion | Afflicts enemies with Minor Cowardice for 20 seconds, reducing Weapon and Spell Damage by 215."
scribing_Defile_script_t00.csv,Online:Defile (script),uesp:scribing,4,3,"Elemental Explosion | Elemental Explosion | Afflicts enemies with Minor Defile, which reduces healing received and damage shield strength by 6% for 20 seconds."
scribing_Enervation_script_t00.csv,Online:Enervation (script),uesp:scribing,4,3,"Elemental Explosion | Elemental Explosion | Afflicts enemies with Minor Enervation for 20 seconds, reducing Critical Damage by 10%."
scribing_Interrupt_script_t00.csv,Online:Interrupt (script),uesp:scribing,5,3,Shield Throw | Shield Throw | Interrupts enemies that are casting.
scribing_Lifesteal_t00.csv,Online:Lifesteal,uesp:scribing,4,3,"Elemental Explosion | Elemental Explosion | Afflicts enemies with Minor Lifesteal for 20 seconds, healing attackers for 600 Health every 1 second."
scribing_Magickasteal_t00.csv,Online:Magickasteal,uesp:scribing,5,3,"Elemental Explosion | Elemental Explosion | Afflicts enemies with Minor Magickasteal for 20 seconds, restoring 168 Magicka to attackers every 1 second."
scribing_Maim_script_t00.csv,Online:Maim (script),uesp:scribing,11,3,"Mender's Bond | Mender's Bond | Afflicts Minor Maim to enemies in the link for 10 seconds, reducing damage done by 5%."
scribing_Mangle_t00.csv,Online:Mangle,uesp:scribing,5,3,"Smash | Smash | Afflicts enemies with Minor Mangle for 20 seconds, reducing Max Health by 10%."
scribing_Banner_Bearer_t00.csv,Online:Banner Bearer,uesp:scribing,8,3,Script | Skill Name | Effects
scribing_Banner_Bearer_t01.csv,Online:Banner Bearer,uesp:scribing,8,3,"Cavalier's Charge | Cavalier's Charge | Increase your Weapon and Spell Damage by 6 for every 1% bonus Movement Speed, up to a max of 450."
scribing_Banner_Bearer_t02.csv,Online:Banner Bearer,uesp:scribing,8,3,"Berserk | Berserk | Grants Minor Berserk, increasing damage done by 5%."
scribing_Vault_t00.csv,Online:Vault,uesp:scribing,9,3,Script | Skill Name | Effects
scribing_Vault_t01.csv,Online:Vault,uesp:scribing,10,3,Class Flourish | Class Flourish | Depends on class. See Class Flourish page for full details.
scribing_Vault_t02.csv,Online:Vault,uesp:scribing,12,3,"Evasion | Evasion | Grants you Major Evasion for 20 seconds, reducing damage from area attacks by 20%."
scribing_Traveling_Knife_t00.csv,Online:Traveling Knife,uesp:scribing,7,3,Script | Skill Name | Effects
scribing_Traveling_Knife_t01.csv,Online:Traveling Knife,uesp:scribing,9,3,Assassin's Misery | Assassin's Misery | Increases the chance to apply status effects on enemies by 100% for 10 seconds.
scribing_Traveling_Knife_t02.csv,Online:Traveling Knife,uesp:scribing,8,3,"Berserk | Berserk | Grants you Minor Berserk for 20 seconds, increasing damage done by 5%."
scribing_Shield_Throw_t00.csv,Online:Shield Throw,uesp:scribing,7,3,Script | Skill Name | Effects
scribing_Shield_Throw_t01.csv,Online:Shield Throw,uesp:scribing,8,3,Class Flourish | Class Flourish | Depends on class. See Class Flourish page for full details.
scribing_Shield_Throw_t02.csv,Online:Shield Throw,uesp:scribing,8,3,"Cowardice | Cowardice | Afflicts the enemy with Major Cowardice for 10 seconds, reducing Weapon and Spell Damage by 430."
scribing_Smash_t00.csv,Online:Smash,uesp:scribing,12,3,Script | Skill Name | Effects
scribing_Smash_t01.csv,Online:Smash,uesp:scribing,12,3,Class Flourish | Class Flourish | Depends on class. See Class Flourish page for full details.
scribing_Smash_t02.csv,Online:Smash,uesp:scribing,12,3,"Berserk | Berserk | Grants Minor Berserk for 20 seconds, increasing damage done by 5%."
scribing_Ulfsild_s_Contingency_t00.csv,Online:Ulfsild's Contingency,uesp:scribing,12,4,"Damage Shield | Damage Shield | Warding Contigency | Grants a damage shield to you and your allies that absorbs 5622 damage for 8 seconds, scaling off the higher of your Max Health or Magicka and capped at 55% of your Max Health. Beneficial Signature and Affix scripts apply to you or an ally."
scribing_Ulfsild_s_Contingency_t01.csv,Online:Ulfsild's Contingency,uesp:scribing,10,3,Class Flourish | Class Flourish | Depends on class. See Class Flourish page for full details.
scribing_Ulfsild_s_Contingency_t02.csv,Online:Ulfsild's Contingency,uesp:scribing,12,3,"Breach | Breach | Afflicts Minor Breach for 22 seconds, reducing Physical and Spell Resistance by 2974."
scribing_Torchbearer_t00.csv,Online:Torchbearer,uesp:scribing,11,3,Script | Skill Name | Effects
scribing_Torchbearer_t01.csv,Online:Torchbearer,uesp:scribing,9,3,Class Flourish | Class Flourish | Depends on class. See Class Flourish page for full details.
scribing_Torchbearer_t02.csv,Online:Torchbearer,uesp:scribing,12,3,"Breach | Breach | Afflicts Minor Breach for 20 seconds with each sweep, reducing Physical and Spell Resistance by 2974."
scribing_Soul_Burst_t00.csv,Online:Soul Burst,uesp:scribing,14,3,Script | Skill Name | Effects
scribing_Soul_Burst_t01.csv,Online:Soul Burst,uesp:scribing,10,3,"Anchorite's Cruelty | Anchorite's Cruelty | Consumes a Soul Gem to deal 2.8% of the enemy's Max Health as Oblivion Damage every 2 seconds for 10 seconds, up to a maximum of 2800 damage. Deals up to 100% more damage to enemies under 50% Health, and can occur once every 10 seconds."
scribing_Soul_Burst_t02.csv,Online:Soul Burst,uesp:scribing,12,3,"Breach | Breach | Afflicts enemies with Minor Breach for 20 seconds, reducing Physical and Spell Resistance by 2974."
scribing_Trample_t00.csv,Online:Trample,uesp:scribing,7,4,Script | Skill Name | Effects | Notes
scribing_Trample_t01.csv,Online:Trample,uesp:scribing,9,3,"Assassin's Misery | Assassin's Misery | Afflicts enemies with the Concussion, Sundered, and Hemorrhaging status effects."
scribing_Trample_t02.csv,Online:Trample,uesp:scribing,10,3,"Brutality and Sorcery | Brutality and Sorcery | Grants you Major Brutality and Major Sorcery for 10 seconds, increasing Weapon and Spell Damage by 20%."
scribing_Wield_Soul_t00.csv,Online:Wield Soul,uesp:scribing,12,3,Script | Skill Name | Effects
scribing_Wield_Soul_t01.csv,Online:Wield Soul,uesp:scribing,8,3,"Anchorite's Cruelty | Anchorite's Cruelty | Consumes a Soul Gem to deal 1.5% of the enemy's Max Health as Oblivion Damage every 1 second for 5 seconds, up to a maximum of 1500 damage. Deals up to 100% more damage to enemies under 50% Health and can occur once every 5 seconds."
scribing_Wield_Soul_t02.csv,Online:Wield Soul,uesp:scribing,11,3,"Breach | Breach | Afflicts the enemy with Major Breach for 10 seconds, reducing Physical and Spell Resistance by 5984."
scribing_Sage_s_Remedy_t00.csv,Online:Sage's Remedy,uesp:scribing,8,3,Mender's Bond | Mender's Bond | Heals the ally and other allies when they leave the link for 12774 Health over 5 seconds.
scribing_Thief_s_Swiftness_t00.csv,Online:Thief's Swiftness,uesp:scribing,4,3,Shield Throw | Shield Throw | Grants you the ability to pass through enemies for 5 seconds on return.
scribing_Warmage_s_Defense_t00.csv,Online:Warmage's Defense,uesp:scribing,4,3,Elemental Explosion | Elemental Explosion | Grants you a damage shield that absorbs 3204 damage per enemy hit for 6 seconds.
scribing_Warrior_s_Opportunity_t00.csv,Online:Warrior's Opportunity,uesp:scribing,4,3,Traveling Knife | Traveling Knife | Enemies hit take 8% more Martial damage for 5 seconds.
scribing_Wayfarer_s_Mastery_t00.csv,Online:Wayfarer's Mastery,uesp:scribing,6,3,Shield Throw | Shield Throw | Increases your Bash damage by 333 for 5 seconds on return.
scribing_Trauma_t00.csv,Online:Trauma,uesp:scribing,2,3,Elemental Explosion | Elemental Explosion (Traumatic Explosion) | Afflicts enemies with 4032 Healing Absorption for 3 seconds.
scribing_Restore_Resources_t00.csv,Online:Restore Resources,uesp:scribing,2,3,Mender's Bond | Mender's Bond (Restorative Bond) | Restores 215 Magicka and Stamina to the ally and other allies in the link every 1 second.
scribing_Poison_Damage_script_t00.csv,Online:Poison Damage (script),uesp:scribing,2,3,Traveling Knife | Traveling Knife (Venomous Knife) | Deals 2014 Physical Damage to an enemy and 3022 Poison Damage to enemies between you and them on return.
scribing_Taunt_script_t00.csv,Online:Taunt (script),uesp:scribing,2,3,Shield Throw | Shield Throw (Goading Throw) | Deals 2145 Physical Damage to an enemy and taunts them for 15 seconds.
scribing_Shock_Damage_script_t00.csv,Online:Shock Damage (script),uesp:scribing,5,3,Elemental Explosion | Elemental Explosion (Shocking Explosion) | Deals 8225 Shock Damage to enemies.
scribing_Pull_script_t00.csv,Online:Pull (script),uesp:scribing,4,3,"Shield Throw | Shield Throw (Leashing Throw) | Deals 2145 Physical Damage to an enemy, pulls them to you, and taunts them for 15 seconds if they are not already taunted."
scribing_Stun_script_t00.csv,Online:Stun (script),uesp:scribing,6,3,Elemental Explosion | Elemental Explosion (Dazing Explosion) | Stuns enemies for 5 seconds.
scribing_Physical_Damage_script_t00.csv,Online:Physical Damage (script),uesp:scribing,8,3,Shield Throw | Shield Throw (Sundering Throw) | Deals 4290 Physical Damage to an enemy.
scribing_Protection_script_t00.csv,Online:Protection (script),uesp:scribing,3,3,"Mender's Bond | Mender's Bond | Grants Minor Protection to the ally and allies in the link for 10 seconds, reducing damage taken by 5%."
scribing_Resolve_script_t00.csv,Online:Resolve (script),uesp:scribing,6,4,"Shield Throw | Shield Throw | Grants you Major Resolve for 10 seconds on return, increasing ESO Resistance Link|Physical | |y and Spell Resistance by 5948."
scribing_Savagery_and_Prophecy_t00.csv,Online:Savagery and Prophecy,uesp:scribing,4,3,"Traveling Knife | Traveling Knife | Grants you Major Savagery and Major Prophecy for 20 seconds, increasing Weapon and Spell Critical rating by 2629."
scribing_Vitality_script_t00.csv,Online:Vitality (script),uesp:scribing,5,3,"Mender's Bond | Mender's Bond | Grants Minor Vitality to the ally and allies in the link for 10 seconds, increasing healing received by 6%."
scribing_Off_Balance_script_t00.csv,Online:Off Balance (script),uesp:scribing,6,3,Elemental Explosion | Elemental Explosion | Sets enemies Off Balance for 7 seconds.
scribing_Uncertainty_script_t00.csv,Online:Uncertainty (script),uesp:scribing,3,3,"Traveling Knife | Traveling Knife | Afflicts enemies with Minor Uncertainty for 20 seconds, reducing their Weapon and Spell Critical rating by 1320."
scribing_Vulnerability_script_t00.csv,Online:Vulnerability (script),uesp:scribing,6,3,"Traveling Knife | Traveling Knife | Afflicts enemies with Minor Vulnerability for 20 seconds, increasing damage taken by 5%."
scribing_Script_Vendors_Rotating_Stock_2024_t00.csv,Online:Script Vendors Rotating Stock/2024,uesp:scribing,4,4,First | Later | First | Later
scribing_Script_Vendors_Rotating_Stock_2024_t01.csv,Online:Script Vendors Rotating Stock/2024,uesp:scribing,89,7,"23 | Chronicler Firandil in The Scholarium | Image:ON-icon-scribing-primary-Poison.png | Poison Damage | 1 Focus script | First: 40,000 Later: 8,000 | 2024/06/04"
sets_Ashen_Grip_t00.csv,Online:Ashen Grip,uesp:sets,14,8,Level | Damage | Level | Damage | Level | Damage
sets_Craftable_Sets_t00.csv,Online:Craftable Sets,uesp:sets,15,7,Ashen Grip | 2 | nowrap| ESO Alliances | Dominion=Beacon Falls in Auridon | Covenant=Par Molag in Glenumbra | Pact=Magmaflow Overlook in Stonefalls
sets_Craftable_Sets_t01.csv,Online:Craftable Sets,uesp:sets,11,5,Set Name | Traits Needed | Bonuses | Zone | Crafting Site
sets_Craftable_Sets_t02.csv,Online:Craftable Sets,uesp:sets,57,5,Set Name | Traits Needed | Bonuses | Zone | Crafting Site
sets_Craftable_Sets_t03.csv,Online:Craftable Sets,uesp:sets,43,6,Quality | 6Normal | 6Fine | 6Superior | 6Epic | 6Legendary
sets_Craftable_Sets_t04.csv,Online:Craftable Sets,uesp:sets,43,6,Quality | 6Normal | 6Fine | 6Superior | 6Epic | 6Legendary
sets_Craftable_Sets_t05.csv,Online:Craftable Sets,uesp:sets,43,6,Quality | 6Normal | 6Fine | 6Superior | 6Epic | 6Legendary
sets_Craftable_Sets_t06.csv,Online:Craftable Sets,uesp:sets,43,6,Quality | 6Normal | 6Fine | 6Superior | 6Epic | 6Legendary
sets_Craftable_Sets_t07.csv,Online:Craftable Sets,uesp:sets,43,6,Quality | 6Normal | 6Fine | 6Superior | 6Epic | 6Legendary
sets_Craftable_Sets_t08.csv,Online:Craftable Sets,uesp:sets,43,6,Quality | 6Normal | 6Fine | 6Superior | 6Epic | 6Legendary
sets_Asylum_Weapons_t00.csv,Online:Asylum Weapons,uesp:sets,17,4,Weapon Name | Weapon Class | Set Name | Bonuses
sets_Jewelry_Sets_t00.csv,Online:Jewelry Sets,uesp:sets,2,2,Set Name | Bonuses
sets_Jewelry_Sets_t01.csv,Online:Jewelry Sets,uesp:sets,3,2,Set Name | Bonuses
sets_Jewelry_Sets_t02.csv,Online:Jewelry Sets,uesp:sets,5,2,Set Name | Bonuses
sets_Jewelry_Sets_t03.csv,Online:Jewelry Sets,uesp:sets,6,2,Set Name | Bonuses
sets_Blackrose_Weapons_t00.csv,Online:Blackrose Weapons,uesp:sets,17,4,Weapon Name | Weapon Class | Set Name | Bonuses
sets_Bloodlord_s_Embrace_t00.csv,Online:Bloodlord's Embrace,uesp:sets,5,7,"40px | Fanged Cuirass | Public Dungeon bosses in Sanguine's Demesne | Shadowfen | Unusual design. The spine and chest are heavily reinforced from the front and rear, but the flanks and abdomen are completely exposed. The benefit to mobility would hardly outweigh the sacrifice in protection. Thick spikes appear entirely aesthetic. -Ugron gro-Thumog | Tested the metal where the enamel paint was flaking. Daedric. The rare material might explain the minimal coverage, but why use so much of it on superfluous spikes then? An armorer this skilled creating something so impractical... it must be ceremonial. -Ugron gro-Thumog | I don't think so, Ugron. There are some powerful magic worked into this metal. Enough so that I question whether the material was chosen for its resilience, or because it takes especially well to enchantment. It's frightening, honestly. -Gabrielle Benele"
sets_Belharza_s_Band_t00.csv,Online:Belharza's Band,uesp:sets,5,7,"40px | Alessian Sacramental Oil | Limenauruus at Tribune's Folly | Gold Coast | This is incredibly well-preserved. Some kind of consecrated oil? Is it magical in origin? I can't imagine a vessel like this could survive the hardships of the Deadlands without arcane assistance. - Verita Numida | I'm confident that this substance has arcane properties, but the origin of it is puzzling. The vessel has what looks like the Amulet of Kings etched into it, but I don't recognize these side-elements. Are those horns? - Gabrielle Benele | Yes. Morihaus's horns I should think. Or his son Belharza's. I've always considered this business about Morihaus and Belharza being actual bull-men specious drivel, but they don't make it easy! Early Alessian priests might have honored them with this oil. - Reginus Buca"
sets_Cheydinhal_Sets_t00.csv,Online:Cheydinhal/Sets,uesp:sets,1,2,Affliction | Set Type
sets_Cheydinhal_Sets_t01.csv,Online:Cheydinhal/Sets,uesp:sets,1,2,Blessing of the Potentates | Set Type
sets_Cheydinhal_Sets_t02.csv,Online:Cheydinhal/Sets,uesp:sets,1,2,Buffer of the Swift | Set Type
sets_Cheydinhal_Sets_t03.csv,Online:Cheydinhal/Sets,uesp:sets,1,2,Deadly Strike | Set Type
sets_Cheydinhal_Sets_t04.csv,Online:Cheydinhal/Sets,uesp:sets,1,2,Eagle Eye | Set Type
sets_Cheydinhal_Sets_t05.csv,Online:Cheydinhal/Sets,uesp:sets,1,2,Elf Bane | Set Type
sets_Cheydinhal_Sets_t06.csv,Online:Cheydinhal/Sets,uesp:sets,1,2,Grace of the Ancients | Set Type
sets_Cheydinhal_Sets_t07.csv,Online:Cheydinhal/Sets,uesp:sets,1,2,Hawk's Eye | Set Type
sets_Cheydinhal_Sets_t08.csv,Online:Cheydinhal/Sets,uesp:sets,1,2,Light of Cyrodiil | Set Type
sets_Cheydinhal_Sets_t09.csv,Online:Cheydinhal/Sets,uesp:sets,1,2,The Morag Tong | Set Type
sets_Cheydinhal_Sets_t10.csv,Online:Cheydinhal/Sets,uesp:sets,1,2,Robes of Alteration Mastery | Set Type
sets_Cheydinhal_Sets_t11.csv,Online:Cheydinhal/Sets,uesp:sets,1,2,Sentry | Set Type
sets_Cheydinhal_Sets_t12.csv,Online:Cheydinhal/Sets,uesp:sets,1,2,Vengeance Leech | Set Type
sets_Cheydinhal_Sets_t13.csv,Online:Cheydinhal/Sets,uesp:sets,1,2,Ward of Cyrodiil | Set Type
sets_Cheydinhal_Sets_t14.csv,Online:Cheydinhal/Sets,uesp:sets,1,2,Wrath of the Imperium | Set Type
sets_Death_Dealer_s_Fete_t00.csv,Online:Death Dealer's Fete,uesp:sets,5,7,"40px | Warm Asymmetrical Ruby | Oblivion Portals final chest | Blackwood | Well! Does anyone else find this stone as unsettling as I do? It doesn't feel necessarily evil, just... immensely powerful. I would not use this to juggle, is what I'm saying. - Gabrielle Benele | The color reminds me of blood. It's also huge. Excessively so. This has Sanguine written all over it. It's so lavish but also unsettling. It feels warm to the touch! Or I might be imagining things. - Amalien | The shape is a curiosity. Uneven, for certain, but I noticed one side is smooth. This could be for any number of reasons, but I think the most reasonable is that it was fixed against something once. A necklace, maybe? A ring? - Reginus Buca"
sets_Cryptcanon_Vestments_t00.csv,Online:Cryptcanon Vestments,uesp:sets,5,7,"40px | Ancestor Samite Undershirt | Bal Sunnar final boss | Telvanni Peninsula | An extremely ornate inner garment, I've never seen this level of care and detail given to an early Tribunal era weave like this. Whoever this was made for must have played an incredibly influential role in the region. - Reginus Buca | The Dark Elf priesthood is a mystery to me, especially prior to Tribunal-era cultural norms, but this strikes me as quite similar to some early Necrom-region vestments I've seen before. It's also one of the least ugly Dunmer garments I've seen. - Ugron gro-Thumog | Aesthetic commentary aside, a beautiful piece of clothing meant to venerate an ancestor priest. The role the dead play in Dark Elf culture is hard to understand, but you need only look at the time and attention given to this piece to see it firsthand. - Amalien"
sets_Deprecated_Item_Sets_t00.csv,Online:Deprecated Item Sets,uesp:sets,1,3,Aldmeri Dominion | Daggerfall Covenant | Ebonheart Pact
sets_Deprecated_Item_Sets_t01.csv,Online:Deprecated Item Sets,uesp:sets,1,3,Aldmeri Dominion | Daggerfall Covenant | Ebonheart Pact
sets_Deprecated_Item_Sets_t02.csv,Online:Deprecated Item Sets,uesp:sets,1,3,Aldmeri Dominion | Daggerfall Covenant | Ebonheart Pact
sets_Deprecated_Item_Sets_t03.csv,Online:Deprecated Item Sets,uesp:sets,1,3,Aldmeri Dominion | Daggerfall Covenant | Ebonheart Pact
sets_Dov-rha_Sabatons_t00.csv,Online:Dov-rha Sabatons,uesp:sets,5,7,"Dov-rha Sabaton Toe Cap | Psijic Portals in Southern Elsweyr | High Isle | A remarkable find. This is a piece of a sabaton, or armored footwear. It appears Nord in origin, but the draconic embellishments are very unusual. I date it to the Nord Empire, fourth or fifth century 1E. - Reginus Buca | Dragons sometimes formed alliances with mortals and gave their allies powerful gifts. The Dragon Nahfahlaar once gave his horn to the Khajiit hero Ja'darri. I suspect this armor might have been a Dragon's gift, too. But to whom? - Amalien | Gift, or tribute? King Olaf One-Eye took the Dragon Numinex captive around that time. I have heard the Dragon paid for its life by providing the kings of Skyrim with draconic armor. Rewards for great champions. - Ugron gro-Thumog"
sets_Faun_s_Lark_Cladding_t00.csv,Online:Faun's Lark Cladding,uesp:sets,5,7,"40px | Hartlord Hide Singlet | Faun Falls World Boss in High Isle | Galen | Ooh, I don't recognize this material! It feels much different than your standard leather or hide, there's a toughness to it but it's also incredibly supple. It's almost otherworldly! Do you think it could be something Daedric? - Amalien | I've seen something like this before, and I'm sorry to say that I don't believe it's Daedric in origin, Amalien. It is rare, however. I believe this to be from the hide of a Faun, the beastfolk found in the Systres. - Verita Numida | Interesting. Fauns have historically had contentious relationships with the other inhabitants of the Systres, but they weren't always violent. Whoever made this must have had quite the quarrel with them. - Reginus Buca"
sets_Esoteric_Environment_Greaves_t00.csv,Online:Esoteric Environment Greaves,uesp:sets,5,7,"40px | Biome-Proof Plating | Nchuleft delve boss | Telvanni Peninsula | I understand why this came straight to my desk, clearly Dwemer in origin. Fairly standard construction, but the surface feels texturally quite different. I suggest one of my more experimental colleagues test its properties. - Amalien | Nothing I've thrown at this will dent it. Fire, ice, poison, acid, crushing, smashing, blades... this surface has been made safe against every test I had. I understand strong armor, but why? - Ugron gro-Thumog | Dwemer scholars explored the length and breadth of Nirn, and well beyond. Perhaps this plating was proof against the extremes they might encounter in seeking the truths of Aetherius. Could have used this during a few rough expeditions myself. - Reginus Buca"
sets_Harpooner_s_Wading_Kilt_t00.csv,Online:Harpooner's Wading Kilt,uesp:sets,5,7,"40px | Kothringi-Cut Leather | |World Bosses | Blackwood | A roll of perfectly preserved leather. Surprisingly supple for its age. Judging by the texture, I'd say it came from something large and reptilian. A wamasu or haj mota perhaps? - Reginus Buca | Right you are, Reginus. Though I find the styling more interesting than the source. Note the scalloped edges and parchment-thin cuts. No Argonian leatherworker touched this. Kothringi craftsmanship! Dating back to the early 2E 200's at least! - Verita Numida | The Kothringi's distaste for clothing is well-known, but someone definitely wore this. Perhaps as a robe or kilt? It carries arcane power, for sure. Something primal--helping the wearer find success on a hunt, I'll bet. - Gabrielle Benele"
sets_Gaze_of_Sithis_t00.csv,Online:Gaze of Sithis,uesp:sets,5,7,"40px | Glass Skeletal Visage | Public Dungeon bosses in Zenithar's Abbey | Blackwood | Now, this is what we in the tomb-studies tradition call a mixed blessing. Hand-etched glass, perfect symmetry in the carving, etc. It's a masterpiece. And that's why I can virtually guarantee it's cursed. - Ugron gro-Thumog | Come now, Ugron. I've never known you to be superstitious. Yes, the skull motif is disquieting from an aesthetic perspective, but Argonians utilize skeletal imagery in many Sithis effigies and idols. This definitely dates back to the xanmeer period. - Verita Numida | I wouldn't dismiss Ugron's concerns out of hand, Verita. I detect deep reservoirs of chaotic energy in the glass. It means to make some sort of trade, I think. Not uncommon in enchanted Argonian relics, but still unsettling. - Gabrielle Benele"
sets_Kagrenac_s_Hope_t00.csv,Online:Kagrenac's Hope,uesp:sets,14,8,Level | Restores | Level | Restores | Level | Restores
sets_Huntsman_s_Warmask_t00.csv,Online:Huntsman's Warmask,uesp:sets,5,6,"40px | Dark Stag Oil | Hordrek's Hunting Grounds | Hmm. A flask of oil, such as that used by woodworkers or leatherworkers to finish their handiwork. But I do not recognize the odor, nor the stag device inscribed on the flask. All I can say is that it is very old. - Muzah-Tei | I know the stag symbol. It is fairly commonplace in the Reach. It represents one of the aspects of Hircine, the Great Stag. This oil is sacred to Hircine, likely used to anoint and consecrate a relic of great value. - Verita Numida | Oh! That would be Uricanbeg. Those who hear the drumbeat of his hooves are doomed to run with the herd. To be chased and unmade, as the Reachfolk say. A warrior wearing the mask imbued by this oil would drive his enemies from him in terror. - Amalien"
sets_Maelstrom_Weapons_t00.csv,Online:Maelstrom Weapons,uesp:sets,15,4,Weapon Name | Weapon Class | Set Name | Bonuses
sets_Master_s_Weapons_t00.csv,Online:Master's Weapons,uesp:sets,17,4,Weapon Name | Weapon Class | Set Name | Bonuses
sets_Malacath_s_Band_of_Brutality_t00.csv,Online:Malacath's Band of Brutality,uesp:sets,5,7,"40px | Malacath's Brutal Might Loop | Public Dungeon bosses in Old Orsinium | Wrothgar | Look, a piece of Malacath's Brutal Band! This is obviously from a ring that belonged to a prominent member of Malacath's Brutal Breed, a cult that rose from the ashes of Orsinium around 1E 1000. A fascinating group! - Verita Numida | Fascinating? My research refers to them as Malacath fanatics intent on wiping out the Bretons and Redguards for every real and imagined slight perpetrated by them against the Orcs. Those rings represent vengeance, nothing more. - Amalien | What do you know of slights and vengeance, my esteemed colleague? Some Orcs believe the Brutal Breed had the right idea and were saddened when they were wiped out. Not me, mind you, but some among my kind. - Ugron gro-Thumog"
sets_Markyn_Ring_of_Majesty_t00.csv,Online:Markyn Ring of Majesty,uesp:sets,5,7,"40px | Morpholith Shank | Treasure Chests in Coldharbour | Deadlands | A ring, obviously, but what a strange material. Not quite metal, or at least not like any I've ever seen. It's quite old, but you can still make out the places where the shank itself was tapered, possibly where a stone was set? - Verita Numida | I think this is made of morpholith! It's a very rare mineral and usually only found in pocket realms of Oblivion. They can only be harvested by Daedra! Most of the time the mineral is unstable, but somehow this one isn't. At least... I think. - Amalien | I think if it were unstable, we'd have known by now. That's the last word I'd use to describe this, it's been meticulously rendered. If Daedra cared at all about wealth, this would probably be quite pricy. - Reginus Buca"
sets_Lefthander_s_Aegis_Belt_t00.csv,Online:Lefthander's Aegis Belt,uesp:sets,5,7,"Asp-Leather Strap | Lesser Sea Adders in Summerset and Sep Adders in Hew's Bane | High Isle | Well, this is a vicious looking accessory! Clearly some sort of snake skin, but I don't recognize the pattern. Looks a bit like those sep adders you find around Hew's Bane. Much bigger though! Maybe it's some giant, slithery cousin. - Amalien | I'm no naturalist, but I'd guess this came from a Yath Asp. We're lucky they never made it to Tamriel. The Crowns say they're huge, have a temper like Malooc, and used to serve Lefthanded Elves as pets--and also maybe garments by the looks of it. - Amalien | According to Yokudan histories, the boundary between pet and livestock was a hazy line for the Lefthanders. Yath Asp leather was stout stuff--resistant to cuts and gouges. It was the perfect material for a stylish war girdle. - Amalien"
sets_Mad_God_s_Dancing_Shoes_t00.csv,Online:Mad God's Dancing Shoes,uesp:sets,5,7,"40px | Baliwog Pearl Eyelets | |Solstice | Unusual material for shoe eyelets. Opalescent and energetically potent, I was surprised to see it holds a magicka charge in my standard intake tests. I'd bet Daedric in nature except I don't know of any Daedra that make pearls. - Ugron gro-Thumog | Understandable miss on your part, my friend. The strange beasts of the Shivering Isles are rarely top of mind when we think of Oblivion. Check your references on the strange ecology the mad god has created in his Realm. - Reginus Buca | Well I'll be. I'd never heard of a Grummite or a Baliwog before! Let alone anything about this maddening maturation cycle. The cultist that sought out their pearls to use as materials was dedicated, talented, and I'd guess not all together sane. - Ugron gro-Thumog"
sets_Pearls_of_Ehlnofey_t00.csv,Online:Pearls of Ehlnofey,uesp:sets,5,7,"40px | Aetherquartz Prayer Beads | Delve Bosses | Auridon | These appear to be polished quartz beads. Several Tamrielic cultures employ beads like this in religious practice--particularly the High Elves and Khajiit. Now that I take a close look at them, though, they might not be quartz after all. - Verita Numida | Aetherquartz! We High Elves use it in all sorts of things, but most notably in our calian spheres and high ascendant jewelry. Curates and mages use ground pumice and ocean sand to smooth them out. These are remarkable. The finest I've ever seen! - Amalien | Judging by the arcane energies they're emitting, I think these beads might predate the High Elves, Amalien. Based on the holes and the uniformity of the shapes, I wager these belonged to a magic necklace. Far more powerful than their modern successors. - Gabrielle Benele"
sets_Mora_s_Whispers_t00.csv,Online:Mora's Whispers,uesp:sets,5,7,"40px | Bloodshot Oculus | Watcher Mobs in The Deadlands, Atoll of Immolation or The Cauldron | High Isle | I believe this eyeball twitches to stare at me while I'm not looking. Unsettling, to say the least. Daedric origin, I believe, but which Daedra? Unsure. - Reginus Buca | I took a tome on Daedric oddities from the shelf, and by Mauloch, I think the eye followed my hand straight to the text. As if it was reading it. Has to be a Watcher eyeball, right? Right? - Ugron gro-Thumog | This thing definitely moves of its own accord, but I don't know if that indicates life, or just an unsettling enchantment. I'm obliged to wonder, if this eye can perceive what we're doing, is there someone watching on the other end? - Gabrielle Benele"
sets_Oakensoul_Ring_t00.csv,Online:Oakensoul Ring,uesp:sets,5,7,"Igneous Inlays | Volcanic Vents in High Isle and Galen | High Isle | These flakes of igneous rock are very delicate. Given the size and the patterning, I'd say an ancient jeweler used them as accent pieces in a ring or necklace. Their iridescence is quite fetching. - Verita Numida | We often see volcanic jewelry coming out of the Systres--part of the druidic tradition, I'm told. They hold their Mount Firesong, in very high esteem. Whoever wore a ring with these flakes inlaid must have been a figure of import. - Verita Numida | Dark Elves love their volcanoes, but yes, I understand that an entire circle of druids base their religion around Firesong. I read that it represents immovable strength. Maybe the magic invested in these flakes has something to do with that? - Verita Numida"
sets_Monomyth_Reforged_t00.csv,Online:Monomyth Reforged,uesp:sets,5,7,"40px | Duotone Engraved Band | The Weeping Woman in Depths of Malatar | Gold Coast | Lovely piece, exquisitely carved. Clearly it's the band of a ring. The engraving is hard to make out, but it seems Ayleid in origin. Perhaps Amalien's younger eyes will see something I can't. - Reginus Buca | I'm always happy to oblige Reginus, and this finding is no different. The engraving is a small phrase of some sort. Something about balance and chaos? Could be part of a religious text, the material is well-worn. - Amalien | It's a spell! A little-known reference in the unabridged Anuad tipped me off. This circular band acts as a foci for larger magical elements, though without those pieces I can't properly verify what the intended effect is. - Verita Numida"
sets_Vateshran_Weapons_t00.csv,Online:Vateshran Weapons,uesp:sets,17,4,Weapon Name | Weapon Class | Set Name | Bonuses
sets_Rakkhat_s_Voidmantle_t00.csv,Online:Rakkhat's Voidmantle,uesp:sets,5,7,"40px | Double-Moon Leather Cop | Orcrest Bosses | Solstice | This appears to be part of an articulated leather shoulder-piece. The double-moon design is a common Khajiit motif. The dagger-like emblem dividing the moons suggests the kingdom of Anequina, first century of the Second Era. - Verita Numida | The design may appear common, but the material is highly unusual. It's terror-bird hide, which makes sense for the region. But it's been steeped in a strange oil or reagent, something dark and strong. I do not know it. - Ugron gro-Thumog | Armor treated with techniques our Orc expert doesn't recognize? I think this arm cop was worn by a Khajiiti warrior who walked in dark places indeed. We're looking at something made for a dro-m'Athra, my friends! - Amalien"
sets_Prowler_s_Talisman_t00.csv,Online:Prowler's Talisman,uesp:sets,14,3,Item | Description | Source
sets_Ring_of_the_Wild_Hunt_t00.csv,Online:Ring of the Wild Hunt,uesp:sets,5,7,"40px | Band of Water | Public Dungeon bosses in Bad Man's Hallows | Glenumbra | Too small to be a ring. It almost looks like a ring's ring, as odd as that sounds. It seems like it's made from the same material as the other charms from the area. Does this have anything to do with the Wild Hunt? - Gabrielle Benele | Wood Elves caught up in a Wild Hunt ritual supposedly change into strange animals, but some say turning into water is also one of their capabilities. This might be a depiction of a Bosmer that has become … liquified. - Verita Numida | Yes! I've heard of Bosmer changing into fearsome waves of blood instead of animals! Wouldn't that be amazing to see? I mean … horrifying, yes. But still, what a sight! - Amalien"
sets_Ring_of_the_Pale_Order_t00.csv,Online:Ring of the Pale Order,uesp:sets,5,7,"40px | Aurmine Ancestral Signet | Treasure Chests | Bangkorai | This appears to be a signet of some kind. Ancient Breton heraldry. The shield is flanked by boars and snares. Or are they nooses? Difficult to say. Can't say as I've ever seen a coat of arms this... ominous. - Verita Numida | It's the coat of House Aurmine. My research indicates they were eager vassals of the despot king, Festrien Spenard I. But honestly, we only know about them because they patronized a chivalric band called the Knights of the Pale Order. - Gabrielle Benele | This belonged to a Knight of the Pale Order? Y'ffre's bones! Just whispering their name on Balfiera Island can get you cast off the Adamantine Tower headfirst. Legends say they butchered Elves by the cartload and never grew tired. Spooky stuff! - Amalien"
sets_Sea-Serpent_s_Coil_t00.csv,Online:Sea-Serpent's Coil,uesp:sets,5,7,"40px | Black Eltheric Pearls | From Giant Clams | High Isle | Oh, black pearls! According to the Bedtime Tales of Borwaeliel, they're the result of Trinimac slicing off a handful of Hermaeus Mora's beady little eyes and scattering them across the Eltheric. So, be careful handling them! - Amalien | Fairy tales aside, deep black pearls like this have fascinating origins. Some occur naturally, but most come from Maormer pearl farms where Surfpeelers insert snake scales into Pyandonean Snap-Mussels. It's an interesting-if unsettling-process. - Reginus Buca | I read a treatise on Sea Elf pearl culturing as a teenager. I had a lot of free time! Anyway, there was some debate about whether mer-made pearls had alchemical potential similar to natural pearls. Based on this discovery, I think they do! - Gabrielle Benele"
sets_Rourken_Steamguards_t00.csv,Online:Rourken Steamguards,uesp:sets,5,7,"https://esoicons.uesp.net/esoui/art/icons/antiquities_rourken_heavy_gauntlets_gloves.png | Heartland-Leather Gloves | Bosses in Fort Colovia Delve | West Weald | How lovely! I don't recognize the pattern, but I think these gloves are very old. This is wamasu-hide, magically cured. Wamasu are native to Black Marsh, but the design looks Elven. The Barsaebic Ayleids, perhaps? - Amalien | These are not gloves, Amalien. They are the inner lining for a pair of armored gauntlets. You can tell by the grommets and reinforced panels where armor plates would be attached. Yet I am not familiar with the style. - Ugron gro-Thumog | My colleagues did not recognize this as Dwemer work. The Dwemer had few sources for leather of exceptional quality, so they sometimes obtained materials from Ayleid artisans. But they would have only used it for work of great importance. - Verita Numida"
sets_The_Saint_and_the_Seducer_t00.csv,Online:The Saint and the Seducer,uesp:sets,5,7,"40px | Cylarne-crafted Yoke | Maelstrom Arena Reward Chests | West Weald | A yoke to a necklace of exquisite beauty, the style of crafting is something I've never quite seen before. It seems almost as if made by two pairs of hands, two different artisans, though its diminuative size makes that almost impossible. - Amalien | One artisan clearly was an arrogant master of their craft. They took extravagant glee in showing off their skill, though the half of the yoke they've made seems somewhat sterile as a result. - Amalien | The other artisan to this piece was, for lack of a better phrase, a mad genius. Artistry for the sake of it, needless complexity, to the point where their half of the yoke is most likely quite difficult to actually slip into place against a chain. - Amalien"
sets_Song_of_Lamae_t00.csv,Online:Song of Lamae,uesp:sets,14,11,Level | Damage | Recover | Level | Damage | Recover | Level | Damage | Recover
sets_Snow_Treaders_t00.csv,Online:Snow Treaders,uesp:sets,5,7,"40px | Auri-El Metal Carvings | Overland mobs | Bleakrock Isle | These carvings appear to venerate Auri-El. My research indicates he occupied a place of special significance for Snow Elves. This metal is quite flexible, too. I'm not sure what the original purpose of this was. - Reginus Buca | Many worshipped Auri-El at the time, and still do! Not just the Snow Elves. We know so little of their history, even that may be a matter of debate. Though I will concede the area that this was found supports the theory. - Verita Numida | Since this is so flexible, even after all this time, I wonder if it was some kind of wearable display of worship. Something emblazoned on different surfaces, either on armor or someone's shield. They could have even worn it over their regular clothes! - Amalien"
sets_Shapeshifter_s_Chain_t00.csv,Online:Shapeshifter's Chain,uesp:sets,5,7,"40px | Chain of the Bone Goliath | Mad Architect in the Vaults of Madness | Coldharbour | Can anyone make out the carving here? It's so small, it actually took me a bit to notice it. This link of chain radiates powerful magicka, but without knowing what this symbol is, I can't really guess at what kind. - Gabrielle Benele | My eyes aren't what they used to be, but it looks to me like some kind of skeletal motif. It's hard to make out, but if you tilt it on its side, you can see the segments of bone that make up a body. Legs, arms, a face, maybe? - Ugron gro-Thumog | Ooh, maybe it's part of a necromancer's talisman! We should try it on a pile of bones and see if anything happens! - Amalien"
sets_Spaulder_of_Ruin_t00.csv,Online:Spaulder of Ruin,uesp:sets,5,7,"40px | Petrified Daedroth Horn | The Abomination Cradle world boss | The Deadlands | The beveling on this horn doesn't appear natural. And you see the hole here at the bottom? I suspect someone attached this to something-a weapon or piece of armor. It might have acted as an offensive element or something to deflect blows. - Reginus Buca | This horn's definitely organic. If I had to guess, I'd say it's a Daedroth horn. Plenty of those crocodile-face brutes wander the Deadlands, and according to Zexelax's Guide to Lesser Daedra, those horns on their head can blunt the sharpest swords! - Amalien | I've read Zexelax's Guide, and half of it's utter fiction. A Daedroth horn can deflect a sword stroke or two, sure. But without alchemical hardening, it would never hold up to serious abuse. Some Daedric spellsmith put a lot of work into this. - Ugron gro-Thumog"
sets_The_Shadow_Queen_s_Cowl_t00.csv,Online:The Shadow Queen's Cowl,uesp:sets,5,7,"40px | Shadowy Creatia Stitching | Aggression of Root in Haldain Lumber Camp, West Weald | West Weald | This stitching is so light, so thin. Under normal circumstances I would assume it was used in creating a nobleman's wardrobe. Someone with money to spend who doesn't care about durability. But this substance seems quite magical. Amalien? - Ugron gro-Thumog | I wouldn't just call this ""quite magical,"" but extremely magical. I believe this stitching is made from creatia, the very substance, the substrate, of the Daedric Realms. Evergloam, I'd guess, given they seem to be made from the shadows themselves. - Amalien | I strongly sense the chill of Evergloam, good guess Amalien. Imagine what a thief might do with a set of gloves or a mask stitched with these? The power of the Shadow Queen herself imbued into a garment. Oh my. - Gabrielle Benele"
sets_Shattered_Paths_Signet_t00.csv,Online:Shattered Paths Signet,uesp:sets,5,8,"40px | Ossein Ring Mold | Valkyn Skoria Chest in City of Ash II | Skittering Precinct Bossesplain Night Market Reward Coffers | Coldharbour | At first glance, a simple ring mold made from an uncommon material. It is porous and lightweight, yet rigid. Pumice stone? The mold itself offers no insight into the ring it once gave shape. Its band and face are without detail. Perhaps a signet?- Verita Numida | Not pumice. Bone. Compact exterior with a webbed, sponge-like interior. Gives the mold its rigidity. Very uncommon material for jewelry, that much is certain. First I have ever seen. Impossible to say what creature this came from. Most curious. - Muzah-Tei | Impossible? I'm surprised, Muzah-Tei. The bone belongs to a Bearer of Fargrave. The webbed structure of their bones shimmer when placed under starlight. In the future, send bones to me. It will save us all some time. - Ugron gro-Thumog"
sets_Thrassian_Stranglers_t00.csv,Online:Thrassian Stranglers,uesp:sets,5,7,"40px | Buoyant Steel | Fishing in saltwater | Stros M'Kai | Was there any metal in Thras? If not, I'm curious how this metal came into their possession. It's not as if they had a flourishing trade relationship with the peoples of Tamriel. - Reginus Buca | They likely gathered it from the bottom of the sea--from shipwrecks and the like. Maormer that strayed too close. Maybe even Yokudans or Lefthanded Elves. Even so, this metal feels lighter than most. Buoyant even. - Ugron gro-Thumog | Ha! I've got it! Frog-Metal! Syrabane discovered an alchemical alloy in the mid-First Era to provide armor for early Elven marines. It prevented them from sinking to the bottom if they fell overboard. The Sload would take a keen interest in such a thing! - Amalien"
sets_Stormweaver_s_Cavort_t00.csv,Online:Stormweaver's Cavort,uesp:sets,5,7,"40px | Braided Blessed Brambles | Group Event Boss Bloodroot in Toothmaul Gully, Auridon | Galen | Hmm, these similar to the branch-like growths of the forest wraiths. Given the druid circles' connection to the wraith, I wonder if these were harvested from slain wraiths or given freely. - Amalien | Druids? Kill the wraiths? Amalien you know about the druids, do you honestly believe that they would fight a creature of nature? No, these brambles must be a type of grass. It's probably good protection and insulation. - Ugron gro-Thumog | Now that you mention it, these brambles look like a type of grave grass we had on Summerset. That must be their origin. The druids wear them to keep the lifeforce of their departed loved-ones by their sides. - Amalien"
sets_Syrabane_s_Ward_t00.csv,Online:Syrabane's Ward,uesp:sets,5,7,"40px | Frog Metal Buckle | Blacksmithing writ reward crates | Galen | How unusual, a belt buckle made of buoyant steel. Perhaps intended for a sailor's belt? The properties of frog metal are well documented, though its origins are still a bit murky. - Verita Numida | Very true. Whenever you're dealing with a piece like this, determining whether it's a primary-source creation from an alchemical process. Old Syrabane in action again! Or made from a reclaimed chunk of Thrassian material is a useful step. - Amalien | All indications suggest this was primary source. If the papers are true and Syrabane himself did develop the process to artificially create the metal, this may have been forged by his hand. It's certainly old enough. - Reginus Buca"
sets_Vampire_s_Kiss_t00.csv,Online:Vampire's Kiss,uesp:sets,14,8,Level | Recover | Level | Recover | Level | Recover
sets_Torc_of_Tonal_Constancy_t00.csv,Online:Torc of Tonal Constancy,uesp:sets,5,7,"40px | Torc Strand of Lore | World Bosses | Alik'r Desert | Unusual--this metal band is about the size of a neck-ring, but I have a sense that it's incomplete. Dwarven work, for sure; the geometric design is quite common in Dwemer artifice. If it's a torc, where's the rest of it? - Reginus Buca | The torc seems incomplete because it is incomplete. Dwarves probably forged jewelry like this from several different strands braided together. Makes sense. Metallurgists tell me the Dwemer combined different metals to make their eponymous alloy. - Gabrielle Benele | But what magic does is possess? These tiny notches in the strand are undoubtedly aligned with Dwemeris script. I believe they stand for knowledge; this strand shapes and binds the magic of the torc with Dwemer lore. Knowledge is the foundation, you see. - Amalien"
sets_Velothi_Ur-Mage_s_Amulet_t00.csv,Online:Velothi Ur-Mage's Amulet,uesp:sets,5,7,"40px | Ebony Crossed-Sword Chain | World Boss daily coffers in Vvardenfell | Telvanni Peninsula | Ebony is a notoriously difficult material to work. But here the jewelsmith produced hundreds of fine links, interlocked in a martial pattern of tiny crossed swords. Ancient Dark Elf work, I think. - Reginus Buca | What exquisite craftsmanship! Strong as steel, yet supple. The sword motif suggests this was a necklace or pendant belonging to a noble military commander. An ancient Hortator, surely! - Amalien | You are both wrong. This chain dates back to the High Velothi culture. The sword-pattern honors Boethiah, Daedric patron to the ancient Chimer. The Hortators came later. - Ugron gro-Thumog"
sets_Torc_of_the_Last_Ayleid_King_t00.csv,Online:Torc of the Last Ayleid King,uesp:sets,5,7,"40px | Ancestor Silk Ribbon | Infinite Archive chests from Tho'at Replicanum and Portals of the Unknown. Loot from Gw the Pilferer and Marauders. | Apocrypha | A wide silk ribbon, such as you might use for a medal. There is a faint pattern woven into the silk, showing birds in flight. It seems to be ancestor silk, but I haven't seen its like. - Ugron gro-Thumog | That's because this ribbon is an extraordinarily well preserved example of ancient silk. With the proper baths and treatments, ancestor silk can last centuries. I don't recognize the pattern, though. - Reginus Buca | It's older than you think. In fact, this is not Nibenese silk at all. The bird pattern is Ayleid, from the early First Era. Everyone knows the Heartland Elves were the first to weave ancestor silk. - Verita Numida"
sets_Whitestrake_s_Retribution_t00.csv,Online:Whitestrake's Retribution,uesp:sets,14,8,Level | Shield | Level | Shield | Level | Shield
skills_Skills_t00.csv,Online:Skills,uesp:skills,1,7,Dragonknight | Sorcerer | Nightblade | Templar | Warden | Necromancer | Arcanist
skills_Emperor_t00.csv,Online:Emperor,uesp:skills,5,3,"Emperor-Domination | Domination | Increases your Health, Magicka, and Stamina Recovery while in your campaign, depending on how many Home Keeps you own."
skills_Annulment_t00.csv,Online:Annulment,uesp:skills,9,8,I | II | III | IV | I | II | III | IV
skills_Antiquarian_Insight_t00.csv,Online:Antiquarian Insight,uesp:skills,1,5,passive | passive | passive | passive | passive
skills_Skill_Styles_t00.csv,Online:Skill Styles,uesp:skills,15,3,"File:ON-icon-skill style-Ardent Flame-Core of Flame, Azure Blue.png | Core of Flame | 20,000 at Stylemasters"
skills_Skill_Styles_t01.csv,Online:Skill Styles,uesp:skills,17,3,"File:ON-icon-skill style-Draconic Power-Chains of Flame, Azure Blue.png | Chains of Flame | 20,000 at Stylemasters"
skills_Skill_Styles_t02.csv,Online:Skill Styles,uesp:skills,17,3,"File:ON-icon-skill style-Earthen Heart-Magma Armor, Azure Blue.png | Magma Armor | 500 in Gold Coast Bazaar"
skills_Skill_Styles_t03.csv,Online:Skill Styles,uesp:skills,15,3,File:ON-icon-skill style-Assassination-Assassin's Blade-Lilac Purple.png | Assassin's Blade | Class Style Pack: Tamriel United Deadly Strikes Nightblade Styles: Lilac Purple in Gold Coast Bazaar
skills_Skill_Styles_t04.csv,Online:Skill Styles,uesp:skills,3,3,"File:ON-icon-skill style-Shadow-Shadow Cloak, Dawn Orange.png | Shadow Cloak | 500 from the Tome of Dawn and Dusk"
skills_Skill_Styles_t05.csv,Online:Skill Styles,uesp:skills,5,3,"File:ON-icon-skill style-Siphoning-Siphoning Strikes, Lilac Purple.png | Siphoning Strikes | 500 from Gold Coast Bazaar"
skills_Skill_Styles_t06.csv,Online:Skill Styles,uesp:skills,5,3,File:ON-icon-skill style-Dark Magic-Crystal Shard-Ruby Red.png | Crystal Shard | Class Style Pack: Tamriel United Sparks and Shards Sorcerer Styles: Ruby Red from Gold Coast Bazaar
skills_Skill_Styles_t07.csv,Online:Skill Styles,uesp:skills,5,3,File:ON-icon-skill style-Daedric Summoning-Daedric Curse-Ruby Red.png | Daedric Curse | Class Style Pack: Tamriel United Sparks and Shards Sorcerer Styles: Ruby Red from Gold Coast Bazaar
skills_Skill_Styles_t08.csv,Online:Skill Styles,uesp:skills,9,3,File:ON-icon-skill style-Storm Calling-Lightning Form-Ruby Red.png | Lightning Form | Class Style Pack: Tamriel United Sparks and Shards Sorcerer Styles: Ruby Red from Gold Coast Bazaar
skills_Skill_Styles_t09.csv,Online:Skill Styles,uesp:skills,5,3,File:ON-icon-skill style-Aedric Spear-Puncturing Strikes-Honorfeather.png | Puncturing Strikes | 100 from Moons Over Orsinium Crate
skills_Skill_Styles_t10.csv,Online:Skill Styles,uesp:skills,5,3,File:ON-icon-skill style-Dawn's Wrath-Backlash-Ice Blue.png | Backlash | Class Style Pack: Tamriel United Crusader Templar Styles: Azure and Ice from Gold Coast Bazaar
skills_Skill_Styles_t11.csv,Online:Skill Styles,uesp:skills,5,3,File:ON-icon-skill style-Restoring Light-Rushed Ceremony-Azure Blue.png | Rushed Ceremony | Class Style Pack: Tamriel United Crusader Templar Styles: Azure and Ice from Gold Coast Bazaar
skills_Skill_Styles_t12.csv,Online:Skill Styles,uesp:skills,11,3,File:ON-icon-skill style-Animal Companions-Scorch-Blazing Orange.png | Scorch | Class Style Pack: Tamriel United Nature's Fury Warden Styles: Blazing Orange from Gold Coast Bazaar
skills_Skill_Styles_t13.csv,Online:Skill Styles,uesp:skills,5,3,File:ON-icon-skill style-Green Balance-Fungal Growth-Blazing Orange.png | Fungal Growth | Class Style Pack: Tamriel United Nature's Fury Warden Styles: Blazing Orange from Gold Coast Bazaar
skills_Skill_Styles_t14.csv,Online:Skill Styles,uesp:skills,5,3,File:ON-icon-skill style-Winter's Embrace-Arctic Wind-Blazing Orange.png | Arctic Wind | Class Style Pack: Tamriel United Nature's Fury Warden Styles: Blazing Orange from Gold Coast Bazaar
skills_Skill_Styles_t15.csv,Online:Skill Styles,uesp:skills,5,3,"File:ON-icon-skill style-Bone Tyrant-Bone Armor, Carmine Red.png | Bone Armor | 500 from Gold Coast Bazaar"
skills_Skill_Styles_t16.csv,Online:Skill Styles,uesp:skills,7,3,"File:ON-icon-skill style-Boneyard, Fiery Torment.png | Boneyard | 2,000 from Crown Store"
skills_Skill_Styles_t17.csv,Online:Skill Styles,uesp:skills,3,3,"File:ON-icon-skill style-Living Death-Render Flesh, Carmine Red.png | Render Flesh | 500 from Gold Coast Bazaar"
skills_Skill_Styles_t18.csv,Online:Skill Styles,uesp:skills,3,3,File:ON-icon-skill style-Curative Runeforms-Runemend-Azure Blue.png | Runemend | Class Style Pack: Tamriel United Runic Arcanist Styles: Soothing Azure from Gold Coast Bazaar
skills_Skill_Styles_t19.csv,Online:Skill Styles,uesp:skills,13,3,"File:ON-icon-skill style-Herald of the Tome-Abyssal Impact, Azure Blue.png | Abyssal Impact | 500 from Gold Coast Bazaar"
skills_Skill_Styles_t20.csv,Online:Skill Styles,uesp:skills,3,3,"File:ON-icon-skill style-Soldier of Apocrypha-Runespite Ward, Azure Blue.png | Runespite Ward | 500 from Gold Coast Bazaar"
skills_Skill_Styles_t21.csv,Online:Skill Styles,uesp:skills,13,3,File:ON-icon-skill-Bow-Poison Arrow-Crimson Red.png | Poison Arrow | Gold Road Pathfinder Achievement
skills_Skill_Styles_t22.csv,Online:Skill Styles,uesp:skills,21,3,"File:ON-icon-skill style-Elemental Storm, Chaos Vortex.png | Elemental Storm | 100 from Anu vs Padomay Crate"
skills_Skill_Styles_t23.csv,Online:Skill Styles,uesp:skills,19,3,"File:ON-icon-skill style-Dual Wield-Blade Cloak, Gold Arrow.png | Blade Cloak | 500 from the Season One Tome"
skills_Skill_Styles_t24.csv,Online:Skill Styles,uesp:skills,13,3,File:ON-icon-skill-One Hand and Shield-Puncture-Lavaburst.png | Puncture | Skill Stylist: Puncture Achievement
skills_Skill_Styles_t25.csv,Online:Skill Styles,uesp:skills,17,3,"File:ON-icon-skill style-Restoration Staff-Blessing of Protection-Verdant Green.png | Blessing of Protection | 1,200 in Crown Store"
skills_Skill_Styles_t26.csv,Online:Skill Styles,uesp:skills,17,3,File:ON-icon-skill-Two Handed-Cleave-Cinnabar Red.png | Cleave | A Signature with Class Achievement
skills_Skill_Styles_t27.csv,Online:Skill Styles,uesp:skills,3,3,File:ON-icon-skill-Light Armor-Annulment-Vibrant Yellow.png | Annulment | Skill Stylist: Annulment Achievement
skills_Skill_Styles_t28.csv,Online:Skill Styles,uesp:skills,7,3,File:ON-icon-skill-Soul Magic-Soul Trap-Orchid Purple.png | Soul Trap | The Second Era of Scribing Quest
skills_Skill_Styles_t29.csv,Online:Skill Styles,uesp:skills,7,3,"File:ON-icon-skill style-Blood Scion, Coldharbour.png | Blood Scion | Skill Stylist: Blood Scion Achievement"
skills_Skill_Styles_t30.csv,Online:Skill Styles,uesp:skills,15,3,"File:ON-icon-skill style-Werewolf-Gnash, Dusk Blue.png | Gnash | 500 from the Tome of Dawn and Dusk"
skills_Skill_Styles_t31.csv,Online:Skill Styles,uesp:skills,15,3,"File:ON-icon-skill style-Fighters Guild-Circle of Protection, Julianos.png | Circle of Protection | 1,500 in Crown Store"
skills_Skill_Styles_t32.csv,Online:Skill Styles,uesp:skills,15,3,File:ON-icon-skill-Mages Guild-Entropy-Vibrant Yellow.png | Entropy | Gifts from the Archmagister Achievement
skills_Skill_Styles_t33.csv,Online:Skill Styles,uesp:skills,5,3,File:ON-icon-skill-Psijic Order-Accelerate-Lilac Purple.png | Accelerate | Acquired rarely from Psijic Portals
skills_Skill_Styles_t34.csv,Online:Skill Styles,uesp:skills,15,3,"File:ON-icon-skill style-Caltrops, Bone.png | Caltrops | Skill Stylist: Caltrops Achievement"
skills_Skill_Styles_t35.csv,Online:Skill Styles,uesp:skills,7,3,File:ON-icon-skill-Support-Barrier-Turquoise Blue.png | Barrier | The Wing of the Crow Quest
skills_Banner_Bearer_t00.csv,Online:Banner Bearer,uesp:skills,8,3,Script | Skill Name | Effects
skills_Banner_Bearer_t01.csv,Online:Banner Bearer,uesp:skills,8,3,"Cavalier's Charge | Cavalier's Charge | Increase your Weapon and Spell Damage by 6 for every 1% bonus Movement Speed, up to a max of 450."
skills_Banner_Bearer_t02.csv,Online:Banner Bearer,uesp:skills,8,3,"Berserk | Berserk | Grants Minor Berserk, increasing damage done by 5%."
skills_Connoisseur_t00.csv,Online:Connoisseur,uesp:skills,3,5,Recipe Type | Base Duration | Connoisseur I | Connoisseur II | Connoisseur III
skills_Carpentry_t00.csv,Online:Carpentry,uesp:skills,12,6,Trait | Base Time | Carpentry I | Carpentry II | Carpentry III | Carpentry IV
skills_Carpentry_t01.csv,Online:Carpentry,uesp:skills,12,6,Trait | Base Time | Carpentry I | Carpentry II | Carpentry III | Carpentry IV
skills_Deprecated_Skills_t00.csv,Online:Deprecated Skills,uesp:skills,1,6,Vampire | Class Skills | Weapon Skills | Armor Skills | Champion Perks | Passives/Effects
skills_Elemental_Explosion_t00.csv,Online:Elemental Explosion,uesp:skills,8,4,Dispel | Dispel | Dispelling Explosion | Remove up to 3 enemy area effect abilities.
skills_Elemental_Explosion_t01.csv,Online:Elemental Explosion,uesp:skills,7,3,"Assassin's Misery | Assassin's Misery | Afflicts enemies with Burning, Chill, and Concussion."
skills_Elemental_Explosion_t02.csv,Online:Elemental Explosion,uesp:skills,8,3,"Brittle | Brittle | Afflicts enemies with Minor Brittle for 20 seconds, increasing their Critical Damage taken by 10%."
skills_Evasion_t00.csv,Online:Evasion,uesp:skills,9,4,0 | - | 20 sec. | 0 sec.
skills_Engraver_t00.csv,Online:Engraver,uesp:skills,5,4,Raw Material | Refined Into | Used To Make... | Level
skills_Flexibility_t00.csv,Online:Flexibility,uesp:skills,8,4,Armor Pieces Equipped | Damage Bonus | Cooldown Reduction | Cooldown Duration
skills_Firmness_t00.csv,Online:Firmness,uesp:skills,8,3,Armor Pieces Equipped | Bonus Healing Received | Bonus Damage Blocked
skills_Gourmand_t00.csv,Online:Gourmand,uesp:skills,3,5,Recipe Type | Base Duration | Gourmand I | Gourmand II | Gourmand III
skills_Haggling_t00.csv,Online:Haggling,uesp:skills,4,6,Item Quality | Base Value | Haggling I | Haggling II | Haggling III | Haggling IV
skills_Flow_t00.csv,Online:Flow,uesp:skills,8,4,Armor Pieces Equipped | Healing Bonus | Cooldown Reduction | Cooldown Duration
skills_Laboratory_Use_t00.csv,Online:Laboratory Use,uesp:skills,15,2,Detection | Invisible
skills_Light_Fingers_t00.csv,Online:Light Fingers,uesp:skills,13,5,Base | I | II | III | IV
skills_Locksmith_t00.csv,Online:Locksmith,uesp:skills,4,6,Difficulty | Base Chance | Locksmith I | Locksmith II | Locksmith III | Locksmith IV
skills_Lapidary_Research_t00.csv,Online:Lapidary Research,uesp:skills,12,6,Trait | Base Time | Lapidary Research I | Lapidary Research II | Lapidary Research III | Lapidary Research IV
skills_Lapidary_Research_t01.csv,Online:Lapidary Research,uesp:skills,12,6,Trait | Base Time | Lapidary Research I | Lapidary Research II | Lapidary Research III | Lapidary Research IV
skills_Mender_s_Bond_t00.csv,Online:Mender's Bond,uesp:skills,7,4,Damage Shield | Damage Shield | Warding Bond | Grants the ally and other allies in the link a damage shield that absorbs 942 damage every 1 second.
skills_Mender_s_Bond_t01.csv,Online:Mender's Bond,uesp:skills,7,3,Class Flourish | Class Flourish | Depends on class. See Class Flourish page for full details.
skills_Mender_s_Bond_t02.csv,Online:Mender's Bond,uesp:skills,9,5,"Breach | Breach | Afflicts Minor Breach to enemies in the link for 10 seconds, reducing ESO Resistance Link|Physical | |y and ESO Resistance Link|Spell | by 2974."
skills_Metalworking_t00.csv,Online:Metalworking,uesp:skills,10,4,Raw Material | Refined Into | Used To Make... | Level
skills_Metallurgy_t00.csv,Online:Metallurgy,uesp:skills,12,6,Trait | Base Time | Metallurgy I | Metallurgy II | Metallurgy III | Metallurgy IV
skills_Metallurgy_t01.csv,Online:Metallurgy,uesp:skills,12,6,Trait | Base Time | Metallurgy I | Metallurgy II | Metallurgy III | Metallurgy IV
skills_Platings_Expertise_t00.csv,Online:Platings Expertise,uesp:skills,5,8,Chance | 100% | Chance | 100% | Chance | 100% | Chance | 100%
skills_Resin_Expertise_t00.csv,Online:Resin Expertise,uesp:skills,5,8,Chance | 100% | Chance | 100% | Chance | 100% | Chance | 100%
skills_Sanguine_s_Rose_t00.csv,Online:Sanguine's Rose,uesp:skills,9,4,"Bow-Endless Hail | Sanguine's Rose Ability 2 | Ground | Launch a multitude of arrows into the sky to rain down, dealing 129 Physical Damage to enemies in the target area every 0.5 seconds for 10 seconds."
skills_Sanguine_s_Rose_t01.csv,Online:Sanguine's Rose,uesp:skills,1,3,Soul Magic-Soul Shatter | Sanguine's Rose Passive | N/A
skills_Skyshards_t00.csv,Online:Skyshards,uesp:skills,53,3,Location | Region | Number of Shards
skills_Solvent_Proficiency_t00.csv,Online:Solvent Proficiency,uesp:skills,9,5,Solvent | Potion Level | Potion Prefix | 32
skills_Solvent_Proficiency_t01.csv,Online:Solvent Proficiency,uesp:skills,9,4,Solvent | Poison Level | Poison Suffix | 32
skills_Shield_Throw_t00.csv,Online:Shield Throw,uesp:skills,7,3,Script | Skill Name | Effects
skills_Shield_Throw_t01.csv,Online:Shield Throw,uesp:skills,8,3,Class Flourish | Class Flourish | Depends on class. See Class Flourish page for full details.
skills_Shield_Throw_t02.csv,Online:Shield Throw,uesp:skills,8,3,"Cowardice | Cowardice | Afflicts the enemy with Major Cowardice for 10 seconds, reducing Weapon and Spell Damage by 430."
skills_Smash_t00.csv,Online:Smash,uesp:skills,12,3,Script | Skill Name | Effects
skills_Smash_t01.csv,Online:Smash,uesp:skills,12,3,Class Flourish | Class Flourish | Depends on class. See Class Flourish page for full details.
skills_Smash_t02.csv,Online:Smash,uesp:skills,12,3,"Berserk | Berserk | Grants Minor Berserk for 20 seconds, increasing damage done by 5%."
skills_Soul_Burst_t00.csv,Online:Soul Burst,uesp:skills,14,3,Script | Skill Name | Effects
skills_Soul_Burst_t01.csv,Online:Soul Burst,uesp:skills,10,3,"Anchorite's Cruelty | Anchorite's Cruelty | Consumes a Soul Gem to deal 2.8% of the enemy's Max Health as Oblivion Damage every 2 seconds for 10 seconds, up to a maximum of 2800 damage. Deals up to 100% more damage to enemies under 50% Health, and can occur once every 10 seconds."
skills_Soul_Burst_t02.csv,Online:Soul Burst,uesp:skills,12,3,"Breach | Breach | Afflicts enemies with Minor Breach for 20 seconds, reducing Physical and Spell Resistance by 2974."
skills_Temper_Expertise_t00.csv,Online:Temper Expertise,uesp:skills,5,8,Chance | 100% | Chance | 100% | Chance | 100% | Chance | 100%
skills_Tailoring_t00.csv,Online:Tailoring,uesp:skills,10,4,Raw Material | Refined Into | Used To Make... | Level
skills_Tailoring_t01.csv,Online:Tailoring,uesp:skills,10,4,Raw Material | Refined Into | Used To Make... | Level
skills_Stitching_t00.csv,Online:Stitching,uesp:skills,12,6,Trait | Base Time | Stitching I | Stitching II | Stitching III | Stitching IV
skills_Stitching_t01.csv,Online:Stitching,uesp:skills,12,6,Trait | Base Time | Stitching I | Stitching II | Stitching III | Stitching IV
skills_Tannin_Expertise_t00.csv,Online:Tannin Expertise,uesp:skills,5,8,Chance | 100% | Chance | 100% | Chance | 100% | Chance | 100%
skills_Synergy_t00.csv,Online:Synergy,uesp:skills,53,5,Skill | Synergy | Uses Per Cast | Effect
skills_Synergy_t01.csv,Online:Synergy,uesp:skills,9,3,Set | Weight | complete set bonus
skills_Subclassing_t00.csv,Online:Subclassing,uesp:skills,1,7,Dragonknightlink=ON:Dragonknight|16px | Sorcererlink=ON:Sorcerer|16px | Nightbladelink=ON:Nightblade|16px | Templarlink=ON:Templar|16px | Wardenlink=ON:Warden|16px | Necromancerlink=ON:Necromancer|16px | Arcanistlink=ON:Arcanist|16px
skills_Vault_t00.csv,Online:Vault,uesp:skills,9,3,Script | Skill Name | Effects
skills_Vault_t01.csv,Online:Vault,uesp:skills,10,3,Class Flourish | Class Flourish | Depends on class. See Class Flourish page for full details.
skills_Vault_t02.csv,Online:Vault,uesp:skills,12,3,"Evasion | Evasion | Grants you Major Evasion for 20 seconds, reducing damage from area attacks by 20%."
skills_Traveling_Knife_t00.csv,Online:Traveling Knife,uesp:skills,7,3,Script | Skill Name | Effects
skills_Traveling_Knife_t01.csv,Online:Traveling Knife,uesp:skills,9,3,Assassin's Misery | Assassin's Misery | Increases the chance to apply status effects on enemies by 100% for 10 seconds.
skills_Traveling_Knife_t02.csv,Online:Traveling Knife,uesp:skills,8,3,"Berserk | Berserk | Grants you Minor Berserk for 20 seconds, increasing damage done by 5%."
skills_Ulfsild_s_Contingency_t00.csv,Online:Ulfsild's Contingency,uesp:skills,12,4,"Damage Shield | Damage Shield | Warding Contigency | Grants a damage shield to you and your allies that absorbs 5622 damage for 8 seconds, scaling off the higher of your Max Health or Magicka and capped at 55% of your Max Health. Beneficial Signature and Affix scripts apply to you or an ally."
skills_Ulfsild_s_Contingency_t01.csv,Online:Ulfsild's Contingency,uesp:skills,10,3,Class Flourish | Class Flourish | Depends on class. See Class Flourish page for full details.
skills_Ulfsild_s_Contingency_t02.csv,Online:Ulfsild's Contingency,uesp:skills,12,3,"Breach | Breach | Afflicts Minor Breach for 22 seconds, reducing Physical and Spell Resistance by 2974."
skills_Torchbearer_t00.csv,Online:Torchbearer,uesp:skills,11,3,Script | Skill Name | Effects
skills_Torchbearer_t01.csv,Online:Torchbearer,uesp:skills,9,3,Class Flourish | Class Flourish | Depends on class. See Class Flourish page for full details.
skills_Torchbearer_t02.csv,Online:Torchbearer,uesp:skills,12,3,"Breach | Breach | Afflicts Minor Breach for 20 seconds with each sweep, reducing Physical and Spell Resistance by 2974."
skills_Trample_t00.csv,Online:Trample,uesp:skills,7,4,Script | Skill Name | Effects | Notes
skills_Trample_t01.csv,Online:Trample,uesp:skills,9,3,"Assassin's Misery | Assassin's Misery | Afflicts enemies with the Concussion, Sundered, and Hemorrhaging status effects."
skills_Trample_t02.csv,Online:Trample,uesp:skills,10,3,"Brutality and Sorcery | Brutality and Sorcery | Grants you Major Brutality and Major Sorcery for 10 seconds, increasing Weapon and Spell Damage by 20%."
skills_Woodworking_skill_t00.csv,Online:Woodworking (skill),uesp:skills,10,4,Raw Material | Refined Into | Used To Make... | Levels
skills_Wield_Soul_t00.csv,Online:Wield Soul,uesp:skills,12,3,Script | Skill Name | Effects
skills_Wield_Soul_t01.csv,Online:Wield Soul,uesp:skills,8,3,"Anchorite's Cruelty | Anchorite's Cruelty | Consumes a Soul Gem to deal 1.5% of the enemy's Max Health as Oblivion Damage every 1 second for 5 seconds, up to a maximum of 1500 damage. Deals up to 100% more damage to enemies under 50% Health and can occur once every 5 seconds."
skills_Wield_Soul_t02.csv,Online:Wield Soul,uesp:skills,11,3,"Breach | Breach | Afflicts the enemy with Major Breach for 10 seconds, reducing Physical and Spell Resistance by 5984."
